game_number,strategy,seed,turns_survived,survived_target,final_people,max_people,final_food,max_food,total_hunts,successful_hunts,hunt_failures,hunt_deaths,total_food_rolls,total_food_gained,kinship_started,kinship_completed,tech_sets_completed,tech_upgrades_completed,prayer_earned,prayer_spent,sacrifices,events_ignored
1,random,100001,10,False,1,5,0,7,3,2,1,1,7,14,3,2,0,1,3,2,1,1
2,random,100002,2,False,3,5,0,7,1,0,1,1,0,0,2,0,0,0,0,0,0,0
3,random,100003,8,False,0,5,10,10,1,0,1,1,4,9,3,2,0,1,2,0,3,0
4,random,100004,7,False,0,5,0,7,3,2,1,1,3,6,2,2,0,1,2,2,2,1
5,random,100005,5,False,3,5,0,7,2,1,1,1,2,3,3,1,1,1,2,2,0,1
6,random,100006,6,False,1,5,0,7,2,1,1,1,2,2,2,1,1,1,1,0,0,0
7,random,100007,6,False,0,5,0,7,2,1,1,1,5,7,1,1,1,2,3,0,1,0
8,random,100008,23,False,1,5,0,24,9,6,3,3,8,5,8,6,1,2,3,2,5,1
9,random,100009,20,False,0,5,0,13,8,5,3,3,14,23,4,4,1,2,3,2,2,1
10,random,100010,22,False,0,6,0,16,7,4,3,3,9,10,6,4,2,3,0,0,5,0
11,random,100011,31,False,0,9,29,29,19,13,6,6,18,38,13,10,1,3,19,18,10,9
12,random,100012,10,False,1,5,0,15,3,3,0,0,4,7,4,2,1,2,4,4,3,2
13,random,100013,14,False,3,5,0,12,7,5,2,2,9,18,5,3,1,2,6,6,2,3
14,random,100014,10,False,0,5,23,23,2,1,1,1,4,7,1,1,0,1,2,0,4,0
15,random,100015,20,False,1,7,0,12,10,8,2,2,12,23,8,7,2,3,7,6,1,3
16,random,100016,13,False,0,5,11,11,2,2,0,0,5,6,3,3,2,2,4,2,2,1
17,random,100017,16,False,0,6,0,7,6,5,1,1,13,21,4,4,2,4,1,0,3,0
18,random,100018,2,False,3,5,0,7,1,0,1,1,0,0,2,0,0,0,0,0,0,0
19,random,100019,5,False,1,5,0,7,1,0,1,1,0,0,2,1,0,0,0,0,1,0
20,random,100020,7,False,1,5,0,7,3,1,2,2,3,5,2,1,0,0,4,2,0,1
21,random,100021,21,False,0,5,28,29,12,8,4,4,12,22,4,3,1,2,8,6,5,3
22,random,100022,5,False,1,5,0,7,3,1,2,2,3,6,3,2,0,1,1,0,1,0
23,random,100023,6,False,1,5,0,7,2,0,2,2,4,7,2,1,1,1,0,0,0,0
24,random,100024,14,False,0,5,0,7,3,2,1,1,6,10,2,0,0,0,5,2,2,1
25,random,100025,11,False,1,6,0,7,2,1,1,1,6,13,6,5,0,0,3,2,0,1
26,random,100026,6,False,3,5,0,16,0,0,0,0,2,3,4,2,0,0,1,0,1,0
27,random,100027,15,False,0,5,16,22,8,4,4,4,4,8,3,2,1,1,7,6,3,3
28,random,100028,6,False,1,5,0,7,1,1,0,0,3,5,3,0,0,0,3,2,2,1
29,random,100029,3,False,1,5,0,7,1,0,1,1,1,1,1,0,0,1,2,2,1,1
30,random,100030,8,False,0,5,0,7,1,0,1,1,5,11,3,3,0,1,2,0,1,0
31,random,100031,7,False,1,5,0,7,3,1,2,2,3,4,2,1,0,1,2,0,1,0
32,random,100032,8,False,1,5,0,7,3,2,1,1,5,8,3,2,0,0,5,4,1,2
33,random,100033,5,False,3,5,0,7,1,0,1,1,2,2,4,2,0,0,1,0,0,0
34,random,100034,30,False,0,5,5,14,5,3,2,2,13,19,2,2,2,2,6,4,2,2
35,random,100035,18,False,0,6,15,16,7,6,1,1,11,16,5,5,1,2,5,4,2,2
36,random,100036,3,False,3,5,0,7,1,0,1,1,4,7,3,0,0,0,0,0,1,0
37,random,100037,14,False,0,5,19,22,4,1,3,3,8,15,0,0,1,1,2,2,2,1
38,random,100038,5,False,3,5,0,7,2,2,0,0,1,3,4,1,0,1,0,0,2,0
39,random,100039,13,False,0,5,0,7,5,3,2,2,8,12,1,0,0,0,4,2,2,1
40,random,100040,50,True,1,5,30,30,13,11,2,2,18,36,4,4,4,6,14,14,6,7
41,random,100041,5,False,0,5,0,7,2,1,1,1,2,3,2,1,0,0,0,0,2,0
42,random,100042,37,False,0,5,32,33,6,4,2,2,15,30,2,2,3,3,10,10,5,5
43,random,100043,13,False,0,5,11,11,3,1,2,2,4,5,1,1,0,0,3,2,1,1
44,random,100044,7,False,1,5,0,7,1,0,1,1,9,14,2,1,0,1,1,0,1,0
45,random,100045,11,False,1,5,0,7,3,3,0,0,3,6,4,3,1,3,4,2,2,1
46,random,100046,15,False,0,5,38,38,6,4,2,2,3,8,3,3,1,1,6,6,5,3
47,random,100047,24,False,0,5,4,18,9,6,3,3,9,15,5,4,1,4,9,8,7,4
48,random,100048,36,False,0,7,20,20,14,13,1,1,16,20,14,14,0,1,14,14,5,7
49,random,100049,8,False,0,5,0,9,3,2,1,1,1,2,2,2,0,2,2,0,2,0
50,random,100050,17,False,0,5,0,7,6,5,1,1,12,25,6,6,2,5,8,8,3,4
51,random,100051,10,False,0,5,48,48,4,2,2,2,7,13,2,1,0,0,2,2,5,1
52,random,100052,6,False,1,5,0,7,1,0,1,1,4,5,2,1,0,0,4,4,0,2
53,random,100053,4,False,1,5,0,7,3,0,3,3,1,0,2,1,0,0,1,0,0,0
54,random,100054,15,False,0,6,9,10,7,5,2,2,9,21,3,3,2,4,7,4,2,2
55,random,100055,7,False,1,5,0,9,2,1,1,1,3,6,3,1,0,0,2,0,1,0
56,random,100056,13,False,0,5,9,9,6,2,4,4,5,14,2,1,0,0,4,2,1,1
57,random,100057,7,False,0,5,10,18,5,2,3,3,3,4,0,0,0,0,1,0,2,0
58,random,100058,19,False,0,5,22,24,8,6,2,2,5,12,3,3,0,2,7,4,4,2
59,random,100059,5,False,0,5,12,12,2,0,2,2,1,3,1,1,0,1,1,0,2,0
60,random,100060,16,False,0,6,0,14,8,5,3,3,8,16,6,6,1,2,7,6,1,3
61,random,100061,5,False,1,5,0,7,2,0,2,2,2,3,2,1,0,0,2,2,0,1
62,random,100062,6,False,3,6,0,7,1,1,0,0,2,3,5,1,0,0,1,0,1,0
63,random,100063,2,False,3,5,0,7,1,0,1,1,0,0,2,0,0,0,0,0,0,0
64,random,100064,6,False,1,5,0,7,4,2,2,2,1,2,2,1,0,1,0,0,1,0
65,random,100065,19,False,0,5,26,28,5,4,1,1,12,19,1,1,2,3,2,2,3,1
66,random,100066,7,False,0,5,0,7,4,1,3,3,4,8,1,1,1,1,1,0,0,0
67,random,100067,11,False,0,5,17,19,3,3,0,0,5,10,0,0,1,4,2,2,5,1
68,random,100068,9,False,0,5,8,10,4,3,1,1,4,8,0,0,0,1,1,0,4,0
69,random,100069,6,False,0,5,10,10,3,1,2,2,2,3,2,2,0,1,0,0,2,0
70,random,100070,6,False,3,5,0,7,1,0,1,1,2,5,4,1,0,0,0,0,2,0
71,random,100071,28,False,0,5,15,22,10,5,5,5,12,17,4,4,2,3,9,8,4,4
72,random,100072,18,False,0,6,18,18,6,5,1,1,13,23,3,3,1,2,8,8,5,4
73,random,100073,2,False,3,5,0,7,0,0,0,0,1,1,2,0,0,1,0,0,1,0
74,random,100074,17,False,0,5,5,8,5,3,2,2,5,11,3,3,1,1,6,4,0,2
75,random,100075,5,False,3,5,0,7,0,0,0,0,2,4,4,2,0,1,0,0,1,0
76,random,100076,7,False,1,5,0,7,2,2,0,0,4,8,2,1,0,2,1,0,2,0
77,random,100077,12,False,0,5,0,7,4,1,3,3,5,10,1,1,1,1,3,2,1,1
78,random,100078,7,False,1,5,0,7,3,2,1,1,1,1,3,2,0,0,4,0,0,0
79,random,100079,15,False,1,7,0,14,8,6,2,2,7,9,8,6,2,2,3,2,1,1
80,random,100080,8,False,0,5,5,7,6,2,4,4,10,15,1,1,1,1,2,0,0,0
81,random,100081,4,False,1,5,0,7,2,0,2,2,1,2,2,1,0,0,0,0,0,0
82,random,100082,8,False,1,5,0,8,4,3,1,1,2,2,4,2,0,1,3,2,2,1
83,random,100083,10,False,0,5,10,10,4,2,2,2,4,4,3,3,0,0,3,2,1,1
84,random,100084,8,False,1,5,0,13,2,0,2,2,1,2,4,2,1,1,1,0,2,0
85,random,100085,4,False,3,5,0,7,1,1,0,0,2,3,3,1,0,1,0,0,1,0
86,random,100086,15,False,0,5,17,20,6,5,1,1,6,10,1,0,0,1,8,8,5,4
87,random,100087,15,False,1,5,0,15,5,5,0,0,7,12,6,5,1,2,8,8,2,4
88,random,100088,25,False,0,6,0,7,9,8,1,1,8,15,10,10,2,3,15,12,2,6
89,random,100089,6,False,1,5,0,7,2,1,1,1,1,1,3,2,0,1,1,0,1,0
90,random,100090,4,False,1,5,0,7,2,1,1,1,2,2,2,0,0,1,4,2,2,1
91,random,100091,22,False,0,6,13,17,5,2,3,3,11,9,5,5,2,2,6,4,4,2
92,random,100092,6,False,0,5,0,12,1,1,0,0,2,4,0,0,1,3,4,0,4,0
93,random,100093,11,False,1,6,0,9,6,5,1,1,5,6,6,4,1,2,2,0,2,0
94,random,100094,9,False,0,6,0,12,4,3,1,1,3,7,4,4,1,2,2,2,3,1
95,random,100095,30,False,0,5,3,16,3,1,2,2,14,28,4,4,2,3,14,14,5,7
96,random,100096,6,False,1,5,0,7,3,1,2,2,3,5,3,1,1,1,1,0,1,0
97,random,100097,7,False,0,5,9,9,2,0,2,2,4,5,1,1,0,2,3,2,3,1
98,random,100098,7,False,1,5,0,7,1,0,1,1,1,2,4,3,0,0,1,0,0,0
99,random,100099,16,False,0,5,14,14,7,5,2,2,3,8,1,1,1,3,6,6,4,3
100,random,100100,16,False,0,5,34,35,7,4,3,3,10,22,2,0,0,0,6,6,4,3
101,random,100101,6,False,0,5,0,7,1,0,1,1,1,3,2,2,0,2,0,0,2,0
102,random,100102,8,False,1,5,0,7,0,0,0,0,2,3,4,3,0,0,4,4,0,2
103,random,100103,10,False,1,5,0,11,3,1,2,2,3,4,3,2,1,2,2,2,2,1
104,random,100104,5,False,1,5,0,7,1,0,1,1,2,4,2,1,0,1,1,0,1,0
105,random,100105,5,False,1,5,0,7,0,0,0,0,1,2,2,1,0,2,1,0,2,0
106,random,100106,10,False,0,6,0,7,3,1,2,2,4,7,3,2,1,1,5,2,2,1
107,random,100107,14,False,1,7,0,9,9,8,1,1,6,8,6,5,2,2,0,0,0,0
108,random,100108,9,False,1,5,0,7,3,3,0,0,1,2,4,3,0,0,2,0,0,0
109,random,100109,5,False,3,5,0,7,2,1,1,1,1,2,3,1,1,1,0,0,0,0
110,random,100110,8,False,3,5,0,7,4,3,1,1,6,13,4,2,1,1,3,2,0,1
111,random,100111,10,False,1,5,0,12,4,1,3,3,7,12,3,2,1,1,2,0,0,0
112,random,100112,20,False,0,7,0,12,10,5,5,5,5,10,10,10,2,2,9,6,3,3
113,random,100113,11,False,1,6,0,7,4,3,1,1,8,14,4,3,0,2,6,4,2,2
114,random,100114,12,False,1,7,0,8,5,3,2,2,7,11,5,4,0,2,5,4,3,2
115,random,100115,8,False,0,5,0,11,2,1,1,1,5,11,2,1,0,0,5,0,2,0
116,random,100116,10,False,1,6,0,7,5,3,2,2,6,13,4,3,2,2,3,2,0,1
117,random,100117,21,False,1,6,0,13,12,10,2,2,16,24,8,7,1,1,12,12,2,6
118,random,100118,8,False,0,5,0,7,3,0,3,3,4,6,1,1,1,1,0,0,0,0
119,random,100119,5,False,0,5,18,18,4,2,2,2,5,9,0,0,0,2,1,0,3,0
120,random,100120,39,False,0,5,32,32,14,12,2,2,16,27,6,6,3,6,20,20,8,10
121,random,100121,4,False,1,5,0,7,1,0,1,1,1,1,2,1,0,1,0,0,1,0
122,random,100122,12,False,0,5,10,10,6,3,3,3,3,7,4,4,0,0,3,0,1,0
123,random,100123,14,False,0,5,27,30,5,4,1,1,4,8,2,2,1,1,3,2,4,1
124,random,100124,12,False,1,5,0,7,3,3,0,0,8,12,4,3,2,2,7,6,0,3
125,random,100125,22,False,0,5,11,14,7,5,2,2,9,19,6,5,1,3,4,2,4,1
126,random,100126,15,False,0,5,11,11,1,1,0,0,8,19,3,3,0,2,8,6,4,3
127,random,100127,7,False,1,5,0,7,2,2,0,0,0,0,3,2,0,1,5,2,1,1
128,random,100128,11,False,1,5,0,11,3,2,1,1,6,11,5,4,0,0,4,2,1,1
129,random,100129,9,False,0,5,0,7,3,2,1,1,1,3,2,1,1,2,2,2,2,1
130,random,100130,17,False,0,5,0,13,5,2,3,3,4,7,2,1,1,2,8,8,4,4
131,random,100131,4,False,3,5,0,11,2,1,1,1,3,6,2,0,0,0,2,2,0,1
132,random,100132,7,False,1,5,0,8,3,3,0,0,1,1,3,2,1,3,2,2,2,1
133,random,100133,14,False,1,5,0,10,6,5,1,1,7,12,4,3,0,0,7,0,1,0
134,random,100134,10,False,0,5,15,18,6,4,2,2,7,15,0,0,1,4,5,0,3,0
135,random,100135,10,False,1,5,0,8,5,3,2,2,5,10,3,2,1,2,2,2,2,1
136,random,100136,19,False,0,5,19,19,12,11,1,1,8,12,5,4,1,2,6,6,5,3
137,random,100137,6,False,1,5,0,7,3,2,1,1,0,0,2,1,0,0,1,0,0,0
138,random,100138,16,False,3,7,0,13,6,5,1,1,8,12,10,8,1,1,9,8,1,4
139,random,100139,3,False,3,5,0,7,1,0,1,1,3,8,2,0,0,0,1,0,0,0
140,random,100140,5,False,1,5,0,7,1,0,1,1,1,2,2,1,0,0,3,2,0,1
141,random,100141,11,False,0,5,8,8,4,3,1,1,3,5,3,3,0,1,6,2,1,1
142,random,100142,15,False,1,7,0,13,5,3,2,2,6,12,6,4,0,2,6,4,4,2
143,random,100143,19,False,1,5,0,18,6,4,2,2,8,18,6,5,1,2,8,6,2,3
144,random,100144,12,False,0,5,0,7,2,1,1,1,7,13,3,3,0,1,8,2,1,1
145,random,100145,10,False,3,6,0,9,4,4,0,0,6,4,6,4,0,0,3,2,0,1
146,random,100146,3,False,3,5,0,7,0,0,0,0,1,2,3,0,0,1,1,0,2,0
147,random,100147,5,False,1,5,0,7,2,1,1,1,1,2,2,1,1,2,0,0,1,0
148,random,100148,16,False,1,6,0,16,7,5,2,2,5,8,7,6,0,0,5,4,1,2
149,random,100149,6,False,1,5,0,7,1,0,1,1,4,8,2,1,0,2,1,0,2,0
150,random,100150,32,False,0,5,6,11,10,8,2,2,12,18,4,3,1,3,12,10,3,5
151,random,100151,8,False,1,5,0,7,2,1,1,1,3,4,4,3,0,0,3,2,0,1
152,random,100152,6,False,1,5,0,7,1,1,0,0,3,5,2,1,0,1,3,2,1,1
153,random,100153,20,False,1,5,0,23,8,5,3,3,11,12,4,3,1,2,9,6,3,3
154,random,100154,8,False,0,5,0,10,3,2,1,1,8,14,2,0,1,2,5,4,3,2
155,random,100155,30,False,0,7,0,16,14,10,4,4,20,36,10,8,2,4,17,14,5,7
156,random,100156,36,False,0,5,0,17,15,10,5,5,17,33,6,6,4,4,20,18,2,9
157,random,100157,5,False,3,5,0,7,1,1,0,0,0,0,4,2,0,1,1,0,1,0
158,random,100158,7,False,1,5,0,7,1,1,0,0,1,1,4,3,0,1,0,0,1,0
159,random,100159,8,False,0,5,12,15,5,3,2,2,7,14,0,0,1,3,1,0,3,0
160,random,100160,9,False,0,5,0,17,4,2,2,2,6,9,3,2,0,1,2,2,3,1
161,random,100161,20,False,0,6,0,16,9,5,4,4,9,19,8,7,3,3,6,4,2,2
162,random,100162,8,False,1,5,0,7,5,3,2,2,5,7,2,1,1,1,2,0,0,0
163,random,100163,13,False,0,5,27,27,4,4,0,0,6,10,0,0,1,2,3,2,5,1
164,random,100164,6,False,0,5,16,17,4,2,2,2,4,7,1,1,0,3,4,2,4,1
165,random,100165,17,False,0,7,0,8,5,5,0,0,4,5,8,6,2,3,7,6,3,3
166,random,100166,7,False,3,7,0,12,5,4,1,1,3,6,4,2,0,1,4,4,2,2
167,random,100167,7,False,1,5,0,8,4,2,2,2,1,3,3,2,0,0,3,2,0,1
168,random,100168,10,False,3,6,0,8,5,3,2,2,10,15,6,4,0,0,1,0,0,0
169,random,100169,8,False,0,5,0,7,3,1,2,2,3,4,3,3,0,1,2,0,1,0
170,random,100170,9,False,0,5,0,12,6,3,3,3,2,4,2,2,1,2,3,0,1,0
171,random,100171,6,False,3,5,0,7,3,2,1,1,5,7,3,1,0,0,3,2,0,1
172,random,100172,30,False,0,6,13,29,8,5,3,3,24,46,7,5,2,3,9,8,8,4
173,random,100173,33,False,1,6,0,39,17,14,3,3,20,28,11,6,0,0,14,14,5,7
174,random,100174,8,False,0,5,20,21,4,2,2,2,7,11,0,0,1,2,1,0,3,0
175,random,100175,16,False,1,5,0,8,7,5,2,2,7,7,4,3,0,0,7,6,0,3
176,random,100176,6,False,3,6,0,8,3,3,0,0,4,4,4,1,0,0,2,2,1,1
177,random,100177,3,False,1,5,0,7,2,0,2,2,0,0,1,0,0,0,3,2,0,1
178,random,100178,7,False,3,5,0,7,3,2,1,1,6,9,4,2,0,0,1,0,0,0
179,random,100179,2,False,3,5,0,7,1,0,1,1,0,0,2,0,0,0,1,0,0,0
180,random,100180,10,False,0,5,1,7,4,2,2,2,7,13,2,2,2,4,5,2,3,1
181,random,100181,4,False,5,6,0,7,1,1,0,0,2,4,4,1,0,0,2,2,0,1
182,random,100182,12,False,0,6,0,7,3,2,1,1,4,7,4,2,0,0,7,4,1,2
183,random,100183,5,False,1,5,0,7,3,1,2,2,0,0,3,2,0,1,1,0,1,0
184,random,100184,8,False,0,5,6,7,2,1,1,1,2,4,1,1,2,2,4,4,2,2
185,random,100185,13,False,0,6,7,9,6,4,2,2,6,4,4,4,0,1,10,4,2,2
186,random,100186,8,False,1,6,0,10,2,2,0,0,4,8,5,3,0,3,2,0,4,0
187,random,100187,36,False,1,5,0,26,12,10,2,2,18,32,8,7,4,4,11,10,4,5
188,random,100188,15,False,0,5,0,7,3,3,0,0,3,7,3,3,1,2,5,4,1,2
189,random,100189,12,False,0,5,7,9,4,3,1,1,5,10,0,0,1,3,4,0,4,0
190,random,100190,11,False,0,5,0,13,5,2,3,3,7,10,2,2,2,2,5,4,1,2
191,random,100191,27,False,0,5,27,27,12,10,2,2,14,23,8,8,3,3,10,10,5,5
192,random,100192,9,False,0,5,0,7,3,1,2,2,4,7,3,3,0,0,3,0,0,0
193,random,100193,6,False,3,5,0,10,4,2,2,2,6,10,4,1,0,0,1,0,1,0
194,random,100194,9,False,0,5,23,24,5,3,2,2,3,5,2,1,0,1,4,2,3,1
195,random,100195,20,False,0,5,12,28,3,2,1,1,8,14,5,5,2,2,12,12,3,6
196,random,100196,50,True,1,7,40,40,29,22,7,7,33,75,12,12,9,11,33,30,8,15
197,random,100197,8,False,3,5,0,7,1,1,0,0,4,7,5,3,0,0,3,2,0,1
198,random,100198,8,False,1,5,0,14,2,1,1,1,5,8,3,2,0,0,3,2,1,1
199,random,100199,21,False,0,6,0,12,5,3,2,2,7,14,6,6,0,0,15,12,2,6
200,random,100200,16,False,0,5,0,8,5,3,2,2,6,12,6,4,0,1,2,2,3,1
201,random,100201,13,False,0,5,3,8,4,2,2,2,6,8,2,2,1,4,1,0,4,0
202,random,100202,5,False,0,5,0,7,4,1,3,3,1,2,2,0,0,0,3,0,2,0
203,random,100203,11,False,3,5,0,8,6,5,1,1,2,4,6,4,2,2,8,2,0,1
204,random,100204,7,False,1,5,0,8,2,2,0,0,2,3,2,1,0,0,2,2,2,1
205,random,100205,12,False,0,5,10,14,5,2,3,3,6,10,1,1,1,3,2,2,3,1
206,random,100206,7,False,0,5,0,7,2,1,1,1,2,2,2,2,2,3,1,0,1,0
207,random,100207,4,False,0,5,0,7,2,0,2,2,0,0,1,1,0,1,2,0,1,0
208,random,100208,46,False,0,6,15,19,9,7,2,2,19,28,4,3,0,1,12,12,4,6
209,random,100209,16,False,1,5,0,8,6,3,3,3,10,19,6,5,0,1,1,0,3,0
210,random,100210,8,False,5,7,0,11,6,5,1,1,3,3,6,1,1,1,1,0,1,0
211,random,100211,18,False,0,5,0,13,8,4,4,4,9,15,5,3,0,0,8,6,3,3
212,random,100212,14,False,0,5,0,7,6,6,0,0,4,7,5,4,0,1,5,4,3,2
213,random,100213,25,False,3,5,0,12,10,9,1,1,11,17,10,6,3,3,8,6,3,3
214,random,100214,17,False,0,5,11,13,5,3,2,2,15,23,2,2,0,3,3,2,4,1
215,random,100215,9,False,0,5,31,31,5,3,2,2,3,3,2,1,0,0,3,2,5,1
216,random,100216,8,False,1,5,0,8,4,2,2,2,5,9,3,2,0,2,1,0,2,0
217,random,100217,11,False,0,6,0,9,6,5,1,1,5,4,3,3,1,1,7,2,0,1
218,random,100218,16,False,1,6,0,13,6,5,1,1,17,23,5,4,2,3,15,8,4,4
219,random,100219,34,False,1,7,0,20,16,13,3,3,24,47,11,8,4,5,16,16,4,8
220,random,100220,12,False,0,5,8,12,3,1,2,2,4,5,1,1,0,0,3,2,2,1
221,random,100221,15,False,0,6,2,17,7,4,3,3,7,13,4,4,1,3,5,4,3,2
222,random,100222,9,False,0,6,0,7,5,4,1,1,9,13,1,1,1,3,2,0,3,0
223,random,100223,2,False,3,5,0,7,1,0,1,1,0,0,2,0,0,0,0,0,0,0
224,random,100224,3,False,1,5,0,7,0,0,0,0,0,0,2,0,0,2,1,0,3,0
225,random,100225,16,False,0,6,3,7,3,2,1,1,10,19,5,5,1,1,4,2,2,1
226,random,100226,3,False,3,5,0,7,1,0,1,1,3,5,2,0,0,0,1,0,0,0
227,random,100227,5,False,1,5,0,7,1,0,1,1,5,7,2,1,0,0,1,0,0,0
228,random,100228,13,False,0,5,1,8,1,0,1,1,5,8,2,1,0,0,8,6,2,3
229,random,100229,4,False,1,5,0,7,2,0,2,2,1,2,2,1,0,1,2,2,1,1
230,random,100230,9,False,0,5,0,8,2,1,1,1,5,9,1,1,1,3,1,0,2,0
231,random,100231,11,False,0,5,20,24,5,4,1,1,6,12,0,0,1,1,3,0,4,0
232,random,100232,7,False,1,5,0,8,2,1,1,1,2,4,2,1,0,1,0,0,2,0
233,random,100233,10,False,0,5,0,11,2,2,0,0,4,5,2,0,1,1,5,2,2,1
234,random,100234,25,False,0,5,32,32,11,7,4,4,14,23,2,2,1,2,7,6,3,3
235,random,100235,7,False,1,5,0,7,2,1,1,1,3,5,2,1,0,2,4,2,2,1
236,random,100236,5,False,3,6,0,9,2,1,1,1,4,6,3,1,0,0,3,2,0,1
237,random,100237,8,False,5,6,0,15,3,3,0,0,2,3,6,3,0,0,5,2,1,1
238,random,100238,38,False,0,5,28,30,16,10,6,6,14,31,11,10,3,5,15,14,9,7
239,random,100239,10,False,0,5,3,9,4,2,2,2,5,10,0,0,0,2,3,0,3,0
240,random,100240,9,False,1,5,0,7,2,2,0,0,4,9,3,2,0,2,1,0,2,0
241,random,100241,34,False,1,5,0,11,9,7,2,2,19,39,10,9,4,6,9,8,5,4
242,random,100242,16,False,0,5,0,7,9,7,2,2,7,10,4,4,2,2,8,6,0,3
243,random,100243,7,False,0,5,18,28,3,1,2,2,0,0,1,1,1,2,2,0,4,0
244,random,100244,15,False,0,5,21,21,12,6,6,6,11,16,2,2,0,0,3,2,1,1
245,random,100245,8,False,3,6,0,7,3,2,1,1,7,15,5,1,1,2,2,0,2,0
246,random,100246,10,False,1,5,0,7,1,1,0,0,3,5,5,4,0,0,8,0,0,0
247,random,100247,3,False,3,5,0,7,0,0,0,0,1,1,3,0,0,0,1,0,1,0
248,random,100248,16,False,0,5,0,17,9,7,2,2,7,14,4,3,2,3,3,2,3,1
249,random,100249,32,False,0,6,13,25,16,9,7,7,13,27,6,6,3,4,8,8,4,4
250,random,100250,44,False,0,5,2,14,9,7,2,2,22,35,7,7,2,3,10,10,6,5
251,random,100251,13,False,0,5,0,8,3,0,3,3,5,8,5,5,1,1,5,4,1,2
252,random,100252,6,False,3,5,0,8,4,2,2,2,3,7,4,1,0,0,0,0,1,0
253,random,100253,3,False,3,5,0,7,0,0,0,0,1,1,2,0,0,0,2,0,0,0
254,random,100254,2,False,3,5,0,7,1,0,1,1,1,1,2,0,0,0,0,0,0,0
255,random,100255,8,False,3,5,0,12,4,3,1,1,2,2,4,2,2,2,1,0,0,0
256,random,100256,12,False,0,6,32,32,5,5,0,0,8,10,2,2,0,1,0,0,6,0
257,random,100257,16,False,0,6,0,17,6,5,1,1,4,7,5,5,2,4,11,4,4,2
258,random,100258,16,False,3,6,0,17,10,7,3,3,12,25,7,4,1,2,8,4,3,2
259,random,100259,27,False,0,6,1,7,9,7,2,2,14,18,5,2,2,2,6,6,2,3
260,random,100260,7,False,3,5,0,8,5,4,1,1,4,8,3,1,1,1,3,0,0,0
261,random,100261,9,False,1,5,0,7,1,1,0,0,9,17,4,3,0,1,4,4,1,2
262,random,100262,13,False,0,5,20,21,4,2,2,2,8,16,2,1,0,0,2,2,2,1
263,random,100263,35,False,0,5,22,35,17,12,5,5,13,21,5,5,3,3,15,14,4,7
264,random,100264,10,False,1,5,0,8,1,0,1,1,4,5,4,3,0,0,1,0,1,0
265,random,100265,5,False,1,5,0,7,2,1,1,1,2,4,2,1,1,2,2,2,1,1
266,random,100266,4,False,1,5,0,7,3,1,2,2,1,2,1,0,1,1,5,4,1,2
267,random,100267,11,False,0,5,0,7,5,3,2,2,1,1,1,1,0,1,3,2,2,1
268,random,100268,18,False,1,6,0,14,6,3,3,3,8,19,7,6,2,2,5,4,1,2
269,random,100269,12,False,0,5,0,7,2,1,1,1,4,5,4,4,0,0,6,2,0,1
270,random,100270,38,False,0,5,38,38,12,11,1,1,17,30,2,2,4,5,8,6,3,3
271,random,100271,7,False,1,5,0,7,2,1,1,1,0,0,3,2,0,0,2,2,0,1
272,random,100272,6,False,1,5,0,9,3,2,1,1,1,2,2,1,0,0,5,4,0,2
273,random,100273,2,False,3,5,0,7,0,0,0,0,0,0,2,0,0,1,0,0,1,0
274,random,100274,10,False,0,5,0,11,3,1,2,2,4,6,3,3,1,1,3,2,1,1
275,random,100275,2,False,3,5,0,7,1,0,1,1,0,0,2,0,0,0,1,0,0,0
276,random,100276,9,False,3,6,0,14,4,3,1,1,3,6,6,2,0,0,1,0,1,0
277,random,100277,9,False,1,5,0,9,3,1,2,2,2,5,4,3,0,1,2,2,1,1
278,random,100278,5,False,1,5,0,7,1,0,1,1,2,4,2,1,1,1,1,0,0,0
279,random,100279,15,False,0,5,8,9,2,1,1,1,5,9,3,3,0,1,8,4,2,2
280,random,100280,7,False,3,6,0,9,2,2,0,0,6,9,5,3,0,2,0,0,2,0
281,random,100281,5,False,0,5,0,7,2,1,1,1,1,2,1,1,0,1,3,2,1,1
282,random,100282,28,False,0,5,22,23,9,6,3,3,15,36,6,6,3,7,15,14,8,7
283,random,100283,28,False,0,6,19,20,8,6,2,2,13,27,4,4,2,3,15,14,4,7
284,random,100284,9,False,0,5,0,7,1,0,1,1,5,8,3,3,0,0,6,4,0,2
285,random,100285,11,False,0,5,13,15,4,1,3,3,3,5,0,0,0,1,7,4,2,2
286,random,100286,4,False,0,5,0,7,1,0,1,1,1,1,1,1,1,2,0,0,2,0
287,random,100287,6,False,1,5,0,7,2,1,1,1,4,6,3,1,0,0,2,2,1,1
288,random,100288,4,False,3,5,0,7,2,1,1,1,0,0,3,1,0,0,1,0,0,0
289,random,100289,8,False,3,6,0,7,2,2,0,0,4,8,5,3,0,0,5,4,0,2
290,random,100290,6,False,1,5,0,7,3,2,1,1,3,5,2,1,1,1,1,0,0,0
291,random,100291,6,False,0,5,13,14,3,0,3,3,3,6,0,0,1,1,1,0,2,0
292,random,100292,8,False,1,6,0,10,5,3,2,2,5,9,3,2,0,0,3,2,0,1
293,random,100293,7,False,1,5,0,7,1,0,1,1,1,3,3,2,1,1,7,6,0,3
294,random,100294,11,False,1,5,0,7,1,0,1,1,6,12,4,3,0,1,5,0,2,0
295,random,100295,6,False,1,5,0,7,1,0,1,1,3,7,3,2,1,1,0,0,0,0
296,random,100296,4,False,1,5,0,7,2,0,2,2,2,2,1,0,0,1,2,2,1,1
297,random,100297,50,True,1,6,29,32,16,9,7,7,31,57,11,11,3,5,17,16,8,8
298,random,100298,5,False,1,5,0,7,1,0,1,1,4,6,2,1,0,1,2,0,1,0
299,random,100299,5,False,3,5,0,10,1,0,1,1,4,10,3,1,1,1,3,2,1,1
300,random,100300,12,False,1,5,0,8,3,3,0,0,7,12,5,4,0,1,3,2,1,1
301,random,100301,14,False,0,5,18,18,5,2,3,3,6,7,1,1,0,0,4,2,3,1
302,random,100302,11,False,1,5,0,9,3,2,1,1,6,11,3,2,0,1,6,2,2,1
303,random,100303,7,False,0,5,34,35,3,1,2,2,5,12,0,0,0,0,0,0,3,0
304,random,100304,28,False,0,5,14,29,14,9,5,5,17,23,3,3,2,3,3,2,3,1
305,random,100305,13,False,0,5,21,23,4,2,2,2,6,12,1,1,1,2,1,0,4,0
306,random,100306,10,False,1,5,0,7,6,3,3,3,5,9,2,1,1,1,10,4,0,2
307,random,100307,14,False,0,5,8,12,5,4,1,1,7,14,3,3,2,4,6,2,4,1
308,random,100308,6,False,1,5,0,7,1,0,1,1,5,6,2,1,0,1,2,0,1,0
309,random,100309,13,False,3,7,0,10,4,3,1,1,13,22,8,6,1,1,6,2,1,1
310,random,100310,6,False,1,5,0,9,2,1,1,1,5,9,2,1,0,1,2,2,1,1
311,random,100311,8,False,1,5,0,7,1,0,1,1,4,7,3,1,0,0,1,0,1,0
312,random,100312,8,False,0,5,0,7,4,2,2,2,3,8,2,2,0,1,6,2,1,1
313,random,100313,8,False,0,5,0,7,3,1,2,2,2,2,2,2,0,1,4,0,1,0
314,random,100314,8,False,0,6,0,7,3,1,2,2,5,8,3,1,1,1,2,0,1,0
315,random,100315,11,False,0,5,25,26,5,2,3,3,8,14,0,0,1,1,3,0,2,0
316,random,100316,11,False,3,6,0,8,6,5,1,1,5,9,6,3,2,2,7,0,2,0
317,random,100317,9,False,0,5,12,14,3,1,2,2,4,5,2,2,0,2,1,0,3,0
318,random,100318,5,False,3,5,0,7,1,1,0,0,2,2,4,2,0,0,0,0,0,0
319,random,100319,8,False,3,5,0,7,3,2,1,1,6,9,3,1,0,0,5,2,0,1
320,random,100320,13,False,1,7,0,10,4,4,0,0,7,8,6,4,1,1,6,4,2,2
321,random,100321,10,False,0,5,0,8,4,2,2,2,6,9,3,3,0,0,3,0,0,0
322,random,100322,10,False,3,5,0,7,4,3,1,1,7,16,5,3,2,2,2,0,0,0
323,random,100323,10,False,0,6,22,22,4,2,2,2,1,1,3,1,0,0,3,0,4,0
324,random,100324,19,False,0,5,47,48,9,8,1,1,8,8,1,1,1,1,3,2,5,1
325,random,100325,14,False,1,5,0,13,5,4,1,1,5,8,4,2,2,3,7,4,3,2
326,random,100326,2,False,3,5,0,7,1,0,1,1,0,0,2,0,0,0,0,0,0,0
327,random,100327,11,False,3,5,0,16,7,6,1,1,1,2,5,2,0,1,5,2,3,1
328,random,100328,19,False,0,5,0,11,9,6,3,3,7,14,3,3,1,2,9,4,3,2
329,random,100329,8,False,0,5,0,7,1,0,1,1,2,2,3,3,1,1,1,0,0,0
330,random,100330,17,False,0,5,5,17,2,1,1,1,6,11,0,0,2,4,1,0,4,0
331,random,100331,17,False,0,5,1,15,8,6,2,2,13,17,4,4,1,3,4,4,3,2
332,random,100332,4,False,1,5,0,7,2,1,1,1,1,1,1,0,1,1,2,2,1,1
333,random,100333,19,False,1,7,0,10,7,5,2,2,12,19,7,6,1,1,7,6,1,3
334,random,100334,12,False,0,5,0,9,6,4,2,2,7,8,3,3,1,2,3,0,1,0
335,random,100335,17,False,0,5,0,7,4,3,1,1,4,4,2,2,1,2,5,4,2,2
336,random,100336,20,False,0,6,0,8,4,4,0,0,7,19,7,6,2,4,14,6,4,3
337,random,100337,4,False,3,5,0,7,1,0,1,1,2,4,3,1,0,0,0,0,0,0
338,random,100338,38,False,0,7,13,21,15,8,7,7,29,60,10,9,2,5,16,16,7,8
339,random,100339,19,False,0,5,20,20,8,6,2,2,7,14,2,2,2,2,11,10,2,5
340,random,100340,4,False,3,5,0,7,1,1,0,0,2,4,3,0,0,0,2,2,1,1
341,random,100341,7,False,0,5,0,9,2,0,2,2,3,4,1,1,0,1,3,2,2,1
342,random,100342,14,False,0,5,0,14,4,2,2,2,7,12,1,1,1,1,14,6,3,3
343,random,100343,9,False,1,5,0,7,3,3,0,0,6,6,4,1,1,1,2,2,2,1
344,random,100344,6,False,0,5,0,7,2,0,2,2,1,2,2,2,0,0,2,0,0,0
345,random,100345,9,False,1,5,0,7,2,2,0,0,4,7,5,2,0,0,1,0,2,0
346,random,100346,7,False,1,5,0,7,3,2,1,1,2,5,3,1,0,0,5,4,1,2
347,random,100347,21,False,0,6,17,17,13,9,4,4,14,25,5,5,2,3,8,4,5,2
348,random,100348,4,False,3,5,0,7,1,1,0,0,2,2,2,0,1,1,4,0,0,0
349,random,100349,8,False,0,5,0,7,2,1,1,1,4,4,2,2,1,1,4,2,0,1
350,random,100350,6,False,3,6,0,10,3,2,1,1,1,1,4,2,0,0,2,2,0,1
351,random,100351,6,False,0,5,7,10,5,1,4,4,6,11,0,0,0,0,2,2,1,1
352,random,100352,7,False,0,5,0,7,3,0,3,3,2,5,1,1,0,0,1,0,0,0
353,random,100353,5,False,0,5,0,7,3,1,2,2,1,3,1,1,1,3,2,0,2,0
354,random,100354,7,False,1,5,0,7,3,3,0,0,3,5,3,2,1,2,2,2,1,1
355,random,100355,20,False,1,5,0,15,8,5,3,3,14,25,4,3,1,1,16,10,1,5
356,random,100356,11,False,0,5,0,8,6,3,3,3,2,3,2,2,0,0,3,0,1,0
357,random,100357,25,False,0,6,16,16,6,4,2,2,17,38,7,7,2,5,5,4,7,2
358,random,100358,10,False,0,5,3,7,4,3,1,1,5,7,2,1,0,1,3,2,4,1
359,random,100359,11,False,0,5,10,11,2,1,1,1,7,9,1,1,1,2,3,2,2,1
360,random,100360,4,False,3,5,0,7,2,1,1,1,1,2,3,1,0,1,2,2,1,1
361,random,100361,2,False,3,5,0,7,1,0,1,1,2,4,2,0,0,0,0,0,0,0
362,random,100362,7,False,3,5,0,8,2,2,0,0,4,2,5,3,0,0,1,0,0,0
363,random,100363,39,False,1,6,0,25,21,15,6,6,23,42,11,10,3,7,19,16,6,8
364,random,100364,11,False,0,5,0,11,5,3,2,2,4,6,3,2,1,1,2,0,1,0
365,random,100365,6,False,1,5,0,7,4,2,2,2,4,6,2,1,1,1,2,2,0,1
366,random,100366,3,False,3,5,0,7,1,0,1,1,1,2,2,0,0,0,0,0,0,0
367,random,100367,14,False,1,5,0,7,2,2,0,0,9,14,4,3,0,1,5,4,1,2
368,random,100368,31,False,1,8,0,20,14,9,5,5,20,29,12,9,1,1,21,20,4,10
369,random,100369,17,False,1,5,0,13,5,4,1,1,8,11,5,2,1,1,7,4,4,2
370,random,100370,7,False,0,6,0,7,3,1,2,2,6,10,2,2,1,1,3,2,0,1
371,random,100371,15,False,0,5,4,7,6,4,2,2,5,10,5,5,0,1,2,0,1,0
372,random,100372,7,False,0,5,0,7,3,0,3,3,4,7,2,2,1,1,1,0,0,0
373,random,100373,8,False,0,5,17,21,5,3,2,2,4,4,0,0,0,1,4,0,3,0
374,random,100374,30,False,0,5,3,17,11,8,3,3,11,23,4,3,2,3,16,16,4,8
375,random,100375,13,False,0,5,0,9,4,2,2,2,4,5,4,3,1,1,7,4,2,2
376,random,100376,12,False,0,5,1,9,2,0,2,2,8,14,2,2,0,1,4,4,1,2
377,random,100377,9,False,0,5,0,7,3,2,1,1,5,9,1,1,2,3,8,2,1,1
378,random,100378,26,False,1,5,0,15,9,6,3,3,10,17,5,4,2,3,11,8,2,4
379,random,100379,16,False,0,5,16,16,5,3,2,2,5,2,1,1,0,2,2,2,4,1
380,random,100380,29,False,0,6,0,27,14,9,5,5,25,44,11,9,0,1,19,18,5,9
381,random,100381,16,False,1,5,0,11,6,3,3,3,7,11,5,3,0,0,7,6,2,3
382,random,100382,24,False,0,5,21,21,8,4,4,4,9,12,2,2,3,3,6,6,3,3
383,random,100383,8,False,1,5,0,7,2,1,1,1,3,7,4,2,0,0,1,0,1,0
384,random,100384,11,False,0,5,47,47,4,3,1,1,5,7,0,0,1,1,1,0,4,0
385,random,100385,14,False,1,5,0,10,8,7,1,1,7,9,3,2,2,2,12,2,1,1
386,random,100386,6,False,1,5,0,7,1,1,0,0,2,3,2,0,1,1,4,2,1,1
387,random,100387,7,False,1,5,0,7,2,2,0,0,5,6,3,2,0,1,2,2,1,1
388,random,100388,19,False,1,5,0,16,9,6,3,3,10,18,5,3,1,4,5,4,4,2
389,random,100389,2,False,3,5,0,7,1,0,1,1,0,0,2,0,0,0,0,0,0,0
390,random,100390,2,False,3,5,0,7,1,0,1,1,0,0,2,0,0,0,1,0,0,0
391,random,100391,12,False,0,5,0,18,2,0,2,2,6,12,3,3,1,2,1,0,2,0
392,random,100392,6,False,1,5,0,7,2,1,1,1,4,5,3,2,0,1,3,2,1,1
393,random,100393,21,False,1,6,0,8,7,6,1,1,7,11,7,6,1,1,8,8,0,4
394,random,100394,12,False,0,5,3,7,3,2,1,1,2,3,3,3,0,1,10,4,2,2
395,random,100395,11,False,0,5,0,17,2,2,0,0,5,6,2,2,0,1,4,0,4,0
396,random,100396,13,False,0,5,9,18,6,2,4,4,7,12,2,1,1,1,3,2,3,1
397,random,100397,13,False,3,5,0,23,7,5,2,2,8,9,5,3,1,2,6,0,2,0
398,random,100398,17,False,0,5,13,15,6,3,3,3,8,18,2,2,0,1,4,2,4,1
399,random,100399,6,False,5,6,0,14,1,1,0,0,3,4,5,2,0,0,1,0,1,0
400,random,100400,10,False,0,5,0,7,2,2,0,0,4,8,3,3,1,3,5,0,2,0
401,random,100401,7,False,0,5,0,7,4,3,1,1,3,5,1,0,0,1,9,2,3,1
402,random,100402,33,False,0,5,3,12,4,2,2,2,8,15,3,3,5,6,5,4,4,2
403,random,100403,6,False,3,6,0,7,4,3,1,1,2,2,5,1,0,0,3,2,1,1
404,random,100404,15,False,0,5,10,10,4,2,2,2,9,14,4,4,0,1,7,6,2,3
405,random,100405,7,False,3,6,0,13,2,1,1,1,2,3,5,3,0,0,2,0,1,0
406,random,100406,4,False,1,5,0,7,2,0,2,2,1,1,1,0,0,1,2,2,1,1
407,random,100407,6,False,3,5,0,11,2,1,1,1,4,7,4,2,0,0,0,0,0,0
408,random,100408,4,False,0,5,0,7,2,0,2,2,1,2,0,0,0,0,4,0,1,0
409,random,100409,3,False,3,5,0,7,1,0,1,1,3,6,2,0,0,0,2,2,0,1
410,random,100410,11,False,3,5,0,17,4,2,2,2,3,7,5,3,1,1,5,2,1,1
411,random,100411,5,False,1,5,0,7,2,0,2,2,0,0,3,2,0,0,3,2,0,1
412,random,100412,18,False,0,5,0,21,7,6,1,1,3,7,4,4,2,3,11,8,4,4
413,random,100413,6,False,0,5,0,7,2,1,1,1,4,6,1,1,0,2,4,0,2,0
414,random,100414,14,False,0,5,0,13,4,2,2,2,5,9,3,3,2,2,8,4,3,2
415,random,100415,14,False,0,5,7,9,8,4,4,4,8,19,1,1,2,3,3,0,2,0
416,random,100416,6,False,1,5,0,7,2,1,1,1,3,6,2,0,1,1,0,0,2,0
417,random,100417,12,False,1,5,0,17,4,2,2,2,4,7,3,2,0,0,6,4,1,2
418,random,100418,8,False,0,5,0,7,2,1,1,1,3,4,2,2,1,1,2,2,0,1
419,random,100419,9,False,0,5,0,7,5,3,2,2,1,2,3,3,0,0,3,2,0,1
420,random,100420,12,False,0,5,2,15,4,3,1,1,8,13,4,3,1,3,6,4,4,2
421,random,100421,6,False,0,5,0,7,1,1,0,0,2,2,2,2,0,0,4,4,3,2
422,random,100422,9,False,0,6,9,9,4,2,2,2,5,5,3,3,0,1,3,0,2,0
423,random,100423,4,False,3,5,0,7,1,1,0,0,0,0,3,1,0,1,4,2,1,1
424,random,100424,12,False,1,5,0,8,5,4,1,1,6,7,4,3,1,1,3,2,1,1
425,random,100425,4,False,0,5,0,7,2,0,2,2,1,1,0,0,1,1,1,0,0,0
426,random,100426,2,False,3,5,0,7,0,0,0,0,1,1,2,0,0,1,0,0,1,0
427,random,100427,2,False,3,5,0,7,1,0,1,1,1,1,2,0,0,0,0,0,0,0
428,random,100428,17,False,1,7,0,16,10,8,2,2,7,15,7,4,2,3,8,8,2,4
429,random,100429,5,False,3,5,0,7,0,0,0,0,1,2,4,2,0,0,0,0,1,0
430,random,100430,16,False,1,6,0,14,6,4,2,2,12,19,6,5,2,2,8,4,0,2
431,random,100431,26,False,0,6,1,15,13,9,4,4,16,23,4,4,2,5,7,6,4,3
432,random,100432,2,False,3,5,0,7,0,0,0,0,0,0,2,0,0,1,2,0,1,0
433,random,100433,3,False,3,5,0,7,1,0,1,1,2,4,2,0,0,0,0,0,0,0
434,random,100434,6,False,3,5,0,17,1,1,0,0,3,4,3,1,0,0,1,0,2,0
435,random,100435,9,False,0,5,0,11,2,0,2,2,9,17,2,2,1,1,4,0,0,0
436,random,100436,10,False,0,5,0,7,2,0,2,2,4,7,3,3,0,0,2,2,0,1
437,random,100437,11,False,0,5,0,15,5,3,2,2,4,7,3,1,1,1,9,0,4,0
438,random,100438,16,False,3,6,0,12,6,6,0,0,5,10,7,5,2,3,10,2,5,1
439,random,100439,10,False,1,6,0,13,5,2,3,3,9,17,4,3,1,2,2,2,1,1
440,random,100440,4,False,1,5,0,7,2,0,2,2,0,0,2,1,0,0,3,2,0,1
441,random,100441,22,False,0,5,21,23,9,7,2,2,9,15,3,1,1,2,4,4,5,2
442,random,100442,16,False,0,6,0,11,6,4,2,2,8,17,6,6,1,3,8,8,2,4
443,random,100443,5,False,3,6,0,7,4,3,1,1,4,7,3,1,0,0,3,2,0,1
444,random,100444,9,False,1,5,0,8,0,0,0,0,2,3,4,1,1,1,2,2,4,1
445,random,100445,15,False,0,5,18,18,7,5,2,2,6,11,2,2,2,2,3,2,3,1
446,random,100446,8,False,0,5,0,7,3,2,1,1,1,1,3,1,1,1,3,2,2,1
447,random,100447,8,False,0,5,0,12,4,3,1,1,3,6,2,2,0,3,2,2,3,1
448,random,100448,15,False,1,5,0,14,5,5,0,0,7,14,3,2,2,3,5,2,3,1
449,random,100449,6,False,0,5,11,11,2,0,2,2,4,10,1,1,0,2,2,2,3,1
450,random,100450,13,False,0,5,11,11,7,5,2,2,6,7,3,3,0,1,3,2,3,1
451,random,100451,8,False,1,5,0,7,3,2,1,1,0,0,4,3,0,0,2,2,0,1
452,random,100452,8,False,0,5,24,27,2,1,1,1,3,7,0,0,1,3,2,0,4,0
453,random,100453,18,False,0,5,15,15,8,7,1,1,7,11,2,2,1,3,5,4,3,2
454,random,100454,11,False,0,5,4,14,3,1,2,2,6,12,3,3,1,2,5,4,2,2
455,random,100455,7,False,0,5,0,8,4,2,2,2,6,8,1,1,1,1,5,0,0,0
456,random,100456,8,False,1,5,0,7,4,2,2,2,1,1,3,2,0,0,4,0,0,0
457,random,100457,5,False,3,5,0,7,1,0,1,1,1,2,4,2,0,0,0,0,0,0
458,random,100458,14,False,1,5,0,22,6,2,4,4,3,6,5,4,0,0,3,2,2,1
459,random,100459,3,False,3,5,0,7,2,1,1,1,2,4,2,0,0,0,3,2,0,1
460,random,100460,22,False,0,5,0,15,5,3,2,2,13,18,4,3,3,4,3,2,3,1
461,random,100461,5,False,3,5,0,7,0,0,0,0,1,2,4,2,0,0,0,0,0,0
462,random,100462,7,False,1,5,0,8,2,1,1,1,1,2,3,2,0,1,4,4,1,2
463,random,100463,13,False,1,5,0,10,3,2,1,1,4,8,4,3,0,1,5,4,1,2
464,random,100464,10,False,1,5,0,7,5,3,2,2,3,5,4,3,0,1,4,2,1,1
465,random,100465,19,False,1,5,0,10,10,8,2,2,5,6,7,5,1,1,9,8,1,4
466,random,100466,5,False,0,5,0,7,1,0,1,1,1,1,1,1,0,2,2,0,2,0
467,random,100467,8,False,0,6,23,24,4,3,1,1,2,3,3,1,1,1,4,4,4,2
468,random,100468,10,False,0,6,7,11,5,2,3,3,5,9,3,3,1,2,3,2,3,1
469,random,100469,11,False,1,5,0,16,3,3,0,0,8,14,4,3,0,0,8,0,3,0
470,random,100470,9,False,1,5,0,7,5,2,3,3,4,10,4,2,0,1,4,4,2,2
471,random,100471,8,False,0,5,0,7,3,2,1,1,3,3,1,1,1,1,3,2,1,1
472,random,100472,10,False,1,5,0,10,8,6,2,2,7,9,3,2,1,2,4,2,1,1
473,random,100473,16,False,0,7,10,10,9,6,3,3,11,17,5,5,1,1,13,6,1,3
474,random,100474,8,False,1,5,0,10,3,2,1,1,6,12,3,2,0,2,4,4,3,2
475,random,100475,7,False,0,5,0,7,5,3,2,2,3,5,2,2,0,1,3,2,1,1
476,random,100476,5,False,0,5,0,7,4,2,2,2,1,2,1,1,0,0,2,0,0,0
477,random,100477,14,False,1,5,0,12,3,3,0,0,5,7,6,5,0,0,4,2,1,1
478,random,100478,7,False,3,5,0,7,4,4,0,0,9,11,4,0,0,0,3,0,2,0
479,random,100479,5,False,0,5,0,7,3,1,2,2,0,0,2,1,0,0,4,2,1,1
480,random,100480,13,False,0,5,16,16,6,4,2,2,4,5,4,4,0,0,3,2,3,1
481,random,100481,14,False,1,7,0,10,8,7,1,1,4,11,8,3,1,3,5,4,5,2
482,random,100482,37,False,3,5,0,36,14,9,5,5,13,23,11,9,1,2,12,12,5,6
483,random,100483,7,False,1,5,0,7,2,1,1,1,1,2,4,3,0,0,2,0,0,0
484,random,100484,10,False,1,5,0,9,4,3,1,1,7,12,3,2,1,1,6,2,0,1
485,random,100485,7,False,3,6,0,7,3,2,1,1,7,12,4,2,1,1,2,2,0,1
486,random,100486,13,False,1,5,0,14,4,2,2,2,0,0,4,2,0,0,4,4,2,2
487,random,100487,8,False,1,6,0,8,5,4,1,1,6,12,3,1,0,0,5,2,1,1
488,random,100488,20,False,0,5,15,16,10,6,4,4,9,19,4,4,2,3,5,4,3,2
489,random,100489,10,False,0,6,1,8,4,1,3,3,8,17,3,1,0,0,2,2,1,1
490,random,100490,16,False,0,5,0,7,6,6,0,0,10,20,4,4,2,4,12,8,2,4
491,random,100491,4,False,0,5,6,7,3,0,3,3,2,5,0,0,0,1,2,0,2,0
492,random,100492,27,False,0,6,30,31,14,10,4,4,20,25,5,5,2,2,2,2,3,1
493,random,100493,5,False,3,5,0,7,1,1,0,0,3,7,3,1,0,0,3,2,0,1
494,random,100494,17,False,0,5,20,20,4,3,1,1,7,15,1,1,0,2,11,10,5,5
495,random,100495,13,False,0,5,0,9,5,3,2,2,5,11,1,1,2,3,12,10,1,5
496,random,100496,4,False,3,5,0,9,1,1,0,0,3,7,3,0,0,1,1,0,2,0
497,random,100497,5,False,3,5,0,7,0,0,0,0,0,0,4,2,0,0,0,0,0,0
498,random,100498,13,False,0,5,0,8,5,3,2,2,11,13,4,4,0,1,3,2,2,1
499,random,100499,6,False,0,5,0,8,4,1,3,3,3,5,2,2,0,1,0,0,1,0
500,random,100500,17,False,0,5,0,12,8,6,2,2,9,15,4,4,2,3,10,4,2,2
501,random,100501,19,False,0,5,15,17,7,2,5,5,11,21,1,1,1,1,7,6,1,3
502,random,100502,12,False,0,5,0,7,5,1,4,4,8,14,2,2,1,1,6,2,0,1
503,random,100503,7,False,1,5,0,8,2,1,1,1,3,7,2,1,1,1,2,0,1,0
504,random,100504,11,False,1,5,0,14,3,1,2,2,8,17,2,1,1,1,5,2,1,1
505,random,100505,12,False,0,5,8,12,3,1,2,2,1,2,0,0,2,3,6,4,3,2
506,random,100506,24,False,0,5,24,28,9,8,1,1,13,24,1,1,2,4,4,4,5,2
507,random,100507,2,False,3,5,0,7,0,0,0,0,0,0,2,0,0,1,0,0,1,0
508,random,100508,36,False,1,5,0,28,16,11,5,5,15,29,8,7,4,5,16,14,4,7
509,random,100509,19,False,0,5,28,28,5,3,2,2,16,28,1,1,1,2,4,4,4,2
510,random,100510,9,False,0,5,0,7,4,2,2,2,7,13,3,2,0,1,3,2,3,1
511,random,100511,2,False,3,5,0,7,0,0,0,0,0,0,2,0,0,1,0,0,1,0
512,random,100512,17,False,0,5,0,21,8,6,2,2,7,5,3,3,1,2,7,6,3,3
513,random,100513,28,False,0,5,22,23,10,9,1,1,13,20,1,1,2,6,8,8,5,4
514,random,100514,15,False,1,5,0,12,3,2,1,1,5,6,7,5,1,1,2,2,2,1
515,random,100515,9,False,1,5,0,12,4,2,2,2,5,10,3,2,0,1,1,0,1,0
516,random,100516,18,False,0,6,15,15,8,5,3,3,12,27,4,4,3,4,12,8,2,4
517,random,100517,10,False,0,5,13,13,4,3,1,1,1,1,2,2,1,2,1,0,2,0
518,random,100518,14,False,0,5,0,9,6,4,2,2,11,14,4,3,1,1,5,2,3,1
519,random,100519,8,False,0,5,30,30,5,3,2,2,4,7,0,0,1,1,4,2,3,1
520,random,100520,9,False,1,5,0,7,3,2,1,1,3,6,4,3,1,1,4,2,0,1
521,random,100521,5,False,3,5,0,7,2,2,0,0,2,2,3,1,0,1,1,0,1,0
522,random,100522,5,False,0,5,0,7,3,1,2,2,0,0,1,0,0,2,2,0,3,0
523,random,100523,14,False,0,5,14,15,4,2,2,2,7,16,2,1,0,1,5,2,5,1
524,random,100524,19,False,0,8,0,7,6,6,0,0,14,28,9,7,2,4,10,8,3,4
525,random,100525,6,False,1,5,0,7,2,1,1,1,4,8,2,1,0,1,1,0,1,0
526,random,100526,3,False,3,5,0,7,2,1,1,1,3,3,2,0,0,0,3,2,0,1
527,random,100527,12,False,0,5,4,7,5,2,3,3,11,23,2,2,0,2,7,4,2,2
528,random,100528,11,False,0,5,1,7,5,3,2,2,9,15,2,2,0,2,5,4,3,2
529,random,100529,9,False,3,5,0,7,0,0,0,0,4,9,6,4,0,0,4,4,0,2
530,random,100530,17,False,0,6,12,15,10,7,3,3,12,23,3,3,3,4,9,2,3,1
531,random,100531,39,False,0,6,25,26,14,10,4,4,16,30,11,10,2,4,18,18,11,9
532,random,100532,13,False,1,6,0,10,5,2,3,3,8,12,5,4,1,1,10,2,1,1
533,random,100533,18,False,0,5,2,14,11,9,2,2,7,13,3,3,3,5,12,12,2,6
534,random,100534,14,False,0,5,10,17,6,2,4,4,10,19,0,0,0,1,3,2,1,1
535,random,100535,6,False,1,5,0,7,3,1,2,2,3,7,3,2,1,1,2,2,0,1
536,random,100536,10,False,1,5,0,12,3,1,2,2,2,5,3,2,0,1,3,2,2,1
537,random,100537,41,False,0,5,9,25,14,10,4,4,19,22,4,4,2,3,13,12,5,6
538,random,100538,6,False,0,5,0,7,3,0,3,3,2,2,2,2,0,0,1,0,0,0
539,random,100539,5,False,1,5,0,7,1,0,1,1,0,0,2,1,1,1,0,0,0,0
540,random,100540,10,False,1,5,0,7,3,2,1,1,5,11,3,1,1,2,6,4,2,2
541,random,100541,10,False,0,6,0,7,5,4,1,1,5,9,4,1,0,0,5,2,3,1
542,random,100542,9,False,0,5,10,14,6,3,3,3,5,10,0,0,0,1,1,0,2,0
543,random,100543,5,False,3,5,0,7,1,1,0,0,3,4,4,2,0,0,1,0,0,0
544,random,100544,32,False,0,6,9,16,10,6,4,4,14,20,10,9,3,4,3,2,8,1
545,random,100545,13,False,0,5,0,12,4,3,1,1,4,5,2,2,0,3,3,0,3,0
546,random,100546,28,False,0,5,22,26,6,3,3,3,11,19,4,4,3,3,8,8,4,4
547,random,100547,5,False,1,5,0,7,1,1,0,0,4,6,1,0,0,1,4,2,3,1
548,random,100548,11,False,0,6,0,19,4,1,3,3,4,9,4,4,1,1,4,0,1,0
549,random,100549,10,False,0,5,16,17,3,2,1,1,4,7,2,2,0,1,1,0,4,0
550,random,100550,14,False,1,5,0,10,5,4,1,1,7,8,5,3,1,1,7,6,3,3
551,random,100551,15,False,0,5,8,10,4,2,2,2,7,10,1,0,1,1,11,4,3,2
552,random,100552,11,False,1,5,0,11,5,2,3,3,6,8,3,1,0,0,4,4,1,2
553,random,100553,11,False,0,5,2,7,2,1,1,1,4,8,2,1,1,3,4,4,3,2
554,random,100554,24,False,0,6,13,14,7,6,1,1,21,35,6,6,2,5,8,8,3,4
555,random,100555,24,False,3,10,0,27,15,12,3,3,26,34,14,12,3,5,6,6,5,3
556,random,100556,2,False,3,5,0,7,1,0,1,1,1,1,2,0,0,0,0,0,0,0
557,random,100557,18,False,1,5,0,15,6,5,1,1,11,17,4,2,1,2,3,2,3,1
558,random,100558,6,False,0,5,0,7,4,1,3,3,4,5,2,1,0,0,1,0,1,0
559,random,100559,12,False,0,5,0,7,4,2,2,2,10,17,1,1,1,1,2,0,0,0
560,random,100560,9,False,0,5,5,13,3,1,2,2,4,8,1,0,0,1,2,0,4,0
561,random,100561,4,False,0,5,0,7,0,0,0,0,2,3,1,0,0,2,2,0,3,0
562,random,100562,19,False,0,5,31,32,6,3,3,3,13,22,3,3,1,1,3,2,5,1
563,random,100563,5,False,1,5,0,7,1,0,1,1,2,3,2,1,0,0,4,2,0,1
564,random,100564,12,False,0,5,3,7,5,3,2,2,6,10,0,0,1,3,7,6,3,3
565,random,100565,3,False,3,5,0,7,0,0,0,0,1,2,2,0,0,0,2,2,0,1
566,random,100566,12,False,0,5,0,9,5,4,1,1,7,15,4,4,1,2,2,0,1,0
567,random,100567,13,False,0,5,0,7,5,3,2,2,9,19,4,3,0,1,6,4,2,2
568,random,100568,5,False,3,6,0,7,3,2,1,1,4,8,3,1,0,0,2,2,0,1
569,random,100569,6,False,0,5,2,7,3,1,2,2,4,8,1,1,1,1,2,0,1,0
570,random,100570,9,False,1,5,0,8,2,2,0,0,3,5,3,2,2,3,2,0,2,0
571,random,100571,7,False,0,5,11,16,3,1,2,2,1,3,1,1,1,3,4,2,4,1
572,random,100572,14,False,1,5,0,7,4,4,0,0,5,7,5,4,1,2,4,4,2,2
573,random,100573,6,False,0,5,10,10,3,1,2,2,2,2,1,1,0,0,1,0,2,0
574,random,100574,14,False,0,5,2,7,4,3,1,1,4,10,4,3,1,2,3,0,2,0
575,random,100575,2,False,3,5,0,7,1,0,1,1,0,0,2,0,0,0,1,0,0,0
576,random,100576,17,False,0,5,5,17,6,3,3,3,8,16,2,2,1,3,9,4,4,2
577,random,100577,9,False,1,6,0,10,4,2,2,2,3,5,4,3,1,1,2,0,0,0
578,random,100578,12,False,5,7,0,23,4,3,1,1,6,11,8,4,0,0,7,6,2,3
579,random,100579,12,False,0,5,0,20,4,1,3,3,6,13,2,2,1,1,5,4,2,2
580,random,100580,24,False,3,5,0,18,6,5,1,1,11,20,5,3,1,3,7,6,3,3
581,random,100581,32,False,0,9,3,19,19,13,6,6,22,45,13,11,6,9,12,12,7,6
582,random,100582,8,False,0,5,8,10,6,3,3,3,4,10,0,0,1,3,3,2,2,1
583,random,100583,15,False,1,5,0,9,8,6,2,2,12,24,5,3,1,1,8,8,1,4
584,random,100584,9,False,1,6,0,8,5,3,2,2,4,5,5,3,1,1,3,2,1,1
585,random,100585,9,False,3,5,0,15,7,5,2,2,6,12,4,1,1,1,4,4,1,2
586,random,100586,13,False,0,5,14,18,11,8,3,3,5,7,1,1,1,3,7,4,3,2
587,random,100587,4,False,1,5,0,7,1,0,1,1,0,0,2,0,0,1,0,0,2,0
588,random,100588,6,False,1,5,0,7,0,0,0,0,2,3,2,1,0,2,0,0,2,0
589,random,100589,17,False,0,6,22,22,3,3,0,0,5,9,3,1,1,1,7,6,3,3
590,random,100590,30,False,0,5,17,22,11,8,3,3,10,20,2,0,3,4,9,8,4,4
591,random,100591,14,False,1,5,0,25,6,4,2,2,5,11,5,2,1,1,4,2,3,1
592,random,100592,2,False,3,5,0,7,0,0,0,0,1,1,2,0,0,1,0,0,1,0
593,random,100593,13,False,1,5,0,10,3,1,2,2,6,14,4,3,0,1,5,4,2,2
594,random,100594,39,False,0,5,21,23,14,12,2,2,19,33,4,3,2,3,15,14,6,7
595,random,100595,5,False,1,5,0,7,2,1,1,1,3,6,2,1,1,2,0,0,1,0
596,random,100596,36,False,0,5,6,14,6,6,0,0,12,18,4,4,4,5,6,4,2,2
597,random,100597,21,False,0,5,13,13,7,6,1,1,11,20,4,2,0,0,4,4,3,2
598,random,100598,11,False,1,6,0,7,9,6,3,3,7,4,4,3,0,0,4,0,0,0
599,random,100599,16,False,1,6,0,13,4,3,1,1,5,8,6,4,0,1,9,6,5,3
600,random,100600,9,False,0,5,0,7,3,2,1,1,3,5,3,1,1,1,4,2,2,1
601,random,100601,12,False,1,7,0,15,2,1,1,1,10,13,6,3,0,0,3,0,2,0
602,random,100602,20,False,0,5,15,22,7,3,4,4,7,12,3,3,2,2,5,4,2,2
603,random,100603,19,False,0,5,12,13,4,3,1,1,9,16,0,0,0,3,10,8,4,4
604,random,100604,5,False,3,5,0,7,1,1,0,0,0,0,4,2,0,0,0,0,0,0
605,random,100605,14,False,0,6,0,10,1,0,1,1,5,5,7,7,1,1,5,0,1,0
606,random,100606,3,False,3,5,0,7,1,0,1,1,1,2,2,0,0,0,1,0,0,0
607,random,100607,5,False,1,5,0,7,2,2,0,0,2,2,2,0,1,2,3,2,2,1
608,random,100608,15,False,0,5,18,18,7,6,1,1,6,8,2,2,2,2,3,2,2,1
609,random,100609,22,False,0,7,19,21,13,9,4,4,16,27,6,5,1,3,11,8,7,4
610,random,100610,3,False,3,5,0,7,0,0,0,0,1,2,2,0,0,1,0,0,1,0
611,random,100611,13,False,0,6,15,15,4,3,1,1,9,17,4,3,0,0,4,0,2,0
612,random,100612,6,False,1,5,0,7,3,1,2,2,2,4,3,1,1,1,2,2,1,1
613,random,100613,5,False,1,5,0,7,3,1,2,2,1,2,2,1,0,0,0,0,0,0
614,random,100614,12,False,0,5,16,17,6,3,3,3,6,15,2,2,0,0,6,2,0,1
615,random,100615,2,False,3,5,0,7,1,0,1,1,0,0,2,0,0,0,0,0,0,0
616,random,100616,12,False,0,5,24,27,8,7,1,1,3,2,1,1,1,4,1,0,5,0
617,random,100617,9,False,0,5,1,7,3,2,1,1,5,10,2,2,1,2,4,4,2,2
618,random,100618,26,False,0,6,6,11,7,5,2,2,12,16,4,4,1,2,6,6,3,3
619,random,100619,9,False,1,5,0,7,7,4,3,3,4,5,3,2,0,0,4,2,1,1
620,random,100620,10,False,0,5,15,15,5,4,1,1,4,7,3,3,0,1,4,2,2,1
621,random,100621,8,False,0,5,14,14,7,4,3,3,1,2,0,0,1,2,1,0,2,0
622,random,100622,5,False,0,5,0,7,4,1,3,3,3,5,1,1,1,1,1,0,0,0
623,random,100623,26,False,0,7,11,16,9,7,2,2,17,32,8,5,2,3,17,16,5,8
624,random,100624,5,False,3,5,0,7,3,2,1,1,8,12,2,0,1,1,4,4,0,2
625,random,100625,3,False,1,5,0,7,1,0,1,1,0,0,2,0,0,0,0,0,2,0
626,random,100626,31,False,3,5,0,27,8,8,0,0,18,26,9,7,2,4,7,6,6,3
627,random,100627,5,False,0,5,0,7,2,1,1,1,2,2,1,0,0,0,1,0,2,0
628,random,100628,11,False,0,5,0,7,5,3,2,2,2,2,4,4,1,1,0,0,0,0
629,random,100629,2,False,3,5,0,7,1,0,1,1,0,0,2,0,0,0,1,0,0,0
630,random,100630,17,False,0,5,27,28,5,4,1,1,9,16,1,1,0,1,6,6,5,3
631,random,100631,24,False,0,8,0,13,15,10,5,5,10,12,10,8,2,2,13,12,4,6
632,random,100632,10,False,0,5,0,7,3,2,1,1,8,10,3,3,0,0,3,0,1,0
633,random,100633,27,False,1,6,0,10,7,6,1,1,18,34,7,5,3,4,6,6,3,3
634,random,100634,8,False,1,5,0,8,2,2,0,0,3,5,4,2,0,1,1,0,3,0
635,random,100635,14,False,1,6,0,8,5,3,2,2,8,14,4,3,1,1,6,4,1,2
636,random,100636,11,False,3,7,0,9,6,4,2,2,6,13,6,3,1,1,3,0,1,0
637,random,100637,49,False,0,5,16,17,18,15,3,3,31,60,12,11,4,9,18,18,10,9
638,random,100638,43,False,0,5,5,16,15,11,4,4,13,28,7,7,6,9,15,14,7,7
639,random,100639,7,False,0,5,0,7,1,0,1,1,4,7,1,0,1,1,2,0,2,0
640,random,100640,6,False,1,5,0,7,3,1,2,2,4,6,2,1,1,2,0,0,1,0
641,random,100641,8,False,1,6,0,7,2,1,1,1,3,5,5,2,0,0,3,2,1,1
642,random,100642,38,False,0,5,51,52,20,16,4,4,23,43,4,4,3,3,8,6,5,3
643,random,100643,7,False,0,5,0,7,1,0,1,1,4,5,2,2,0,0,2,0,1,0
644,random,100644,17,False,0,7,9,15,9,6,3,3,8,18,4,3,2,3,13,2,4,1
645,random,100645,9,False,0,5,9,16,3,1,2,2,4,6,1,0,0,1,1,0,4,0
646,random,100646,14,False,1,8,0,13,8,6,2,2,9,15,7,6,1,2,5,4,1,2
647,random,100647,15,False,0,5,23,23,6,4,2,2,5,9,1,1,1,2,4,2,4,1
648,random,100648,5,False,3,6,0,7,2,2,0,0,1,2,4,0,0,0,2,2,1,1
649,random,100649,5,False,1,5,0,7,2,1,1,1,2,3,2,0,0,1,0,0,2,0
650,random,100650,4,False,1,5,0,7,3,1,2,2,0,0,2,1,0,1,1,0,1,0
651,random,100651,6,False,3,6,0,15,2,1,1,1,0,0,4,2,0,0,2,2,1,1
652,random,100652,5,False,1,5,0,7,2,0,2,2,3,4,3,2,0,0,1,0,0,0
653,random,100653,6,False,1,5,0,7,2,1,1,1,0,0,3,2,1,1,1,0,0,0
654,random,100654,12,False,0,6,0,14,6,2,4,4,6,10,4,4,1,1,5,4,1,2
655,random,100655,9,False,0,5,0,7,5,3,2,2,5,7,2,2,1,1,3,0,0,0
656,random,100656,30,False,0,5,20,20,8,6,2,2,15,25,2,2,1,3,9,8,5,4
657,random,100657,14,False,1,5,0,10,5,3,2,2,4,6,4,2,0,0,4,4,1,2
658,random,100658,8,False,0,5,0,7,1,1,0,0,0,0,3,3,1,2,2,0,1,0
659,random,100659,8,False,0,5,0,7,2,1,1,1,5,9,2,1,0,0,4,2,1,1
660,random,100660,19,False,0,6,0,16,7,5,2,2,10,18,4,4,1,2,15,12,5,6
661,random,100661,15,False,1,5,0,7,5,2,3,3,11,22,5,4,2,2,7,6,1,3
662,random,100662,26,False,0,5,14,16,9,7,2,2,12,23,2,2,2,5,7,6,5,3
663,random,100663,7,False,3,6,0,7,6,4,2,2,3,3,5,2,0,0,0,0,1,0
664,random,100664,11,False,0,5,0,7,5,3,2,2,5,9,2,2,1,1,7,6,1,3
665,random,100665,25,False,0,7,0,18,13,8,5,5,18,37,11,8,2,2,11,10,4,5
666,random,100666,2,False,3,5,0,7,1,1,0,0,0,0,2,0,0,0,2,2,1,1
667,random,100667,10,False,0,5,0,7,2,0,2,2,4,8,3,3,1,1,0,0,0,0
668,random,100668,31,False,0,5,30,35,8,5,3,3,17,26,0,0,2,2,13,12,2,6
669,random,100669,6,False,0,5,0,7,2,2,0,0,2,3,1,1,1,2,2,0,2,0
670,random,100670,15,False,0,5,19,19,4,2,2,2,3,6,3,3,0,1,7,0,4,0
671,random,100671,5,False,3,5,0,7,2,1,1,1,3,4,3,1,0,0,1,0,0,0
672,random,100672,14,False,1,5,0,7,4,2,2,2,11,20,5,3,1,1,3,2,1,1
673,random,100673,6,False,3,5,0,14,1,1,0,0,3,7,3,1,1,3,1,0,2,0
674,random,100674,9,False,0,5,1,7,2,2,0,0,4,6,1,0,1,2,2,2,3,1
675,random,100675,23,False,0,5,23,24,11,9,2,2,9,12,5,5,0,1,4,4,3,2
676,random,100676,7,False,0,5,0,7,4,2,2,2,4,5,1,1,2,2,1,0,1,0
677,random,100677,13,False,0,6,0,12,6,4,2,2,4,1,6,5,1,1,2,0,2,0
678,random,100678,12,False,3,5,0,11,9,7,2,2,7,12,5,1,1,1,4,2,2,1
679,random,100679,18,False,0,5,13,13,4,3,1,1,8,16,2,2,1,2,6,4,3,2
680,random,100680,28,False,1,5,0,28,13,8,5,5,8,13,6,4,2,2,9,8,2,4
681,random,100681,2,False,3,5,0,7,0,0,0,0,0,0,2,0,0,1,0,0,1,0
682,random,100682,7,False,1,5,0,7,1,0,1,1,1,1,4,3,0,0,2,2,0,1
683,random,100683,16,False,1,5,0,10,6,3,3,3,6,10,5,4,1,2,4,4,3,2
684,random,100684,4,False,3,5,0,7,0,0,0,0,3,5,3,0,0,0,2,2,1,1
685,random,100685,40,False,0,5,9,17,13,12,1,1,24,41,6,6,3,6,13,12,6,6
686,random,100686,10,False,0,5,7,9,4,1,3,3,4,6,0,0,1,1,2,2,1,1
687,random,100687,22,False,0,6,0,7,6,4,2,2,7,10,4,3,1,1,6,6,2,3
688,random,100688,6,False,3,5,0,7,3,2,1,1,6,10,4,2,0,0,0,0,0,0
689,random,100689,3,False,3,5,0,7,1,0,1,1,2,4,2,0,0,0,2,0,0,0
690,random,100690,12,False,0,5,2,7,4,2,2,2,5,12,2,2,2,2,2,0,2,0
691,random,100691,12,False,0,5,0,17,6,3,3,3,3,4,4,2,0,1,0,0,4,0
692,random,100692,6,False,3,5,0,7,3,1,2,2,7,11,3,1,1,1,1,0,0,0
693,random,100693,10,False,3,6,0,13,2,2,0,0,13,19,7,3,0,1,3,0,3,0
694,random,100694,18,False,0,6,13,14,10,7,3,3,13,24,3,1,1,2,4,4,4,2
695,random,100695,2,False,3,5,0,7,1,0,1,1,0,0,2,0,0,0,2,0,0,0
696,random,100696,10,False,0,5,0,7,5,4,1,1,4,8,1,1,2,2,7,2,1,1
697,random,100697,10,False,1,5,0,7,0,0,0,0,6,14,4,3,2,2,8,2,0,1
698,random,100698,2,False,3,5,0,7,1,1,0,0,0,0,2,0,0,1,0,0,1,0
699,random,100699,8,False,0,5,0,9,3,1,2,2,3,8,2,2,1,2,3,0,1,0
700,random,100700,6,False,3,6,0,7,2,2,0,0,4,7,4,2,1,2,1,0,1,0
701,random,100701,2,False,3,5,0,7,1,0,1,1,0,0,2,0,0,0,0,0,0,0
702,random,100702,19,False,1,5,0,16,8,5,3,3,8,19,6,4,2,2,7,6,3,3
703,random,100703,10,False,3,5,0,8,4,3,1,1,3,5,6,4,1,1,7,0,0,0
704,random,100704,8,False,1,6,0,7,4,3,1,1,2,4,4,2,1,1,2,2,1,1
705,random,100705,17,False,0,5,32,32,8,6,2,2,5,10,2,2,1,1,4,4,2,2
706,random,100706,28,False,0,5,17,17,12,8,4,4,9,17,4,4,2,2,11,10,2,5
707,random,100707,17,False,0,5,13,13,6,5,1,1,4,5,5,4,1,2,4,2,4,1
708,random,100708,14,False,1,5,0,8,5,5,0,0,6,13,5,4,2,2,7,4,0,2
709,random,100709,11,False,1,5,0,7,3,3,0,0,2,1,4,3,1,1,9,8,1,4
710,random,100710,6,False,1,5,0,7,2,0,2,2,1,2,3,2,0,0,2,0,0,0
711,random,100711,13,False,0,5,1,9,5,4,1,1,9,16,1,1,1,4,6,4,3,2
712,random,100712,6,False,1,5,0,7,1,0,1,1,1,3,2,1,0,0,2,2,1,1
713,random,100713,9,False,0,5,0,8,3,0,3,3,4,7,3,3,0,0,6,0,2,0
714,random,100714,11,False,1,5,0,7,7,4,3,3,6,10,5,4,1,1,3,2,0,1
715,random,100715,9,False,0,5,0,10,4,2,2,2,3,5,2,2,1,1,4,2,0,1
716,random,100716,6,False,0,5,3,7,5,2,3,3,3,4,2,0,0,1,2,0,3,0
717,random,100717,37,False,0,6,3,8,15,11,4,4,28,42,6,6,2,5,15,14,4,7
718,random,100718,23,False,0,6,2,29,14,10,4,4,6,12,8,6,1,4,10,8,6,4
719,random,100719,8,False,1,5,0,14,2,0,2,2,7,10,3,2,0,1,1,0,2,0
720,random,100720,15,False,0,6,0,8,8,6,2,2,5,8,4,4,1,3,4,2,2,1
721,random,100721,15,False,0,5,27,27,5,3,2,2,5,11,0,0,2,3,8,2,3,1
722,random,100722,9,False,0,5,10,10,1,1,0,0,4,6,2,2,1,1,3,2,1,1
723,random,100723,6,False,0,5,0,7,3,2,1,1,0,0,2,1,1,2,3,2,2,1
724,random,100724,11,False,0,5,8,16,5,3,2,2,3,6,0,0,1,3,9,4,3,2
725,random,100725,19,False,5,8,0,11,12,9,3,3,11,23,11,8,3,3,13,10,2,5
726,random,100726,32,False,0,5,9,24,12,9,3,3,19,36,7,6,3,4,18,18,7,9
727,random,100727,10,False,1,5,0,7,2,1,1,1,6,9,2,1,1,1,5,0,0,0
728,random,100728,6,False,1,5,0,7,1,0,1,1,2,3,2,1,0,1,1,0,2,0
729,random,100729,7,False,0,5,2,9,2,1,1,1,4,5,1,1,0,3,3,0,5,0
730,random,100730,32,False,0,6,5,23,11,7,4,4,14,22,7,7,2,3,11,10,4,5
731,random,100731,25,False,0,6,12,13,8,6,2,2,11,12,10,9,3,5,8,8,6,4
732,random,100732,8,False,0,5,12,12,2,1,1,1,3,6,1,1,1,2,3,2,2,1
733,random,100733,5,False,1,5,0,7,2,2,0,0,2,5,2,0,0,1,0,0,2,0
734,random,100734,27,False,0,5,17,19,13,11,2,2,11,18,3,3,1,5,9,8,6,4
735,random,100735,28,False,0,5,5,9,11,9,2,2,12,22,4,3,1,3,10,10,3,5
736,random,100736,5,False,1,5,0,7,2,0,2,2,4,6,2,1,0,0,1,0,0,0
737,random,100737,18,False,0,6,0,17,8,5,3,3,11,17,8,7,1,2,5,4,5,2
738,random,100738,10,False,1,6,0,10,5,2,3,3,6,11,4,3,1,2,7,2,3,1
739,random,100739,7,False,3,5,0,7,3,3,0,0,0,0,5,3,1,1,3,2,0,1
740,random,100740,11,False,0,5,0,11,7,3,4,4,9,19,2,1,1,1,12,6,1,3
741,random,100741,2,False,3,5,0,7,1,0,1,1,0,0,2,0,0,0,0,0,0,0
742,random,100742,14,False,1,6,0,15,5,4,1,1,10,18,6,4,1,2,8,4,3,2
743,random,100743,22,False,0,7,0,13,10,6,4,4,14,16,13,11,2,3,9,6,4,3
744,random,100744,34,False,1,8,0,22,19,15,4,4,21,40,14,9,5,7,16,16,8,8
745,random,100745,13,False,0,5,0,14,5,2,3,3,8,10,4,3,1,1,8,2,2,1
746,random,100746,6,False,1,5,0,7,2,1,1,1,3,5,3,1,0,0,1,0,1,0
747,random,100747,18,False,0,5,23,23,7,5,2,2,14,29,3,3,2,2,8,8,2,4
748,random,100748,8,False,0,5,0,7,2,0,2,2,3,4,1,1,1,1,4,0,0,0
749,random,100749,21,False,1,5,0,16,8,3,5,5,10,13,6,4,0,0,5,4,3,2
750,random,100750,7,False,3,5,0,7,3,3,0,0,4,7,4,2,1,2,1,0,1,0
751,random,100751,20,False,0,5,8,8,8,6,2,2,15,23,3,3,1,1,7,4,3,2
752,random,100752,9,False,0,5,0,7,4,2,2,2,0,0,1,1,1,1,3,2,1,1
753,random,100753,17,False,0,6,15,15,9,7,2,2,8,18,4,4,2,2,3,2,2,1
754,random,100754,15,False,0,5,0,7,6,4,2,2,7,14,2,2,1,2,4,2,2,1
755,random,100755,5,False,3,6,0,7,1,1,0,0,2,5,4,2,0,1,0,0,1,0
756,random,100756,5,False,0,5,0,7,2,0,2,2,3,6,1,1,0,2,2,0,2,0
757,random,100757,7,False,0,5,20,20,3,1,2,2,1,2,3,3,1,1,1,0,2,0
758,random,100758,14,False,1,5,0,7,6,3,3,3,2,3,5,4,1,1,5,4,1,2
759,random,100759,4,False,0,5,0,7,2,0,2,2,1,1,1,1,0,0,2,0,1,0
760,random,100760,5,False,1,5,0,7,1,0,1,1,2,2,2,1,0,0,5,2,0,1
761,random,100761,8,False,3,6,0,7,1,1,0,0,4,4,6,4,0,0,1,0,0,0
762,random,100762,13,False,0,5,23,23,8,7,1,1,8,11,2,2,2,4,6,4,5,2
763,random,100763,10,False,0,6,0,12,5,4,1,1,5,5,3,3,1,1,4,0,2,0
764,random,100764,7,False,1,5,0,7,2,2,0,0,3,3,4,2,0,1,3,2,2,1
765,random,100765,2,False,3,5,0,7,0,0,0,0,1,1,2,0,0,1,1,0,1,0
766,random,100766,4,False,3,5,0,7,2,1,1,1,2,3,2,0,0,0,3,2,0,1
767,random,100767,6,False,1,5,0,7,0,0,0,0,1,1,2,1,0,1,1,0,3,0
768,random,100768,10,False,0,5,0,7,6,3,3,3,5,10,2,2,1,1,4,2,0,1
769,random,100769,10,False,3,6,0,13,5,3,2,2,6,12,5,3,2,2,5,2,1,1
770,random,100770,18,False,0,5,8,15,8,6,2,2,10,19,2,2,1,2,3,2,3,1
771,random,100771,3,False,3,5,0,7,0,0,0,0,2,4,3,0,0,1,0,0,2,0
772,random,100772,10,False,1,5,0,8,4,2,2,2,1,2,3,2,0,1,6,2,2,1
773,random,100773,7,False,3,6,0,10,3,2,1,1,5,12,4,2,0,0,3,0,0,0
774,random,100774,5,False,3,5,0,7,0,0,0,0,2,4,4,2,0,0,1,0,0,0
775,random,100775,29,False,0,7,2,12,14,11,3,3,14,31,7,5,3,4,16,12,6,6
776,random,100776,11,False,1,5,0,10,5,3,2,2,7,12,3,2,2,2,6,4,1,2
777,random,100777,9,False,1,5,0,10,4,3,1,1,7,10,3,2,0,1,6,2,1,1
778,random,100778,39,False,0,6,13,25,13,11,2,2,14,22,10,9,3,3,13,10,7,5
779,random,100779,2,False,3,5,0,7,1,0,1,1,0,0,2,0,0,0,0,0,0,0
780,random,100780,9,False,1,5,0,15,3,2,1,1,3,5,4,2,1,1,1,0,2,0
781,random,100781,9,False,0,5,20,20,4,2,2,2,6,9,2,2,1,1,2,2,3,1
782,random,100782,13,False,0,7,4,7,6,6,0,0,1,2,3,3,2,4,5,0,6,0
783,random,100783,6,False,1,5,0,7,3,1,2,2,3,6,2,1,0,0,4,4,0,2
784,random,100784,6,False,0,5,4,7,3,1,2,2,2,4,1,0,0,2,2,2,3,1
785,random,100785,13,False,1,5,0,16,5,3,2,2,1,2,5,3,1,2,2,2,3,1
786,random,100786,6,False,3,5,0,7,2,2,0,0,6,11,3,1,1,3,2,2,2,1
787,random,100787,21,False,1,5,0,26,9,5,4,4,8,12,7,6,2,2,13,8,2,4
788,random,100788,5,False,0,5,10,10,3,1,2,2,0,0,1,0,0,1,3,0,3,0
789,random,100789,13,False,0,5,0,7,4,2,2,2,5,6,3,3,0,1,4,0,1,0
790,random,100790,33,False,0,5,0,25,8,7,1,1,13,14,4,4,1,3,18,16,6,8
791,random,100791,20,False,1,5,0,14,4,3,1,1,12,24,7,5,2,2,7,6,2,3
792,random,100792,19,False,1,6,0,11,10,8,2,2,16,33,7,5,1,2,9,8,2,4
793,random,100793,12,False,0,5,0,9,3,1,2,2,5,13,3,2,1,2,4,0,3,0
794,random,100794,14,False,0,5,0,15,4,2,2,2,6,6,3,3,1,2,1,0,2,0
795,random,100795,13,False,1,6,0,9,5,3,2,2,5,8,6,5,1,1,1,0,1,0
796,random,100796,6,False,1,5,0,9,3,2,1,1,1,2,3,2,0,1,3,2,1,1
797,random,100797,8,False,0,5,9,9,4,2,2,2,2,2,1,1,1,2,5,2,2,1
798,random,100798,4,False,1,5,0,7,2,0,2,2,1,1,2,1,0,0,1,0,0,0
799,random,100799,8,False,0,5,0,7,7,3,4,4,3,7,1,1,1,1,3,2,0,1
800,random,100800,8,False,0,5,0,7,3,0,3,3,4,7,1,1,0,1,4,2,1,1
801,random,100801,8,False,1,5,0,8,2,1,1,1,5,8,3,2,1,2,5,0,1,0
802,random,100802,9,False,0,5,0,15,3,1,2,2,6,6,2,1,1,3,2,2,4,1
803,random,100803,15,False,0,5,9,11,8,4,4,4,6,11,2,2,1,2,1,0,1,0
804,random,100804,17,False,0,5,46,46,9,8,1,1,7,13,3,2,1,2,6,2,7,1
805,random,100805,3,False,3,5,0,7,0,0,0,0,4,7,2,0,0,0,1,0,1,0
806,random,100806,5,False,1,5,0,7,1,1,0,0,2,3,2,1,0,2,5,4,2,2
807,random,100807,14,False,0,5,13,14,5,2,3,3,4,10,0,0,1,2,5,4,2,2
808,random,100808,22,False,0,5,21,22,8,5,3,3,13,36,2,2,2,4,5,4,4,2
809,random,100809,12,False,0,5,2,7,4,2,2,2,6,12,2,2,1,2,0,0,2,0
810,random,100810,5,False,3,5,0,10,2,1,1,1,0,0,4,2,0,0,0,0,1,0
811,random,100811,40,False,0,6,7,38,17,9,8,8,27,47,14,14,4,5,17,16,8,8
812,random,100812,6,False,0,5,24,27,4,2,2,2,1,1,1,1,1,1,2,2,4,1
813,random,100813,10,False,1,5,0,10,7,5,2,2,3,4,2,1,1,1,8,6,1,3
814,random,100814,7,False,3,7,0,13,2,1,1,1,4,8,6,2,0,1,1,0,2,0
815,random,100815,18,False,0,5,0,15,6,3,3,3,9,20,2,2,2,4,8,8,3,4
816,random,100816,7,False,0,5,0,7,3,1,2,2,4,8,2,1,0,1,4,2,2,1
817,random,100817,30,False,0,6,23,23,10,8,2,2,14,24,4,4,1,1,7,4,2,2
818,random,100818,38,False,0,5,35,35,15,13,2,2,18,26,3,3,1,2,15,14,3,7
819,random,100819,12,False,3,5,0,11,4,4,0,0,9,14,5,3,2,3,4,4,3,2
820,random,100820,12,False,1,5,0,7,6,5,1,1,7,13,4,3,0,2,4,4,2,2
821,random,100821,8,False,0,5,0,16,4,1,3,3,3,5,2,2,1,1,1,0,1,0
822,random,100822,28,False,1,7,0,20,7,7,0,0,11,20,13,11,1,2,4,4,4,2
823,random,100823,5,False,0,5,0,7,3,0,3,3,0,0,1,1,1,1,1,0,1,0
824,random,100824,8,False,1,5,0,9,3,2,1,1,3,5,3,2,0,0,5,4,0,2
825,random,100825,23,False,0,5,0,7,10,8,2,2,9,15,9,9,0,1,8,6,2,3
826,random,100826,10,False,0,5,12,25,3,1,2,2,4,6,2,2,0,0,2,2,5,1
827,random,100827,2,False,3,5,0,7,1,0,1,1,0,0,2,0,0,0,1,0,0,0
828,random,100828,15,False,0,5,4,13,9,5,4,4,5,9,2,2,1,1,6,6,2,3
829,random,100829,9,False,0,5,0,7,6,4,2,2,4,5,2,2,1,1,4,2,0,1
830,random,100830,8,False,1,5,0,7,1,0,1,1,4,3,4,3,0,0,0,0,0,0
831,random,100831,34,False,0,6,0,15,15,10,5,5,17,38,9,9,3,4,9,8,2,4
832,random,100832,7,False,1,5,0,7,3,2,1,1,3,5,3,2,0,0,1,0,0,0
833,random,100833,37,False,1,5,0,19,16,11,5,5,15,22,8,6,3,3,14,14,2,7
834,random,100834,17,False,0,5,21,24,6,5,1,1,4,9,1,1,1,2,5,4,3,2
835,random,100835,5,False,1,5,0,7,1,0,1,1,2,5,2,1,0,0,1,0,0,0
836,random,100836,23,False,1,6,0,31,9,6,3,3,11,23,8,7,2,2,10,10,3,5
837,random,100837,8,False,1,5,0,8,2,1,1,1,3,3,2,0,1,1,3,2,2,1
838,random,100838,6,False,3,6,0,13,3,3,0,0,3,5,4,2,0,1,2,2,1,1
839,random,100839,11,False,1,5,0,11,2,1,1,1,4,6,6,4,0,0,3,0,2,0
840,random,100840,19,False,0,6,0,15,10,6,4,4,12,20,6,5,1,1,10,4,3,2
841,random,100841,5,False,1,5,0,7,1,0,1,1,2,3,2,1,0,1,1,0,1,0
842,random,100842,16,False,0,5,0,7,6,3,3,3,3,7,6,6,2,2,7,2,1,1
843,random,100843,19,False,0,5,0,15,8,4,4,4,11,13,3,3,1,1,5,4,1,2
844,random,100844,7,False,1,5,0,7,1,0,1,1,3,6,3,2,0,0,2,2,0,1
845,random,100845,14,False,0,5,16,20,3,2,1,1,5,9,0,0,1,1,7,2,4,1
846,random,100846,8,False,0,5,8,11,5,2,3,3,5,10,0,0,0,1,3,2,2,1
847,random,100847,6,False,0,5,0,7,2,0,2,2,2,2,0,0,1,1,2,2,2,1
848,random,100848,7,False,0,5,15,15,3,3,0,0,1,1,2,1,0,1,6,2,3,1
849,random,100849,4,False,3,5,0,8,1,1,0,0,2,3,3,0,0,0,0,0,1,0
850,random,100850,9,False,0,5,0,7,2,1,1,1,4,5,1,1,1,1,5,0,0,0
851,random,100851,5,False,5,6,0,16,2,2,0,0,0,0,5,2,0,0,0,0,1,0
852,random,100852,14,False,1,6,0,7,6,5,1,1,9,13,6,3,1,1,7,2,2,1
853,random,100853,7,False,1,5,0,7,1,1,0,0,3,6,3,1,0,0,3,2,1,1
854,random,100854,9,False,0,5,12,15,6,3,3,3,4,10,0,0,1,3,1,0,2,0
855,random,100855,6,False,1,5,0,8,2,1,1,1,1,1,3,2,0,1,1,0,1,0
856,random,100856,50,True,1,5,22,22,17,13,4,4,16,30,12,10,4,4,14,14,10,7
857,random,100857,10,False,0,5,1,12,5,3,2,2,5,9,1,1,0,1,2,0,2,0
858,random,100858,8,False,1,5,0,7,1,1,0,0,5,9,3,2,0,2,2,0,2,0
859,random,100859,31,False,0,5,7,19,15,9,6,6,9,15,6,6,3,5,8,8,5,4
860,random,100860,13,False,0,5,9,20,4,3,1,1,6,13,2,2,2,2,3,0,4,0
861,random,100861,7,False,1,5,0,7,2,0,2,2,5,9,2,1,0,0,3,2,0,1
862,random,100862,11,False,3,6,0,23,4,2,2,2,8,17,5,3,1,1,5,2,1,1
863,random,100863,11,False,0,5,0,7,6,4,2,2,2,3,4,4,1,2,6,0,1,0
864,random,100864,10,False,1,5,0,13,2,1,1,1,5,8,4,3,1,1,1,0,2,0
865,random,100865,12,False,0,5,22,25,2,1,1,1,7,10,1,1,0,2,3,2,4,1
866,random,100866,10,False,0,5,0,12,3,1,2,2,2,3,0,0,2,3,7,4,2,2
867,random,100867,14,False,0,6,0,25,8,5,3,3,5,8,5,5,0,0,3,2,2,1
868,random,100868,12,False,0,5,21,21,6,5,1,1,5,6,1,1,0,1,6,4,2,2
869,random,100869,11,False,0,6,0,15,6,3,3,3,8,16,4,3,1,1,3,2,2,1
870,random,100870,24,False,0,6,9,16,8,5,3,3,8,17,6,6,1,3,10,10,3,5
871,random,100871,24,False,0,5,6,11,7,5,2,2,4,2,1,1,2,3,11,10,1,5
872,random,100872,11,False,1,5,0,7,2,2,0,0,7,15,4,3,1,1,5,4,0,2
873,random,100873,24,False,0,5,13,13,4,3,1,1,10,13,2,1,1,1,7,6,3,3
874,random,100874,20,False,1,5,0,8,8,7,1,1,10,17,6,4,2,3,9,8,3,4
875,random,100875,17,False,0,5,35,36,11,8,3,3,8,13,1,1,1,1,1,0,3,0
876,random,100876,22,False,0,5,16,16,5,4,1,1,8,15,4,3,2,3,8,8,6,4
877,random,100877,7,False,1,5,0,7,4,3,1,1,1,2,2,1,1,2,3,0,2,0
878,random,100878,6,False,1,5,0,8,3,2,1,1,4,7,2,0,0,1,1,0,2,0
879,random,100879,6,False,3,5,0,10,3,2,1,1,3,7,2,0,2,2,2,2,0,1
880,random,100880,11,False,0,5,7,9,5,1,4,4,4,7,1,1,2,2,2,2,2,1
881,random,100881,8,False,0,5,18,18,4,2,2,2,5,10,1,1,0,2,1,0,4,0
882,random,100882,10,False,0,6,17,17,6,4,2,2,6,12,2,2,2,4,4,4,4,2
883,random,100883,22,False,1,9,0,13,12,10,2,2,19,32,11,10,4,6,13,8,5,4
884,random,100884,2,False,0,5,26,26,2,0,2,2,0,0,0,0,0,0,0,0,3,0
885,random,100885,4,False,3,5,0,7,1,1,0,0,3,5,2,0,0,1,1,0,1,0
886,random,100886,8,False,0,6,0,8,3,1,2,2,4,6,3,3,0,1,3,0,1,0
887,random,100887,19,False,0,5,1,7,13,11,2,2,5,7,5,5,1,2,7,6,1,3
888,random,100888,10,False,0,5,0,7,3,2,1,1,6,9,3,3,1,1,4,2,1,1
889,random,100889,9,False,0,5,0,7,5,3,2,2,3,3,2,1,1,1,5,0,3,0
890,random,100890,8,False,0,5,0,10,2,1,1,1,2,3,2,2,2,2,1,0,2,0
891,random,100891,7,False,1,5,0,7,3,1,2,2,2,4,3,2,1,1,2,0,0,0
892,random,100892,10,False,0,5,0,10,5,4,1,1,5,6,2,2,1,2,5,4,1,2
893,random,100893,18,False,0,5,2,13,7,6,1,1,11,20,3,3,1,2,10,6,1,3
894,random,100894,8,False,1,5,0,7,4,2,2,2,7,12,3,2,0,1,1,0,2,0
895,random,100895,4,False,3,5,0,7,1,1,0,0,1,1,3,0,0,0,2,2,1,1
896,random,100896,7,False,0,5,0,7,2,0,2,2,2,4,1,1,1,1,3,0,0,0
897,random,100897,12,False,0,5,0,15,5,2,3,3,10,16,1,1,2,2,4,0,0,0
898,random,100898,39,False,0,5,10,33,17,14,3,3,18,38,7,6,6,8,13,12,4,6
899,random,100899,5,False,3,6,0,7,2,2,0,0,1,1,4,0,0,0,2,2,1,1
900,random,100900,13,False,1,6,0,14,5,4,1,1,10,19,4,3,0,0,7,4,1,2
901,random,100901,6,False,3,5,0,10,2,2,0,0,3,6,3,1,1,3,2,2,2,1
902,random,100902,2,False,3,5,0,7,1,0,1,1,0,0,2,0,0,0,2,2,0,1
903,random,100903,36,False,0,5,27,30,11,10,1,1,16,29,4,2,2,4,16,16,8,8
904,random,100904,33,False,0,6,10,17,14,11,3,3,19,44,8,6,6,9,16,16,7,8
905,random,100905,6,False,0,5,0,7,4,1,3,3,5,8,1,0,0,0,2,2,1,1
906,random,100906,7,False,0,5,0,7,4,2,2,2,5,5,1,1,1,1,4,2,0,1
907,random,100907,13,False,1,5,0,7,5,3,2,2,4,5,5,4,0,1,11,6,2,3
908,random,100908,23,False,0,5,0,17,11,7,4,4,11,24,6,6,2,2,11,10,1,5
909,random,100909,5,False,1,5,0,7,1,0,1,1,2,4,2,1,0,0,1,0,0,0
910,random,100910,5,False,1,5,0,7,3,1,2,2,0,0,2,1,0,0,2,2,0,1
911,random,100911,8,False,0,5,0,7,4,2,2,2,3,4,3,3,0,0,1,0,0,0
912,random,100912,30,False,0,5,38,38,10,6,4,4,16,34,5,5,3,4,11,10,4,5
913,random,100913,5,False,1,5,0,7,2,0,2,2,3,5,2,1,1,1,0,0,0,0
914,random,100914,5,False,3,5,0,7,1,1,0,0,2,3,4,2,0,0,2,0,0,0
915,random,100915,25,False,0,5,15,15,10,8,2,2,7,14,5,3,2,5,5,4,8,2
916,random,100916,9,False,1,5,0,7,0,0,0,0,1,2,5,3,1,1,3,2,2,1
917,random,100917,7,False,0,5,0,7,3,0,3,3,2,3,3,3,1,1,0,0,0,0
918,random,100918,2,False,3,5,0,7,1,0,1,1,0,0,2,0,0,0,0,0,0,0
919,random,100919,7,False,0,5,10,10,2,1,1,1,2,3,1,0,2,2,8,2,3,1
920,random,100920,6,False,1,5,0,7,1,0,1,1,6,12,2,1,0,1,2,2,2,1
921,random,100921,13,False,0,5,3,7,5,4,1,1,5,9,2,1,1,2,4,0,3,0
922,random,100922,4,False,0,5,0,7,3,0,3,3,2,1,0,0,1,1,0,0,0,0
923,random,100923,19,False,0,6,0,13,6,5,1,1,13,27,6,5,1,2,8,6,4,3
924,random,100924,9,False,1,5,0,7,4,2,2,2,5,8,4,3,0,0,3,0,0,0
925,random,100925,10,False,0,5,13,13,1,1,0,0,4,8,3,3,0,1,2,2,2,1
926,random,100926,14,False,1,7,0,8,4,3,1,1,7,9,8,5,0,0,5,0,2,0
927,random,100927,10,False,0,6,4,9,5,2,3,3,6,13,3,3,0,0,2,2,1,1
928,random,100928,6,False,1,5,0,7,2,1,1,1,2,2,3,2,0,0,2,0,0,0
929,random,100929,34,False,3,6,0,18,15,12,3,3,11,15,12,9,2,5,8,8,8,4
930,random,100930,10,False,3,6,0,17,3,3,0,0,5,12,6,4,0,1,3,2,1,1
931,random,100931,46,False,0,5,35,37,19,14,5,5,26,41,8,7,2,3,12,12,5,6
932,random,100932,9,False,1,6,0,11,4,3,1,1,4,8,4,3,1,1,3,2,0,1
933,random,100933,16,False,0,5,15,15,3,3,0,0,5,8,2,2,1,1,6,6,3,3
934,random,100934,11,False,0,6,0,14,3,2,1,1,8,6,3,3,1,2,8,6,3,3
935,random,100935,21,False,0,5,24,37,7,3,4,4,8,17,3,3,1,1,6,6,4,3
936,random,100936,33,False,0,7,0,24,16,12,4,4,19,29,17,16,2,4,10,10,6,5
937,random,100937,2,False,3,5,0,7,2,1,1,1,0,0,2,0,0,0,0,0,0,0
938,random,100938,5,False,1,5,0,7,1,0,1,1,3,4,2,1,0,1,2,2,1,1
939,random,100939,8,False,0,5,0,7,2,0,2,2,5,10,2,2,1,1,5,2,0,1
940,random,100940,22,False,0,6,0,26,6,4,2,2,13,23,8,7,1,1,5,4,3,2
941,random,100941,5,False,3,5,0,8,3,3,0,0,2,3,3,0,0,0,3,0,1,0
942,random,100942,12,False,0,5,3,12,4,2,2,2,7,12,2,1,0,2,2,2,3,1
943,random,100943,6,False,1,6,0,9,2,1,1,1,6,13,3,1,1,2,2,0,3,0
944,random,100944,20,False,0,7,0,13,5,2,3,3,15,20,9,9,2,2,12,8,2,4
945,random,100945,9,False,1,5,0,10,5,4,1,1,3,5,4,2,1,2,1,0,2,0
946,random,100946,7,False,0,5,0,7,2,0,2,2,2,2,3,3,0,0,0,0,0,0
947,random,100947,9,False,0,5,0,7,4,3,1,1,5,5,2,2,0,0,2,2,1,1
948,random,100948,17,False,0,5,13,17,7,3,4,4,5,12,2,2,2,2,3,2,1,1
949,random,100949,15,False,0,5,0,12,3,2,1,1,4,9,5,5,2,2,6,4,1,2
950,random,100950,17,False,0,5,38,38,6,5,1,1,9,18,1,1,1,2,4,4,4,2
951,random,100951,14,False,1,5,0,11,6,3,3,3,11,18,4,3,0,0,5,2,1,1
952,random,100952,31,False,1,6,0,21,9,5,4,4,13,23,13,12,3,3,19,18,4,9
953,random,100953,2,False,3,5,0,7,1,0,1,1,1,1,2,0,0,0,0,0,0,0
954,random,100954,3,False,3,5,0,7,1,0,1,1,4,4,2,0,0,0,0,0,0,0
955,random,100955,13,False,0,5,0,11,5,2,3,3,5,9,3,3,1,2,7,4,3,2
956,random,100956,2,False,3,5,0,7,1,0,1,1,0,0,2,0,0,0,0,0,0,0
957,random,100957,5,False,3,6,0,7,2,2,0,0,1,2,5,0,0,1,0,0,3,0
958,random,100958,18,False,0,5,12,12,4,3,1,1,11,22,1,0,0,3,2,2,4,1
959,random,100959,6,False,1,5,0,7,4,1,3,3,2,3,3,2,0,0,3,2,0,1
960,random,100960,7,False,0,5,10,10,3,0,3,3,4,8,1,1,0,0,4,2,1,1
961,random,100961,16,False,1,5,0,13,4,2,2,2,6,9,4,2,1,1,6,6,3,3
962,random,100962,6,False,3,6,0,11,1,1,0,0,2,2,5,1,0,0,1,0,1,0
963,random,100963,7,False,1,5,0,7,2,0,2,2,5,7,2,1,0,0,2,2,0,1
964,random,100964,10,False,0,5,0,7,3,1,2,2,5,10,3,3,1,1,3,2,0,1
965,random,100965,11,False,3,5,0,10,5,3,2,2,8,11,6,2,0,0,2,0,3,0
966,random,100966,11,False,0,5,0,7,4,3,1,1,3,4,4,4,0,0,2,2,0,1
967,random,100967,50,True,1,8,0,15,20,18,2,2,24,47,17,15,6,8,27,26,10,13
968,random,100968,11,False,1,5,0,7,5,5,0,0,3,7,3,2,1,1,3,2,1,1
969,random,100969,16,False,0,5,0,20,5,4,1,1,7,12,3,3,1,3,9,2,4,1
970,random,100970,15,False,0,5,1,13,8,5,3,3,12,18,3,2,1,2,5,4,3,2
971,random,100971,5,False,1,5,0,7,4,2,2,2,0,0,2,1,1,1,0,0,1,0
972,random,100972,5,False,1,5,0,8,3,1,2,2,1,2,3,1,0,0,2,0,1,0
973,random,100973,12,False,0,5,5,10,7,2,5,5,3,2,3,3,0,1,2,0,3,0
974,random,100974,12,False,0,7,9,9,8,5,3,3,6,14,2,2,1,4,2,2,3,1
975,random,100975,12,False,1,5,0,7,3,3,0,0,11,14,5,3,0,0,4,4,1,2
976,random,100976,17,False,3,5,0,16,7,5,2,2,6,15,7,5,1,2,9,8,2,4
977,random,100977,19,False,0,6,5,8,5,3,2,2,8,15,3,3,2,3,3,2,1,1
978,random,100978,14,False,0,5,11,12,8,5,3,3,5,6,1,0,0,0,3,0,3,0
979,random,100979,5,False,1,5,0,7,2,2,0,0,1,2,2,0,0,2,4,4,4,2
980,random,100980,8,False,1,6,0,11,1,1,0,0,3,7,4,3,1,3,2,2,2,1
981,random,100981,22,False,0,5,9,13,9,5,4,4,13,21,7,7,1,1,7,6,3,3
982,random,100982,5,False,3,5,0,7,3,2,1,1,1,2,3,1,0,0,3,2,0,1
983,random,100983,13,False,0,5,0,11,5,4,1,1,7,13,2,2,2,2,9,6,0,3
984,random,100984,25,False,1,5,0,19,13,8,5,5,11,25,6,5,2,2,4,4,1,2
985,random,100985,23,False,1,5,0,15,10,7,3,3,11,21,7,6,2,2,8,8,1,4
986,random,100986,9,False,1,5,0,7,3,2,1,1,3,4,4,2,0,0,2,2,1,1
987,random,100987,8,False,1,5,0,14,4,1,3,3,6,11,2,1,1,1,4,4,0,2
988,random,100988,9,False,0,5,0,7,5,2,3,3,3,7,2,1,1,1,1,0,1,0
989,random,100989,6,False,3,5,0,7,0,0,0,0,6,10,4,2,1,1,3,2,0,1
990,random,100990,17,False,1,5,0,9,4,4,0,0,8,13,4,3,0,2,7,6,5,3
991,random,100991,7,False,1,5,0,7,0,0,0,0,3,7,4,2,0,0,1,0,1,0
992,random,100992,7,False,0,5,15,17,4,1,3,3,4,8,0,0,0,1,2,0,2,0
993,random,100993,4,False,5,6,0,7,2,2,0,0,2,5,4,1,0,0,2,0,0,0
994,random,100994,2,False,3,5,0,7,1,0,1,1,1,2,2,0,0,0,0,0,0,0
995,random,100995,27,False,0,6,16,27,12,7,5,5,14,18,6,6,2,3,9,8,5,4
996,random,100996,6,False,0,5,11,15,1,0,1,1,0,0,0,0,0,1,2,2,4,1
997,random,100997,7,False,0,6,0,9,3,1,2,2,3,4,3,2,1,1,0,0,2,0
998,random,100998,11,False,0,5,24,28,4,1,3,3,1,1,1,1,1,1,3,2,3,1
999,random,100999,2,False,3,5,0,7,1,0,1,1,0,0,2,0,0,0,0,0,0,0
1000,random,101000,8,False,1,5,0,9,3,1,2,2,8,15,3,1,1,1,0,0,1,0
1001,food,101001,50,True,1,5,33,33,9,5,4,4,50,61,0,0,0,0,0,0,0,0
1002,food,101002,50,True,1,5,66,66,14,10,4,4,50,69,0,0,0,0,0,0,0,0
1003,food,101003,50,True,1,5,25,30,9,5,4,4,50,68,0,0,0,0,0,0,0,0
1004,food,101004,50,True,1,5,113,113,24,20,4,4,50,61,0,0,0,0,0,0,0,0
1005,food,101005,50,True,1,5,91,91,30,26,4,4,50,69,0,0,0,0,0,0,0,0
1006,food,101006,50,True,1,5,99,99,20,16,4,4,50,69,0,0,0,0,0,0,0,0
1007,food,101007,50,True,1,5,26,26,12,8,4,4,52,63,0,0,0,0,0,0,0,0
1008,food,101008,50,True,1,5,81,81,18,14,4,4,50,63,0,0,0,0,0,0,0,0
1009,food,101009,50,True,1,5,82,82,13,9,4,4,50,72,0,0,0,0,0,0,0,0
1010,food,101010,50,True,1,5,64,64,12,8,4,4,50,61,0,0,0,0,0,0,0,0
1011,food,101011,50,True,1,5,61,65,15,11,4,4,50,57,0,0,0,0,0,0,0,0
1012,food,101012,50,True,1,5,52,52,14,10,4,4,50,70,0,0,0,0,0,0,0,0
1013,food,101013,50,True,1,5,7,9,4,0,4,4,50,56,0,0,0,0,0,0,0,0
1014,food,101014,50,True,1,5,63,69,13,9,4,4,50,51,0,0,0,0,0,0,0,0
1015,food,101015,50,True,1,5,69,70,16,12,4,4,50,60,0,0,0,0,0,0,0,0
1016,food,101016,50,True,1,5,64,69,13,9,4,4,50,53,0,0,0,0,0,0,0,0
1017,food,101017,50,True,1,5,30,30,11,7,4,4,50,60,0,0,0,0,0,0,0,0
1018,food,101018,50,True,1,5,40,45,11,7,4,4,50,56,0,0,0,0,0,0,0,0
1019,food,101019,50,True,1,5,109,110,20,16,4,4,50,66,0,0,0,0,0,0,0,0
1020,food,101020,50,True,1,5,53,58,13,9,4,4,50,53,0,0,0,0,0,0,0,0
1021,food,101021,50,True,1,5,73,83,15,11,4,4,50,48,0,0,0,0,0,0,0,0
1022,food,101022,50,True,1,5,64,73,15,11,4,4,50,49,0,0,0,0,0,0,0,0
1023,food,101023,50,True,1,5,113,116,19,15,4,4,50,66,0,0,0,0,0,0,0,0
1024,food,101024,50,True,1,5,7,10,4,0,4,4,50,59,0,0,0,0,0,0,0,0
1025,food,101025,50,True,1,5,111,116,23,19,4,4,50,58,0,0,0,0,0,0,0,0
1026,food,101026,50,True,1,5,59,60,15,11,4,4,50,58,0,0,0,0,0,0,0,0
1027,food,101027,50,True,1,5,134,134,25,21,4,4,50,63,0,0,0,0,0,0,0,0
1028,food,101028,50,True,1,5,26,30,12,8,4,4,50,49,0,0,0,0,0,0,0,0
1029,food,101029,50,True,1,5,79,82,14,10,4,4,50,61,0,0,0,0,0,0,0,0
1030,food,101030,50,True,1,5,32,38,13,9,4,4,50,51,0,0,0,0,0,0,0,0
1031,food,101031,50,True,1,5,88,90,14,10,4,4,50,81,0,0,0,0,0,0,0,0
1032,food,101032,50,True,1,5,81,83,16,12,4,4,50,61,0,0,0,0,0,0,0,0
1033,food,101033,50,True,1,5,42,43,10,6,4,4,50,63,0,0,0,0,0,0,0,0
1034,food,101034,50,True,1,5,29,30,7,3,4,4,50,66,0,0,0,0,0,0,0,0
1035,food,101035,50,True,1,5,140,143,38,34,4,4,50,47,0,0,0,0,0,0,0,0
1036,food,101036,50,True,1,5,48,48,16,12,4,4,50,59,0,0,0,0,0,0,0,0
1037,food,101037,50,True,1,5,85,86,20,16,4,4,50,68,0,0,0,0,0,0,0,0
1038,food,101038,50,True,1,5,84,85,17,13,4,4,50,62,0,0,0,0,0,0,0,0
1039,food,101039,50,True,1,5,22,23,5,1,4,4,50,64,0,0,0,0,0,0,0,0
1040,food,101040,50,True,1,5,66,68,17,13,4,4,50,66,0,0,0,0,0,0,0,0
1041,food,101041,50,True,1,5,46,50,17,13,4,4,50,58,0,0,0,0,0,0,0,0
1042,food,101042,50,True,1,5,14,22,7,3,4,4,50,54,0,0,0,0,0,0,0,0
1043,food,101043,50,True,1,5,32,33,9,5,4,4,50,72,0,0,0,0,0,0,0,0
1044,food,101044,50,True,1,5,36,37,11,7,4,4,50,62,0,0,0,0,0,0,0,0
1045,food,101045,50,True,1,5,42,43,13,9,4,4,50,60,0,0,0,0,0,0,0,0
1046,food,101046,50,True,1,5,62,62,16,12,4,4,50,72,0,0,0,0,0,0,0,0
1047,food,101047,50,True,1,5,34,35,10,6,4,4,50,64,0,0,0,0,0,0,0,0
1048,food,101048,50,True,1,5,19,22,8,4,4,4,50,57,0,0,0,0,0,0,0,0
1049,food,101049,50,True,1,5,52,55,15,11,4,4,50,54,0,0,0,0,0,0,0,0
1050,food,101050,50,True,1,5,8,9,5,1,4,4,54,63,0,0,0,0,0,0,0,0
1051,food,101051,50,True,1,5,40,41,10,6,4,4,50,55,0,0,0,0,0,0,0,0
1052,food,101052,50,True,1,5,56,57,16,12,4,4,50,61,0,0,0,0,0,0,0,0
1053,food,101053,50,True,1,5,62,62,16,12,4,4,50,55,0,0,0,0,0,0,0,0
1054,food,101054,50,True,1,5,95,95,20,16,4,4,50,66,0,0,0,0,0,0,0,0
1055,food,101055,50,True,1,5,75,76,13,9,4,4,50,75,0,0,0,0,0,0,0,0
1056,food,101056,50,True,1,5,133,140,29,25,4,4,50,53,0,0,0,0,0,0,0,0
1057,food,101057,50,True,1,5,118,118,23,19,4,4,50,67,0,0,0,0,0,0,0,0
1058,food,101058,50,True,1,5,71,73,12,8,4,4,50,68,0,0,0,0,0,0,0,0
1059,food,101059,50,True,1,5,57,66,14,10,4,4,50,53,0,0,0,0,0,0,0,0
1060,food,101060,50,True,1,5,99,99,18,14,4,4,50,68,0,0,0,0,0,0,0,0
1061,food,101061,50,True,1,5,96,96,20,16,4,4,50,69,0,0,0,0,0,0,0,0
1062,food,101062,50,True,1,5,46,49,12,8,4,4,50,59,0,0,0,0,0,0,0,0
1063,food,101063,50,True,1,5,48,49,12,8,4,4,50,57,0,0,0,0,0,0,0,0
1064,food,101064,50,True,1,5,62,64,12,8,4,4,50,63,0,0,0,0,0,0,0,0
1065,food,101065,50,True,1,5,13,23,7,3,4,4,50,53,0,0,0,0,0,0,0,0
1066,food,101066,50,True,1,5,41,41,10,6,4,4,50,64,0,0,0,0,0,0,0,0
1067,food,101067,50,True,1,5,105,105,21,17,4,4,50,59,0,0,0,0,0,0,0,0
1068,food,101068,50,True,1,5,94,94,18,14,4,4,50,73,0,0,0,0,0,0,0,0
1069,food,101069,50,True,1,5,62,65,11,7,4,4,50,64,0,0,0,0,0,0,0,0
1070,food,101070,50,True,1,5,81,81,17,13,4,4,50,67,0,0,0,0,0,0,0,0
1071,food,101071,50,True,1,5,83,83,15,11,4,4,50,74,0,0,0,0,0,0,0,0
1072,food,101072,50,True,1,5,84,85,17,13,4,4,50,60,0,0,0,0,0,0,0,0
1073,food,101073,50,True,1,5,32,38,11,7,4,4,50,56,0,0,0,0,0,0,0,0
1074,food,101074,50,True,1,5,90,97,17,13,4,4,50,63,0,0,0,0,0,0,0,0
1075,food,101075,50,True,1,5,46,50,15,11,4,4,50,56,0,0,0,0,0,0,0,0
1076,food,101076,50,True,1,5,68,69,12,8,4,4,50,63,0,0,0,0,0,0,0,0
1077,food,101077,50,True,1,5,92,93,19,15,4,4,50,66,0,0,0,0,0,0,0,0
1078,food,101078,50,True,1,5,35,40,14,10,4,4,50,54,0,0,0,0,0,0,0,0
1079,food,101079,50,True,1,5,35,43,12,8,4,4,50,52,0,0,0,0,0,0,0,0
1080,food,101080,50,True,1,5,74,75,13,9,4,4,50,64,0,0,0,0,0,0,0,0
1081,food,101081,50,True,1,5,46,48,15,11,4,4,50,56,0,0,0,0,0,0,0,0
1082,food,101082,50,True,1,5,73,74,16,12,4,4,50,61,0,0,0,0,0,0,0,0
1083,food,101083,50,True,1,5,16,18,6,2,4,4,50,52,0,0,0,0,0,0,0,0
1084,food,101084,50,True,1,5,57,59,13,9,4,4,50,63,0,0,0,0,0,0,0,0
1085,food,101085,50,True,1,5,35,49,12,8,4,4,50,46,0,0,0,0,0,0,0,0
1086,food,101086,50,True,1,5,70,73,15,11,4,4,50,73,0,0,0,0,0,0,0,0
1087,food,101087,50,True,1,5,11,12,5,1,4,4,52,59,0,0,0,0,0,0,0,0
1088,food,101088,50,True,1,5,18,20,11,7,4,4,51,54,0,0,0,0,0,0,0,0
1089,food,101089,50,True,1,5,68,68,12,8,4,4,50,64,0,0,0,0,0,0,0,0
1090,food,101090,50,True,1,5,45,45,10,6,4,4,52,71,0,0,0,0,0,0,0,0
1091,food,101091,50,True,1,5,58,60,13,9,4,4,50,70,0,0,0,0,0,0,0,0
1092,food,101092,50,True,1,5,48,50,14,10,4,4,50,68,0,0,0,0,0,0,0,0
1093,food,101093,50,True,1,5,79,79,15,11,4,4,50,69,0,0,0,0,0,0,0,0
1094,food,101094,50,True,1,5,45,50,11,7,4,4,50,64,0,0,0,0,0,0,0,0
1095,food,101095,50,True,1,5,14,27,9,5,4,4,50,43,0,0,0,0,0,0,0,0
1096,food,101096,50,True,1,5,81,82,15,11,4,4,50,67,0,0,0,0,0,0,0,0
1097,food,101097,50,True,1,5,41,42,11,7,4,4,50,69,0,0,0,0,0,0,0,0
1098,food,101098,50,True,1,5,110,111,19,15,4,4,50,58,0,0,0,0,0,0,0,0
1099,food,101099,50,True,1,5,43,45,14,10,4,4,50,53,0,0,0,0,0,0,0,0
1100,food,101100,50,True,1,5,61,71,13,9,4,4,50,49,0,0,0,0,0,0,0,0
1101,food,101101,50,True,1,5,38,38,10,6,4,4,50,67,0,0,0,0,0,0,0,0
1102,food,101102,50,True,1,5,10,15,4,0,4,4,51,62,0,0,0,0,0,0,0,0
1103,food,101103,50,True,1,5,66,66,15,11,4,4,50,66,0,0,0,0,0,0,0,0
1104,food,101104,50,True,1,5,87,88,15,11,4,4,50,68,0,0,0,0,0,0,0,0
1105,food,101105,50,True,1,5,74,76,19,15,4,4,50,53,0,0,0,0,0,0,0,0
1106,food,101106,50,True,1,5,82,87,24,20,4,4,50,53,0,0,0,0,0,0,0,0
1107,food,101107,50,True,1,5,54,57,17,13,4,4,50,64,0,0,0,0,0,0,0,0
1108,food,101108,50,True,1,5,48,50,11,7,4,4,50,63,0,0,0,0,0,0,0,0
1109,food,101109,50,True,1,5,81,81,16,12,4,4,50,72,0,0,0,0,0,0,0,0
1110,food,101110,50,True,1,5,51,52,16,12,4,4,50,58,0,0,0,0,0,0,0,0
1111,food,101111,50,True,1,5,61,62,12,8,4,4,50,57,0,0,0,0,0,0,0,0
1112,food,101112,50,True,1,5,61,61,10,6,4,4,50,72,0,0,0,0,0,0,0,0
1113,food,101113,50,True,1,5,63,65,17,13,4,4,50,55,0,0,0,0,0,0,0,0
1114,food,101114,50,True,1,5,23,26,10,6,4,4,51,58,0,0,0,0,0,0,0,0
1115,food,101115,50,True,1,5,67,67,16,12,4,4,50,60,0,0,0,0,0,0,0,0
1116,food,101116,50,True,1,5,69,69,12,8,4,4,50,68,0,0,0,0,0,0,0,0
1117,food,101117,50,True,1,5,76,80,16,12,4,4,50,60,0,0,0,0,0,0,0,0
1118,food,101118,50,True,1,5,62,62,11,7,4,4,50,62,0,0,0,0,0,0,0,0
1119,food,101119,50,True,1,5,8,13,8,4,4,4,50,53,0,0,0,0,0,0,0,0
1120,food,101120,50,True,1,5,60,62,11,7,4,4,50,65,0,0,0,0,0,0,0,0
1121,food,101121,50,True,1,5,26,26,7,3,4,4,50,67,0,0,0,0,0,0,0,0
1122,food,101122,50,True,1,5,37,38,11,7,4,4,50,58,0,0,0,0,0,0,0,0
1123,food,101123,50,True,1,5,121,124,21,17,4,4,50,67,0,0,0,0,0,0,0,0
1124,food,101124,50,True,1,5,36,41,10,6,4,4,50,56,0,0,0,0,0,0,0,0
1125,food,101125,50,True,1,5,70,71,16,12,4,4,50,68,0,0,0,0,0,0,0,0
1126,food,101126,50,True,1,5,41,47,14,10,4,4,50,49,0,0,0,0,0,0,0,0
1127,food,101127,50,True,1,5,19,26,9,5,4,4,50,49,0,0,0,0,0,0,0,0
1128,food,101128,50,True,1,5,73,74,14,10,4,4,50,59,0,0,0,0,0,0,0,0
1129,food,101129,50,True,1,5,108,109,18,14,4,4,50,74,0,0,0,0,0,0,0,0
1130,food,101130,50,True,1,5,67,70,16,12,4,4,50,59,0,0,0,0,0,0,0,0
1131,food,101131,50,True,1,5,39,39,11,7,4,4,50,66,0,0,0,0,0,0,0,0
1132,food,101132,50,True,1,5,45,45,12,8,4,4,50,58,0,0,0,0,0,0,0,0
1133,food,101133,50,True,1,5,95,96,17,13,4,4,50,66,0,0,0,0,0,0,0,0
1134,food,101134,50,True,1,5,130,130,22,18,4,4,50,62,0,0,0,0,0,0,0,0
1135,food,101135,50,True,1,5,9,15,7,3,4,4,50,56,0,0,0,0,0,0,0,0
1136,food,101136,50,True,1,5,61,61,13,9,4,4,50,58,0,0,0,0,0,0,0,0
1137,food,101137,50,True,1,5,56,59,13,9,4,4,50,67,0,0,0,0,0,0,0,0
1138,food,101138,50,True,1,5,14,21,7,3,4,4,50,53,0,0,0,0,0,0,0,0
1139,food,101139,50,True,1,5,45,51,14,10,4,4,50,60,0,0,0,0,0,0,0,0
1140,food,101140,50,True,1,5,54,56,13,9,4,4,50,66,0,0,0,0,0,0,0,0
1141,food,101141,50,True,1,5,62,66,16,12,4,4,50,56,0,0,0,0,0,0,0,0
1142,food,101142,50,True,1,5,41,52,14,10,4,4,50,53,0,0,0,0,0,0,0,0
1143,food,101143,50,True,1,5,103,103,17,13,4,4,50,65,0,0,0,0,0,0,0,0
1144,food,101144,50,True,1,5,21,26,8,4,4,4,52,61,0,0,0,0,0,0,0,0
1145,food,101145,50,True,1,5,34,35,8,4,4,4,50,68,0,0,0,0,0,0,0,0
1146,food,101146,50,True,1,5,73,73,20,16,4,4,50,64,0,0,0,0,0,0,0,0
1147,food,101147,50,True,1,5,48,51,13,9,4,4,50,62,0,0,0,0,0,0,0,0
1148,food,101148,50,True,1,5,26,27,6,2,4,4,50,70,0,0,0,0,0,0,0,0
1149,food,101149,50,True,1,5,13,16,6,2,4,4,50,58,0,0,0,0,0,0,0,0
1150,food,101150,50,True,1,5,56,56,13,9,4,4,50,64,0,0,0,0,0,0,0,0
1151,food,101151,50,True,1,5,59,59,12,8,4,4,50,67,0,0,0,0,0,0,0,0
1152,food,101152,50,True,1,5,68,68,17,13,4,4,50,63,0,0,0,0,0,0,0,0
1153,food,101153,50,True,1,5,36,38,11,7,4,4,50,64,0,0,0,0,0,0,0,0
1154,food,101154,50,True,1,5,71,73,13,9,4,4,50,61,0,0,0,0,0,0,0,0
1155,food,101155,50,True,1,5,63,63,11,7,4,4,50,68,0,0,0,0,0,0,0,0
1156,food,101156,50,True,1,5,48,54,12,8,4,4,50,60,0,0,0,0,0,0,0,0
1157,food,101157,50,True,1,5,106,106,20,16,4,4,50,69,0,0,0,0,0,0,0,0
1158,food,101158,50,True,1,5,103,108,19,15,4,4,50,56,0,0,0,0,0,0,0,0
1159,food,101159,50,True,1,5,58,58,13,9,4,4,50,69,0,0,0,0,0,0,0,0
1160,food,101160,50,True,1,5,63,72,20,16,4,4,50,44,0,0,0,0,0,0,0,0
1161,food,101161,50,True,1,5,32,33,9,5,4,4,50,67,0,0,0,0,0,0,0,0
1162,food,101162,50,True,1,5,90,92,15,11,4,4,50,69,0,0,0,0,0,0,0,0
1163,food,101163,13,False,0,5,0,10,5,1,4,4,13,14,0,0,0,0,0,0,0,0
1164,food,101164,50,True,1,5,86,92,15,11,4,4,50,52,0,0,0,0,0,0,0,0
1165,food,101165,50,True,1,5,121,125,25,21,4,4,50,65,0,0,0,0,0,0,0,0
1166,food,101166,50,True,1,5,103,105,22,18,4,4,50,65,0,0,0,0,0,0,0,0
1167,food,101167,50,True,1,5,86,91,17,13,4,4,50,59,0,0,0,0,0,0,0,0
1168,food,101168,50,True,1,5,63,68,14,10,4,4,50,52,0,0,0,0,0,0,0,0
1169,food,101169,50,True,1,5,67,67,12,8,4,4,50,69,0,0,0,0,0,0,0,0
1170,food,101170,50,True,1,5,32,40,13,9,4,4,50,46,0,0,0,0,0,0,0,0
1171,food,101171,50,True,1,5,62,66,15,11,4,4,50,57,0,0,0,0,0,0,0,0
1172,food,101172,50,True,1,5,43,45,16,12,4,4,50,59,0,0,0,0,0,0,0,0
1173,food,101173,50,True,1,5,82,87,16,12,4,4,50,64,0,0,0,0,0,0,0,0
1174,food,101174,50,True,1,5,25,27,9,5,4,4,50,54,0,0,0,0,0,0,0,0
1175,food,101175,50,True,1,5,29,33,8,4,4,4,50,64,0,0,0,0,0,0,0,0
1176,food,101176,50,True,1,5,73,78,20,16,4,4,50,59,0,0,0,0,0,0,0,0
1177,food,101177,50,True,1,5,10,10,6,2,4,4,50,57,0,0,0,0,0,0,0,0
1178,food,101178,50,True,1,5,48,52,13,9,4,4,50,64,0,0,0,0,0,0,0,0
1179,food,101179,50,True,1,5,47,47,15,11,4,4,50,60,0,0,0,0,0,0,0,0
1180,food,101180,50,True,1,5,95,96,23,19,4,4,50,63,0,0,0,0,0,0,0,0
1181,food,101181,50,True,1,5,103,103,19,15,4,4,50,64,0,0,0,0,0,0,0,0
1182,food,101182,50,True,1,5,73,73,14,10,4,4,50,69,0,0,0,0,0,0,0,0
1183,food,101183,50,True,1,5,65,65,16,12,4,4,50,63,0,0,0,0,0,0,0,0
1184,food,101184,50,True,1,5,62,65,15,11,4,4,50,71,0,0,0,0,0,0,0,0
1185,food,101185,50,True,1,5,42,42,9,5,4,4,50,63,0,0,0,0,0,0,0,0
1186,food,101186,50,True,1,5,27,30,7,3,4,4,50,63,0,0,0,0,0,0,0,0
1187,food,101187,50,True,1,5,19,26,7,3,4,4,50,54,0,0,0,0,0,0,0,0
1188,food,101188,50,True,1,5,62,62,13,9,4,4,50,61,0,0,0,0,0,0,0,0
1189,food,101189,50,True,1,5,68,75,17,13,4,4,50,59,0,0,0,0,0,0,0,0
1190,food,101190,50,True,1,5,55,59,15,11,4,4,50,57,0,0,0,0,0,0,0,0
1191,food,101191,50,True,1,5,84,89,15,11,4,4,50,58,0,0,0,0,0,0,0,0
1192,food,101192,50,True,1,5,62,66,21,17,4,4,50,65,0,0,0,0,0,0,0,0
1193,food,101193,50,True,1,5,12,16,7,3,4,4,50,55,0,0,0,0,0,0,0,0
1194,food,101194,50,True,1,5,9,13,6,2,4,4,50,54,0,0,0,0,0,0,0,0
1195,food,101195,50,True,1,5,29,35,12,8,4,4,50,51,0,0,0,0,0,0,0,0
1196,food,101196,50,True,1,5,62,66,13,9,4,4,50,58,0,0,0,0,0,0,0,0
1197,food,101197,50,True,1,5,63,63,12,8,4,4,50,69,0,0,0,0,0,0,0,0
1198,food,101198,50,True,1,5,52,57,12,8,4,4,50,54,0,0,0,0,0,0,0,0
1199,food,101199,50,True,1,5,9,11,5,1,4,4,50,58,0,0,0,0,0,0,0,0
1200,food,101200,50,True,1,5,33,40,11,7,4,4,50,50,0,0,0,0,0,0,0,0
1201,food,101201,50,True,1,5,47,48,12,8,4,4,50,63,0,0,0,0,0,0,0,0
1202,food,101202,50,True,1,5,56,56,9,5,4,4,50,74,0,0,0,0,0,0,0,0
1203,food,101203,50,True,1,5,93,96,19,15,4,4,50,58,0,0,0,0,0,0,0,0
1204,food,101204,50,True,1,5,78,78,14,10,4,4,50,63,0,0,0,0,0,0,0,0
1205,food,101205,50,True,1,5,57,61,18,14,4,4,53,63,0,0,0,0,0,0,0,0
1206,food,101206,50,True,1,5,42,48,11,7,4,4,50,56,0,0,0,0,0,0,0,0
1207,food,101207,50,True,1,5,16,26,7,3,4,4,50,49,0,0,0,0,0,0,0,0
1208,food,101208,50,True,1,5,87,90,15,11,4,4,50,64,0,0,0,0,0,0,0,0
1209,food,101209,50,True,1,5,60,60,11,7,4,4,50,69,0,0,0,0,0,0,0,0
1210,food,101210,50,True,1,5,50,50,10,6,4,4,50,66,0,0,0,0,0,0,0,0
1211,food,101211,50,True,1,5,31,34,9,5,4,4,50,59,0,0,0,0,0,0,0,0
1212,food,101212,50,True,1,5,49,51,12,8,4,4,50,55,0,0,0,0,0,0,0,0
1213,food,101213,50,True,1,5,84,88,16,12,4,4,50,54,0,0,0,0,0,0,0,0
1214,food,101214,50,True,1,5,65,66,17,13,4,4,50,55,0,0,0,0,0,0,0,0
1215,food,101215,50,True,1,5,24,25,11,7,4,4,50,59,0,0,0,0,0,0,0,0
1216,food,101216,50,True,1,5,37,37,13,9,4,4,50,62,0,0,0,0,0,0,0,0
1217,food,101217,50,True,1,5,92,93,18,14,4,4,50,67,0,0,0,0,0,0,0,0
1218,food,101218,50,True,1,5,111,113,23,19,4,4,50,63,0,0,0,0,0,0,0,0
1219,food,101219,50,True,1,5,22,25,9,5,4,4,50,55,0,0,0,0,0,0,0,0
1220,food,101220,50,True,1,5,37,38,11,7,4,4,50,54,0,0,0,0,0,0,0,0
1221,food,101221,50,True,1,5,92,99,15,11,4,4,50,55,0,0,0,0,0,0,0,0
1222,food,101222,50,True,1,5,32,32,11,7,4,4,50,61,0,0,0,0,0,0,0,0
1223,food,101223,50,True,1,5,66,68,12,8,4,4,50,58,0,0,0,0,0,0,0,0
1224,food,101224,50,True,1,5,83,83,14,10,4,4,50,74,0,0,0,0,0,0,0,0
1225,food,101225,50,True,1,5,21,29,15,11,4,4,50,54,0,0,0,0,0,0,0,0
1226,food,101226,50,True,1,5,56,59,13,9,4,4,50,59,0,0,0,0,0,0,0,0
1227,food,101227,50,True,1,5,66,72,15,11,4,4,50,63,0,0,0,0,0,0,0,0
1228,food,101228,50,True,1,5,8,13,6,2,4,4,50,53,0,0,0,0,0,0,0,0
1229,food,101229,50,True,1,5,123,124,26,22,4,4,50,59,0,0,0,0,0,0,0,0
1230,food,101230,50,True,1,5,69,72,13,9,4,4,50,67,0,0,0,0,0,0,0,0
1231,food,101231,50,True,1,5,38,38,10,6,4,4,50,63,0,0,0,0,0,0,0,0
1232,food,101232,50,True,1,5,51,52,14,10,4,4,50,61,0,0,0,0,0,0,0,0
1233,food,101233,50,True,1,5,71,71,13,9,4,4,50,59,0,0,0,0,0,0,0,0
1234,food,101234,50,True,1,5,101,102,22,18,4,4,50,56,0,0,0,0,0,0,0,0
1235,food,101235,50,True,1,5,46,49,10,6,4,4,50,74,0,0,0,0,0,0,0,0
1236,food,101236,50,True,1,5,43,46,10,6,4,4,50,58,0,0,0,0,0,0,0,0
1237,food,101237,50,True,1,5,94,96,17,13,4,4,50,57,0,0,0,0,0,0,0,0
1238,food,101238,50,True,1,5,48,50,12,8,4,4,50,61,0,0,0,0,0,0,0,0
1239,food,101239,50,True,1,5,77,78,13,9,4,4,50,72,0,0,0,0,0,0,0,0
1240,food,101240,50,True,1,5,82,82,17,13,4,4,50,64,0,0,0,0,0,0,0,0
1241,food,101241,50,True,1,5,79,79,20,16,4,4,50,58,0,0,0,0,0,0,0,0
1242,food,101242,50,True,1,5,43,44,9,5,4,4,50,67,0,0,0,0,0,0,0,0
1243,food,101243,50,True,1,5,87,88,18,14,4,4,50,58,0,0,0,0,0,0,0,0
1244,food,101244,50,True,1,5,26,27,9,5,4,4,50,55,0,0,0,0,0,0,0,0
1245,food,101245,50,True,1,5,60,63,10,6,4,4,50,63,0,0,0,0,0,0,0,0
1246,food,101246,50,True,1,5,53,56,13,9,4,4,50,67,0,0,0,0,0,0,0,0
1247,food,101247,50,True,1,5,42,51,11,7,4,4,50,59,0,0,0,0,0,0,0,0
1248,food,101248,50,True,1,5,93,93,19,15,4,4,50,66,0,0,0,0,0,0,0,0
1249,food,101249,50,True,1,5,84,87,24,20,4,4,50,62,0,0,0,0,0,0,0,0
1250,food,101250,50,True,1,5,79,79,14,10,4,4,50,70,0,0,0,0,0,0,0,0
1251,food,101251,50,True,1,5,28,29,7,3,4,4,50,64,0,0,0,0,0,0,0,0
1252,food,101252,50,True,1,5,47,49,14,10,4,4,50,55,0,0,0,0,0,0,0,0
1253,food,101253,50,True,1,5,67,67,15,11,4,4,50,70,0,0,0,0,0,0,0,0
1254,food,101254,50,True,1,5,74,75,17,13,4,4,50,60,0,0,0,0,0,0,0,0
1255,food,101255,50,True,1,5,92,95,12,8,4,4,50,72,0,0,0,0,0,0,0,0
1256,food,101256,50,True,1,5,65,70,17,13,4,4,50,60,0,0,0,0,0,0,0,0
1257,food,101257,50,True,1,5,66,70,12,8,4,4,50,73,0,0,0,0,0,0,0,0
1258,food,101258,50,True,1,5,57,62,10,6,4,4,50,66,0,0,0,0,0,0,0,0
1259,food,101259,50,True,1,5,46,46,13,9,4,4,50,57,0,0,0,0,0,0,0,0
1260,food,101260,50,True,1,5,47,47,11,7,4,4,50,63,0,0,0,0,0,0,0,0
1261,food,101261,50,True,1,5,64,67,13,9,4,4,50,64,0,0,0,0,0,0,0,0
1262,food,101262,50,True,1,5,48,50,13,9,4,4,50,56,0,0,0,0,0,0,0,0
1263,food,101263,50,True,1,5,35,37,11,7,4,4,50,59,0,0,0,0,0,0,0,0
1264,food,101264,50,True,1,5,37,44,12,8,4,4,50,50,0,0,0,0,0,0,0,0
1265,food,101265,50,True,1,5,40,47,19,15,4,4,50,42,0,0,0,0,0,0,0,0
1266,food,101266,50,True,1,5,44,47,12,8,4,4,50,62,0,0,0,0,0,0,0,0
1267,food,101267,50,True,1,5,93,98,19,15,4,4,50,68,0,0,0,0,0,0,0,0
1268,food,101268,50,True,1,5,69,70,19,15,4,4,50,57,0,0,0,0,0,0,0,0
1269,food,101269,50,True,1,5,101,102,18,14,4,4,50,67,0,0,0,0,0,0,0,0
1270,food,101270,50,True,1,5,31,32,8,4,4,4,50,58,0,0,0,0,0,0,0,0
1271,food,101271,50,True,1,5,50,53,14,10,4,4,53,56,0,0,0,0,0,0,0,0
1272,food,101272,50,True,1,5,64,66,16,12,4,4,50,65,0,0,0,0,0,0,0,0
1273,food,101273,50,True,1,5,55,55,15,11,4,4,50,54,0,0,0,0,0,0,0,0
1274,food,101274,50,True,1,5,61,63,16,12,4,4,50,60,0,0,0,0,0,0,0,0
1275,food,101275,50,True,1,5,84,86,14,10,4,4,50,63,0,0,0,0,0,0,0,0
1276,food,101276,50,True,1,5,44,45,12,8,4,4,50,58,0,0,0,0,0,0,0,0
1277,food,101277,50,True,1,5,74,74,16,12,4,4,50,72,0,0,0,0,0,0,0,0
1278,food,101278,50,True,1,5,59,65,13,9,4,4,50,67,0,0,0,0,0,0,0,0
1279,food,101279,50,True,1,5,100,104,17,13,4,4,50,52,0,0,0,0,0,0,0,0
1280,food,101280,50,True,1,5,41,46,10,6,4,4,50,53,0,0,0,0,0,0,0,0
1281,food,101281,50,True,1,5,39,39,11,7,4,4,50,64,0,0,0,0,0,0,0,0
1282,food,101282,50,True,1,5,84,88,20,16,4,4,50,53,0,0,0,0,0,0,0,0
1283,food,101283,50,True,1,5,50,52,11,7,4,4,50,65,0,0,0,0,0,0,0,0
1284,food,101284,50,True,1,5,48,49,11,7,4,4,50,64,0,0,0,0,0,0,0,0
1285,food,101285,50,True,1,5,44,48,12,8,4,4,50,55,0,0,0,0,0,0,0,0
1286,food,101286,50,True,1,5,72,75,15,11,4,4,50,60,0,0,0,0,0,0,0,0
1287,food,101287,50,True,1,5,12,20,6,2,4,4,50,53,0,0,0,0,0,0,0,0
1288,food,101288,50,True,1,5,84,85,19,15,4,4,50,64,0,0,0,0,0,0,0,0
1289,food,101289,50,True,1,5,131,133,22,18,4,4,50,61,0,0,0,0,0,0,0,0
1290,food,101290,50,True,1,5,28,28,8,4,4,4,52,68,0,0,0,0,0,0,0,0
1291,food,101291,50,True,1,5,63,65,10,6,4,4,50,74,0,0,0,0,0,0,0,0
1292,food,101292,50,True,1,5,103,105,16,12,4,4,50,69,0,0,0,0,0,0,0,0
1293,food,101293,50,True,1,5,91,92,16,12,4,4,50,69,0,0,0,0,0,0,0,0
1294,food,101294,50,True,1,5,32,35,9,5,4,4,50,59,0,0,0,0,0,0,0,0
1295,food,101295,50,True,1,5,40,43,15,11,4,4,50,61,0,0,0,0,0,0,0,0
1296,food,101296,50,True,1,5,30,35,9,5,4,4,50,57,0,0,0,0,0,0,0,0
1297,food,101297,50,True,1,5,118,120,18,14,4,4,50,63,0,0,0,0,0,0,0,0
1298,food,101298,50,True,1,5,69,78,15,11,4,4,50,57,0,0,0,0,0,0,0,0
1299,food,101299,50,True,1,5,68,71,16,12,4,4,50,52,0,0,0,0,0,0,0,0
1300,food,101300,50,True,1,5,96,98,19,15,4,4,50,54,0,0,0,0,0,0,0,0
1301,food,101301,50,True,1,5,31,38,11,7,4,4,50,51,0,0,0,0,0,0,0,0
1302,food,101302,50,True,1,5,61,67,12,8,4,4,50,60,0,0,0,0,0,0,0,0
1303,food,101303,50,True,1,5,71,74,15,11,4,4,50,65,0,0,0,0,0,0,0,0
1304,food,101304,50,True,1,5,49,53,16,12,4,4,50,52,0,0,0,0,0,0,0,0
1305,food,101305,50,True,1,5,55,56,15,11,4,4,50,58,0,0,0,0,0,0,0,0
1306,food,101306,50,True,1,5,59,68,15,11,4,4,50,47,0,0,0,0,0,0,0,0
1307,food,101307,50,True,1,5,84,88,17,13,4,4,50,66,0,0,0,0,0,0,0,0
1308,food,101308,50,True,1,5,44,44,10,6,4,4,50,65,0,0,0,0,0,0,0,0
1309,food,101309,50,True,1,5,57,58,14,10,4,4,50,59,0,0,0,0,0,0,0,0
1310,food,101310,50,True,1,5,81,81,17,13,4,4,50,73,0,0,0,0,0,0,0,0
1311,food,101311,50,True,1,5,70,70,12,8,4,4,50,72,0,0,0,0,0,0,0,0
1312,food,101312,50,True,1,5,127,127,27,23,4,4,50,65,0,0,0,0,0,0,0,0
1313,food,101313,50,True,1,5,71,72,19,15,4,4,50,61,0,0,0,0,0,0,0,0
1314,food,101314,50,True,1,5,88,88,23,19,4,4,50,62,0,0,0,0,0,0,0,0
1315,food,101315,50,True,1,5,48,53,15,11,4,4,50,49,0,0,0,0,0,0,0,0
1316,food,101316,50,True,1,5,49,49,15,11,4,4,50,58,0,0,0,0,0,0,0,0
1317,food,101317,50,True,1,5,69,70,10,6,4,4,50,74,0,0,0,0,0,0,0,0
1318,food,101318,50,True,1,5,15,22,5,1,4,4,51,64,0,0,0,0,0,0,0,0
1319,food,101319,50,True,1,5,50,50,11,7,4,4,50,69,0,0,0,0,0,0,0,0
1320,food,101320,50,True,1,5,41,41,19,15,4,4,50,56,0,0,0,0,0,0,0,0
1321,food,101321,50,True,1,5,22,29,10,6,4,4,50,49,0,0,0,0,0,0,0,0
1322,food,101322,50,True,1,5,35,38,15,11,4,4,50,65,0,0,0,0,0,0,0,0
1323,food,101323,50,True,1,5,80,84,17,13,4,4,50,60,0,0,0,0,0,0,0,0
1324,food,101324,50,True,1,5,86,90,18,14,4,4,50,48,0,0,0,0,0,0,0,0
1325,food,101325,50,True,1,5,91,91,19,15,4,4,50,62,0,0,0,0,0,0,0,0
1326,food,101326,50,True,1,5,33,37,12,8,4,4,50,49,0,0,0,0,0,0,0,0
1327,food,101327,50,True,1,5,65,68,22,18,4,4,50,59,0,0,0,0,0,0,0,0
1328,food,101328,50,True,1,5,61,70,18,14,4,4,50,45,0,0,0,0,0,0,0,0
1329,food,101329,50,True,1,5,64,65,13,9,4,4,50,64,0,0,0,0,0,0,0,0
1330,food,101330,50,True,1,5,73,73,19,15,4,4,59,76,0,0,0,0,0,0,0,0
1331,food,101331,50,True,1,5,29,37,11,7,4,4,50,54,0,0,0,0,0,0,0,0
1332,food,101332,50,True,1,5,77,78,15,11,4,4,50,69,0,0,0,0,0,0,0,0
1333,food,101333,50,True,1,5,50,56,10,6,4,4,50,55,0,0,0,0,0,0,0,0
1334,food,101334,50,True,1,5,58,60,12,8,4,4,50,66,0,0,0,0,0,0,0,0
1335,food,101335,50,True,1,5,57,58,14,10,4,4,50,63,0,0,0,0,0,0,0,0
1336,food,101336,50,True,1,5,103,111,22,18,4,4,50,59,0,0,0,0,0,0,0,0
1337,food,101337,50,True,1,5,69,69,13,9,4,4,50,72,0,0,0,0,0,0,0,0
1338,food,101338,50,True,1,5,110,111,19,15,4,4,50,62,0,0,0,0,0,0,0,0
1339,food,101339,50,True,1,5,18,21,6,2,4,4,50,53,0,0,0,0,0,0,0,0
1340,food,101340,50,True,1,5,86,87,14,10,4,4,50,62,0,0,0,0,0,0,0,0
1341,food,101341,50,True,1,5,85,85,16,12,4,4,50,64,0,0,0,0,0,0,0,0
1342,food,101342,50,True,1,5,80,82,17,13,4,4,50,57,0,0,0,0,0,0,0,0
1343,food,101343,50,True,1,5,63,66,15,11,4,4,50,59,0,0,0,0,0,0,0,0
1344,food,101344,50,True,1,5,115,116,20,16,4,4,50,72,0,0,0,0,0,0,0,0
1345,food,101345,50,True,1,5,51,52,16,12,4,4,50,55,0,0,0,0,0,0,0,0
1346,food,101346,50,True,1,5,36,39,18,14,4,4,50,59,0,0,0,0,0,0,0,0
1347,food,101347,50,True,1,5,55,58,13,9,4,4,53,59,0,0,0,0,0,0,0,0
1348,food,101348,50,True,1,5,63,68,16,12,4,4,50,53,0,0,0,0,0,0,0,0
1349,food,101349,50,True,1,5,10,13,6,2,4,4,52,58,0,0,0,0,0,0,0,0
1350,food,101350,50,True,1,5,109,110,21,17,4,4,50,73,0,0,0,0,0,0,0,0
1351,food,101351,50,True,1,5,47,49,10,6,4,4,50,66,0,0,0,0,0,0,0,0
1352,food,101352,50,True,1,5,83,84,19,15,4,4,50,62,0,0,0,0,0,0,0,0
1353,food,101353,50,True,1,5,59,61,12,8,4,4,50,77,0,0,0,0,0,0,0,0
1354,food,101354,50,True,1,5,49,53,10,6,4,4,50,59,0,0,0,0,0,0,0,0
1355,food,101355,50,True,1,5,82,82,18,14,4,4,50,69,0,0,0,0,0,0,0,0
1356,food,101356,50,True,1,5,85,87,19,15,4,4,50,54,0,0,0,0,0,0,0,0
1357,food,101357,50,True,1,5,62,65,13,9,4,4,50,61,0,0,0,0,0,0,0,0
1358,food,101358,50,True,1,5,72,77,12,8,4,4,50,57,0,0,0,0,0,0,0,0
1359,food,101359,50,True,1,5,55,55,15,11,4,4,50,65,0,0,0,0,0,0,0,0
1360,food,101360,50,True,1,5,66,71,13,9,4,4,50,54,0,0,0,0,0,0,0,0
1361,food,101361,50,True,1,5,85,85,19,15,4,4,50,62,0,0,0,0,0,0,0,0
1362,food,101362,50,True,1,5,45,50,12,8,4,4,50,58,0,0,0,0,0,0,0,0
1363,food,101363,50,True,1,5,83,83,15,11,4,4,50,65,0,0,0,0,0,0,0,0
1364,food,101364,50,True,1,5,65,66,19,15,4,4,50,61,0,0,0,0,0,0,0,0
1365,food,101365,50,True,1,5,58,58,11,7,4,4,50,68,0,0,0,0,0,0,0,0
1366,food,101366,50,True,1,5,66,67,13,9,4,4,50,66,0,0,0,0,0,0,0,0
1367,food,101367,50,True,1,5,31,32,13,9,4,4,50,61,0,0,0,0,0,0,0,0
1368,food,101368,50,True,1,5,82,82,13,9,4,4,50,72,0,0,0,0,0,0,0,0
1369,food,101369,50,True,1,5,53,57,11,7,4,4,50,60,0,0,0,0,0,0,0,0
1370,food,101370,50,True,1,5,39,42,12,8,4,4,50,57,0,0,0,0,0,0,0,0
1371,food,101371,50,True,1,5,51,52,14,10,4,4,50,64,0,0,0,0,0,0,0,0
1372,food,101372,50,True,1,5,55,62,12,8,4,4,50,56,0,0,0,0,0,0,0,0
1373,food,101373,50,True,1,5,59,60,16,12,4,4,50,64,0,0,0,0,0,0,0,0
1374,food,101374,50,True,1,5,83,87,19,15,4,4,50,52,0,0,0,0,0,0,0,0
1375,food,101375,50,True,1,5,51,52,13,9,4,4,50,58,0,0,0,0,0,0,0,0
1376,food,101376,50,True,1,5,23,25,6,2,4,4,56,72,0,0,0,0,0,0,0,0
1377,food,101377,50,True,1,5,55,55,10,6,4,4,50,71,0,0,0,0,0,0,0,0
1378,food,101378,50,True,1,5,51,51,12,8,4,4,50,65,0,0,0,0,0,0,0,0
1379,food,101379,50,True,1,5,40,41,15,11,4,4,50,50,0,0,0,0,0,0,0,0
1380,food,101380,50,True,1,5,86,86,23,19,4,4,50,68,0,0,0,0,0,0,0,0
1381,food,101381,50,True,1,5,87,87,16,12,4,4,50,68,0,0,0,0,0,0,0,0
1382,food,101382,50,True,1,5,77,80,16,12,4,4,50,50,0,0,0,0,0,0,0,0
1383,food,101383,50,True,1,5,36,40,11,7,4,4,50,54,0,0,0,0,0,0,0,0
1384,food,101384,50,True,1,5,38,44,13,9,4,4,50,49,0,0,0,0,0,0,0,0
1385,food,101385,50,True,1,5,21,22,8,4,4,4,50,63,0,0,0,0,0,0,0,0
1386,food,101386,50,True,1,5,60,64,18,14,4,4,50,50,0,0,0,0,0,0,0,0
1387,food,101387,50,True,1,5,42,44,11,7,4,4,50,64,0,0,0,0,0,0,0,0
1388,food,101388,50,True,1,5,60,67,14,10,4,4,50,50,0,0,0,0,0,0,0,0
1389,food,101389,50,True,1,5,57,63,13,9,4,4,50,51,0,0,0,0,0,0,0,0
1390,food,101390,50,True,1,5,20,32,10,6,4,4,50,45,0,0,0,0,0,0,0,0
1391,food,101391,50,True,1,5,88,88,23,19,4,4,50,64,0,0,0,0,0,0,0,0
1392,food,101392,50,True,1,5,43,49,13,9,4,4,50,55,0,0,0,0,0,0,0,0
1393,food,101393,50,True,1,5,86,87,17,13,4,4,50,63,0,0,0,0,0,0,0,0
1394,food,101394,50,True,1,5,38,39,12,8,4,4,50,66,0,0,0,0,0,0,0,0
1395,food,101395,50,True,1,5,16,16,8,4,4,4,50,54,0,0,0,0,0,0,0,0
1396,food,101396,50,True,1,5,94,99,18,14,4,4,50,49,0,0,0,0,0,0,0,0
1397,food,101397,50,True,1,5,57,57,15,11,4,4,50,65,0,0,0,0,0,0,0,0
1398,food,101398,50,True,1,5,43,43,10,6,4,4,50,69,0,0,0,0,0,0,0,0
1399,food,101399,50,True,1,5,53,55,10,6,4,4,50,69,0,0,0,0,0,0,0,0
1400,food,101400,50,True,1,5,18,19,12,8,4,4,52,58,0,0,0,0,0,0,0,0
1401,food,101401,50,True,1,5,35,39,12,8,4,4,50,51,0,0,0,0,0,0,0,0
1402,food,101402,50,True,1,5,48,50,14,10,4,4,50,56,0,0,0,0,0,0,0,0
1403,food,101403,50,True,1,5,93,97,20,16,4,4,50,52,0,0,0,0,0,0,0,0
1404,food,101404,50,True,1,5,107,108,16,12,4,4,50,78,0,0,0,0,0,0,0,0
1405,food,101405,50,True,1,5,52,59,13,9,4,4,50,58,0,0,0,0,0,0,0,0
1406,food,101406,50,True,1,5,58,58,12,8,4,4,50,64,0,0,0,0,0,0,0,0
1407,food,101407,50,True,1,5,70,77,14,10,4,4,50,51,0,0,0,0,0,0,0,0
1408,food,101408,50,True,1,5,40,43,12,8,4,4,52,65,0,0,0,0,0,0,0,0
1409,food,101409,50,True,1,5,48,48,15,11,4,4,50,70,0,0,0,0,0,0,0,0
1410,food,101410,50,True,1,5,65,67,15,11,4,4,50,55,0,0,0,0,0,0,0,0
1411,food,101411,50,True,1,5,77,80,14,10,4,4,50,62,0,0,0,0,0,0,0,0
1412,food,101412,50,True,1,5,65,66,13,9,4,4,50,60,0,0,0,0,0,0,0,0
1413,food,101413,50,True,1,5,44,50,15,11,4,4,50,51,0,0,0,0,0,0,0,0
1414,food,101414,50,True,1,5,18,22,6,2,4,4,50,69,0,0,0,0,0,0,0,0
1415,food,101415,50,True,1,5,44,46,11,7,4,4,50,66,0,0,0,0,0,0,0,0
1416,food,101416,50,True,1,5,58,58,15,11,4,4,50,59,0,0,0,0,0,0,0,0
1417,food,101417,50,True,1,5,55,55,12,8,4,4,50,64,0,0,0,0,0,0,0,0
1418,food,101418,50,True,1,5,34,36,10,6,4,4,50,68,0,0,0,0,0,0,0,0
1419,food,101419,50,True,1,5,56,56,12,8,4,4,50,67,0,0,0,0,0,0,0,0
1420,food,101420,50,True,1,5,59,61,16,12,4,4,50,63,0,0,0,0,0,0,0,0
1421,food,101421,50,True,1,5,64,68,20,16,4,4,50,49,0,0,0,0,0,0,0,0
1422,food,101422,50,True,1,5,39,46,13,9,4,4,50,48,0,0,0,0,0,0,0,0
1423,food,101423,50,True,1,5,58,66,11,7,4,4,50,55,0,0,0,0,0,0,0,0
1424,food,101424,50,True,1,5,60,60,13,9,4,4,50,61,0,0,0,0,0,0,0,0
1425,food,101425,50,True,1,5,93,93,15,11,4,4,50,77,0,0,0,0,0,0,0,0
1426,food,101426,50,True,1,5,35,43,10,6,4,4,50,59,0,0,0,0,0,0,0,0
1427,food,101427,50,True,1,5,5,11,5,1,4,4,50,52,0,0,0,0,0,0,0,0
1428,food,101428,50,True,1,5,26,29,15,11,4,4,50,51,0,0,0,0,0,0,0,0
1429,food,101429,50,True,1,5,47,50,11,7,4,4,50,58,0,0,0,0,0,0,0,0
1430,food,101430,50,True,1,5,128,134,21,17,4,4,50,60,0,0,0,0,0,0,0,0
1431,food,101431,50,True,1,5,45,47,13,9,4,4,50,61,0,0,0,0,0,0,0,0
1432,food,101432,50,True,1,5,62,63,12,8,4,4,50,63,0,0,0,0,0,0,0,0
1433,food,101433,50,True,1,5,28,32,9,5,4,4,50,55,0,0,0,0,0,0,0,0
1434,food,101434,50,True,1,5,76,76,14,10,4,4,50,67,0,0,0,0,0,0,0,0
1435,food,101435,50,True,1,5,65,65,13,9,4,4,50,73,0,0,0,0,0,0,0,0
1436,food,101436,50,True,1,5,84,91,18,14,4,4,50,58,0,0,0,0,0,0,0,0
1437,food,101437,50,True,1,5,53,53,11,7,4,4,50,61,0,0,0,0,0,0,0,0
1438,food,101438,50,True,1,5,37,37,10,6,4,4,50,60,0,0,0,0,0,0,0,0
1439,food,101439,50,True,1,5,61,69,16,12,4,4,50,49,0,0,0,0,0,0,0,0
1440,food,101440,50,True,1,5,100,103,25,21,4,4,50,60,0,0,0,0,0,0,0,0
1441,food,101441,50,True,1,5,24,25,10,6,4,4,50,56,0,0,0,0,0,0,0,0
1442,food,101442,50,True,1,5,175,179,34,30,4,4,50,47,0,0,0,0,0,0,0,0
1443,food,101443,50,True,1,5,81,85,17,13,4,4,50,55,0,0,0,0,0,0,0,0
1444,food,101444,50,True,1,5,85,87,16,12,4,4,50,65,0,0,0,0,0,0,0,0
1445,food,101445,50,True,1,5,80,83,15,11,4,4,50,71,0,0,0,0,0,0,0,0
1446,food,101446,50,True,1,5,52,52,11,7,4,4,50,62,0,0,0,0,0,0,0,0
1447,food,101447,50,True,1,5,15,20,10,6,4,4,51,54,0,0,0,0,0,0,0,0
1448,food,101448,50,True,1,5,74,76,14,10,4,4,50,61,0,0,0,0,0,0,0,0
1449,food,101449,50,True,1,5,125,125,22,18,4,4,50,70,0,0,0,0,0,0,0,0
1450,food,101450,50,True,1,5,74,76,13,9,4,4,50,70,0,0,0,0,0,0,0,0
1451,food,101451,50,True,1,5,23,32,11,7,4,4,50,48,0,0,0,0,0,0,0,0
1452,food,101452,50,True,1,5,25,32,10,6,4,4,50,52,0,0,0,0,0,0,0,0
1453,food,101453,50,True,1,5,21,21,7,3,4,4,50,57,0,0,0,0,0,0,0,0
1454,food,101454,50,True,1,5,103,106,23,19,4,4,50,65,0,0,0,0,0,0,0,0
1455,food,101455,50,True,1,5,16,16,6,2,4,4,50,64,0,0,0,0,0,0,0,0
1456,food,101456,50,True,1,5,58,58,11,7,4,4,50,62,0,0,0,0,0,0,0,0
1457,food,101457,50,True,1,5,12,16,8,4,4,4,50,62,0,0,0,0,0,0,0,0
1458,food,101458,50,True,1,5,44,47,14,10,4,4,50,55,0,0,0,0,0,0,0,0
1459,food,101459,50,True,1,5,105,109,30,26,4,4,50,56,0,0,0,0,0,0,0,0
1460,food,101460,50,True,1,5,57,62,14,10,4,4,50,70,0,0,0,0,0,0,0,0
1461,food,101461,50,True,1,5,46,46,11,7,4,4,50,59,0,0,0,0,0,0,0,0
1462,food,101462,50,True,1,5,99,99,22,18,4,4,50,69,0,0,0,0,0,0,0,0
1463,food,101463,50,True,1,5,76,79,15,11,4,4,50,55,0,0,0,0,0,0,0,0
1464,food,101464,50,True,1,5,29,36,8,4,4,4,50,58,0,0,0,0,0,0,0,0
1465,food,101465,50,True,1,5,73,75,15,11,4,4,50,63,0,0,0,0,0,0,0,0
1466,food,101466,50,True,1,5,42,42,13,9,4,4,50,68,0,0,0,0,0,0,0,0
1467,food,101467,50,True,1,5,80,81,13,9,4,4,50,71,0,0,0,0,0,0,0,0
1468,food,101468,50,True,1,5,46,49,11,7,4,4,50,55,0,0,0,0,0,0,0,0
1469,food,101469,50,True,1,5,40,44,13,9,4,4,50,50,0,0,0,0,0,0,0,0
1470,food,101470,50,True,1,5,67,71,16,12,4,4,50,56,0,0,0,0,0,0,0,0
1471,food,101471,50,True,1,5,117,123,18,14,4,4,50,56,0,0,0,0,0,0,0,0
1472,food,101472,50,True,1,5,92,94,20,16,4,4,50,64,0,0,0,0,0,0,0,0
1473,food,101473,50,True,1,5,86,88,24,20,4,4,50,64,0,0,0,0,0,0,0,0
1474,food,101474,50,True,1,5,104,106,20,16,4,4,50,68,0,0,0,0,0,0,0,0
1475,food,101475,50,True,1,5,9,10,6,2,4,4,53,66,0,0,0,0,0,0,0,0
1476,food,101476,50,True,1,5,51,51,14,10,4,4,50,64,0,0,0,0,0,0,0,0
1477,food,101477,50,True,1,5,44,51,13,9,4,4,50,57,0,0,0,0,0,0,0,0
1478,food,101478,50,True,1,5,57,58,12,8,4,4,50,63,0,0,0,0,0,0,0,0
1479,food,101479,50,True,1,5,38,40,12,8,4,4,50,61,0,0,0,0,0,0,0,0
1480,food,101480,50,True,1,5,34,38,12,8,4,4,50,60,0,0,0,0,0,0,0,0
1481,food,101481,50,True,1,5,51,51,19,15,4,4,50,53,0,0,0,0,0,0,0,0
1482,food,101482,50,True,1,5,49,49,16,12,4,4,50,56,0,0,0,0,0,0,0,0
1483,food,101483,50,True,1,5,39,40,13,9,4,4,50,66,0,0,0,0,0,0,0,0
1484,food,101484,50,True,1,5,46,48,17,13,4,4,50,60,0,0,0,0,0,0,0,0
1485,food,101485,50,True,1,5,45,47,11,7,4,4,50,60,0,0,0,0,0,0,0,0
1486,food,101486,50,True,1,5,48,53,14,10,4,4,50,51,0,0,0,0,0,0,0,0
1487,food,101487,50,True,1,5,50,52,13,9,4,4,50,66,0,0,0,0,0,0,0,0
1488,food,101488,50,True,1,5,63,64,12,8,4,4,50,69,0,0,0,0,0,0,0,0
1489,food,101489,50,True,1,5,44,45,11,7,4,4,50,69,0,0,0,0,0,0,0,0
1490,food,101490,50,True,1,5,92,92,20,16,4,4,50,59,0,0,0,0,0,0,0,0
1491,food,101491,50,True,1,5,51,56,13,9,4,4,50,51,0,0,0,0,0,0,0,0
1492,food,101492,50,True,1,5,12,14,5,1,4,4,51,58,0,0,0,0,0,0,0,0
1493,food,101493,50,True,1,5,19,24,8,4,4,4,50,58,0,0,0,0,0,0,0,0
1494,food,101494,50,True,1,5,77,77,15,11,4,4,50,67,0,0,0,0,0,0,0,0
1495,food,101495,50,True,1,5,71,77,17,13,4,4,50,57,0,0,0,0,0,0,0,0
1496,food,101496,50,True,1,5,33,34,13,9,4,4,50,59,0,0,0,0,0,0,0,0
1497,food,101497,50,True,1,5,34,37,8,4,4,4,50,67,0,0,0,0,0,0,0,0
1498,food,101498,50,True,1,5,25,31,9,5,4,4,50,48,0,0,0,0,0,0,0,0
1499,food,101499,50,True,1,5,55,57,12,8,4,4,50,67,0,0,0,0,0,0,0,0
1500,food,101500,50,True,1,5,32,35,9,5,4,4,50,66,0,0,0,0,0,0,0,0
1501,food,101501,50,True,1,5,93,93,17,13,4,4,50,67,0,0,0,0,0,0,0,0
1502,food,101502,50,True,1,5,37,38,11,7,4,4,50,54,0,0,0,0,0,0,0,0
1503,food,101503,50,True,1,5,50,53,11,7,4,4,50,66,0,0,0,0,0,0,0,0
1504,food,101504,50,True,1,5,49,49,12,8,4,4,50,55,0,0,0,0,0,0,0,0
1505,food,101505,50,True,1,5,94,96,18,14,4,4,50,69,0,0,0,0,0,0,0,0
1506,food,101506,50,True,1,5,98,103,18,14,4,4,50,55,0,0,0,0,0,0,0,0
1507,food,101507,50,True,1,5,35,36,9,5,4,4,50,69,0,0,0,0,0,0,0,0
1508,food,101508,50,True,1,5,27,33,13,9,4,4,50,47,0,0,0,0,0,0,0,0
1509,food,101509,50,True,1,5,24,29,10,6,4,4,52,68,0,0,0,0,0,0,0,0
1510,food,101510,50,True,1,5,31,33,8,4,4,4,50,61,0,0,0,0,0,0,0,0
1511,food,101511,50,True,1,5,57,57,15,11,4,4,50,60,0,0,0,0,0,0,0,0
1512,food,101512,50,True,1,5,60,63,14,10,4,4,50,69,0,0,0,0,0,0,0,0
1513,food,101513,50,True,1,5,103,104,20,16,4,4,50,78,0,0,0,0,0,0,0,0
1514,food,101514,50,True,1,5,74,74,16,12,4,4,50,62,0,0,0,0,0,0,0,0
1515,food,101515,50,True,1,5,50,52,16,12,4,4,50,60,0,0,0,0,0,0,0,0
1516,food,101516,50,True,1,5,70,71,15,11,4,4,50,67,0,0,0,0,0,0,0,0
1517,food,101517,50,True,1,5,80,80,17,13,4,4,50,59,0,0,0,0,0,0,0,0
1518,food,101518,50,True,1,5,55,56,11,7,4,4,52,71,0,0,0,0,0,0,0,0
1519,food,101519,50,True,1,5,81,86,19,15,4,4,50,51,0,0,0,0,0,0,0,0
1520,food,101520,50,True,1,5,45,45,11,7,4,4,50,59,0,0,0,0,0,0,0,0
1521,food,101521,50,True,1,5,40,44,11,7,4,4,50,63,0,0,0,0,0,0,0,0
1522,food,101522,50,True,1,5,24,24,8,4,4,4,50,62,0,0,0,0,0,0,0,0
1523,food,101523,50,True,1,5,63,63,10,6,4,4,50,71,0,0,0,0,0,0,0,0
1524,food,101524,50,True,1,5,85,89,18,14,4,4,50,56,0,0,0,0,0,0,0,0
1525,food,101525,50,True,1,5,68,69,15,11,4,4,50,60,0,0,0,0,0,0,0,0
1526,food,101526,50,True,1,5,29,33,11,7,4,4,50,56,0,0,0,0,0,0,0,0
1527,food,101527,50,True,1,5,65,68,14,10,4,4,50,61,0,0,0,0,0,0,0,0
1528,food,101528,50,True,1,5,31,32,6,2,4,4,50,66,0,0,0,0,0,0,0,0
1529,food,101529,50,True,1,5,71,72,15,11,4,4,50,58,0,0,0,0,0,0,0,0
1530,food,101530,50,True,1,5,52,58,13,9,4,4,50,51,0,0,0,0,0,0,0,0
1531,food,101531,50,True,1,5,63,65,15,11,4,4,50,63,0,0,0,0,0,0,0,0
1532,food,101532,50,True,1,5,21,24,9,5,4,4,50,55,0,0,0,0,0,0,0,0
1533,food,101533,50,True,1,5,84,84,18,14,4,4,50,65,0,0,0,0,0,0,0,0
1534,food,101534,50,True,1,5,64,64,14,10,4,4,50,69,0,0,0,0,0,0,0,0
1535,food,101535,50,True,1,5,54,55,13,9,4,4,50,60,0,0,0,0,0,0,0,0
1536,food,101536,50,True,1,5,66,69,14,10,4,4,50,62,0,0,0,0,0,0,0,0
1537,food,101537,50,True,1,5,36,38,10,6,4,4,50,66,0,0,0,0,0,0,0,0
1538,food,101538,50,True,1,5,15,15,5,1,4,4,50,62,0,0,0,0,0,0,0,0
1539,food,101539,50,True,1,5,20,23,8,4,4,4,50,60,0,0,0,0,0,0,0,0
1540,food,101540,50,True,1,5,87,87,15,11,4,4,50,63,0,0,0,0,0,0,0,0
1541,food,101541,50,True,1,5,68,71,15,11,4,4,50,75,0,0,0,0,0,0,0,0
1542,food,101542,50,True,1,5,44,46,16,12,4,4,50,60,0,0,0,0,0,0,0,0
1543,food,101543,50,True,1,5,52,52,16,12,4,4,50,59,0,0,0,0,0,0,0,0
1544,food,101544,50,True,1,5,35,37,10,6,4,4,50,53,0,0,0,0,0,0,0,0
1545,food,101545,50,True,1,5,64,64,15,11,4,4,50,70,0,0,0,0,0,0,0,0
1546,food,101546,50,True,1,5,69,72,15,11,4,4,50,62,0,0,0,0,0,0,0,0
1547,food,101547,50,True,1,5,80,82,15,11,4,4,50,69,0,0,0,0,0,0,0,0
1548,food,101548,50,True,1,5,67,71,15,11,4,4,50,64,0,0,0,0,0,0,0,0
1549,food,101549,50,True,1,5,47,50,15,11,4,4,50,59,0,0,0,0,0,0,0,0
1550,food,101550,50,True,1,5,36,38,13,9,4,4,50,61,0,0,0,0,0,0,0,0
1551,food,101551,50,True,1,5,68,72,16,12,4,4,50,51,0,0,0,0,0,0,0,0
1552,food,101552,50,True,1,5,38,39,11,7,4,4,50,62,0,0,0,0,0,0,0,0
1553,food,101553,50,True,1,5,48,49,16,12,4,4,50,61,0,0,0,0,0,0,0,0
1554,food,101554,50,True,1,5,31,41,9,5,4,4,50,51,0,0,0,0,0,0,0,0
1555,food,101555,50,True,1,5,69,69,15,11,4,4,50,69,0,0,0,0,0,0,0,0
1556,food,101556,50,True,1,5,68,71,11,7,4,4,50,63,0,0,0,0,0,0,0,0
1557,food,101557,50,True,1,5,95,98,18,14,4,4,50,55,0,0,0,0,0,0,0,0
1558,food,101558,50,True,1,5,38,39,17,13,4,4,50,60,0,0,0,0,0,0,0,0
1559,food,101559,50,True,1,5,77,77,15,11,4,4,50,78,0,0,0,0,0,0,0,0
1560,food,101560,50,True,1,5,68,75,15,11,4,4,50,55,0,0,0,0,0,0,0,0
1561,food,101561,50,True,1,5,30,34,11,7,4,4,50,60,0,0,0,0,0,0,0,0
1562,food,101562,50,True,1,5,79,81,16,12,4,4,50,68,0,0,0,0,0,0,0,0
1563,food,101563,50,True,1,5,59,61,13,9,4,4,50,56,0,0,0,0,0,0,0,0
1564,food,101564,50,True,1,5,52,55,14,10,4,4,50,64,0,0,0,0,0,0,0,0
1565,food,101565,50,True,1,5,17,21,6,2,4,4,50,57,0,0,0,0,0,0,0,0
1566,food,101566,50,True,1,5,48,49,12,8,4,4,50,64,0,0,0,0,0,0,0,0
1567,food,101567,50,True,1,5,100,100,22,18,4,4,50,59,0,0,0,0,0,0,0,0
1568,food,101568,50,True,1,5,51,52,10,6,4,4,50,72,0,0,0,0,0,0,0,0
1569,food,101569,50,True,1,5,130,130,19,15,4,4,50,74,0,0,0,0,0,0,0,0
1570,food,101570,50,True,1,5,45,53,13,9,4,4,50,58,0,0,0,0,0,0,0,0
1571,food,101571,50,True,1,5,33,38,9,5,4,4,50,51,0,0,0,0,0,0,0,0
1572,food,101572,50,True,1,5,60,60,11,7,4,4,50,65,0,0,0,0,0,0,0,0
1573,food,101573,50,True,1,5,41,44,12,8,4,4,50,70,0,0,0,0,0,0,0,0
1574,food,101574,50,True,1,5,104,105,17,13,4,4,50,67,0,0,0,0,0,0,0,0
1575,food,101575,50,True,1,5,68,69,15,11,4,4,50,66,0,0,0,0,0,0,0,0
1576,food,101576,50,True,1,5,82,84,15,11,4,4,50,60,0,0,0,0,0,0,0,0
1577,food,101577,50,True,1,5,92,95,25,21,4,4,50,48,0,0,0,0,0,0,0,0
1578,food,101578,50,True,1,5,17,19,8,4,4,4,50,60,0,0,0,0,0,0,0,0
1579,food,101579,50,True,1,5,53,61,14,10,4,4,50,57,0,0,0,0,0,0,0,0
1580,food,101580,50,True,1,5,33,37,8,4,4,4,50,63,0,0,0,0,0,0,0,0
1581,food,101581,50,True,1,5,71,71,12,8,4,4,50,61,0,0,0,0,0,0,0,0
1582,food,101582,50,True,1,5,45,45,10,6,4,4,50,69,0,0,0,0,0,0,0,0
1583,food,101583,50,True,1,5,103,104,18,14,4,4,50,78,0,0,0,0,0,0,0,0
1584,food,101584,50,True,1,5,56,62,13,9,4,4,50,55,0,0,0,0,0,0,0,0
1585,food,101585,50,True,1,5,40,44,10,6,4,4,50,59,0,0,0,0,0,0,0,0
1586,food,101586,50,True,1,5,52,52,14,10,4,4,50,59,0,0,0,0,0,0,0,0
1587,food,101587,50,True,1,5,39,39,9,5,4,4,50,71,0,0,0,0,0,0,0,0
1588,food,101588,50,True,1,5,74,75,14,10,4,4,50,69,0,0,0,0,0,0,0,0
1589,food,101589,50,True,1,5,83,85,13,9,4,4,50,63,0,0,0,0,0,0,0,0
1590,food,101590,50,True,1,5,69,69,14,10,4,4,50,82,0,0,0,0,0,0,0,0
1591,food,101591,50,True,1,5,26,28,11,7,4,4,50,58,0,0,0,0,0,0,0,0
1592,food,101592,50,True,1,5,74,76,16,12,4,4,50,51,0,0,0,0,0,0,0,0
1593,food,101593,50,True,1,5,55,56,10,6,4,4,50,68,0,0,0,0,0,0,0,0
1594,food,101594,50,True,1,5,87,88,14,10,4,4,50,69,0,0,0,0,0,0,0,0
1595,food,101595,50,True,1,5,63,65,14,10,4,4,50,57,0,0,0,0,0,0,0,0
1596,food,101596,50,True,1,5,70,70,16,12,4,4,50,66,0,0,0,0,0,0,0,0
1597,food,101597,50,True,1,5,70,71,13,9,4,4,50,72,0,0,0,0,0,0,0,0
1598,food,101598,50,True,1,5,67,70,19,15,4,4,50,49,0,0,0,0,0,0,0,0
1599,food,101599,47,False,0,5,0,12,6,2,4,4,47,44,0,0,0,0,0,0,0,0
1600,food,101600,50,True,1,5,50,52,10,6,4,4,50,65,0,0,0,0,0,0,0,0
1601,food,101601,50,True,1,5,58,62,18,14,4,4,50,55,0,0,0,0,0,0,0,0
1602,food,101602,50,True,1,5,23,28,12,8,4,4,50,52,0,0,0,0,0,0,0,0
1603,food,101603,50,True,1,5,69,69,16,12,4,4,50,66,0,0,0,0,0,0,0,0
1604,food,101604,50,True,1,5,13,14,5,1,4,4,53,65,0,0,0,0,0,0,0,0
1605,food,101605,50,True,1,5,80,80,18,14,4,4,50,63,0,0,0,0,0,0,0,0
1606,food,101606,50,True,1,5,57,62,10,6,4,4,50,59,0,0,0,0,0,0,0,0
1607,food,101607,50,True,1,5,61,62,14,10,4,4,50,57,0,0,0,0,0,0,0,0
1608,food,101608,50,True,1,5,39,42,11,7,4,4,50,53,0,0,0,0,0,0,0,0
1609,food,101609,50,True,1,5,42,52,13,9,4,4,50,53,0,0,0,0,0,0,0,0
1610,food,101610,50,True,1,5,34,37,13,9,4,4,50,54,0,0,0,0,0,0,0,0
1611,food,101611,50,True,1,5,65,67,14,10,4,4,50,67,0,0,0,0,0,0,0,0
1612,food,101612,50,True,1,5,59,65,12,8,4,4,50,56,0,0,0,0,0,0,0,0
1613,food,101613,50,True,1,5,89,91,18,14,4,4,50,54,0,0,0,0,0,0,0,0
1614,food,101614,50,True,1,5,27,28,8,4,4,4,50,63,0,0,0,0,0,0,0,0
1615,food,101615,50,True,1,5,47,54,12,8,4,4,50,54,0,0,0,0,0,0,0,0
1616,food,101616,50,True,1,5,69,69,10,6,4,4,50,71,0,0,0,0,0,0,0,0
1617,food,101617,50,True,1,5,48,51,11,7,4,4,50,58,0,0,0,0,0,0,0,0
1618,food,101618,50,True,1,5,86,87,14,10,4,4,50,62,0,0,0,0,0,0,0,0
1619,food,101619,50,True,1,5,95,105,15,11,4,4,50,47,0,0,0,0,0,0,0,0
1620,food,101620,50,True,1,5,57,66,13,9,4,4,50,57,0,0,0,0,0,0,0,0
1621,food,101621,50,True,1,5,54,54,12,8,4,4,50,65,0,0,0,0,0,0,0,0
1622,food,101622,50,True,1,5,68,68,14,10,4,4,50,74,0,0,0,0,0,0,0,0
1623,food,101623,50,True,1,5,66,68,16,12,4,4,50,57,0,0,0,0,0,0,0,0
1624,food,101624,50,True,1,5,5,8,4,0,4,4,50,54,0,0,0,0,0,0,0,0
1625,food,101625,50,True,1,5,50,56,12,8,4,4,50,56,0,0,0,0,0,0,0,0
1626,food,101626,50,True,1,5,97,97,18,14,4,4,50,66,0,0,0,0,0,0,0,0
1627,food,101627,50,True,1,5,98,100,15,11,4,4,50,63,0,0,0,0,0,0,0,0
1628,food,101628,50,True,1,5,81,84,14,10,4,4,50,53,0,0,0,0,0,0,0,0
1629,food,101629,50,True,1,5,82,82,15,11,4,4,50,84,0,0,0,0,0,0,0,0
1630,food,101630,50,True,1,5,55,55,21,17,4,4,50,61,0,0,0,0,0,0,0,0
1631,food,101631,50,True,1,5,23,28,7,3,4,4,50,60,0,0,0,0,0,0,0,0
1632,food,101632,50,True,1,5,60,62,11,7,4,4,50,57,0,0,0,0,0,0,0,0
1633,food,101633,50,True,1,5,87,89,15,11,4,4,50,54,0,0,0,0,0,0,0,0
1634,food,101634,50,True,1,5,73,79,15,11,4,4,50,59,0,0,0,0,0,0,0,0
1635,food,101635,50,True,1,5,20,21,5,1,4,4,50,67,0,0,0,0,0,0,0,0
1636,food,101636,50,True,1,5,101,108,18,14,4,4,50,59,0,0,0,0,0,0,0,0
1637,food,101637,50,True,1,5,51,57,12,8,4,4,50,57,0,0,0,0,0,0,0,0
1638,food,101638,50,True,1,5,50,53,13,9,4,4,50,61,0,0,0,0,0,0,0,0
1639,food,101639,50,True,1,5,25,27,13,9,4,4,50,50,0,0,0,0,0,0,0,0
1640,food,101640,50,True,1,5,40,40,14,10,4,4,50,61,0,0,0,0,0,0,0,0
1641,food,101641,50,True,1,5,15,18,6,2,4,4,57,76,0,0,0,0,0,0,0,0
1642,food,101642,50,True,1,5,56,61,17,13,4,4,50,55,0,0,0,0,0,0,0,0
1643,food,101643,50,True,1,5,72,76,18,14,4,4,50,58,0,0,0,0,0,0,0,0
1644,food,101644,50,True,1,5,66,72,12,8,4,4,50,57,0,0,0,0,0,0,0,0
1645,food,101645,50,True,1,5,98,98,19,15,4,4,50,61,0,0,0,0,0,0,0,0
1646,food,101646,50,True,1,5,95,97,16,12,4,4,50,59,0,0,0,0,0,0,0,0
1647,food,101647,50,True,1,5,55,59,14,10,4,4,50,58,0,0,0,0,0,0,0,0
1648,food,101648,50,True,1,5,47,53,14,10,4,4,50,51,0,0,0,0,0,0,0,0
1649,food,101649,50,True,1,5,100,103,23,19,4,4,50,49,0,0,0,0,0,0,0,0
1650,food,101650,50,True,1,5,46,53,13,9,4,4,50,52,0,0,0,0,0,0,0,0
1651,food,101651,50,True,1,5,58,58,12,8,4,4,50,62,0,0,0,0,0,0,0,0
1652,food,101652,50,True,1,5,44,49,13,9,4,4,50,53,0,0,0,0,0,0,0,0
1653,food,101653,50,True,1,5,25,25,7,3,4,4,51,75,0,0,0,0,0,0,0,0
1654,food,101654,14,False,0,5,0,8,5,1,4,4,19,22,0,0,0,0,0,0,0,0
1655,food,101655,50,True,1,5,46,52,13,9,4,4,50,50,0,0,0,0,0,0,0,0
1656,food,101656,50,True,1,5,59,62,11,7,4,4,50,53,0,0,0,0,0,0,0,0
1657,food,101657,50,True,1,5,50,57,12,8,4,4,50,59,0,0,0,0,0,0,0,0
1658,food,101658,50,True,1,5,78,78,16,12,4,4,50,66,0,0,0,0,0,0,0,0
1659,food,101659,50,True,1,5,103,109,24,20,4,4,50,54,0,0,0,0,0,0,0,0
1660,food,101660,50,True,1,5,33,37,11,7,4,4,50,61,0,0,0,0,0,0,0,0
1661,food,101661,50,True,1,5,51,56,12,8,4,4,50,59,0,0,0,0,0,0,0,0
1662,food,101662,50,True,1,5,44,50,11,7,4,4,50,60,0,0,0,0,0,0,0,0
1663,food,101663,50,True,1,5,47,48,11,7,4,4,50,66,0,0,0,0,0,0,0,0
1664,food,101664,50,True,1,5,43,44,10,6,4,4,50,67,0,0,0,0,0,0,0,0
1665,food,101665,50,True,1,5,90,91,19,15,4,4,50,67,0,0,0,0,0,0,0,0
1666,food,101666,50,True,1,5,51,51,9,5,4,4,50,72,0,0,0,0,0,0,0,0
1667,food,101667,50,True,1,5,49,52,13,9,4,4,50,59,0,0,0,0,0,0,0,0
1668,food,101668,50,True,1,5,70,72,17,13,4,4,50,60,0,0,0,0,0,0,0,0
1669,food,101669,50,True,1,5,39,40,10,6,4,4,50,58,0,0,0,0,0,0,0,0
1670,food,101670,50,True,1,5,66,71,13,9,4,4,50,58,0,0,0,0,0,0,0,0
1671,food,101671,50,True,1,5,60,65,16,12,4,4,50,52,0,0,0,0,0,0,0,0
1672,food,101672,50,True,1,5,31,32,8,4,4,4,50,66,0,0,0,0,0,0,0,0
1673,food,101673,50,True,1,5,89,91,18,14,4,4,50,64,0,0,0,0,0,0,0,0
1674,food,101674,50,True,1,5,39,43,12,8,4,4,50,55,0,0,0,0,0,0,0,0
1675,food,101675,50,True,1,5,80,90,15,11,4,4,50,52,0,0,0,0,0,0,0,0
1676,food,101676,50,True,1,5,63,70,13,9,4,4,50,56,0,0,0,0,0,0,0,0
1677,food,101677,50,True,1,5,36,40,9,5,4,4,50,63,0,0,0,0,0,0,0,0
1678,food,101678,50,True,1,5,33,36,13,9,4,4,50,61,0,0,0,0,0,0,0,0
1679,food,101679,50,True,1,5,13,20,7,3,4,4,50,51,0,0,0,0,0,0,0,0
1680,food,101680,50,True,1,5,47,48,14,10,4,4,50,63,0,0,0,0,0,0,0,0
1681,food,101681,50,True,1,5,65,66,15,11,4,4,50,61,0,0,0,0,0,0,0,0
1682,food,101682,50,True,1,5,80,84,17,13,4,4,50,55,0,0,0,0,0,0,0,0
1683,food,101683,50,True,1,5,120,120,18,14,4,4,50,65,0,0,0,0,0,0,0,0
1684,food,101684,50,True,1,5,53,58,16,12,4,4,50,52,0,0,0,0,0,0,0,0
1685,food,101685,50,True,1,5,92,95,22,18,4,4,50,58,0,0,0,0,0,0,0,0
1686,food,101686,50,True,1,5,57,57,13,9,4,4,50,61,0,0,0,0,0,0,0,0
1687,food,101687,50,True,1,5,20,27,8,4,4,4,50,54,0,0,0,0,0,0,0,0
1688,food,101688,50,True,1,5,35,36,8,4,4,4,50,70,0,0,0,0,0,0,0,0
1689,food,101689,50,True,1,5,123,123,23,19,4,4,50,58,0,0,0,0,0,0,0,0
1690,food,101690,50,True,1,5,87,88,23,19,4,4,50,64,0,0,0,0,0,0,0,0
1691,food,101691,50,True,1,5,81,83,20,16,4,4,50,63,0,0,0,0,0,0,0,0
1692,food,101692,50,True,1,5,85,86,20,16,4,4,50,58,0,0,0,0,0,0,0,0
1693,food,101693,50,True,1,5,20,23,8,4,4,4,50,55,0,0,0,0,0,0,0,0
1694,food,101694,50,True,1,5,72,73,15,11,4,4,50,73,0,0,0,0,0,0,0,0
1695,food,101695,50,True,1,5,42,43,14,10,4,4,50,57,0,0,0,0,0,0,0,0
1696,food,101696,50,True,1,5,103,103,22,18,4,4,50,63,0,0,0,0,0,0,0,0
1697,food,101697,50,True,1,5,34,36,11,7,4,4,50,54,0,0,0,0,0,0,0,0
1698,food,101698,50,True,1,5,88,89,16,12,4,4,50,63,0,0,0,0,0,0,0,0
1699,food,101699,50,True,1,5,61,61,11,7,4,4,50,62,0,0,0,0,0,0,0,0
1700,food,101700,50,True,1,5,60,62,16,12,4,4,50,62,0,0,0,0,0,0,0,0
1701,food,101701,50,True,1,5,35,44,9,5,4,4,50,52,0,0,0,0,0,0,0,0
1702,food,101702,50,True,1,5,41,44,11,7,4,4,50,60,0,0,0,0,0,0,0,0
1703,food,101703,50,True,1,5,69,69,15,11,4,4,50,70,0,0,0,0,0,0,0,0
1704,food,101704,50,True,1,5,11,11,5,1,4,4,54,61,0,0,0,0,0,0,0,0
1705,food,101705,50,True,1,5,57,57,14,10,4,4,50,57,0,0,0,0,0,0,0,0
1706,food,101706,50,True,1,5,57,58,10,6,4,4,50,68,0,0,0,0,0,0,0,0
1707,food,101707,50,True,1,5,24,24,10,6,4,4,50,64,0,0,0,0,0,0,0,0
1708,food,101708,50,True,1,5,83,83,16,12,4,4,50,63,0,0,0,0,0,0,0,0
1709,food,101709,50,True,1,5,95,100,17,13,4,4,50,63,0,0,0,0,0,0,0,0
1710,food,101710,50,True,1,5,25,25,11,7,4,4,57,66,0,0,0,0,0,0,0,0
1711,food,101711,50,True,1,5,14,19,8,4,4,4,50,51,0,0,0,0,0,0,0,0
1712,food,101712,50,True,1,5,20,21,7,3,4,4,50,65,0,0,0,0,0,0,0,0
1713,food,101713,50,True,1,5,58,58,17,13,4,4,50,75,0,0,0,0,0,0,0,0
1714,food,101714,50,True,1,5,49,54,10,6,4,4,50,53,0,0,0,0,0,0,0,0
1715,food,101715,50,True,1,5,56,66,13,9,4,4,50,47,0,0,0,0,0,0,0,0
1716,food,101716,50,True,1,5,82,84,15,11,4,4,50,68,0,0,0,0,0,0,0,0
1717,food,101717,50,True,1,5,71,72,14,10,4,4,50,77,0,0,0,0,0,0,0,0
1718,food,101718,50,True,1,5,51,54,11,7,4,4,50,57,0,0,0,0,0,0,0,0
1719,food,101719,50,True,1,5,85,86,18,14,4,4,50,60,0,0,0,0,0,0,0,0
1720,food,101720,50,True,1,5,37,39,7,3,4,4,50,72,0,0,0,0,0,0,0,0
1721,food,101721,50,True,1,5,114,115,16,12,4,4,50,71,0,0,0,0,0,0,0,0
1722,food,101722,50,True,1,5,75,77,13,9,4,4,50,60,0,0,0,0,0,0,0,0
1723,food,101723,50,True,1,5,93,93,21,17,4,4,50,58,0,0,0,0,0,0,0,0
1724,food,101724,50,True,1,5,56,57,12,8,4,4,50,62,0,0,0,0,0,0,0,0
1725,food,101725,50,True,1,5,78,78,19,15,4,4,50,60,0,0,0,0,0,0,0,0
1726,food,101726,50,True,1,5,44,45,11,7,4,4,50,59,0,0,0,0,0,0,0,0
1727,food,101727,50,True,1,5,51,66,13,9,4,4,50,41,0,0,0,0,0,0,0,0
1728,food,101728,50,True,1,5,67,73,18,14,4,4,50,52,0,0,0,0,0,0,0,0
1729,food,101729,50,True,1,5,54,56,14,10,4,4,50,61,0,0,0,0,0,0,0,0
1730,food,101730,50,True,1,5,26,28,7,3,4,4,50,67,0,0,0,0,0,0,0,0
1731,food,101731,50,True,1,5,35,35,9,5,4,4,50,67,0,0,0,0,0,0,0,0
1732,food,101732,50,True,1,5,85,97,16,12,4,4,50,56,0,0,0,0,0,0,0,0
1733,food,101733,50,True,1,5,119,121,19,15,4,4,50,62,0,0,0,0,0,0,0,0
1734,food,101734,50,True,1,5,107,109,22,18,4,4,50,55,0,0,0,0,0,0,0,0
1735,food,101735,50,True,1,5,64,64,13,9,4,4,50,69,0,0,0,0,0,0,0,0
1736,food,101736,50,True,1,5,62,63,12,8,4,4,50,59,0,0,0,0,0,0,0,0
1737,food,101737,50,True,1,5,62,64,13,9,4,4,50,75,0,0,0,0,0,0,0,0
1738,food,101738,50,True,1,5,105,105,19,15,4,4,50,70,0,0,0,0,0,0,0,0
1739,food,101739,50,True,1,5,62,62,15,11,4,4,50,64,0,0,0,0,0,0,0,0
1740,food,101740,50,True,1,5,51,51,10,6,4,4,50,62,0,0,0,0,0,0,0,0
1741,food,101741,50,True,1,5,65,66,14,10,4,4,50,68,0,0,0,0,0,0,0,0
1742,food,101742,50,True,1,5,86,88,12,8,4,4,50,66,0,0,0,0,0,0,0,0
1743,food,101743,50,True,1,5,66,70,13,9,4,4,50,66,0,0,0,0,0,0,0,0
1744,food,101744,50,True,1,5,72,72,14,10,4,4,50,70,0,0,0,0,0,0,0,0
1745,food,101745,50,True,1,5,84,85,16,12,4,4,50,73,0,0,0,0,0,0,0,0
1746,food,101746,50,True,1,5,72,78,17,13,4,4,50,57,0,0,0,0,0,0,0,0
1747,food,101747,50,True,1,5,65,65,18,14,4,4,50,58,0,0,0,0,0,0,0,0
1748,food,101748,50,True,1,5,62,62,13,9,4,4,50,63,0,0,0,0,0,0,0,0
1749,food,101749,50,True,1,5,90,92,19,15,4,4,50,63,0,0,0,0,0,0,0,0
1750,food,101750,50,True,1,5,26,40,10,6,4,4,50,48,0,0,0,0,0,0,0,0
1751,food,101751,50,True,1,5,82,83,13,9,4,4,50,71,0,0,0,0,0,0,0,0
1752,food,101752,50,True,1,5,49,53,11,7,4,4,50,57,0,0,0,0,0,0,0,0
1753,food,101753,50,True,1,5,77,78,14,10,4,4,50,69,0,0,0,0,0,0,0,0
1754,food,101754,50,True,1,5,87,87,16,12,4,4,50,65,0,0,0,0,0,0,0,0
1755,food,101755,50,True,1,5,83,88,19,15,4,4,50,63,0,0,0,0,0,0,0,0
1756,food,101756,50,True,1,5,29,32,10,6,4,4,50,53,0,0,0,0,0,0,0,0
1757,food,101757,50,True,1,5,25,25,5,1,4,4,52,76,0,0,0,0,0,0,0,0
1758,food,101758,50,True,1,5,38,38,11,7,4,4,50,57,0,0,0,0,0,0,0,0
1759,food,101759,50,True,1,5,46,49,15,11,4,4,50,55,0,0,0,0,0,0,0,0
1760,food,101760,50,True,1,5,64,65,15,11,4,4,50,71,0,0,0,0,0,0,0,0
1761,food,101761,50,True,1,5,58,61,13,9,4,4,50,57,0,0,0,0,0,0,0,0
1762,food,101762,50,True,1,5,75,84,19,15,4,4,50,47,0,0,0,0,0,0,0,0
1763,food,101763,50,True,1,5,77,78,17,13,4,4,50,63,0,0,0,0,0,0,0,0
1764,food,101764,50,True,1,5,35,43,12,8,4,4,50,53,0,0,0,0,0,0,0,0
1765,food,101765,50,True,1,5,79,79,16,12,4,4,50,65,0,0,0,0,0,0,0,0
1766,food,101766,50,True,1,5,10,13,5,1,4,4,50,63,0,0,0,0,0,0,0,0
1767,food,101767,50,True,1,5,50,50,15,11,4,4,50,59,0,0,0,0,0,0,0,0
1768,food,101768,50,True,1,5,21,21,5,1,4,4,50,70,0,0,0,0,0,0,0,0
1769,food,101769,50,True,1,5,86,86,19,15,4,4,50,74,0,0,0,0,0,0,0,0
1770,food,101770,50,True,1,5,53,53,13,9,4,4,50,67,0,0,0,0,0,0,0,0
1771,food,101771,50,True,1,5,75,76,15,11,4,4,50,66,0,0,0,0,0,0,0,0
1772,food,101772,50,True,1,5,25,29,8,4,4,4,50,56,0,0,0,0,0,0,0,0
1773,food,101773,50,True,1,5,60,60,14,10,4,4,50,59,0,0,0,0,0,0,0,0
1774,food,101774,50,True,1,5,43,47,11,7,4,4,50,53,0,0,0,0,0,0,0,0
1775,food,101775,50,True,1,5,32,32,6,2,4,4,50,76,0,0,0,0,0,0,0,0
1776,food,101776,50,True,1,5,89,91,21,17,4,4,50,62,0,0,0,0,0,0,0,0
1777,food,101777,50,True,1,5,20,29,10,6,4,4,50,50,0,0,0,0,0,0,0,0
1778,food,101778,50,True,1,5,91,92,20,16,4,4,50,57,0,0,0,0,0,0,0,0
1779,food,101779,50,True,1,5,68,73,15,11,4,4,50,61,0,0,0,0,0,0,0,0
1780,food,101780,50,True,1,5,82,86,23,19,4,4,50,62,0,0,0,0,0,0,0,0
1781,food,101781,50,True,1,5,95,101,19,15,4,4,50,56,0,0,0,0,0,0,0,0
1782,food,101782,50,True,1,5,51,52,10,6,4,4,50,68,0,0,0,0,0,0,0,0
1783,food,101783,50,True,1,5,14,21,9,5,4,4,50,51,0,0,0,0,0,0,0,0
1784,food,101784,50,True,1,5,77,82,16,12,4,4,50,63,0,0,0,0,0,0,0,0
1785,food,101785,50,True,1,5,89,91,15,11,4,4,50,68,0,0,0,0,0,0,0,0
1786,food,101786,50,True,1,5,75,77,13,9,4,4,50,78,0,0,0,0,0,0,0,0
1787,food,101787,50,True,1,5,33,33,6,2,4,4,50,74,0,0,0,0,0,0,0,0
1788,food,101788,50,True,1,5,107,113,23,19,4,4,50,49,0,0,0,0,0,0,0,0
1789,food,101789,50,True,1,5,46,49,13,9,4,4,50,55,0,0,0,0,0,0,0,0
1790,food,101790,50,True,1,5,48,52,13,9,4,4,50,61,0,0,0,0,0,0,0,0
1791,food,101791,50,True,1,5,52,54,15,11,4,4,50,61,0,0,0,0,0,0,0,0
1792,food,101792,50,True,1,5,40,41,10,6,4,4,50,61,0,0,0,0,0,0,0,0
1793,food,101793,50,True,1,5,54,54,15,11,4,4,50,62,0,0,0,0,0,0,0,0
1794,food,101794,50,True,1,5,63,67,11,7,4,4,50,66,0,0,0,0,0,0,0,0
1795,food,101795,50,True,1,5,84,85,14,10,4,4,50,64,0,0,0,0,0,0,0,0
1796,food,101796,50,True,1,5,20,25,10,6,4,4,50,56,0,0,0,0,0,0,0,0
1797,food,101797,50,True,1,5,40,45,17,13,4,4,50,56,0,0,0,0,0,0,0,0
1798,food,101798,50,True,1,5,43,43,14,10,4,4,50,66,0,0,0,0,0,0,0,0
1799,food,101799,50,True,1,5,59,60,14,10,4,4,50,55,0,0,0,0,0,0,0,0
1800,food,101800,50,True,1,5,70,70,15,11,4,4,50,64,0,0,0,0,0,0,0,0
1801,food,101801,50,True,1,5,76,79,16,12,4,4,50,57,0,0,0,0,0,0,0,0
1802,food,101802,50,True,1,5,74,75,14,10,4,4,50,69,0,0,0,0,0,0,0,0
1803,food,101803,50,True,1,5,42,44,10,6,4,4,50,69,0,0,0,0,0,0,0,0
1804,food,101804,50,True,1,5,45,46,11,7,4,4,50,67,0,0,0,0,0,0,0,0
1805,food,101805,50,True,1,5,89,92,14,10,4,4,50,63,0,0,0,0,0,0,0,0
1806,food,101806,50,True,1,5,43,50,15,11,4,4,50,54,0,0,0,0,0,0,0,0
1807,food,101807,50,True,1,5,84,85,16,12,4,4,50,68,0,0,0,0,0,0,0,0
1808,food,101808,50,True,1,5,89,89,21,17,4,4,50,73,0,0,0,0,0,0,0,0
1809,food,101809,50,True,1,5,20,26,11,7,4,4,51,48,0,0,0,0,0,0,0,0
1810,food,101810,50,True,1,5,68,72,15,11,4,4,50,54,0,0,0,0,0,0,0,0
1811,food,101811,50,True,1,5,56,59,15,11,4,4,50,62,0,0,0,0,0,0,0,0
1812,food,101812,50,True,1,5,44,45,14,10,4,4,50,57,0,0,0,0,0,0,0,0
1813,food,101813,50,True,1,5,99,100,17,13,4,4,50,71,0,0,0,0,0,0,0,0
1814,food,101814,50,True,1,5,59,62,16,12,4,4,50,65,0,0,0,0,0,0,0,0
1815,food,101815,50,True,1,5,41,41,11,7,4,4,50,64,0,0,0,0,0,0,0,0
1816,food,101816,50,True,1,5,31,32,7,3,4,4,54,76,0,0,0,0,0,0,0,0
1817,food,101817,50,True,1,5,55,56,12,8,4,4,50,69,0,0,0,0,0,0,0,0
1818,food,101818,50,True,1,5,38,42,10,6,4,4,50,60,0,0,0,0,0,0,0,0
1819,food,101819,50,True,1,5,54,55,14,10,4,4,50,51,0,0,0,0,0,0,0,0
1820,food,101820,50,True,1,5,32,38,11,7,4,4,50,53,0,0,0,0,0,0,0,0
1821,food,101821,50,True,1,5,75,75,16,12,4,4,50,64,0,0,0,0,0,0,0,0
1822,food,101822,50,True,1,5,53,59,15,11,4,4,50,60,0,0,0,0,0,0,0,0
1823,food,101823,50,True,1,5,12,16,6,2,4,4,50,59,0,0,0,0,0,0,0,0
1824,food,101824,50,True,1,5,24,31,9,5,4,4,50,54,0,0,0,0,0,0,0,0
1825,food,101825,50,True,1,5,72,73,10,6,4,4,50,67,0,0,0,0,0,0,0,0
1826,food,101826,50,True,1,5,75,78,14,10,4,4,50,73,0,0,0,0,0,0,0,0
1827,food,101827,50,True,1,5,28,30,11,7,4,4,50,61,0,0,0,0,0,0,0,0
1828,food,101828,50,True,1,5,51,56,16,12,4,4,50,55,0,0,0,0,0,0,0,0
1829,food,101829,50,True,1,5,39,45,12,8,4,4,50,53,0,0,0,0,0,0,0,0
1830,food,101830,50,True,1,5,65,67,14,10,4,4,50,66,0,0,0,0,0,0,0,0
1831,food,101831,50,True,1,5,38,38,10,6,4,4,50,62,0,0,0,0,0,0,0,0
1832,food,101832,50,True,1,5,52,56,10,6,4,4,50,63,0,0,0,0,0,0,0,0
1833,food,101833,50,True,1,5,71,72,12,8,4,4,50,65,0,0,0,0,0,0,0,0
1834,food,101834,50,True,1,5,84,91,22,18,4,4,50,47,0,0,0,0,0,0,0,0
1835,food,101835,50,True,1,5,45,46,13,9,4,4,50,55,0,0,0,0,0,0,0,0
1836,food,101836,50,True,1,5,37,45,14,10,4,4,50,53,0,0,0,0,0,0,0,0
1837,food,101837,50,True,1,5,42,44,10,6,4,4,50,62,0,0,0,0,0,0,0,0
1838,food,101838,50,True,1,5,64,65,14,10,4,4,50,63,0,0,0,0,0,0,0,0
1839,food,101839,50,True,1,5,25,37,14,10,4,4,50,52,0,0,0,0,0,0,0,0
1840,food,101840,50,True,1,5,78,80,14,10,4,4,50,60,0,0,0,0,0,0,0,0
1841,food,101841,50,True,1,5,44,46,11,7,4,4,50,62,0,0,0,0,0,0,0,0
1842,food,101842,50,True,1,5,15,15,4,0,4,4,53,69,0,0,0,0,0,0,0,0
1843,food,101843,50,True,1,5,73,73,17,13,4,4,50,69,0,0,0,0,0,0,0,0
1844,food,101844,50,True,1,5,62,66,13,9,4,4,50,66,0,0,0,0,0,0,0,0
1845,food,101845,50,True,1,5,40,43,12,8,4,4,50,58,0,0,0,0,0,0,0,0
1846,food,101846,50,True,1,5,23,25,10,6,4,4,52,64,0,0,0,0,0,0,0,0
1847,food,101847,50,True,1,5,75,77,12,8,4,4,50,75,0,0,0,0,0,0,0,0
1848,food,101848,50,True,1,5,120,123,22,18,4,4,50,60,0,0,0,0,0,0,0,0
1849,food,101849,50,True,1,5,70,72,13,9,4,4,50,66,0,0,0,0,0,0,0,0
1850,food,101850,50,True,1,5,38,39,14,10,4,4,50,63,0,0,0,0,0,0,0,0
1851,food,101851,50,True,1,5,24,30,13,9,4,4,52,57,0,0,0,0,0,0,0,0
1852,food,101852,50,True,1,5,64,72,22,18,4,4,50,48,0,0,0,0,0,0,0,0
1853,food,101853,50,True,1,5,28,33,10,6,4,4,50,50,0,0,0,0,0,0,0,0
1854,food,101854,50,True,1,5,82,85,18,14,4,4,50,62,0,0,0,0,0,0,0,0
1855,food,101855,50,True,1,5,41,44,11,7,4,4,50,66,0,0,0,0,0,0,0,0
1856,food,101856,50,True,1,5,34,34,8,4,4,4,50,69,0,0,0,0,0,0,0,0
1857,food,101857,50,True,1,5,20,23,9,5,4,4,50,53,0,0,0,0,0,0,0,0
1858,food,101858,50,True,1,5,52,52,16,12,4,4,50,72,0,0,0,0,0,0,0,0
1859,food,101859,50,True,1,5,36,37,10,6,4,4,50,68,0,0,0,0,0,0,0,0
1860,food,101860,50,True,1,5,33,34,10,6,4,4,50,67,0,0,0,0,0,0,0,0
1861,food,101861,50,True,1,5,35,35,9,5,4,4,50,61,0,0,0,0,0,0,0,0
1862,food,101862,50,True,1,5,19,22,5,1,4,4,50,65,0,0,0,0,0,0,0,0
1863,food,101863,50,True,1,5,35,43,10,6,4,4,50,55,0,0,0,0,0,0,0,0
1864,food,101864,50,True,1,5,109,110,20,16,4,4,50,72,0,0,0,0,0,0,0,0
1865,food,101865,50,True,1,5,37,44,8,4,4,4,51,66,0,0,0,0,0,0,0,0
1866,food,101866,50,True,1,5,29,32,7,3,4,4,50,67,0,0,0,0,0,0,0,0
1867,food,101867,50,True,1,5,46,51,10,6,4,4,50,65,0,0,0,0,0,0,0,0
1868,food,101868,50,True,1,5,36,36,15,11,4,4,50,60,0,0,0,0,0,0,0,0
1869,food,101869,50,True,1,5,85,86,18,14,4,4,51,67,0,0,0,0,0,0,0,0
1870,food,101870,50,True,1,5,71,73,16,12,4,4,50,64,0,0,0,0,0,0,0,0
1871,food,101871,50,True,1,5,26,26,8,4,4,4,50,64,0,0,0,0,0,0,0,0
1872,food,101872,50,True,1,5,71,72,15,11,4,4,50,62,0,0,0,0,0,0,0,0
1873,food,101873,50,True,1,5,62,66,17,13,4,4,50,59,0,0,0,0,0,0,0,0
1874,food,101874,50,True,1,5,38,38,13,9,4,4,50,62,0,0,0,0,0,0,0,0
1875,food,101875,50,True,1,5,18,25,7,3,4,4,50,56,0,0,0,0,0,0,0,0
1876,food,101876,50,True,1,5,98,100,20,16,4,4,50,59,0,0,0,0,0,0,0,0
1877,food,101877,50,True,1,5,77,84,16,12,4,4,50,54,0,0,0,0,0,0,0,0
1878,food,101878,50,True,1,5,51,57,15,11,4,4,50,56,0,0,0,0,0,0,0,0
1879,food,101879,50,True,1,5,56,59,14,10,4,4,50,65,0,0,0,0,0,0,0,0
1880,food,101880,50,True,1,5,17,17,5,1,4,4,52,68,0,0,0,0,0,0,0,0
1881,food,101881,50,True,1,5,22,27,8,4,4,4,50,53,0,0,0,0,0,0,0,0
1882,food,101882,50,True,1,5,63,64,13,9,4,4,50,67,0,0,0,0,0,0,0,0
1883,food,101883,50,True,1,5,75,81,15,11,4,4,50,56,0,0,0,0,0,0,0,0
1884,food,101884,50,True,1,5,33,40,11,7,4,4,50,50,0,0,0,0,0,0,0,0
1885,food,101885,50,True,1,5,61,64,18,14,4,4,50,54,0,0,0,0,0,0,0,0
1886,food,101886,50,True,1,5,47,48,10,6,4,4,50,67,0,0,0,0,0,0,0,0
1887,food,101887,50,True,1,5,39,39,10,6,4,4,50,68,0,0,0,0,0,0,0,0
1888,food,101888,50,True,1,5,61,67,14,10,4,4,50,60,0,0,0,0,0,0,0,0
1889,food,101889,50,True,1,5,18,19,8,4,4,4,50,58,0,0,0,0,0,0,0,0
1890,food,101890,50,True,1,5,49,49,8,4,4,4,50,77,0,0,0,0,0,0,0,0
1891,food,101891,50,True,1,5,87,87,16,12,4,4,50,71,0,0,0,0,0,0,0,0
1892,food,101892,50,True,1,5,90,95,19,15,4,4,50,54,0,0,0,0,0,0,0,0
1893,food,101893,50,True,1,5,39,39,11,7,4,4,50,67,0,0,0,0,0,0,0,0
1894,food,101894,50,True,1,5,127,130,20,16,4,4,50,65,0,0,0,0,0,0,0,0
1895,food,101895,50,True,1,5,37,44,11,7,4,4,50,56,0,0,0,0,0,0,0,0
1896,food,101896,50,True,1,5,19,23,13,9,4,4,50,45,0,0,0,0,0,0,0,0
1897,food,101897,50,True,1,5,36,39,12,8,4,4,50,60,0,0,0,0,0,0,0,0
1898,food,101898,50,True,1,5,41,42,10,6,4,4,50,65,0,0,0,0,0,0,0,0
1899,food,101899,50,True,1,5,45,48,12,8,4,4,50,61,0,0,0,0,0,0,0,0
1900,food,101900,50,True,1,5,68,70,16,12,4,4,50,56,0,0,0,0,0,0,0,0
1901,food,101901,50,True,1,5,69,71,16,12,4,4,50,59,0,0,0,0,0,0,0,0
1902,food,101902,50,True,1,5,74,78,17,13,4,4,50,56,0,0,0,0,0,0,0,0
1903,food,101903,50,True,1,5,60,63,13,9,4,4,50,62,0,0,0,0,0,0,0,0
1904,food,101904,50,True,1,5,106,106,18,14,4,4,50,67,0,0,0,0,0,0,0,0
1905,food,101905,50,True,1,5,91,92,22,18,4,4,50,54,0,0,0,0,0,0,0,0
1906,food,101906,50,True,1,5,58,58,12,8,4,4,50,65,0,0,0,0,0,0,0,0
1907,food,101907,50,True,1,5,35,39,12,8,4,4,50,56,0,0,0,0,0,0,0,0
1908,food,101908,50,True,1,5,31,31,7,3,4,4,50,61,0,0,0,0,0,0,0,0
1909,food,101909,50,True,1,5,29,33,12,8,4,4,50,60,0,0,0,0,0,0,0,0
1910,food,101910,50,True,1,5,54,54,12,8,4,4,50,62,0,0,0,0,0,0,0,0
1911,food,101911,50,True,1,5,58,63,15,11,4,4,50,56,0,0,0,0,0,0,0,0
1912,food,101912,50,True,1,5,50,58,13,9,4,4,50,52,0,0,0,0,0,0,0,0
1913,food,101913,50,True,1,5,17,22,6,2,4,4,50,63,0,0,0,0,0,0,0,0
1914,food,101914,50,True,1,5,81,82,16,12,4,4,50,61,0,0,0,0,0,0,0,0
1915,food,101915,50,True,1,5,82,82,15,11,4,4,50,67,0,0,0,0,0,0,0,0
1916,food,101916,50,True,1,5,104,106,19,15,4,4,50,65,0,0,0,0,0,0,0,0
1917,food,101917,50,True,1,5,48,48,11,7,4,4,50,71,0,0,0,0,0,0,0,0
1918,food,101918,50,True,1,5,73,78,15,11,4,4,50,52,0,0,0,0,0,0,0,0
1919,food,101919,50,True,1,5,48,50,10,6,4,4,50,57,0,0,0,0,0,0,0,0
1920,food,101920,50,True,1,5,69,70,15,11,4,4,50,60,0,0,0,0,0,0,0,0
1921,food,101921,50,True,1,5,67,68,19,15,4,4,50,52,0,0,0,0,0,0,0,0
1922,food,101922,50,True,1,5,11,12,9,5,4,4,50,52,0,0,0,0,0,0,0,0
1923,food,101923,50,True,1,5,45,57,14,10,4,4,50,51,0,0,0,0,0,0,0,0
1924,food,101924,50,True,1,5,111,111,25,21,4,4,50,69,0,0,0,0,0,0,0,0
1925,food,101925,50,True,1,5,32,32,11,7,4,4,50,57,0,0,0,0,0,0,0,0
1926,food,101926,50,True,1,5,29,34,8,4,4,4,50,56,0,0,0,0,0,0,0,0
1927,food,101927,50,True,1,5,68,71,15,11,4,4,50,72,0,0,0,0,0,0,0,0
1928,food,101928,50,True,1,5,37,40,16,12,4,4,50,55,0,0,0,0,0,0,0,0
1929,food,101929,50,True,1,5,74,76,18,14,4,4,50,70,0,0,0,0,0,0,0,0
1930,food,101930,50,True,1,5,53,59,13,9,4,4,50,55,0,0,0,0,0,0,0,0
1931,food,101931,50,True,1,5,20,27,8,4,4,4,50,50,0,0,0,0,0,0,0,0
1932,food,101932,50,True,1,5,22,28,9,5,4,4,50,48,0,0,0,0,0,0,0,0
1933,food,101933,50,True,1,5,21,21,6,2,4,4,50,59,0,0,0,0,0,0,0,0
1934,food,101934,50,True,1,5,54,58,15,11,4,4,50,59,0,0,0,0,0,0,0,0
1935,food,101935,50,True,1,5,65,65,12,8,4,4,50,65,0,0,0,0,0,0,0,0
1936,food,101936,50,True,1,5,50,50,12,8,4,4,50,73,0,0,0,0,0,0,0,0
1937,food,101937,50,True,1,5,19,20,9,5,4,4,54,71,0,0,0,0,0,0,0,0
1938,food,101938,50,True,1,5,53,60,12,8,4,4,50,55,0,0,0,0,0,0,0,0
1939,food,101939,50,True,1,5,43,46,9,5,4,4,50,63,0,0,0,0,0,0,0,0
1940,food,101940,50,True,1,5,17,25,10,6,4,4,50,54,0,0,0,0,0,0,0,0
1941,food,101941,50,True,1,5,101,111,18,14,4,4,50,55,0,0,0,0,0,0,0,0
1942,food,101942,50,True,1,5,27,27,10,6,4,4,51,72,0,0,0,0,0,0,0,0
1943,food,101943,50,True,1,5,40,45,14,10,4,4,50,50,0,0,0,0,0,0,0,0
1944,food,101944,50,True,1,5,31,31,9,5,4,4,50,60,0,0,0,0,0,0,0,0
1945,food,101945,50,True,1,5,31,40,11,7,4,4,50,54,0,0,0,0,0,0,0,0
1946,food,101946,50,True,1,5,40,42,13,9,4,4,50,58,0,0,0,0,0,0,0,0
1947,food,101947,50,True,1,5,83,88,17,13,4,4,50,59,0,0,0,0,0,0,0,0
1948,food,101948,50,True,1,5,26,37,9,5,4,4,50,50,0,0,0,0,0,0,0,0
1949,food,101949,50,True,1,5,64,68,15,11,4,4,50,53,0,0,0,0,0,0,0,0
1950,food,101950,50,True,1,5,19,26,9,5,4,4,50,55,0,0,0,0,0,0,0,0
1951,food,101951,50,True,1,5,52,52,10,6,4,4,50,72,0,0,0,0,0,0,0,0
1952,food,101952,50,True,1,5,47,52,13,9,4,4,50,57,0,0,0,0,0,0,0,0
1953,food,101953,50,True,1,5,63,67,17,13,4,4,50,53,0,0,0,0,0,0,0,0
1954,food,101954,50,True,1,5,58,63,16,12,4,4,50,60,0,0,0,0,0,0,0,0
1955,food,101955,50,True,1,5,67,73,15,11,4,4,50,58,0,0,0,0,0,0,0,0
1956,food,101956,50,True,1,5,29,29,10,6,4,4,50,69,0,0,0,0,0,0,0,0
1957,food,101957,50,True,1,5,21,26,7,3,4,4,50,50,0,0,0,0,0,0,0,0
1958,food,101958,50,True,1,5,54,54,15,11,4,4,50,64,0,0,0,0,0,0,0,0
1959,food,101959,50,True,1,5,84,86,21,17,4,4,50,63,0,0,0,0,0,0,0,0
1960,food,101960,50,True,1,5,91,91,15,11,4,4,50,69,0,0,0,0,0,0,0,0
1961,food,101961,50,True,1,5,85,85,19,15,4,4,50,52,0,0,0,0,0,0,0,0
1962,food,101962,50,True,1,5,89,93,17,13,4,4,50,57,0,0,0,0,0,0,0,0
1963,food,101963,50,True,1,5,44,47,10,6,4,4,50,64,0,0,0,0,0,0,0,0
1964,food,101964,50,True,1,5,60,60,12,8,4,4,50,67,0,0,0,0,0,0,0,0
1965,food,101965,50,True,1,5,66,69,12,8,4,4,50,62,0,0,0,0,0,0,0,0
1966,food,101966,50,True,1,5,39,54,15,11,4,4,50,42,0,0,0,0,0,0,0,0
1967,food,101967,50,True,1,5,53,55,11,7,4,4,50,74,0,0,0,0,0,0,0,0
1968,food,101968,50,True,1,5,62,64,16,12,4,4,50,66,0,0,0,0,0,0,0,0
1969,food,101969,50,True,1,5,56,57,13,9,4,4,50,63,0,0,0,0,0,0,0,0
1970,food,101970,50,True,1,5,74,76,14,10,4,4,50,63,0,0,0,0,0,0,0,0
1971,food,101971,50,True,1,5,53,54,13,9,4,4,50,61,0,0,0,0,0,0,0,0
1972,food,101972,50,True,1,5,123,125,19,15,4,4,50,79,0,0,0,0,0,0,0,0
1973,food,101973,50,True,1,5,65,65,16,12,4,4,50,64,0,0,0,0,0,0,0,0
1974,food,101974,50,True,1,5,86,87,17,13,4,4,50,67,0,0,0,0,0,0,0,0
1975,food,101975,50,True,1,5,59,59,13,9,4,4,50,65,0,0,0,0,0,0,0,0
1976,food,101976,50,True,1,5,52,59,15,11,4,4,50,53,0,0,0,0,0,0,0,0
1977,food,101977,50,True,1,5,20,20,10,6,4,4,50,60,0,0,0,0,0,0,0,0
1978,food,101978,50,True,1,5,85,88,24,20,4,4,50,45,0,0,0,0,0,0,0,0
1979,food,101979,50,True,1,5,103,111,19,15,4,4,50,50,0,0,0,0,0,0,0,0
1980,food,101980,50,True,1,5,78,79,15,11,4,4,50,64,0,0,0,0,0,0,0,0
1981,food,101981,50,True,1,5,50,52,11,7,4,4,50,64,0,0,0,0,0,0,0,0
1982,food,101982,50,True,1,5,83,87,15,11,4,4,50,58,0,0,0,0,0,0,0,0
1983,food,101983,50,True,1,5,33,33,9,5,4,4,50,60,0,0,0,0,0,0,0,0
1984,food,101984,50,True,1,5,30,36,10,6,4,4,50,54,0,0,0,0,0,0,0,0
1985,food,101985,50,True,1,5,46,47,12,8,4,4,50,54,0,0,0,0,0,0,0,0
1986,food,101986,50,True,1,5,91,91,16,12,4,4,50,63,0,0,0,0,0,0,0,0
1987,food,101987,50,True,1,5,37,42,12,8,4,4,50,55,0,0,0,0,0,0,0,0
1988,food,101988,50,True,1,5,26,27,8,4,4,4,50,58,0,0,0,0,0,0,0,0
1989,food,101989,50,True,1,5,80,83,20,16,4,4,50,56,0,0,0,0,0,0,0,0
1990,food,101990,50,True,1,5,41,49,13,9,4,4,50,48,0,0,0,0,0,0,0,0
1991,food,101991,50,True,1,5,36,41,10,6,4,4,50,56,0,0,0,0,0,0,0,0
1992,food,101992,50,True,1,5,62,64,15,11,4,4,50,62,0,0,0,0,0,0,0,0
1993,food,101993,50,True,1,5,46,51,12,8,4,4,50,52,0,0,0,0,0,0,0,0
1994,food,101994,50,True,1,5,60,61,11,7,4,4,50,62,0,0,0,0,0,0,0,0
1995,food,101995,50,True,1,5,72,72,21,17,4,4,50,60,0,0,0,0,0,0,0,0
1996,food,101996,50,True,1,5,52,58,14,10,4,4,50,57,0,0,0,0,0,0,0,0
1997,food,101997,50,True,1,5,55,56,13,9,4,4,50,64,0,0,0,0,0,0,0,0
1998,food,101998,50,True,1,5,25,25,5,1,4,4,51,70,0,0,0,0,0,0,0,0
1999,food,101999,50,True,1,5,51,52,13,9,4,4,50,64,0,0,0,0,0,0,0,0
2000,food,102000,50,True,1,5,117,117,23,19,4,4,50,70,0,0,0,0,0,0,0,0
2001,hunt,102001,19,False,0,5,47,48,19,14,5,5,16,16,0,0,0,0,0,0,0,0
2002,hunt,102002,16,False,0,5,58,58,16,11,5,5,12,11,0,0,0,0,0,0,0,0
2003,hunt,102003,12,False,0,5,37,42,12,7,5,5,12,15,0,0,0,0,0,0,0,0
2004,hunt,102004,11,False,0,5,24,28,11,6,5,5,7,8,0,0,0,0,0,0,0,0
2005,hunt,102005,16,False,0,5,60,60,16,11,5,5,12,19,0,0,0,0,0,0,0,0
2006,hunt,102006,19,False,0,5,53,53,18,13,5,5,7,13,0,0,0,0,0,0,0,0
2007,hunt,102007,21,False,0,5,89,90,21,16,5,5,15,20,0,0,0,0,0,0,0,0
2008,hunt,102008,15,False,0,5,57,57,15,10,5,5,7,11,0,0,0,0,0,0,0,0
2009,hunt,102009,16,False,0,5,59,59,16,11,5,5,10,10,0,0,0,0,0,0,0,0
2010,hunt,102010,14,False,0,5,61,65,14,9,5,5,8,5,0,0,0,0,0,0,0,0
2011,hunt,102011,17,False,0,5,59,59,17,12,5,5,9,7,0,0,0,0,0,0,0,0
2012,hunt,102012,17,False,0,5,54,54,17,12,5,5,5,3,0,0,0,0,0,0,0,0
2013,hunt,102013,21,False,0,5,73,73,21,16,5,5,10,13,0,0,0,0,0,0,0,0
2014,hunt,102014,11,False,0,5,40,41,11,6,5,5,8,13,0,0,0,0,0,0,0,0
2015,hunt,102015,12,False,0,5,36,40,12,7,5,5,6,7,0,0,0,0,0,0,0,0
2016,hunt,102016,27,False,0,5,96,96,27,22,5,5,23,23,0,0,0,0,0,0,0,0
2017,hunt,102017,30,False,0,5,95,95,30,25,5,5,19,27,0,0,0,0,0,0,0,0
2018,hunt,102018,16,False,0,5,53,53,16,11,5,5,10,15,0,0,0,0,0,0,0,0
2019,hunt,102019,13,False,0,5,24,24,13,8,5,5,6,7,0,0,0,0,0,0,0,0
2020,hunt,102020,16,False,0,5,79,85,16,11,5,5,7,14,0,0,0,0,0,0,0,0
2021,hunt,102021,15,False,0,5,51,51,15,10,5,5,9,20,0,0,0,0,0,0,0,0
2022,hunt,102022,21,False,0,5,94,94,21,16,5,5,17,17,0,0,0,0,0,0,0,0
2023,hunt,102023,19,False,0,5,80,80,19,14,5,5,7,11,0,0,0,0,0,0,0,0
2024,hunt,102024,21,False,0,5,92,92,21,16,5,5,6,2,0,0,0,0,0,0,0,0
2025,hunt,102025,19,False,0,5,113,115,19,14,5,5,19,30,0,0,0,0,0,0,0,0
2026,hunt,102026,13,False,0,5,47,47,13,8,5,5,6,11,0,0,0,0,0,0,0,0
2027,hunt,102027,13,False,0,5,59,62,13,8,5,5,5,7,0,0,0,0,0,0,0,0
2028,hunt,102028,23,False,0,5,64,64,23,18,5,5,8,10,0,0,0,0,0,0,0,0
2029,hunt,102029,14,False,0,5,35,36,14,9,5,5,13,18,0,0,0,0,0,0,0,0
2030,hunt,102030,14,False,0,5,60,61,14,9,5,5,6,7,0,0,0,0,0,0,0,0
2031,hunt,102031,27,False,0,5,129,129,27,22,5,5,25,28,0,0,0,0,0,0,0,0
2032,hunt,102032,24,False,0,5,89,89,24,19,5,5,31,42,0,0,0,0,0,0,0,0
2033,hunt,102033,10,False,0,5,33,34,10,5,5,5,7,15,0,0,0,0,0,0,0,0
2034,hunt,102034,16,False,0,5,70,70,16,11,5,5,12,20,0,0,0,0,0,0,0,0
2035,hunt,102035,20,False,0,5,80,80,20,15,5,5,12,19,0,0,0,0,0,0,0,0
2036,hunt,102036,9,False,0,5,23,24,9,4,5,5,6,12,0,0,0,0,0,0,0,0
2037,hunt,102037,16,False,0,5,97,97,16,11,5,5,6,14,0,0,0,0,0,0,0,0
2038,hunt,102038,9,False,0,5,25,27,9,4,5,5,4,5,0,0,0,0,0,0,0,0
2039,hunt,102039,10,False,0,5,27,30,10,5,5,5,9,15,0,0,0,0,0,0,0,0
2040,hunt,102040,13,False,0,5,76,77,13,8,5,5,7,10,0,0,0,0,0,0,0,0
2041,hunt,102041,17,False,0,5,36,36,17,12,5,5,8,10,0,0,0,0,0,0,0,0
2042,hunt,102042,22,False,0,5,106,106,22,17,5,5,16,16,0,0,0,0,0,0,0,0
2043,hunt,102043,26,False,0,5,88,88,26,21,5,5,12,12,0,0,0,0,0,0,0,0
2044,hunt,102044,15,False,0,5,80,83,15,10,5,5,7,5,0,0,0,0,0,0,0,0
2045,hunt,102045,15,False,0,5,45,48,15,10,5,5,3,4,0,0,0,0,0,0,0,0
2046,hunt,102046,14,False,0,5,38,43,14,9,5,5,8,13,0,0,0,0,0,0,0,0
2047,hunt,102047,26,False,0,5,92,92,26,21,5,5,13,18,0,0,0,0,0,0,0,0
2048,hunt,102048,24,False,0,5,99,99,24,19,5,5,9,15,0,0,0,0,0,0,0,0
2049,hunt,102049,25,False,0,5,84,84,25,20,5,5,8,8,0,0,0,0,0,0,0,0
2050,hunt,102050,28,False,0,5,140,140,28,23,5,5,22,27,0,0,0,0,0,0,0,0
2051,hunt,102051,15,False,0,5,61,65,15,10,5,5,0,0,0,0,0,0,0,0,0,0
2052,hunt,102052,24,False,0,5,99,99,24,19,5,5,26,25,0,0,0,0,0,0,0,0
2053,hunt,102053,14,False,0,5,43,44,14,9,5,5,5,7,0,0,0,0,0,0,0,0
2054,hunt,102054,16,False,0,5,45,45,16,11,5,5,7,14,0,0,0,0,0,0,0,0
2055,hunt,102055,20,False,0,5,56,56,20,15,5,5,10,13,0,0,0,0,0,0,0,0
2056,hunt,102056,22,False,0,5,96,96,22,17,5,5,16,25,0,0,0,0,0,0,0,0
2057,hunt,102057,14,False,0,5,64,65,14,9,5,5,7,4,0,0,0,0,0,0,0,0
2058,hunt,102058,11,False,0,5,46,49,11,6,5,5,7,15,0,0,0,0,0,0,0,0
2059,hunt,102059,13,False,0,5,45,47,13,8,5,5,5,6,0,0,0,0,0,0,0,0
2060,hunt,102060,18,False,0,5,66,66,18,13,5,5,12,6,0,0,0,0,0,0,0,0
2061,hunt,102061,16,False,0,5,55,55,16,11,5,5,11,15,0,0,0,0,0,0,0,0
2062,hunt,102062,17,False,0,5,41,41,17,12,5,5,12,9,0,0,0,0,0,0,0,0
2063,hunt,102063,23,False,0,5,90,90,23,18,5,5,11,20,0,0,0,0,0,0,0,0
2064,hunt,102064,25,False,0,5,137,137,25,20,5,5,24,32,0,0,0,0,0,0,0,0
2065,hunt,102065,16,False,0,5,79,79,16,11,5,5,7,14,0,0,0,0,0,0,0,0
2066,hunt,102066,18,False,0,5,75,75,18,13,5,5,5,11,0,0,0,0,0,0,0,0
2067,hunt,102067,36,False,0,5,146,146,36,31,5,5,29,37,0,0,0,0,0,0,0,0
2068,hunt,102068,30,False,0,5,136,136,30,25,5,5,23,34,0,0,0,0,0,0,0,0
2069,hunt,102069,13,False,0,5,38,38,13,8,5,5,7,8,0,0,0,0,0,0,0,0
2070,hunt,102070,42,False,0,5,195,195,42,37,5,5,35,47,0,0,0,0,0,0,0,0
2071,hunt,102071,20,False,0,5,76,76,20,15,5,5,16,17,0,0,0,0,0,0,0,0
2072,hunt,102072,13,False,0,5,54,54,13,8,5,5,9,17,0,0,0,0,0,0,0,0
2073,hunt,102073,16,False,0,5,43,43,16,11,5,5,2,3,0,0,0,0,0,0,0,0
2074,hunt,102074,20,False,0,5,87,88,20,15,5,5,8,8,0,0,0,0,0,0,0,0
2075,hunt,102075,19,False,0,5,80,80,19,14,5,5,7,9,0,0,0,0,0,0,0,0
2076,hunt,102076,17,False,0,5,34,34,17,12,5,5,5,6,0,0,0,0,0,0,0,0
2077,hunt,102077,17,False,0,5,44,44,17,12,5,5,11,16,0,0,0,0,0,0,0,0
2078,hunt,102078,19,False,0,5,78,79,19,14,5,5,12,17,0,0,0,0,0,0,0,0
2079,hunt,102079,27,False,0,5,103,103,27,22,5,5,23,18,0,0,0,0,0,0,0,0
2080,hunt,102080,14,False,0,5,45,45,14,9,5,5,8,11,0,0,0,0,0,0,0,0
2081,hunt,102081,17,False,0,5,72,72,17,12,5,5,8,8,0,0,0,0,0,0,0,0
2082,hunt,102082,13,False,0,5,51,58,13,8,5,5,4,2,0,0,0,0,0,0,0,0
2083,hunt,102083,21,False,0,5,102,103,21,16,5,5,17,23,0,0,0,0,0,0,0,0
2084,hunt,102084,17,False,0,5,63,63,17,12,5,5,12,18,0,0,0,0,0,0,0,0
2085,hunt,102085,13,False,0,5,36,36,13,8,5,5,10,16,0,0,0,0,0,0,0,0
2086,hunt,102086,15,False,0,5,39,39,13,8,5,5,11,20,0,0,0,0,0,0,0,0
2087,hunt,102087,14,False,0,5,80,80,14,9,5,5,6,6,0,0,0,0,0,0,0,0
2088,hunt,102088,12,False,0,5,62,63,12,7,5,5,7,12,0,0,0,0,0,0,0,0
2089,hunt,102089,15,False,0,5,65,66,15,10,5,5,14,18,0,0,0,0,0,0,0,0
2090,hunt,102090,13,False,0,5,37,37,13,8,5,5,3,5,0,0,0,0,0,0,0,0
2091,hunt,102091,22,False,0,5,74,74,22,17,5,5,8,8,0,0,0,0,0,0,0,0
2092,hunt,102092,11,False,0,5,38,39,11,6,5,5,3,6,0,0,0,0,0,0,0,0
2093,hunt,102093,20,False,0,5,96,96,20,15,5,5,15,19,0,0,0,0,0,0,0,0
2094,hunt,102094,19,False,0,5,85,85,19,14,5,5,13,27,0,0,0,0,0,0,0,0
2095,hunt,102095,16,False,0,5,67,67,16,11,5,5,5,3,0,0,0,0,0,0,0,0
2096,hunt,102096,21,False,0,5,58,58,21,16,5,5,18,29,0,0,0,0,0,0,0,0
2097,hunt,102097,18,False,0,5,91,91,18,13,5,5,8,8,0,0,0,0,0,0,0,0
2098,hunt,102098,16,False,0,5,51,52,16,11,5,5,9,5,0,0,0,0,0,0,0,0
2099,hunt,102099,18,False,0,5,60,60,18,13,5,5,17,24,0,0,0,0,0,0,0,0
2100,hunt,102100,8,False,0,5,4,9,8,3,5,5,3,6,0,0,0,0,0,0,0,0
2101,hunt,102101,18,False,0,5,58,58,18,13,5,5,9,8,0,0,0,0,0,0,0,0
2102,hunt,102102,10,False,0,5,32,32,10,5,5,5,8,18,0,0,0,0,0,0,0,0
2103,hunt,102103,19,False,0,5,74,74,19,14,5,5,16,20,0,0,0,0,0,0,0,0
2104,hunt,102104,18,False,0,5,76,76,18,13,5,5,10,19,0,0,0,0,0,0,0,0
2105,hunt,102105,20,False,0,5,64,64,20,15,5,5,18,19,0,0,0,0,0,0,0,0
2106,hunt,102106,30,False,0,5,102,102,30,25,5,5,24,13,0,0,0,0,0,0,0,0
2107,hunt,102107,16,False,0,5,61,62,16,11,5,5,4,5,0,0,0,0,0,0,0,0
2108,hunt,102108,12,False,0,5,43,44,12,7,5,5,10,19,0,0,0,0,0,0,0,0
2109,hunt,102109,31,False,0,5,131,131,31,26,5,5,15,16,0,0,0,0,0,0,0,0
2110,hunt,102110,19,False,0,5,73,74,19,14,5,5,16,12,0,0,0,0,0,0,0,0
2111,hunt,102111,18,False,0,5,68,68,18,13,5,5,9,12,0,0,0,0,0,0,0,0
2112,hunt,102112,14,False,0,5,34,35,14,9,5,5,10,11,0,0,0,0,0,0,0,0
2113,hunt,102113,14,False,0,5,65,73,14,9,5,5,5,4,0,0,0,0,0,0,0,0
2114,hunt,102114,23,False,0,5,113,113,23,18,5,5,18,29,0,0,0,0,0,0,0,0
2115,hunt,102115,12,False,0,5,60,63,12,7,5,5,8,14,0,0,0,0,0,0,0,0
2116,hunt,102116,28,False,0,5,80,80,28,23,5,5,21,28,0,0,0,0,0,0,0,0
2117,hunt,102117,17,False,0,5,61,61,17,12,5,5,9,6,0,0,0,0,0,0,0,0
2118,hunt,102118,15,False,0,5,81,84,15,10,5,5,5,6,0,0,0,0,0,0,0,0
2119,hunt,102119,12,False,0,5,42,42,12,7,5,5,7,13,0,0,0,0,0,0,0,0
2120,hunt,102120,26,False,0,5,104,104,26,21,5,5,15,19,0,0,0,0,0,0,0,0
2121,hunt,102121,13,False,0,5,29,31,13,8,5,5,8,8,0,0,0,0,0,0,0,0
2122,hunt,102122,14,False,0,5,38,40,14,9,5,5,11,15,0,0,0,0,0,0,0,0
2123,hunt,102123,26,False,0,5,93,93,26,21,5,5,12,11,0,0,0,0,0,0,0,0
2124,hunt,102124,12,False,0,5,33,33,12,7,5,5,2,4,0,0,0,0,0,0,0,0
2125,hunt,102125,12,False,0,5,62,68,12,7,5,5,3,6,0,0,0,0,0,0,0,0
2126,hunt,102126,16,False,0,5,50,53,16,11,5,5,9,12,0,0,0,0,0,0,0,0
2127,hunt,102127,16,False,0,5,75,80,16,11,5,5,8,5,0,0,0,0,0,0,0,0
2128,hunt,102128,14,False,0,5,62,68,14,9,5,5,5,1,0,0,0,0,0,0,0,0
2129,hunt,102129,11,False,0,5,48,51,11,6,5,5,8,13,0,0,0,0,0,0,0,0
2130,hunt,102130,20,False,0,5,73,73,20,15,5,5,5,8,0,0,0,0,0,0,0,0
2131,hunt,102131,30,False,0,5,105,105,30,25,5,5,41,29,0,0,0,0,0,0,0,0
2132,hunt,102132,21,False,0,5,59,59,20,15,5,5,16,26,0,0,0,0,0,0,0,0
2133,hunt,102133,19,False,0,5,90,90,19,14,5,5,5,9,0,0,0,0,0,0,0,0
2134,hunt,102134,21,False,0,5,117,117,21,16,5,5,16,23,0,0,0,0,0,0,0,0
2135,hunt,102135,18,False,0,5,76,76,18,13,5,5,6,13,0,0,0,0,0,0,0,0
2136,hunt,102136,14,False,0,5,17,17,13,8,5,5,12,20,0,0,0,0,0,0,0,0
2137,hunt,102137,12,False,0,5,54,55,12,7,5,5,8,13,0,0,0,0,0,0,0,0
2138,hunt,102138,13,False,0,5,54,54,13,8,5,5,6,11,0,0,0,0,0,0,0,0
2139,hunt,102139,19,False,0,5,86,86,19,14,5,5,12,18,0,0,0,0,0,0,0,0
2140,hunt,102140,24,False,0,5,118,118,24,19,5,5,17,22,0,0,0,0,0,0,0,0
2141,hunt,102141,8,False,0,5,17,20,8,3,5,5,6,11,0,0,0,0,0,0,0,0
2142,hunt,102142,14,False,0,5,51,53,14,9,5,5,11,23,0,0,0,0,0,0,0,0
2143,hunt,102143,18,False,0,5,45,45,18,13,5,5,7,11,0,0,0,0,0,0,0,0
2144,hunt,102144,21,False,0,5,77,77,21,16,5,5,8,14,0,0,0,0,0,0,0,0
2145,hunt,102145,15,False,0,5,49,49,15,10,5,5,9,11,0,0,0,0,0,0,0,0
2146,hunt,102146,15,False,0,5,57,60,15,10,5,5,5,7,0,0,0,0,0,0,0,0
2147,hunt,102147,16,False,0,5,84,84,16,11,5,5,7,10,0,0,0,0,0,0,0,0
2148,hunt,102148,12,False,0,5,40,45,12,7,5,5,5,9,0,0,0,0,0,0,0,0
2149,hunt,102149,16,False,0,5,59,59,16,11,5,5,10,18,0,0,0,0,0,0,0,0
2150,hunt,102150,21,False,0,5,86,86,21,16,5,5,8,9,0,0,0,0,0,0,0,0
2151,hunt,102151,17,False,0,5,45,45,17,12,5,5,15,18,0,0,0,0,0,0,0,0
2152,hunt,102152,19,False,0,5,65,65,19,14,5,5,8,6,0,0,0,0,0,0,0,0
2153,hunt,102153,12,False,0,5,58,61,12,7,5,5,5,6,0,0,0,0,0,0,0,0
2154,hunt,102154,13,False,0,5,28,34,13,8,5,5,2,5,0,0,0,0,0,0,0,0
2155,hunt,102155,16,False,0,5,43,43,16,11,5,5,2,4,0,0,0,0,0,0,0,0
2156,hunt,102156,24,False,0,5,101,101,23,18,5,5,16,15,0,0,0,0,0,0,0,0
2157,hunt,102157,14,False,0,5,50,57,14,9,5,5,9,10,0,0,0,0,0,0,0,0
2158,hunt,102158,11,False,0,5,42,43,11,6,5,5,8,13,0,0,0,0,0,0,0,0
2159,hunt,102159,11,False,0,5,24,25,11,6,5,5,9,16,0,0,0,0,0,0,0,0
2160,hunt,102160,12,False,0,5,21,22,12,7,5,5,5,9,0,0,0,0,0,0,0,0
2161,hunt,102161,23,False,0,5,110,110,23,18,5,5,15,15,0,0,0,0,0,0,0,0
2162,hunt,102162,15,False,0,5,74,77,15,10,5,5,15,28,0,0,0,0,0,0,0,0
2163,hunt,102163,10,False,0,5,28,34,10,5,5,5,3,7,0,0,0,0,0,0,0,0
2164,hunt,102164,21,False,0,5,64,64,21,16,5,5,15,17,0,0,0,0,0,0,0,0
2165,hunt,102165,27,False,0,5,134,134,27,22,5,5,16,21,0,0,0,0,0,0,0,0
2166,hunt,102166,17,False,0,5,63,63,17,12,5,5,4,7,0,0,0,0,0,0,0,0
2167,hunt,102167,21,False,0,5,75,75,21,16,5,5,7,12,0,0,0,0,0,0,0,0
2168,hunt,102168,10,False,0,5,32,35,10,5,5,5,6,10,0,0,0,0,0,0,0,0
2169,hunt,102169,22,False,0,5,114,114,22,17,5,5,10,6,0,0,0,0,0,0,0,0
2170,hunt,102170,12,False,0,5,57,57,12,7,5,5,7,13,0,0,0,0,0,0,0,0
2171,hunt,102171,16,False,0,5,50,50,16,11,5,5,11,11,0,0,0,0,0,0,0,0
2172,hunt,102172,32,False,0,5,145,145,32,27,5,5,28,28,0,0,0,0,0,0,0,0
2173,hunt,102173,18,False,0,5,75,75,18,13,5,5,6,10,0,0,0,0,0,0,0,0
2174,hunt,102174,13,False,0,5,44,44,13,8,5,5,8,13,0,0,0,0,0,0,0,0
2175,hunt,102175,20,False,0,5,67,68,20,15,5,5,18,21,0,0,0,0,0,0,0,0
2176,hunt,102176,18,False,0,5,65,65,18,13,5,5,7,6,0,0,0,0,0,0,0,0
2177,hunt,102177,22,False,0,5,88,88,22,17,5,5,19,20,0,0,0,0,0,0,0,0
2178,hunt,102178,26,False,0,5,102,102,26,21,5,5,18,13,0,0,0,0,0,0,0,0
2179,hunt,102179,14,False,0,5,30,30,14,9,5,5,7,11,0,0,0,0,0,0,0,0
2180,hunt,102180,10,False,0,5,31,34,10,5,5,5,7,15,0,0,0,0,0,0,0,0
2181,hunt,102181,20,False,0,5,85,85,20,15,5,5,12,14,0,0,0,0,0,0,0,0
2182,hunt,102182,11,False,0,5,32,33,11,6,5,5,5,8,0,0,0,0,0,0,0,0
2183,hunt,102183,21,False,0,5,90,91,21,16,5,5,19,13,0,0,0,0,0,0,0,0
2184,hunt,102184,14,False,0,5,66,67,14,9,5,5,7,17,0,0,0,0,0,0,0,0
2185,hunt,102185,33,False,0,5,117,117,33,28,5,5,26,17,0,0,0,0,0,0,0,0
2186,hunt,102186,22,False,0,5,75,75,22,17,5,5,8,15,0,0,0,0,0,0,0,0
2187,hunt,102187,22,False,0,5,99,100,22,17,5,5,18,11,0,0,0,0,0,0,0,0
2188,hunt,102188,21,False,0,5,78,78,21,16,5,5,10,19,0,0,0,0,0,0,0,0
2189,hunt,102189,20,False,0,5,93,93,20,15,5,5,13,17,0,0,0,0,0,0,0,0
2190,hunt,102190,11,False,0,5,48,53,11,6,5,5,8,15,0,0,0,0,0,0,0,0
2191,hunt,102191,15,False,0,5,81,81,15,10,5,5,6,11,0,0,0,0,0,0,0,0
2192,hunt,102192,15,False,0,5,73,76,15,10,5,5,10,6,0,0,0,0,0,0,0,0
2193,hunt,102193,22,False,0,5,100,100,22,17,5,5,11,11,0,0,0,0,0,0,0,0
2194,hunt,102194,19,False,0,5,70,70,19,14,5,5,8,7,0,0,0,0,0,0,0,0
2195,hunt,102195,11,False,0,5,16,22,11,6,5,5,5,2,0,0,0,0,0,0,0,0
2196,hunt,102196,24,False,0,5,122,122,24,19,5,5,17,27,0,0,0,0,0,0,0,0
2197,hunt,102197,12,False,0,5,39,41,12,7,5,5,4,6,0,0,0,0,0,0,0,0
2198,hunt,102198,14,False,0,5,46,46,14,9,5,5,4,6,0,0,0,0,0,0,0,0
2199,hunt,102199,13,False,0,5,28,34,13,8,5,5,9,11,0,0,0,0,0,0,0,0
2200,hunt,102200,14,False,0,5,54,54,14,9,5,5,8,16,0,0,0,0,0,0,0,0
2201,hunt,102201,19,False,0,5,78,78,19,14,5,5,14,21,0,0,0,0,0,0,0,0
2202,hunt,102202,17,False,0,5,51,51,17,12,5,5,11,14,0,0,0,0,0,0,0,0
2203,hunt,102203,17,False,0,5,73,73,17,12,5,5,9,14,0,0,0,0,0,0,0,0
2204,hunt,102204,17,False,0,5,58,58,17,12,5,5,8,13,0,0,0,0,0,0,0,0
2205,hunt,102205,16,False,0,5,67,68,16,11,5,5,9,6,0,0,0,0,0,0,0,0
2206,hunt,102206,24,False,0,5,68,68,23,18,5,5,19,27,0,0,0,0,0,0,0,0
2207,hunt,102207,23,False,0,5,128,128,23,18,5,5,13,12,0,0,0,0,0,0,0,0
2208,hunt,102208,27,False,0,5,111,111,27,22,5,5,21,25,0,0,0,0,0,0,0,0
2209,hunt,102209,14,False,0,5,74,85,14,9,5,5,3,1,0,0,0,0,0,0,0,0
2210,hunt,102210,14,False,0,5,46,49,14,9,5,5,10,8,0,0,0,0,0,0,0,0
2211,hunt,102211,24,False,0,5,121,121,24,19,5,5,21,18,0,0,0,0,0,0,0,0
2212,hunt,102212,13,False,0,5,24,24,12,7,5,5,10,16,0,0,0,0,0,0,0,0
2213,hunt,102213,10,False,0,5,42,45,10,5,5,5,5,11,0,0,0,0,0,0,0,0
2214,hunt,102214,15,False,0,5,61,62,15,10,5,5,8,14,0,0,0,0,0,0,0,0
2215,hunt,102215,13,False,0,5,39,39,13,8,5,5,6,9,0,0,0,0,0,0,0,0
2216,hunt,102216,15,False,0,5,56,56,15,10,5,5,7,8,0,0,0,0,0,0,0,0
2217,hunt,102217,22,False,0,5,91,91,22,17,5,5,16,21,0,0,0,0,0,0,0,0
2218,hunt,102218,26,False,0,5,125,125,26,21,5,5,22,34,0,0,0,0,0,0,0,0
2219,hunt,102219,15,False,0,5,61,62,15,10,5,5,5,6,0,0,0,0,0,0,0,0
2220,hunt,102220,15,False,0,5,59,60,15,10,5,5,13,22,0,0,0,0,0,0,0,0
2221,hunt,102221,22,False,0,5,79,79,22,17,5,5,16,19,0,0,0,0,0,0,0,0
2222,hunt,102222,20,False,0,5,91,91,20,15,5,5,19,18,0,0,0,0,0,0,0,0
2223,hunt,102223,19,False,0,5,90,90,19,14,5,5,7,10,0,0,0,0,0,0,0,0
2224,hunt,102224,13,False,0,5,50,56,13,8,5,5,0,0,0,0,0,0,0,0,0,0
2225,hunt,102225,23,False,0,5,117,118,23,18,5,5,21,24,0,0,0,0,0,0,0,0
2226,hunt,102226,13,False,0,5,49,49,13,8,5,5,6,7,0,0,0,0,0,0,0,0
2227,hunt,102227,13,False,0,5,34,35,12,7,5,5,6,14,0,0,0,0,0,0,0,0
2228,hunt,102228,24,False,0,5,82,82,24,19,5,5,9,11,0,0,0,0,0,0,0,0
2229,hunt,102229,14,False,0,5,55,58,14,9,5,5,5,6,0,0,0,0,0,0,0,0
2230,hunt,102230,22,False,0,5,91,91,22,17,5,5,13,13,0,0,0,0,0,0,0,0
2231,hunt,102231,14,False,0,5,43,45,14,9,5,5,5,7,0,0,0,0,0,0,0,0
2232,hunt,102232,19,False,0,5,49,49,19,14,5,5,16,11,0,0,0,0,0,0,0,0
2233,hunt,102233,12,False,0,5,42,43,12,7,5,5,7,10,0,0,0,0,0,0,0,0
2234,hunt,102234,12,False,0,5,61,61,12,7,5,5,5,7,0,0,0,0,0,0,0,0
2235,hunt,102235,34,False,0,5,134,134,34,29,5,5,27,36,0,0,0,0,0,0,0,0
2236,hunt,102236,14,False,0,5,15,15,14,9,5,5,7,5,0,0,0,0,0,0,0,0
2237,hunt,102237,21,False,0,5,61,62,21,16,5,5,20,21,0,0,0,0,0,0,0,0
2238,hunt,102238,12,False,0,5,61,63,12,7,5,5,3,5,0,0,0,0,0,0,0,0
2239,hunt,102239,18,False,0,5,75,76,18,13,5,5,12,10,0,0,0,0,0,0,0,0
2240,hunt,102240,13,False,0,5,30,43,13,8,5,5,6,5,0,0,0,0,0,0,0,0
2241,hunt,102241,16,False,0,5,54,54,16,11,5,5,11,21,0,0,0,0,0,0,0,0
2242,hunt,102242,10,False,0,5,34,34,10,5,5,5,8,13,0,0,0,0,0,0,0,0
2243,hunt,102243,14,False,0,5,41,42,14,9,5,5,10,15,0,0,0,0,0,0,0,0
2244,hunt,102244,24,False,0,5,110,110,24,19,5,5,20,31,0,0,0,0,0,0,0,0
2245,hunt,102245,19,False,0,5,59,59,19,14,5,5,2,0,0,0,0,0,0,0,0,0
2246,hunt,102246,20,False,0,5,85,85,20,15,5,5,11,12,0,0,0,0,0,0,0,0
2247,hunt,102247,23,False,0,5,127,127,23,18,5,5,9,14,0,0,0,0,0,0,0,0
2248,hunt,102248,22,False,0,5,102,102,22,17,5,5,15,15,0,0,0,0,0,0,0,0
2249,hunt,102249,24,False,0,5,105,105,24,19,5,5,17,28,0,0,0,0,0,0,0,0
2250,hunt,102250,27,False,0,5,106,106,27,22,5,5,15,13,0,0,0,0,0,0,0,0
2251,hunt,102251,14,False,0,5,51,51,14,9,5,5,8,15,0,0,0,0,0,0,0,0
2252,hunt,102252,17,False,0,5,57,57,17,12,5,5,2,1,0,0,0,0,0,0,0,0
2253,hunt,102253,23,False,0,5,93,93,23,18,5,5,17,19,0,0,0,0,0,0,0,0
2254,hunt,102254,16,False,0,5,72,72,16,11,5,5,5,4,0,0,0,0,0,0,0,0
2255,hunt,102255,14,False,0,5,55,55,14,9,5,5,4,5,0,0,0,0,0,0,0,0
2256,hunt,102256,16,False,0,5,55,55,16,11,5,5,12,18,0,0,0,0,0,0,0,0
2257,hunt,102257,12,False,0,5,51,59,12,7,5,5,4,5,0,0,0,0,0,0,0,0
2258,hunt,102258,15,False,0,5,43,43,15,10,5,5,7,12,0,0,0,0,0,0,0,0
2259,hunt,102259,32,False,0,5,116,116,32,27,5,5,18,13,0,0,0,0,0,0,0,0
2260,hunt,102260,18,False,0,5,51,51,18,13,5,5,6,8,0,0,0,0,0,0,0,0
2261,hunt,102261,18,False,0,5,100,100,18,13,5,5,11,12,0,0,0,0,0,0,0,0
2262,hunt,102262,14,False,0,5,37,38,14,9,5,5,12,18,0,0,0,0,0,0,0,0
2263,hunt,102263,13,False,0,5,34,34,13,8,5,5,5,10,0,0,0,0,0,0,0,0
2264,hunt,102264,13,False,0,5,38,38,13,8,5,5,6,8,0,0,0,0,0,0,0,0
2265,hunt,102265,11,False,0,5,26,29,11,6,5,5,7,9,0,0,0,0,0,0,0,0
2266,hunt,102266,22,False,0,5,104,104,22,17,5,5,13,10,0,0,0,0,0,0,0,0
2267,hunt,102267,17,False,0,5,61,62,17,12,5,5,10,9,0,0,0,0,0,0,0,0
2268,hunt,102268,30,False,0,5,175,175,30,25,5,5,32,46,0,0,0,0,0,0,0,0
2269,hunt,102269,12,False,0,5,64,70,12,7,5,5,5,8,0,0,0,0,0,0,0,0
2270,hunt,102270,20,False,0,5,107,107,20,15,5,5,11,14,0,0,0,0,0,0,0,0
2271,hunt,102271,15,False,0,5,54,54,15,10,5,5,8,7,0,0,0,0,0,0,0,0
2272,hunt,102272,32,False,0,5,144,144,32,27,5,5,40,37,0,0,0,0,0,0,0,0
2273,hunt,102273,11,False,0,5,36,37,11,6,5,5,5,7,0,0,0,0,0,0,0,0
2274,hunt,102274,29,False,0,5,135,135,29,24,5,5,27,33,0,0,0,0,0,0,0,0
2275,hunt,102275,15,False,0,5,53,53,15,10,5,5,9,7,0,0,0,0,0,0,0,0
2276,hunt,102276,13,False,0,5,26,31,13,8,5,5,8,11,0,0,0,0,0,0,0,0
2277,hunt,102277,14,False,0,5,46,46,13,8,5,5,9,19,0,0,0,0,0,0,0,0
2278,hunt,102278,24,False,0,5,107,107,24,19,5,5,7,11,0,0,0,0,0,0,0,0
2279,hunt,102279,12,False,0,5,24,24,12,7,5,5,3,4,0,0,0,0,0,0,0,0
2280,hunt,102280,14,False,0,5,19,19,14,9,5,5,0,0,0,0,0,0,0,0,0,0
2281,hunt,102281,24,False,0,5,120,120,24,19,5,5,18,19,0,0,0,0,0,0,0,0
2282,hunt,102282,19,False,0,5,81,81,19,14,5,5,11,11,0,0,0,0,0,0,0,0
2283,hunt,102283,32,False,0,5,114,114,32,27,5,5,15,8,0,0,0,0,0,0,0,0
2284,hunt,102284,23,False,0,5,79,80,23,18,5,5,30,28,0,0,0,0,0,0,0,0
2285,hunt,102285,13,False,0,5,37,40,13,8,5,5,4,3,0,0,0,0,0,0,0,0
2286,hunt,102286,12,False,0,5,41,42,12,7,5,5,7,11,0,0,0,0,0,0,0,0
2287,hunt,102287,16,False,0,5,81,83,16,11,5,5,11,13,0,0,0,0,0,0,0,0
2288,hunt,102288,17,False,0,5,78,78,17,12,5,5,13,19,0,0,0,0,0,0,0,0
2289,hunt,102289,16,False,0,5,57,57,16,11,5,5,5,7,0,0,0,0,0,0,0,0
2290,hunt,102290,31,False,0,5,125,125,31,26,5,5,18,29,0,0,0,0,0,0,0,0
2291,hunt,102291,18,False,0,5,52,56,18,13,5,5,9,1,0,0,0,0,0,0,0,0
2292,hunt,102292,20,False,0,5,88,88,20,15,5,5,14,18,0,0,0,0,0,0,0,0
2293,hunt,102293,15,False,0,5,75,75,15,10,5,5,7,5,0,0,0,0,0,0,0,0
2294,hunt,102294,14,False,0,5,60,61,14,9,5,5,4,1,0,0,0,0,0,0,0,0
2295,hunt,102295,17,False,0,5,61,62,17,12,5,5,9,7,0,0,0,0,0,0,0,0
2296,hunt,102296,18,False,0,5,88,88,18,13,5,5,7,11,0,0,0,0,0,0,0,0
2297,hunt,102297,10,False,0,5,17,18,10,5,5,5,4,10,0,0,0,0,0,0,0,0
2298,hunt,102298,17,False,0,5,50,52,17,12,5,5,14,13,0,0,0,0,0,0,0,0
2299,hunt,102299,17,False,0,5,43,43,17,12,5,5,5,5,0,0,0,0,0,0,0,0
2300,hunt,102300,36,False,0,5,145,145,36,31,5,5,23,38,0,0,0,0,0,0,0,0
2301,hunt,102301,17,False,0,5,56,56,17,12,5,5,10,14,0,0,0,0,0,0,0,0
2302,hunt,102302,18,False,0,5,69,69,18,13,5,5,13,19,0,0,0,0,0,0,0,0
2303,hunt,102303,12,False,0,5,39,42,12,7,5,5,5,9,0,0,0,0,0,0,0,0
2304,hunt,102304,15,False,0,5,52,55,15,10,5,5,5,4,0,0,0,0,0,0,0,0
2305,hunt,102305,13,False,0,5,22,25,13,8,5,5,10,8,0,0,0,0,0,0,0,0
2306,hunt,102306,21,False,0,5,86,86,21,16,5,5,7,5,0,0,0,0,0,0,0,0
2307,hunt,102307,15,False,0,5,51,54,15,10,5,5,8,9,0,0,0,0,0,0,0,0
2308,hunt,102308,22,False,0,5,48,48,22,17,5,5,2,4,0,0,0,0,0,0,0,0
2309,hunt,102309,26,False,0,5,138,138,26,21,5,5,22,29,0,0,0,0,0,0,0,0
2310,hunt,102310,15,False,0,5,60,62,15,10,5,5,7,4,0,0,0,0,0,0,0,0
2311,hunt,102311,21,False,0,5,96,96,21,16,5,5,9,12,0,0,0,0,0,0,0,0
2312,hunt,102312,24,False,0,5,89,89,24,19,5,5,2,0,0,0,0,0,0,0,0,0
2313,hunt,102313,27,False,0,5,93,93,27,22,5,5,14,17,0,0,0,0,0,0,0,0
2314,hunt,102314,16,False,0,5,71,74,16,11,5,5,7,9,0,0,0,0,0,0,0,0
2315,hunt,102315,19,False,0,5,102,102,19,14,5,5,8,14,0,0,0,0,0,0,0,0
2316,hunt,102316,15,False,0,5,70,70,15,10,5,5,3,0,0,0,0,0,0,0,0,0
2317,hunt,102317,17,False,0,5,63,63,17,12,5,5,8,14,0,0,0,0,0,0,0,0
2318,hunt,102318,19,False,0,5,71,71,19,14,5,5,18,16,0,0,0,0,0,0,0,0
2319,hunt,102319,12,False,0,5,29,29,12,7,5,5,6,13,0,0,0,0,0,0,0,0
2320,hunt,102320,26,False,0,5,84,84,26,21,5,5,15,19,0,0,0,0,0,0,0,0
2321,hunt,102321,14,False,0,5,34,37,14,9,5,5,4,4,0,0,0,0,0,0,0,0
2322,hunt,102322,17,False,0,5,94,94,17,12,5,5,7,15,0,0,0,0,0,0,0,0
2323,hunt,102323,17,False,0,5,101,101,17,12,5,5,10,11,0,0,0,0,0,0,0,0
2324,hunt,102324,19,False,0,5,127,127,19,14,5,5,14,22,0,0,0,0,0,0,0,0
2325,hunt,102325,11,False,0,5,25,26,11,6,5,5,6,9,0,0,0,0,0,0,0,0
2326,hunt,102326,13,False,0,5,55,57,13,8,5,5,5,7,0,0,0,0,0,0,0,0
2327,hunt,102327,28,False,0,5,88,88,28,23,5,5,18,18,0,0,0,0,0,0,0,0
2328,hunt,102328,20,False,0,5,66,66,20,15,5,5,14,18,0,0,0,0,0,0,0,0
2329,hunt,102329,13,False,0,5,22,25,13,8,5,5,9,11,0,0,0,0,0,0,0,0
2330,hunt,102330,17,False,0,5,72,72,17,12,5,5,10,21,0,0,0,0,0,0,0,0
2331,hunt,102331,18,False,0,5,64,64,18,13,5,5,18,22,0,0,0,0,0,0,0,0
2332,hunt,102332,31,False,0,5,101,101,31,26,5,5,16,29,0,0,0,0,0,0,0,0
2333,hunt,102333,18,False,0,5,44,44,18,13,5,5,7,11,0,0,0,0,0,0,0,0
2334,hunt,102334,16,False,0,5,48,48,16,11,5,5,12,13,0,0,0,0,0,0,0,0
2335,hunt,102335,10,False,0,5,13,13,10,5,5,5,5,7,0,0,0,0,0,0,0,0
2336,hunt,102336,13,False,0,5,44,48,13,8,5,5,8,9,0,0,0,0,0,0,0,0
2337,hunt,102337,12,False,0,5,35,35,12,7,5,5,8,16,0,0,0,0,0,0,0,0
2338,hunt,102338,24,False,0,5,97,97,24,19,5,5,22,26,0,0,0,0,0,0,0,0
2339,hunt,102339,21,False,0,5,73,73,21,16,5,5,21,16,0,0,0,0,0,0,0,0
2340,hunt,102340,16,False,0,5,61,66,16,11,5,5,12,15,0,0,0,0,0,0,0,0
2341,hunt,102341,21,False,0,5,75,75,21,16,5,5,13,3,0,0,0,0,0,0,0,0
2342,hunt,102342,18,False,0,5,73,73,18,13,5,5,10,9,0,0,0,0,0,0,0,0
2343,hunt,102343,14,False,0,5,38,38,14,9,5,5,3,5,0,0,0,0,0,0,0,0
2344,hunt,102344,15,False,0,5,23,23,15,10,5,5,4,4,0,0,0,0,0,0,0,0
2345,hunt,102345,15,False,0,5,38,39,15,10,5,5,5,7,0,0,0,0,0,0,0,0
2346,hunt,102346,12,False,0,5,20,23,12,7,5,5,2,4,0,0,0,0,0,0,0,0
2347,hunt,102347,15,False,0,5,52,52,15,10,5,5,11,18,0,0,0,0,0,0,0,0
2348,hunt,102348,16,False,0,5,47,47,16,11,5,5,6,7,0,0,0,0,0,0,0,0
2349,hunt,102349,15,False,0,5,68,70,15,10,5,5,10,13,0,0,0,0,0,0,0,0
2350,hunt,102350,16,False,0,5,60,60,16,11,5,5,9,11,0,0,0,0,0,0,0,0
2351,hunt,102351,23,False,0,5,92,92,23,18,5,5,17,7,0,0,0,0,0,0,0,0
2352,hunt,102352,17,False,0,5,62,62,17,12,5,5,3,4,0,0,0,0,0,0,0,0
2353,hunt,102353,16,False,0,5,61,61,16,11,5,5,5,6,0,0,0,0,0,0,0,0
2354,hunt,102354,12,False,0,5,23,23,12,7,5,5,7,16,0,0,0,0,0,0,0,0
2355,hunt,102355,9,False,0,5,13,13,9,4,5,5,4,7,0,0,0,0,0,0,0,0
2356,hunt,102356,12,False,0,5,44,45,12,7,5,5,9,16,0,0,0,0,0,0,0,0
2357,hunt,102357,13,False,0,5,35,35,13,8,5,5,9,13,0,0,0,0,0,0,0,0
2358,hunt,102358,16,False,0,5,39,39,16,11,5,5,5,8,0,0,0,0,0,0,0,0
2359,hunt,102359,12,False,0,5,24,24,12,7,5,5,5,8,0,0,0,0,0,0,0,0
2360,hunt,102360,20,False,0,5,81,81,20,15,5,5,10,6,0,0,0,0,0,0,0,0
2361,hunt,102361,24,False,0,5,112,112,24,19,5,5,20,23,0,0,0,0,0,0,0,0
2362,hunt,102362,13,False,0,5,33,35,13,8,5,5,11,16,0,0,0,0,0,0,0,0
2363,hunt,102363,15,False,0,5,38,38,15,10,5,5,9,9,0,0,0,0,0,0,0,0
2364,hunt,102364,16,False,0,5,70,71,16,11,5,5,12,18,0,0,0,0,0,0,0,0
2365,hunt,102365,10,False,0,5,19,26,10,5,5,5,7,9,0,0,0,0,0,0,0,0
2366,hunt,102366,24,False,0,5,106,106,24,19,5,5,10,20,0,0,0,0,0,0,0,0
2367,hunt,102367,13,False,0,5,49,53,13,8,5,5,10,20,0,0,0,0,0,0,0,0
2368,hunt,102368,19,False,0,5,60,60,19,14,5,5,10,17,0,0,0,0,0,0,0,0
2369,hunt,102369,21,False,0,5,133,133,21,16,5,5,17,19,0,0,0,0,0,0,0,0
2370,hunt,102370,12,False,0,5,42,43,12,7,5,5,8,8,0,0,0,0,0,0,0,0
2371,hunt,102371,25,False,0,5,80,80,25,20,5,5,29,25,0,0,0,0,0,0,0,0
2372,hunt,102372,22,False,0,5,106,106,22,17,5,5,15,17,0,0,0,0,0,0,0,0
2373,hunt,102373,12,False,0,5,17,17,11,6,5,5,7,11,0,0,0,0,0,0,0,0
2374,hunt,102374,16,False,0,5,61,61,16,11,5,5,8,13,0,0,0,0,0,0,0,0
2375,hunt,102375,20,False,0,5,82,82,20,15,5,5,13,20,0,0,0,0,0,0,0,0
2376,hunt,102376,19,False,0,5,49,49,19,14,5,5,15,22,0,0,0,0,0,0,0,0
2377,hunt,102377,19,False,0,5,69,69,19,14,5,5,5,7,0,0,0,0,0,0,0,0
2378,hunt,102378,33,False,0,5,95,95,33,28,5,5,42,46,0,0,0,0,0,0,0,0
2379,hunt,102379,11,False,0,5,38,44,11,6,5,5,0,0,0,0,0,0,0,0,0,0
2380,hunt,102380,25,False,0,5,107,107,25,20,5,5,23,21,0,0,0,0,0,0,0,0
2381,hunt,102381,25,False,0,5,88,88,25,20,5,5,4,7,0,0,0,0,0,0,0,0
2382,hunt,102382,14,False,0,5,65,65,14,9,5,5,4,7,0,0,0,0,0,0,0,0
2383,hunt,102383,17,False,0,5,62,62,17,12,5,5,2,1,0,0,0,0,0,0,0,0
2384,hunt,102384,23,False,0,5,110,110,23,18,5,5,15,26,0,0,0,0,0,0,0,0
2385,hunt,102385,14,False,0,5,72,74,14,9,5,5,6,13,0,0,0,0,0,0,0,0
2386,hunt,102386,9,False,0,5,19,21,9,4,5,5,1,2,0,0,0,0,0,0,0,0
2387,hunt,102387,22,False,0,5,116,116,22,17,5,5,8,5,0,0,0,0,0,0,0,0
2388,hunt,102388,14,False,0,5,39,41,14,9,5,5,13,17,0,0,0,0,0,0,0,0
2389,hunt,102389,13,False,0,5,43,43,13,8,5,5,13,20,0,0,0,0,0,0,0,0
2390,hunt,102390,24,False,0,5,127,127,24,19,5,5,22,20,0,0,0,0,0,0,0,0
2391,hunt,102391,16,False,0,5,42,42,16,11,5,5,12,14,0,0,0,0,0,0,0,0
2392,hunt,102392,22,False,0,5,95,95,22,17,5,5,17,21,0,0,0,0,0,0,0,0
2393,hunt,102393,13,False,0,5,62,68,13,8,5,5,9,15,0,0,0,0,0,0,0,0
2394,hunt,102394,18,False,0,5,85,89,18,13,5,5,9,7,0,0,0,0,0,0,0,0
2395,hunt,102395,10,False,0,5,38,39,10,5,5,5,8,15,0,0,0,0,0,0,0,0
2396,hunt,102396,15,False,0,5,59,65,15,10,5,5,9,12,0,0,0,0,0,0,0,0
2397,hunt,102397,24,False,0,5,106,106,24,19,5,5,9,14,0,0,0,0,0,0,0,0
2398,hunt,102398,16,False,0,5,75,80,16,11,5,5,6,8,0,0,0,0,0,0,0,0
2399,hunt,102399,14,False,0,5,52,55,14,9,5,5,12,14,0,0,0,0,0,0,0,0
2400,hunt,102400,16,False,0,5,64,64,16,11,5,5,7,13,0,0,0,0,0,0,0,0
2401,hunt,102401,13,False,0,5,34,43,13,8,5,5,6,4,0,0,0,0,0,0,0,0
2402,hunt,102402,14,False,0,5,70,74,14,9,5,5,6,4,0,0,0,0,0,0,0,0
2403,hunt,102403,12,False,0,5,38,41,12,7,5,5,3,4,0,0,0,0,0,0,0,0
2404,hunt,102404,25,False,0,5,101,101,25,20,5,5,17,17,0,0,0,0,0,0,0,0
2405,hunt,102405,15,False,0,5,54,59,15,10,5,5,7,10,0,0,0,0,0,0,0,0
2406,hunt,102406,11,False,0,5,15,16,11,6,5,5,5,10,0,0,0,0,0,0,0,0
2407,hunt,102407,14,False,0,5,27,27,14,9,5,5,8,8,0,0,0,0,0,0,0,0
2408,hunt,102408,18,False,0,5,98,99,18,13,5,5,15,13,0,0,0,0,0,0,0,0
2409,hunt,102409,19,False,0,5,93,93,19,14,5,5,4,7,0,0,0,0,0,0,0,0
2410,hunt,102410,13,False,0,5,26,26,13,8,5,5,2,3,0,0,0,0,0,0,0,0
2411,hunt,102411,26,False,0,5,118,118,26,21,5,5,14,17,0,0,0,0,0,0,0,0
2412,hunt,102412,13,False,0,5,42,43,13,8,5,5,2,0,0,0,0,0,0,0,0,0
2413,hunt,102413,14,False,0,5,52,58,14,9,5,5,10,12,0,0,0,0,0,0,0,0
2414,hunt,102414,24,False,0,5,100,100,24,19,5,5,15,14,0,0,0,0,0,0,0,0
2415,hunt,102415,21,False,0,5,94,94,21,16,5,5,16,19,0,0,0,0,0,0,0,0
2416,hunt,102416,14,False,0,5,44,44,14,9,5,5,6,5,0,0,0,0,0,0,0,0
2417,hunt,102417,12,False,0,5,26,29,12,7,5,5,5,3,0,0,0,0,0,0,0,0
2418,hunt,102418,20,False,0,5,78,78,20,15,5,5,14,13,0,0,0,0,0,0,0,0
2419,hunt,102419,23,False,0,5,94,94,23,18,5,5,22,27,0,0,0,0,0,0,0,0
2420,hunt,102420,23,False,0,5,79,79,23,18,5,5,12,11,0,0,0,0,0,0,0,0
2421,hunt,102421,19,False,0,5,95,95,19,14,5,5,7,13,0,0,0,0,0,0,0,0
2422,hunt,102422,20,False,0,5,68,69,20,15,5,5,16,19,0,0,0,0,0,0,0,0
2423,hunt,102423,14,False,0,5,51,51,14,9,5,5,13,21,0,0,0,0,0,0,0,0
2424,hunt,102424,19,False,0,5,64,65,19,14,5,5,21,18,0,0,0,0,0,0,0,0
2425,hunt,102425,18,False,0,5,81,85,18,13,5,5,14,14,0,0,0,0,0,0,0,0
2426,hunt,102426,12,False,0,5,35,35,12,7,5,5,5,9,0,0,0,0,0,0,0,0
2427,hunt,102427,22,False,0,5,101,101,22,17,5,5,19,26,0,0,0,0,0,0,0,0
2428,hunt,102428,13,False,0,5,41,44,13,8,5,5,3,6,0,0,0,0,0,0,0,0
2429,hunt,102429,36,False,0,5,178,178,36,31,5,5,49,62,0,0,0,0,0,0,0,0
2430,hunt,102430,17,False,0,5,101,101,17,12,5,5,5,7,0,0,0,0,0,0,0,0
2431,hunt,102431,24,False,0,5,103,103,24,19,5,5,10,8,0,0,0,0,0,0,0,0
2432,hunt,102432,40,False,0,5,146,146,40,35,5,5,40,45,0,0,0,0,0,0,0,0
2433,hunt,102433,13,False,0,5,38,43,13,8,5,5,7,8,0,0,0,0,0,0,0,0
2434,hunt,102434,18,False,0,5,58,58,18,13,5,5,5,12,0,0,0,0,0,0,0,0
2435,hunt,102435,32,False,0,5,97,97,32,27,5,5,13,23,0,0,0,0,0,0,0,0
2436,hunt,102436,15,False,0,5,56,56,15,10,5,5,5,1,0,0,0,0,0,0,0,0
2437,hunt,102437,14,False,0,5,63,63,14,9,5,5,10,15,0,0,0,0,0,0,0,0
2438,hunt,102438,9,False,0,5,21,27,9,4,5,5,7,13,0,0,0,0,0,0,0,0
2439,hunt,102439,12,False,0,5,47,48,12,7,5,5,8,12,0,0,0,0,0,0,0,0
2440,hunt,102440,26,False,0,5,102,102,26,21,5,5,15,20,0,0,0,0,0,0,0,0
2441,hunt,102441,27,False,0,5,112,112,27,22,5,5,23,31,0,0,0,0,0,0,0,0
2442,hunt,102442,25,False,0,5,80,80,25,20,5,5,23,16,0,0,0,0,0,0,0,0
2443,hunt,102443,14,False,0,5,37,39,14,9,5,5,10,14,0,0,0,0,0,0,0,0
2444,hunt,102444,14,False,0,5,55,56,14,9,5,5,8,11,0,0,0,0,0,0,0,0
2445,hunt,102445,24,False,0,5,131,131,24,19,5,5,15,22,0,0,0,0,0,0,0,0
2446,hunt,102446,7,False,0,5,1,13,5,1,4,4,5,4,0,0,0,0,0,0,0,0
2447,hunt,102447,12,False,0,5,41,41,12,7,5,5,4,6,0,0,0,0,0,0,0,0
2448,hunt,102448,19,False,0,5,82,82,19,14,5,5,8,13,0,0,0,0,0,0,0,0
2449,hunt,102449,15,False,0,5,50,50,15,10,5,5,4,8,0,0,0,0,0,0,0,0
2450,hunt,102450,20,False,0,5,73,73,20,15,5,5,14,7,0,0,0,0,0,0,0,0
2451,hunt,102451,8,False,0,5,26,30,8,3,5,5,5,9,0,0,0,0,0,0,0,0
2452,hunt,102452,15,False,0,5,62,62,15,10,5,5,6,8,0,0,0,0,0,0,0,0
2453,hunt,102453,26,False,0,5,111,111,26,21,5,5,16,19,0,0,0,0,0,0,0,0
2454,hunt,102454,7,False,0,5,14,18,7,2,5,5,2,6,0,0,0,0,0,0,0,0
2455,hunt,102455,13,False,0,5,38,40,13,8,5,5,4,5,0,0,0,0,0,0,0,0
2456,hunt,102456,14,False,0,5,50,52,14,9,5,5,11,11,0,0,0,0,0,0,0,0
2457,hunt,102457,19,False,0,5,85,85,19,14,5,5,7,8,0,0,0,0,0,0,0,0
2458,hunt,102458,20,False,0,5,97,97,20,15,5,5,9,9,0,0,0,0,0,0,0,0
2459,hunt,102459,24,False,0,5,91,91,24,19,5,5,15,14,0,0,0,0,0,0,0,0
2460,hunt,102460,15,False,0,5,31,31,15,10,5,5,5,9,0,0,0,0,0,0,0,0
2461,hunt,102461,15,False,0,5,62,62,15,10,5,5,6,9,0,0,0,0,0,0,0,0
2462,hunt,102462,18,False,0,5,77,77,18,13,5,5,11,14,0,0,0,0,0,0,0,0
2463,hunt,102463,19,False,0,5,67,67,19,14,5,5,14,15,0,0,0,0,0,0,0,0
2464,hunt,102464,12,False,0,5,10,17,12,7,5,5,5,10,0,0,0,0,0,0,0,0
2465,hunt,102465,24,False,0,5,106,106,24,19,5,5,10,15,0,0,0,0,0,0,0,0
2466,hunt,102466,15,False,0,5,72,76,15,10,5,5,8,9,0,0,0,0,0,0,0,0
2467,hunt,102467,15,False,0,5,57,57,15,10,5,5,11,15,0,0,0,0,0,0,0,0
2468,hunt,102468,18,False,0,5,79,79,18,13,5,5,10,14,0,0,0,0,0,0,0,0
2469,hunt,102469,24,False,0,5,116,116,24,19,5,5,18,19,0,0,0,0,0,0,0,0
2470,hunt,102470,21,False,0,5,76,76,21,16,5,5,5,5,0,0,0,0,0,0,0,0
2471,hunt,102471,19,False,0,5,60,60,19,14,5,5,9,18,0,0,0,0,0,0,0,0
2472,hunt,102472,21,False,0,5,100,100,21,16,5,5,15,13,0,0,0,0,0,0,0,0
2473,hunt,102473,12,False,0,5,24,24,12,7,5,5,7,8,0,0,0,0,0,0,0,0
2474,hunt,102474,20,False,0,5,85,85,20,15,5,5,12,17,0,0,0,0,0,0,0,0
2475,hunt,102475,14,False,0,5,48,54,14,9,5,5,12,16,0,0,0,0,0,0,0,0
2476,hunt,102476,16,False,0,5,62,63,16,11,5,5,14,17,0,0,0,0,0,0,0,0
2477,hunt,102477,19,False,0,5,65,65,19,14,5,5,5,6,0,0,0,0,0,0,0,0
2478,hunt,102478,13,False,0,5,33,33,13,8,5,5,3,5,0,0,0,0,0,0,0,0
2479,hunt,102479,13,False,0,5,20,20,10,5,5,5,14,24,0,0,0,0,0,0,0,0
2480,hunt,102480,22,False,0,5,63,63,22,17,5,5,12,13,0,0,0,0,0,0,0,0
2481,hunt,102481,16,False,0,5,52,52,16,11,5,5,9,13,0,0,0,0,0,0,0,0
2482,hunt,102482,14,False,0,5,34,36,14,9,5,5,0,0,0,0,0,0,0,0,0,0
2483,hunt,102483,29,False,0,5,113,113,29,24,5,5,16,22,0,0,0,0,0,0,0,0
2484,hunt,102484,19,False,0,5,70,70,19,14,5,5,10,14,0,0,0,0,0,0,0,0
2485,hunt,102485,18,False,0,5,67,67,18,13,5,5,15,22,0,0,0,0,0,0,0,0
2486,hunt,102486,17,False,0,5,55,58,17,12,5,5,12,10,0,0,0,0,0,0,0,0
2487,hunt,102487,18,False,0,5,87,87,18,13,5,5,13,15,0,0,0,0,0,0,0,0
2488,hunt,102488,14,False,0,5,45,48,14,9,5,5,6,9,0,0,0,0,0,0,0,0
2489,hunt,102489,14,False,0,5,46,46,14,9,5,5,6,9,0,0,0,0,0,0,0,0
2490,hunt,102490,16,False,0,5,73,74,16,11,5,5,10,16,0,0,0,0,0,0,0,0
2491,hunt,102491,7,False,0,5,26,27,7,2,5,5,7,13,0,0,0,0,0,0,0,0
2492,hunt,102492,20,False,0,5,73,73,20,15,5,5,5,5,0,0,0,0,0,0,0,0
2493,hunt,102493,15,False,0,5,56,57,15,10,5,5,10,12,0,0,0,0,0,0,0,0
2494,hunt,102494,20,False,0,5,95,95,20,15,5,5,19,19,0,0,0,0,0,0,0,0
2495,hunt,102495,11,False,0,5,26,26,11,6,5,5,7,12,0,0,0,0,0,0,0,0
2496,hunt,102496,15,False,0,5,55,55,15,10,5,5,11,16,0,0,0,0,0,0,0,0
2497,hunt,102497,19,False,0,5,68,68,19,14,5,5,6,3,0,0,0,0,0,0,0,0
2498,hunt,102498,12,False,0,5,51,52,12,7,5,5,5,7,0,0,0,0,0,0,0,0
2499,hunt,102499,12,False,0,5,45,45,12,7,5,5,8,12,0,0,0,0,0,0,0,0
2500,hunt,102500,23,False,0,5,89,89,23,18,5,5,11,7,0,0,0,0,0,0,0,0
2501,hunt,102501,19,False,0,5,85,85,19,14,5,5,11,17,0,0,0,0,0,0,0,0
2502,hunt,102502,27,False,0,5,133,133,27,22,5,5,25,38,0,0,0,0,0,0,0,0
2503,hunt,102503,10,False,0,5,36,39,10,5,5,5,5,10,0,0,0,0,0,0,0,0
2504,hunt,102504,21,False,0,5,85,85,21,16,5,5,6,7,0,0,0,0,0,0,0,0
2505,hunt,102505,23,False,0,5,107,107,23,18,5,5,19,20,0,0,0,0,0,0,0,0
2506,hunt,102506,15,False,0,5,58,58,15,10,5,5,5,12,0,0,0,0,0,0,0,0
2507,hunt,102507,12,False,0,5,53,54,12,7,5,5,8,16,0,0,0,0,0,0,0,0
2508,hunt,102508,17,False,0,5,54,55,17,12,5,5,5,10,0,0,0,0,0,0,0,0
2509,hunt,102509,19,False,0,5,83,83,19,14,5,5,8,10,0,0,0,0,0,0,0,0
2510,hunt,102510,17,False,0,5,48,48,17,12,5,5,11,17,0,0,0,0,0,0,0,0
2511,hunt,102511,13,False,0,5,50,53,13,8,5,5,10,9,0,0,0,0,0,0,0,0
2512,hunt,102512,26,False,0,5,111,111,26,21,5,5,16,16,0,0,0,0,0,0,0,0
2513,hunt,102513,15,False,0,5,52,52,15,10,5,5,7,8,0,0,0,0,0,0,0,0
2514,hunt,102514,16,False,0,5,79,79,16,11,5,5,13,27,0,0,0,0,0,0,0,0
2515,hunt,102515,13,False,0,5,36,37,13,8,5,5,14,22,0,0,0,0,0,0,0,0
2516,hunt,102516,18,False,0,5,89,89,18,13,5,5,10,20,0,0,0,0,0,0,0,0
2517,hunt,102517,8,False,0,5,25,25,8,3,5,5,4,8,0,0,0,0,0,0,0,0
2518,hunt,102518,18,False,0,5,90,90,18,13,5,5,13,21,0,0,0,0,0,0,0,0
2519,hunt,102519,20,False,0,5,77,77,20,15,5,5,14,23,0,0,0,0,0,0,0,0
2520,hunt,102520,33,False,0,5,169,169,33,28,5,5,28,41,0,0,0,0,0,0,0,0
2521,hunt,102521,17,False,0,5,89,89,17,12,5,5,11,21,0,0,0,0,0,0,0,0
2522,hunt,102522,23,False,0,5,103,103,23,18,5,5,18,23,0,0,0,0,0,0,0,0
2523,hunt,102523,15,False,0,5,80,83,15,10,5,5,7,15,0,0,0,0,0,0,0,0
2524,hunt,102524,13,False,0,5,34,34,13,8,5,5,13,25,0,0,0,0,0,0,0,0
2525,hunt,102525,12,False,0,5,50,52,12,7,5,5,6,12,0,0,0,0,0,0,0,0
2526,hunt,102526,16,False,0,5,58,58,16,11,5,5,2,0,0,0,0,0,0,0,0,0
2527,hunt,102527,21,False,0,5,80,80,21,16,5,5,17,22,0,0,0,0,0,0,0,0
2528,hunt,102528,9,False,0,5,22,22,9,4,5,5,6,7,0,0,0,0,0,0,0,0
2529,hunt,102529,15,False,0,5,59,59,15,10,5,5,5,6,0,0,0,0,0,0,0,0
2530,hunt,102530,18,False,0,5,55,55,18,13,5,5,7,7,0,0,0,0,0,0,0,0
2531,hunt,102531,31,False,0,5,154,154,31,26,5,5,14,19,0,0,0,0,0,0,0,0
2532,hunt,102532,16,False,0,5,59,59,16,11,5,5,9,9,0,0,0,0,0,0,0,0
2533,hunt,102533,16,False,0,5,42,42,16,11,5,5,8,12,0,0,0,0,0,0,0,0
2534,hunt,102534,11,False,0,5,21,21,11,6,5,5,10,13,0,0,0,0,0,0,0,0
2535,hunt,102535,17,False,0,5,67,72,17,12,5,5,10,7,0,0,0,0,0,0,0,0
2536,hunt,102536,15,False,0,5,56,57,15,10,5,5,9,15,0,0,0,0,0,0,0,0
2537,hunt,102537,36,False,0,5,114,114,36,31,5,5,56,55,0,0,0,0,0,0,0,0
2538,hunt,102538,14,False,0,5,33,34,14,9,5,5,7,9,0,0,0,0,0,0,0,0
2539,hunt,102539,17,False,0,5,86,86,17,12,5,5,8,12,0,0,0,0,0,0,0,0
2540,hunt,102540,8,False,0,5,9,9,8,3,5,5,2,4,0,0,0,0,0,0,0,0
2541,hunt,102541,23,False,0,5,58,58,23,18,5,5,10,11,0,0,0,0,0,0,0,0
2542,hunt,102542,15,False,0,5,41,41,15,10,5,5,8,11,0,0,0,0,0,0,0,0
2543,hunt,102543,16,False,0,5,43,43,16,11,5,5,6,7,0,0,0,0,0,0,0,0
2544,hunt,102544,10,False,0,5,23,27,10,5,5,5,5,8,0,0,0,0,0,0,0,0
2545,hunt,102545,19,False,0,5,94,94,19,14,5,5,9,13,0,0,0,0,0,0,0,0
2546,hunt,102546,22,False,0,5,73,73,22,17,5,5,5,14,0,0,0,0,0,0,0,0
2547,hunt,102547,11,False,0,5,23,23,11,6,5,5,7,12,0,0,0,0,0,0,0,0
2548,hunt,102548,15,False,0,5,53,53,15,10,5,5,13,18,0,0,0,0,0,0,0,0
2549,hunt,102549,19,False,0,5,82,82,19,14,5,5,4,4,0,0,0,0,0,0,0,0
2550,hunt,102550,19,False,0,5,54,54,19,14,5,5,9,14,0,0,0,0,0,0,0,0
2551,hunt,102551,23,False,0,5,90,90,23,18,5,5,7,5,0,0,0,0,0,0,0,0
2552,hunt,102552,18,False,0,5,105,105,18,13,5,5,7,15,0,0,0,0,0,0,0,0
2553,hunt,102553,24,False,0,5,57,57,24,19,5,5,5,8,0,0,0,0,0,0,0,0
2554,hunt,102554,22,False,0,5,115,115,22,17,5,5,19,32,0,0,0,0,0,0,0,0
2555,hunt,102555,21,False,0,5,100,100,21,16,5,5,15,7,0,0,0,0,0,0,0,0
2556,hunt,102556,15,False,0,5,57,58,15,10,5,5,3,6,0,0,0,0,0,0,0,0
2557,hunt,102557,16,False,0,5,50,52,16,11,5,5,10,15,0,0,0,0,0,0,0,0
2558,hunt,102558,10,False,0,5,29,29,10,5,5,5,4,6,0,0,0,0,0,0,0,0
2559,hunt,102559,18,False,0,5,45,45,18,13,5,5,0,0,0,0,0,0,0,0,0,0
2560,hunt,102560,14,False,0,5,62,63,14,9,5,5,7,15,0,0,0,0,0,0,0,0
2561,hunt,102561,32,False,0,5,106,106,32,27,5,5,25,26,0,0,0,0,0,0,0,0
2562,hunt,102562,16,False,0,5,42,44,16,11,5,5,8,5,0,0,0,0,0,0,0,0
2563,hunt,102563,11,False,0,5,53,59,11,6,5,5,6,4,0,0,0,0,0,0,0,0
2564,hunt,102564,11,False,0,5,45,50,11,6,5,5,8,12,0,0,0,0,0,0,0,0
2565,hunt,102565,22,False,0,5,109,109,22,17,5,5,5,6,0,0,0,0,0,0,0,0
2566,hunt,102566,15,False,0,5,46,47,15,10,5,5,9,13,0,0,0,0,0,0,0,0
2567,hunt,102567,27,False,0,5,113,113,27,22,5,5,15,8,0,0,0,0,0,0,0,0
2568,hunt,102568,17,False,0,5,85,85,17,12,5,5,14,22,0,0,0,0,0,0,0,0
2569,hunt,102569,16,False,0,5,69,73,16,11,5,5,8,5,0,0,0,0,0,0,0,0
2570,hunt,102570,18,False,0,5,64,64,18,13,5,5,6,11,0,0,0,0,0,0,0,0
2571,hunt,102571,14,False,0,5,56,56,14,9,5,5,9,10,0,0,0,0,0,0,0,0
2572,hunt,102572,20,False,0,5,67,67,20,15,5,5,23,25,0,0,0,0,0,0,0,0
2573,hunt,102573,13,False,0,5,47,51,13,8,5,5,4,7,0,0,0,0,0,0,0,0
2574,hunt,102574,23,False,0,5,67,67,23,18,5,5,5,11,0,0,0,0,0,0,0,0
2575,hunt,102575,14,False,0,5,46,46,14,9,5,5,4,2,0,0,0,0,0,0,0,0
2576,hunt,102576,18,False,0,5,71,71,18,13,5,5,8,13,0,0,0,0,0,0,0,0
2577,hunt,102577,26,False,0,5,129,129,26,21,5,5,26,27,0,0,0,0,0,0,0,0
2578,hunt,102578,25,False,0,5,110,111,25,20,5,5,21,33,0,0,0,0,0,0,0,0
2579,hunt,102579,14,False,0,5,47,48,14,9,5,5,14,22,0,0,0,0,0,0,0,0
2580,hunt,102580,20,False,0,5,96,96,20,15,5,5,12,12,0,0,0,0,0,0,0,0
2581,hunt,102581,20,False,0,5,97,97,20,15,5,5,20,30,0,0,0,0,0,0,0,0
2582,hunt,102582,16,False,0,5,48,48,16,11,5,5,7,7,0,0,0,0,0,0,0,0
2583,hunt,102583,28,False,0,5,113,113,28,23,5,5,11,11,0,0,0,0,0,0,0,0
2584,hunt,102584,11,False,0,5,31,33,11,6,5,5,5,7,0,0,0,0,0,0,0,0
2585,hunt,102585,24,False,0,5,86,86,24,19,5,5,6,5,0,0,0,0,0,0,0,0
2586,hunt,102586,21,False,0,5,77,77,21,16,5,5,17,26,0,0,0,0,0,0,0,0
2587,hunt,102587,17,False,0,5,54,54,17,12,5,5,7,8,0,0,0,0,0,0,0,0
2588,hunt,102588,12,False,0,5,39,39,12,7,5,5,6,10,0,0,0,0,0,0,0,0
2589,hunt,102589,30,False,0,5,148,148,30,25,5,5,16,29,0,0,0,0,0,0,0,0
2590,hunt,102590,19,False,0,5,93,96,19,14,5,5,11,6,0,0,0,0,0,0,0,0
2591,hunt,102591,17,False,0,5,47,49,17,12,5,5,6,0,0,0,0,0,0,0,0,0
2592,hunt,102592,10,False,0,5,20,21,10,5,5,5,2,3,0,0,0,0,0,0,0,0
2593,hunt,102593,12,False,0,5,46,47,12,7,5,5,6,11,0,0,0,0,0,0,0,0
2594,hunt,102594,18,False,0,5,76,77,18,13,5,5,8,8,0,0,0,0,0,0,0,0
2595,hunt,102595,15,False,0,5,62,62,15,10,5,5,12,23,0,0,0,0,0,0,0,0
2596,hunt,102596,19,False,0,5,86,87,19,14,5,5,9,12,0,0,0,0,0,0,0,0
2597,hunt,102597,11,False,0,5,39,39,11,6,5,5,9,22,0,0,0,0,0,0,0,0
2598,hunt,102598,21,False,0,5,80,81,21,16,5,5,20,26,0,0,0,0,0,0,0,0
2599,hunt,102599,18,False,0,5,78,78,18,13,5,5,10,11,0,0,0,0,0,0,0,0
2600,hunt,102600,18,False,0,5,76,76,18,13,5,5,10,16,0,0,0,0,0,0,0,0
2601,hunt,102601,19,False,0,5,58,58,19,14,5,5,9,5,0,0,0,0,0,0,0,0
2602,hunt,102602,25,False,0,5,107,109,25,20,5,5,29,39,0,0,0,0,0,0,0,0
2603,hunt,102603,22,False,0,5,91,91,22,17,5,5,5,7,0,0,0,0,0,0,0,0
2604,hunt,102604,18,False,0,5,61,61,18,13,5,5,6,10,0,0,0,0,0,0,0,0
2605,hunt,102605,14,False,0,5,47,47,14,9,5,5,3,6,0,0,0,0,0,0,0,0
2606,hunt,102606,21,False,0,5,96,96,21,16,5,5,11,12,0,0,0,0,0,0,0,0
2607,hunt,102607,16,False,0,5,59,59,16,11,5,5,3,6,0,0,0,0,0,0,0,0
2608,hunt,102608,20,False,0,5,104,105,20,15,5,5,12,8,0,0,0,0,0,0,0,0
2609,hunt,102609,16,False,0,5,31,31,16,11,5,5,10,6,0,0,0,0,0,0,0,0
2610,hunt,102610,26,False,0,5,75,75,26,21,5,5,8,14,0,0,0,0,0,0,0,0
2611,hunt,102611,9,False,0,5,13,19,9,4,5,5,6,11,0,0,0,0,0,0,0,0
2612,hunt,102612,24,False,0,5,89,89,24,19,5,5,8,9,0,0,0,0,0,0,0,0
2613,hunt,102613,17,False,0,5,52,52,17,12,5,5,3,5,0,0,0,0,0,0,0,0
2614,hunt,102614,15,False,0,5,46,46,15,10,5,5,9,16,0,0,0,0,0,0,0,0
2615,hunt,102615,26,False,0,5,86,86,26,21,5,5,8,13,0,0,0,0,0,0,0,0
2616,hunt,102616,23,False,0,5,99,99,23,18,5,5,15,13,0,0,0,0,0,0,0,0
2617,hunt,102617,15,False,0,5,71,71,15,10,5,5,6,9,0,0,0,0,0,0,0,0
2618,hunt,102618,18,False,0,5,62,65,18,13,5,5,13,17,0,0,0,0,0,0,0,0
2619,hunt,102619,19,False,0,5,67,67,19,14,5,5,2,3,0,0,0,0,0,0,0,0
2620,hunt,102620,12,False,0,5,35,41,12,7,5,5,3,5,0,0,0,0,0,0,0,0
2621,hunt,102621,15,False,0,5,36,40,15,10,5,5,13,19,0,0,0,0,0,0,0,0
2622,hunt,102622,15,False,0,5,23,24,15,10,5,5,2,0,0,0,0,0,0,0,0,0
2623,hunt,102623,37,False,0,5,127,127,37,32,5,5,26,37,0,0,0,0,0,0,0,0
2624,hunt,102624,34,False,0,5,144,144,34,29,5,5,16,29,0,0,0,0,0,0,0,0
2625,hunt,102625,13,False,0,5,42,43,13,8,5,5,8,11,0,0,0,0,0,0,0,0
2626,hunt,102626,17,False,0,5,45,45,17,12,5,5,12,15,0,0,0,0,0,0,0,0
2627,hunt,102627,16,False,0,5,71,71,16,11,5,5,11,21,0,0,0,0,0,0,0,0
2628,hunt,102628,21,False,0,5,93,93,21,16,5,5,8,11,0,0,0,0,0,0,0,0
2629,hunt,102629,8,False,0,5,9,15,8,3,5,5,3,6,0,0,0,0,0,0,0,0
2630,hunt,102630,17,False,0,5,48,48,17,12,5,5,6,8,0,0,0,0,0,0,0,0
2631,hunt,102631,12,False,0,5,37,37,12,7,5,5,6,13,0,0,0,0,0,0,0,0
2632,hunt,102632,14,False,0,5,83,85,14,9,5,5,11,15,0,0,0,0,0,0,0,0
2633,hunt,102633,21,False,0,5,69,69,21,16,5,5,18,17,0,0,0,0,0,0,0,0
2634,hunt,102634,14,False,0,5,33,34,14,9,5,5,7,4,0,0,0,0,0,0,0,0
2635,hunt,102635,26,False,0,5,128,128,26,21,5,5,23,23,0,0,0,0,0,0,0,0
2636,hunt,102636,15,False,0,5,24,24,15,10,5,5,5,10,0,0,0,0,0,0,0,0
2637,hunt,102637,14,False,0,5,54,57,14,9,5,5,10,17,0,0,0,0,0,0,0,0
2638,hunt,102638,15,False,0,5,45,51,15,10,5,5,10,5,0,0,0,0,0,0,0,0
2639,hunt,102639,18,False,0,5,78,78,18,13,5,5,3,0,0,0,0,0,0,0,0,0
2640,hunt,102640,17,False,0,5,61,69,17,12,5,5,11,12,0,0,0,0,0,0,0,0
2641,hunt,102641,15,False,0,5,54,58,15,10,5,5,10,9,0,0,0,0,0,0,0,0
2642,hunt,102642,17,False,0,5,82,82,17,12,5,5,6,6,0,0,0,0,0,0,0,0
2643,hunt,102643,22,False,0,5,94,94,22,17,5,5,18,26,0,0,0,0,0,0,0,0
2644,hunt,102644,17,False,0,5,78,78,17,12,5,5,10,18,0,0,0,0,0,0,0,0
2645,hunt,102645,22,False,0,5,84,84,22,17,5,5,23,28,0,0,0,0,0,0,0,0
2646,hunt,102646,13,False,0,5,45,45,13,8,5,5,2,2,0,0,0,0,0,0,0,0
2647,hunt,102647,23,False,0,5,81,81,23,18,5,5,19,21,0,0,0,0,0,0,0,0
2648,hunt,102648,13,False,0,5,66,67,13,8,5,5,8,9,0,0,0,0,0,0,0,0
2649,hunt,102649,13,False,0,5,37,38,13,8,5,5,5,5,0,0,0,0,0,0,0,0
2650,hunt,102650,14,False,0,5,52,52,14,9,5,5,4,6,0,0,0,0,0,0,0,0
2651,hunt,102651,14,False,0,5,51,53,14,9,5,5,5,10,0,0,0,0,0,0,0,0
2652,hunt,102652,10,False,0,5,30,33,10,5,5,5,3,4,0,0,0,0,0,0,0,0
2653,hunt,102653,34,False,0,5,137,137,34,29,5,5,16,20,0,0,0,0,0,0,0,0
2654,hunt,102654,14,False,0,5,25,25,14,9,5,5,4,6,0,0,0,0,0,0,0,0
2655,hunt,102655,13,False,0,5,45,45,13,8,5,5,6,10,0,0,0,0,0,0,0,0
2656,hunt,102656,17,False,0,5,92,92,17,12,5,5,11,23,0,0,0,0,0,0,0,0
2657,hunt,102657,20,False,0,5,93,93,20,15,5,5,14,11,0,0,0,0,0,0,0,0
2658,hunt,102658,16,False,0,5,45,45,16,11,5,5,7,13,0,0,0,0,0,0,0,0
2659,hunt,102659,14,False,0,5,52,52,14,9,5,5,5,10,0,0,0,0,0,0,0,0
2660,hunt,102660,28,False,0,5,134,134,28,23,5,5,22,25,0,0,0,0,0,0,0,0
2661,hunt,102661,17,False,0,5,47,47,17,12,5,5,6,6,0,0,0,0,0,0,0,0
2662,hunt,102662,13,False,0,5,20,28,13,8,5,5,4,6,0,0,0,0,0,0,0,0
2663,hunt,102663,10,False,0,5,34,34,10,5,5,5,3,7,0,0,0,0,0,0,0,0
2664,hunt,102664,16,False,0,5,70,70,16,11,5,5,7,8,0,0,0,0,0,0,0,0
2665,hunt,102665,18,False,0,5,64,64,18,13,5,5,7,2,0,0,0,0,0,0,0,0
2666,hunt,102666,23,False,0,5,96,96,23,18,5,5,21,18,0,0,0,0,0,0,0,0
2667,hunt,102667,14,False,0,5,44,47,14,9,5,5,11,14,0,0,0,0,0,0,0,0
2668,hunt,102668,20,False,0,5,92,92,20,15,5,5,18,25,0,0,0,0,0,0,0,0
2669,hunt,102669,12,False,0,5,47,48,12,7,5,5,6,10,0,0,0,0,0,0,0,0
2670,hunt,102670,21,False,0,5,80,80,21,16,5,5,14,16,0,0,0,0,0,0,0,0
2671,hunt,102671,22,False,0,5,85,85,22,17,5,5,6,7,0,0,0,0,0,0,0,0
2672,hunt,102672,12,False,0,5,26,26,12,7,5,5,4,3,0,0,0,0,0,0,0,0
2673,hunt,102673,17,False,0,5,35,35,17,12,5,5,13,18,0,0,0,0,0,0,0,0
2674,hunt,102674,34,False,0,5,123,123,34,29,5,5,36,44,0,0,0,0,0,0,0,0
2675,hunt,102675,31,False,0,5,123,123,31,26,5,5,38,43,0,0,0,0,0,0,0,0
2676,hunt,102676,14,False,0,5,64,64,14,9,5,5,6,11,0,0,0,0,0,0,0,0
2677,hunt,102677,11,False,0,5,21,23,11,6,5,5,6,9,0,0,0,0,0,0,0,0
2678,hunt,102678,19,False,0,5,66,66,19,14,5,5,9,16,0,0,0,0,0,0,0,0
2679,hunt,102679,11,False,0,5,30,31,11,6,5,5,12,17,0,0,0,0,0,0,0,0
2680,hunt,102680,13,False,0,5,43,44,13,8,5,5,6,9,0,0,0,0,0,0,0,0
2681,hunt,102681,12,False,0,5,27,27,12,7,5,5,7,13,0,0,0,0,0,0,0,0
2682,hunt,102682,12,False,0,5,51,51,12,7,5,5,2,4,0,0,0,0,0,0,0,0
2683,hunt,102683,27,False,0,5,89,89,27,22,5,5,7,6,0,0,0,0,0,0,0,0
2684,hunt,102684,16,False,0,5,51,52,16,11,5,5,15,9,0,0,0,0,0,0,0,0
2685,hunt,102685,5,False,0,5,1,7,5,0,5,5,3,4,0,0,0,0,0,0,0,0
2686,hunt,102686,20,False,0,5,94,94,20,15,5,5,19,27,0,0,0,0,0,0,0,0
2687,hunt,102687,12,False,0,5,37,38,12,7,5,5,9,17,0,0,0,0,0,0,0,0
2688,hunt,102688,20,False,0,5,62,63,20,15,5,5,18,11,0,0,0,0,0,0,0,0
2689,hunt,102689,22,False,0,5,74,74,22,17,5,5,12,12,0,0,0,0,0,0,0,0
2690,hunt,102690,9,False,0,5,22,25,9,4,5,5,5,11,0,0,0,0,0,0,0,0
2691,hunt,102691,19,False,0,5,80,80,19,14,5,5,7,13,0,0,0,0,0,0,0,0
2692,hunt,102692,12,False,0,5,29,32,12,7,5,5,3,5,0,0,0,0,0,0,0,0
2693,hunt,102693,15,False,0,5,84,84,15,10,5,5,6,5,0,0,0,0,0,0,0,0
2694,hunt,102694,17,False,0,5,55,56,17,12,5,5,15,18,0,0,0,0,0,0,0,0
2695,hunt,102695,11,False,0,5,38,44,11,6,5,5,3,4,0,0,0,0,0,0,0,0
2696,hunt,102696,19,False,0,5,85,85,19,14,5,5,14,18,0,0,0,0,0,0,0,0
2697,hunt,102697,18,False,0,5,89,89,18,13,5,5,6,5,0,0,0,0,0,0,0,0
2698,hunt,102698,9,False,0,5,31,31,9,4,5,5,5,10,0,0,0,0,0,0,0,0
2699,hunt,102699,11,False,0,5,29,30,11,6,5,5,2,4,0,0,0,0,0,0,0,0
2700,hunt,102700,17,False,0,5,72,72,17,12,5,5,13,22,0,0,0,0,0,0,0,0
2701,hunt,102701,13,False,0,5,45,45,13,8,5,5,9,15,0,0,0,0,0,0,0,0
2702,hunt,102702,12,False,0,5,30,34,12,7,5,5,9,11,0,0,0,0,0,0,0,0
2703,hunt,102703,11,False,0,5,34,34,11,6,5,5,4,6,0,0,0,0,0,0,0,0
2704,hunt,102704,15,False,0,5,53,53,15,10,5,5,3,6,0,0,0,0,0,0,0,0
2705,hunt,102705,21,False,0,5,70,70,21,16,5,5,8,8,0,0,0,0,0,0,0,0
2706,hunt,102706,29,False,0,5,87,87,29,24,5,5,20,17,0,0,0,0,0,0,0,0
2707,hunt,102707,12,False,0,5,48,49,12,7,5,5,8,18,0,0,0,0,0,0,0,0
2708,hunt,102708,22,False,0,5,89,89,22,17,5,5,15,14,0,0,0,0,0,0,0,0
2709,hunt,102709,13,False,0,5,45,46,13,8,5,5,16,26,0,0,0,0,0,0,0,0
2710,hunt,102710,15,False,0,5,85,91,15,10,5,5,5,4,0,0,0,0,0,0,0,0
2711,hunt,102711,17,False,0,5,39,39,17,12,5,5,4,6,0,0,0,0,0,0,0,0
2712,hunt,102712,16,False,0,5,61,61,16,11,5,5,6,13,0,0,0,0,0,0,0,0
2713,hunt,102713,16,False,0,5,38,38,16,11,5,5,3,7,0,0,0,0,0,0,0,0
2714,hunt,102714,14,False,0,5,63,64,14,9,5,5,10,12,0,0,0,0,0,0,0,0
2715,hunt,102715,13,False,0,5,25,25,13,8,5,5,9,15,0,0,0,0,0,0,0,0
2716,hunt,102716,20,False,0,5,100,100,20,15,5,5,12,7,0,0,0,0,0,0,0,0
2717,hunt,102717,17,False,0,5,82,87,17,12,5,5,14,13,0,0,0,0,0,0,0,0
2718,hunt,102718,23,False,0,5,83,83,23,18,5,5,9,3,0,0,0,0,0,0,0,0
2719,hunt,102719,16,False,0,5,65,66,16,11,5,5,12,16,0,0,0,0,0,0,0,0
2720,hunt,102720,18,False,0,5,76,76,18,13,5,5,7,7,0,0,0,0,0,0,0,0
2721,hunt,102721,19,False,0,5,64,64,19,14,5,5,6,5,0,0,0,0,0,0,0,0
2722,hunt,102722,20,False,0,5,87,87,20,15,5,5,11,19,0,0,0,0,0,0,0,0
2723,hunt,102723,23,False,0,5,94,94,23,18,5,5,12,6,0,0,0,0,0,0,0,0
2724,hunt,102724,17,False,0,5,49,49,17,12,5,5,5,4,0,0,0,0,0,0,0,0
2725,hunt,102725,17,False,0,5,77,77,17,12,5,5,3,2,0,0,0,0,0,0,0,0
2726,hunt,102726,11,False,0,5,41,42,11,6,5,5,11,20,0,0,0,0,0,0,0,0
2727,hunt,102727,24,False,0,5,117,117,24,19,5,5,24,32,0,0,0,0,0,0,0,0
2728,hunt,102728,18,False,0,5,79,79,18,13,5,5,15,20,0,0,0,0,0,0,0,0
2729,hunt,102729,20,False,0,5,73,73,20,15,5,5,13,11,0,0,0,0,0,0,0,0
2730,hunt,102730,17,False,0,5,76,76,17,12,5,5,7,10,0,0,0,0,0,0,0,0
2731,hunt,102731,21,False,0,5,91,91,21,16,5,5,15,24,0,0,0,0,0,0,0,0
2732,hunt,102732,16,False,0,5,66,66,16,11,5,5,7,12,0,0,0,0,0,0,0,0
2733,hunt,102733,14,False,0,5,47,47,14,9,5,5,4,3,0,0,0,0,0,0,0,0
2734,hunt,102734,17,False,0,5,62,62,17,12,5,5,9,21,0,0,0,0,0,0,0,0
2735,hunt,102735,14,False,0,5,52,55,14,9,5,5,8,9,0,0,0,0,0,0,0,0
2736,hunt,102736,11,False,0,5,44,45,11,6,5,5,5,10,0,0,0,0,0,0,0,0
2737,hunt,102737,16,False,0,5,82,83,16,11,5,5,10,14,0,0,0,0,0,0,0,0
2738,hunt,102738,17,False,0,5,89,91,17,12,5,5,12,17,0,0,0,0,0,0,0,0
2739,hunt,102739,26,False,0,5,106,106,26,21,5,5,17,13,0,0,0,0,0,0,0,0
2740,hunt,102740,9,False,0,5,15,22,9,4,5,5,3,5,0,0,0,0,0,0,0,0
2741,hunt,102741,13,False,0,5,42,46,13,8,5,5,12,14,0,0,0,0,0,0,0,0
2742,hunt,102742,14,False,0,5,49,51,14,9,5,5,5,6,0,0,0,0,0,0,0,0
2743,hunt,102743,17,False,0,5,64,64,17,12,5,5,5,6,0,0,0,0,0,0,0,0
2744,hunt,102744,10,False,0,5,10,11,9,4,5,5,8,10,0,0,0,0,0,0,0,0
2745,hunt,102745,23,False,0,5,91,91,23,18,5,5,23,33,0,0,0,0,0,0,0,0
2746,hunt,102746,7,False,0,5,8,14,7,2,5,5,3,4,0,0,0,0,0,0,0,0
2747,hunt,102747,17,False,0,5,87,87,17,12,5,5,7,12,0,0,0,0,0,0,0,0
2748,hunt,102748,14,False,0,5,18,18,14,9,5,5,7,8,0,0,0,0,0,0,0,0
2749,hunt,102749,13,False,0,5,49,49,13,8,5,5,12,24,0,0,0,0,0,0,0,0
2750,hunt,102750,12,False,0,5,17,20,12,7,5,5,1,2,0,0,0,0,0,0,0,0
2751,hunt,102751,14,False,0,5,61,61,14,9,5,5,6,7,0,0,0,0,0,0,0,0
2752,hunt,102752,16,False,0,5,56,60,16,11,5,5,16,21,0,0,0,0,0,0,0,0
2753,hunt,102753,8,False,0,5,29,29,8,3,5,5,6,15,0,0,0,0,0,0,0,0
2754,hunt,102754,16,False,0,5,71,72,16,11,5,5,8,14,0,0,0,0,0,0,0,0
2755,hunt,102755,12,False,0,5,29,29,12,7,5,5,2,4,0,0,0,0,0,0,0,0
2756,hunt,102756,23,False,0,5,129,129,23,18,5,5,18,28,0,0,0,0,0,0,0,0
2757,hunt,102757,15,False,0,5,62,62,15,10,5,5,2,5,0,0,0,0,0,0,0,0
2758,hunt,102758,22,False,0,5,101,101,22,17,5,5,22,33,0,0,0,0,0,0,0,0
2759,hunt,102759,20,False,0,5,98,98,20,15,5,5,19,23,0,0,0,0,0,0,0,0
2760,hunt,102760,11,False,0,5,32,35,11,6,5,5,4,7,0,0,0,0,0,0,0,0
2761,hunt,102761,20,False,0,5,94,94,20,15,5,5,9,10,0,0,0,0,0,0,0,0
2762,hunt,102762,15,False,0,5,54,54,15,10,5,5,2,4,0,0,0,0,0,0,0,0
2763,hunt,102763,18,False,0,5,39,39,18,13,5,5,7,10,0,0,0,0,0,0,0,0
2764,hunt,102764,21,False,0,5,78,78,21,16,5,5,8,7,0,0,0,0,0,0,0,0
2765,hunt,102765,12,False,0,5,45,46,12,7,5,5,10,20,0,0,0,0,0,0,0,0
2766,hunt,102766,15,False,0,5,54,55,15,10,5,5,6,0,0,0,0,0,0,0,0,0
2767,hunt,102767,11,False,0,5,35,35,11,6,5,5,3,6,0,0,0,0,0,0,0,0
2768,hunt,102768,11,False,0,5,41,43,11,6,5,5,5,11,0,0,0,0,0,0,0,0
2769,hunt,102769,17,False,0,5,64,64,17,12,5,5,12,22,0,0,0,0,0,0,0,0
2770,hunt,102770,12,False,0,5,40,40,12,7,5,5,10,15,0,0,0,0,0,0,0,0
2771,hunt,102771,18,False,0,5,55,55,18,13,5,5,7,13,0,0,0,0,0,0,0,0
2772,hunt,102772,17,False,0,5,78,78,17,12,5,5,5,0,0,0,0,0,0,0,0,0
2773,hunt,102773,13,False,0,5,33,34,13,8,5,5,8,12,0,0,0,0,0,0,0,0
2774,hunt,102774,15,False,0,5,47,52,15,10,5,5,3,0,0,0,0,0,0,0,0,0
2775,hunt,102775,17,False,0,5,41,41,17,12,5,5,10,20,0,0,0,0,0,0,0,0
2776,hunt,102776,16,False,0,5,54,54,16,11,5,5,9,10,0,0,0,0,0,0,0,0
2777,hunt,102777,19,False,0,5,65,65,19,14,5,5,16,25,0,0,0,0,0,0,0,0
2778,hunt,102778,12,False,0,5,18,25,12,7,5,5,4,4,0,0,0,0,0,0,0,0
2779,hunt,102779,14,False,0,5,39,39,14,9,5,5,8,17,0,0,0,0,0,0,0,0
2780,hunt,102780,9,False,0,5,31,34,9,4,5,5,3,6,0,0,0,0,0,0,0,0
2781,hunt,102781,13,False,0,5,32,32,13,8,5,5,8,15,0,0,0,0,0,0,0,0
2782,hunt,102782,14,False,0,5,41,41,14,9,5,5,5,10,0,0,0,0,0,0,0,0
2783,hunt,102783,15,False,0,5,62,63,15,10,5,5,9,13,0,0,0,0,0,0,0,0
2784,hunt,102784,14,False,0,5,51,52,14,9,5,5,12,18,0,0,0,0,0,0,0,0
2785,hunt,102785,17,False,0,5,62,63,17,12,5,5,14,14,0,0,0,0,0,0,0,0
2786,hunt,102786,16,False,0,5,47,50,16,11,5,5,7,2,0,0,0,0,0,0,0,0
2787,hunt,102787,16,False,0,5,43,43,16,11,5,5,8,8,0,0,0,0,0,0,0,0
2788,hunt,102788,22,False,0,5,82,82,22,17,5,5,11,0,0,0,0,0,0,0,0,0
2789,hunt,102789,29,False,0,5,85,85,29,24,5,5,24,25,0,0,0,0,0,0,0,0
2790,hunt,102790,19,False,0,5,71,71,19,14,5,5,13,24,0,0,0,0,0,0,0,0
2791,hunt,102791,15,False,0,5,43,43,15,10,5,5,7,8,0,0,0,0,0,0,0,0
2792,hunt,102792,14,False,0,5,38,39,14,9,5,5,8,9,0,0,0,0,0,0,0,0
2793,hunt,102793,13,False,0,5,57,59,13,8,5,5,1,1,0,0,0,0,0,0,0,0
2794,hunt,102794,17,False,0,5,77,78,17,12,5,5,8,12,0,0,0,0,0,0,0,0
2795,hunt,102795,17,False,0,5,77,78,17,12,5,5,11,15,0,0,0,0,0,0,0,0
2796,hunt,102796,13,False,0,5,34,41,13,8,5,5,2,0,0,0,0,0,0,0,0,0
2797,hunt,102797,14,False,0,5,53,53,14,9,5,5,13,16,0,0,0,0,0,0,0,0
2798,hunt,102798,10,False,0,5,26,30,10,5,5,5,6,8,0,0,0,0,0,0,0,0
2799,hunt,102799,9,False,0,5,37,38,9,4,5,5,7,12,0,0,0,0,0,0,0,0
2800,hunt,102800,11,False,0,5,65,68,11,6,5,5,5,9,0,0,0,0,0,0,0,0
2801,hunt,102801,22,False,0,5,98,98,22,17,5,5,13,14,0,0,0,0,0,0,0,0
2802,hunt,102802,13,False,0,5,37,37,13,8,5,5,6,13,0,0,0,0,0,0,0,0
2803,hunt,102803,19,False,0,5,85,88,19,14,5,5,6,0,0,0,0,0,0,0,0,0
2804,hunt,102804,21,False,0,5,95,95,21,16,5,5,7,10,0,0,0,0,0,0,0,0
2805,hunt,102805,20,False,0,5,60,60,20,15,5,5,18,22,0,0,0,0,0,0,0,0
2806,hunt,102806,23,False,0,5,105,105,23,18,5,5,6,9,0,0,0,0,0,0,0,0
2807,hunt,102807,12,False,0,5,43,47,12,7,5,5,3,8,0,0,0,0,0,0,0,0
2808,hunt,102808,29,False,0,5,153,153,29,24,5,5,28,39,0,0,0,0,0,0,0,0
2809,hunt,102809,15,False,0,5,38,38,15,10,5,5,10,9,0,0,0,0,0,0,0,0
2810,hunt,102810,27,False,0,5,109,109,27,22,5,5,13,4,0,0,0,0,0,0,0,0
2811,hunt,102811,25,False,0,5,108,108,25,20,5,5,12,15,0,0,0,0,0,0,0,0
2812,hunt,102812,10,False,0,5,11,11,10,5,5,5,3,5,0,0,0,0,0,0,0,0
2813,hunt,102813,16,False,0,5,84,84,16,11,5,5,6,11,0,0,0,0,0,0,0,0
2814,hunt,102814,21,False,0,5,89,89,21,16,5,5,14,11,0,0,0,0,0,0,0,0
2815,hunt,102815,13,False,0,5,30,30,13,8,5,5,6,12,0,0,0,0,0,0,0,0
2816,hunt,102816,23,False,0,5,100,100,23,18,5,5,6,5,0,0,0,0,0,0,0,0
2817,hunt,102817,21,False,0,5,66,66,21,16,5,5,13,16,0,0,0,0,0,0,0,0
2818,hunt,102818,21,False,0,5,62,62,21,16,5,5,8,14,0,0,0,0,0,0,0,0
2819,hunt,102819,12,False,0,5,56,58,12,7,5,5,5,6,0,0,0,0,0,0,0,0
2820,hunt,102820,27,False,0,5,112,112,27,22,5,5,30,25,0,0,0,0,0,0,0,0
2821,hunt,102821,24,False,0,5,88,88,24,19,5,5,10,7,0,0,0,0,0,0,0,0
2822,hunt,102822,13,False,0,5,33,34,13,8,5,5,6,8,0,0,0,0,0,0,0,0
2823,hunt,102823,20,False,0,5,92,92,20,15,5,5,17,23,0,0,0,0,0,0,0,0
2824,hunt,102824,11,False,0,5,36,37,11,6,5,5,10,16,0,0,0,0,0,0,0,0
2825,hunt,102825,25,False,0,5,77,77,25,20,5,5,19,12,0,0,0,0,0,0,0,0
2826,hunt,102826,20,False,0,5,79,79,20,15,5,5,19,32,0,0,0,0,0,0,0,0
2827,hunt,102827,13,False,0,5,38,38,13,8,5,5,5,10,0,0,0,0,0,0,0,0
2828,hunt,102828,14,False,0,5,50,51,14,9,5,5,7,10,0,0,0,0,0,0,0,0
2829,hunt,102829,19,False,0,5,74,74,19,14,5,5,15,22,0,0,0,0,0,0,0,0
2830,hunt,102830,9,False,0,5,11,11,6,2,4,4,13,19,0,0,0,0,0,0,0,0
2831,hunt,102831,17,False,0,5,62,62,17,12,5,5,7,14,0,0,0,0,0,0,0,0
2832,hunt,102832,27,False,0,5,117,117,27,22,5,5,22,21,0,0,0,0,0,0,0,0
2833,hunt,102833,13,False,0,5,46,46,13,8,5,5,11,15,0,0,0,0,0,0,0,0
2834,hunt,102834,14,False,0,5,66,67,14,9,5,5,7,8,0,0,0,0,0,0,0,0
2835,hunt,102835,12,False,0,5,36,37,12,7,5,5,5,4,0,0,0,0,0,0,0,0
2836,hunt,102836,15,False,0,5,60,60,15,10,5,5,7,9,0,0,0,0,0,0,0,0
2837,hunt,102837,30,False,0,5,138,138,30,25,5,5,27,30,0,0,0,0,0,0,0,0
2838,hunt,102838,11,False,0,5,71,73,11,6,5,5,10,17,0,0,0,0,0,0,0,0
2839,hunt,102839,14,False,0,5,63,63,14,9,5,5,4,7,0,0,0,0,0,0,0,0
2840,hunt,102840,16,False,0,5,58,58,16,11,5,5,11,16,0,0,0,0,0,0,0,0
2841,hunt,102841,24,False,0,5,125,126,24,19,5,5,24,24,0,0,0,0,0,0,0,0
2842,hunt,102842,22,False,0,5,63,63,22,17,5,5,11,8,0,0,0,0,0,0,0,0
2843,hunt,102843,15,False,0,5,64,65,15,10,5,5,5,4,0,0,0,0,0,0,0,0
2844,hunt,102844,22,False,0,5,127,127,22,17,5,5,23,36,0,0,0,0,0,0,0,0
2845,hunt,102845,17,False,0,5,76,76,17,12,5,5,6,6,0,0,0,0,0,0,0,0
2846,hunt,102846,22,False,0,5,90,90,22,17,5,5,10,17,0,0,0,0,0,0,0,0
2847,hunt,102847,11,False,0,5,32,32,11,6,5,5,13,24,0,0,0,0,0,0,0,0
2848,hunt,102848,18,False,0,5,103,104,18,13,5,5,11,14,0,0,0,0,0,0,0,0
2849,hunt,102849,24,False,0,5,83,83,24,19,5,5,11,18,0,0,0,0,0,0,0,0
2850,hunt,102850,12,False,0,5,61,64,12,7,5,5,3,5,0,0,0,0,0,0,0,0
2851,hunt,102851,16,False,0,5,60,60,16,11,5,5,3,6,0,0,0,0,0,0,0,0
2852,hunt,102852,16,False,0,5,77,77,16,11,5,5,9,15,0,0,0,0,0,0,0,0
2853,hunt,102853,11,False,0,5,40,43,11,6,5,5,9,18,0,0,0,0,0,0,0,0
2854,hunt,102854,17,False,0,5,72,73,17,12,5,5,5,6,0,0,0,0,0,0,0,0
2855,hunt,102855,19,False,0,5,85,85,19,14,5,5,13,13,0,0,0,0,0,0,0,0
2856,hunt,102856,18,False,0,5,70,70,18,13,5,5,16,26,0,0,0,0,0,0,0,0
2857,hunt,102857,27,False,0,5,115,115,27,22,5,5,24,31,0,0,0,0,0,0,0,0
2858,hunt,102858,16,False,0,5,95,95,16,11,5,5,9,10,0,0,0,0,0,0,0,0
2859,hunt,102859,18,False,0,5,66,66,18,13,5,5,10,20,0,0,0,0,0,0,0,0
2860,hunt,102860,12,False,0,5,37,39,12,7,5,5,7,11,0,0,0,0,0,0,0,0
2861,hunt,102861,23,False,0,5,93,93,23,18,5,5,14,8,0,0,0,0,0,0,0,0
2862,hunt,102862,23,False,0,5,121,121,23,18,5,5,17,32,0,0,0,0,0,0,0,0
2863,hunt,102863,8,False,0,5,18,24,8,3,5,5,5,8,0,0,0,0,0,0,0,0
2864,hunt,102864,16,False,0,5,45,46,16,11,5,5,5,7,0,0,0,0,0,0,0,0
2865,hunt,102865,25,False,0,5,142,143,25,20,5,5,26,29,0,0,0,0,0,0,0,0
2866,hunt,102866,23,False,0,5,86,86,23,18,5,5,3,3,0,0,0,0,0,0,0,0
2867,hunt,102867,19,False,0,5,63,63,19,14,5,5,10,12,0,0,0,0,0,0,0,0
2868,hunt,102868,14,False,0,5,43,43,13,8,5,5,6,10,0,0,0,0,0,0,0,0
2869,hunt,102869,25,False,0,5,117,117,25,20,5,5,12,18,0,0,0,0,0,0,0,0
2870,hunt,102870,22,False,0,5,101,101,22,17,5,5,13,15,0,0,0,0,0,0,0,0
2871,hunt,102871,12,False,0,5,52,53,12,7,5,5,9,15,0,0,0,0,0,0,0,0
2872,hunt,102872,14,False,0,5,48,50,14,9,5,5,6,10,0,0,0,0,0,0,0,0
2873,hunt,102873,13,False,0,5,44,44,13,8,5,5,10,14,0,0,0,0,0,0,0,0
2874,hunt,102874,17,False,0,5,71,72,17,12,5,5,9,13,0,0,0,0,0,0,0,0
2875,hunt,102875,17,False,0,5,62,62,17,12,5,5,8,12,0,0,0,0,0,0,0,0
2876,hunt,102876,15,False,0,5,78,80,15,10,5,5,6,11,0,0,0,0,0,0,0,0
2877,hunt,102877,16,False,0,5,66,67,16,11,5,5,10,15,0,0,0,0,0,0,0,0
2878,hunt,102878,12,False,0,5,40,40,12,7,5,5,8,14,0,0,0,0,0,0,0,0
2879,hunt,102879,22,False,0,5,136,136,22,17,5,5,14,21,0,0,0,0,0,0,0,0
2880,hunt,102880,15,False,0,5,44,45,15,10,5,5,12,19,0,0,0,0,0,0,0,0
2881,hunt,102881,15,False,0,5,47,47,15,10,5,5,6,10,0,0,0,0,0,0,0,0
2882,hunt,102882,11,False,0,5,41,47,11,6,5,5,7,9,0,0,0,0,0,0,0,0
2883,hunt,102883,18,False,0,5,50,50,18,13,5,5,15,12,0,0,0,0,0,0,0,0
2884,hunt,102884,26,False,0,5,100,100,26,21,5,5,9,7,0,0,0,0,0,0,0,0
2885,hunt,102885,14,False,0,5,56,56,14,9,5,5,5,11,0,0,0,0,0,0,0,0
2886,hunt,102886,16,False,0,5,49,49,16,11,5,5,7,10,0,0,0,0,0,0,0,0
2887,hunt,102887,23,False,0,5,95,95,23,18,5,5,15,28,0,0,0,0,0,0,0,0
2888,hunt,102888,21,False,0,5,105,105,21,16,5,5,22,31,0,0,0,0,0,0,0,0
2889,hunt,102889,17,False,0,5,85,85,17,12,5,5,10,13,0,0,0,0,0,0,0,0
2890,hunt,102890,14,False,0,5,44,45,14,9,5,5,8,11,0,0,0,0,0,0,0,0
2891,hunt,102891,15,False,0,5,56,59,15,10,5,5,5,10,0,0,0,0,0,0,0,0
2892,hunt,102892,23,False,0,5,74,74,23,18,5,5,11,7,0,0,0,0,0,0,0,0
2893,hunt,102893,23,False,0,5,100,100,23,18,5,5,15,14,0,0,0,0,0,0,0,0
2894,hunt,102894,20,False,0,5,94,94,20,15,5,5,11,13,0,0,0,0,0,0,0,0
2895,hunt,102895,17,False,0,5,56,56,17,12,5,5,5,5,0,0,0,0,0,0,0,0
2896,hunt,102896,12,False,0,5,38,38,12,7,5,5,6,11,0,0,0,0,0,0,0,0
2897,hunt,102897,15,False,0,5,28,30,14,9,5,5,11,19,0,0,0,0,0,0,0,0
2898,hunt,102898,15,False,0,5,57,60,15,10,5,5,11,14,0,0,0,0,0,0,0,0
2899,hunt,102899,17,False,0,5,90,90,17,12,5,5,7,10,0,0,0,0,0,0,0,0
2900,hunt,102900,37,False,0,5,183,184,37,32,5,5,43,47,0,0,0,0,0,0,0,0
2901,hunt,102901,22,False,0,5,100,100,22,17,5,5,15,16,0,0,0,0,0,0,0,0
2902,hunt,102902,18,False,0,5,66,66,18,13,5,5,15,30,0,0,0,0,0,0,0,0
2903,hunt,102903,15,False,0,5,43,46,15,10,5,5,11,14,0,0,0,0,0,0,0,0
2904,hunt,102904,9,False,0,5,20,21,9,4,5,5,5,8,0,0,0,0,0,0,0,0
2905,hunt,102905,14,False,0,5,45,45,14,9,5,5,9,17,0,0,0,0,0,0,0,0
2906,hunt,102906,13,False,0,5,88,88,13,8,5,5,7,15,0,0,0,0,0,0,0,0
2907,hunt,102907,15,False,0,5,56,57,15,10,5,5,5,9,0,0,0,0,0,0,0,0
2908,hunt,102908,16,False,0,5,52,53,16,11,5,5,9,16,0,0,0,0,0,0,0,0
2909,hunt,102909,15,False,0,5,50,53,15,10,5,5,3,4,0,0,0,0,0,0,0,0
2910,hunt,102910,19,False,0,5,52,52,19,14,5,5,6,7,0,0,0,0,0,0,0,0
2911,hunt,102911,10,False,0,5,5,7,8,3,5,5,9,12,0,0,0,0,0,0,0,0
2912,hunt,102912,15,False,0,5,72,72,15,10,5,5,5,11,0,0,0,0,0,0,0,0
2913,hunt,102913,22,False,0,5,123,123,22,17,5,5,22,27,0,0,0,0,0,0,0,0
2914,hunt,102914,15,False,0,5,43,46,15,10,5,5,8,12,0,0,0,0,0,0,0,0
2915,hunt,102915,13,False,0,5,49,50,13,8,5,5,12,20,0,0,0,0,0,0,0,0
2916,hunt,102916,28,False,0,5,134,134,28,23,5,5,22,30,0,0,0,0,0,0,0,0
2917,hunt,102917,14,False,0,5,31,32,14,9,5,5,6,8,0,0,0,0,0,0,0,0
2918,hunt,102918,12,False,0,5,50,50,12,7,5,5,10,18,0,0,0,0,0,0,0,0
2919,hunt,102919,13,False,0,5,35,36,13,8,5,5,11,16,0,0,0,0,0,0,0,0
2920,hunt,102920,15,False,0,5,55,58,15,10,5,5,6,12,0,0,0,0,0,0,0,0
2921,hunt,102921,25,False,0,5,121,121,25,20,5,5,23,35,0,0,0,0,0,0,0,0
2922,hunt,102922,22,False,0,5,86,86,22,17,5,5,12,14,0,0,0,0,0,0,0,0
2923,hunt,102923,18,False,0,5,86,86,18,13,5,5,8,12,0,0,0,0,0,0,0,0
2924,hunt,102924,15,False,0,5,53,53,15,10,5,5,9,11,0,0,0,0,0,0,0,0
2925,hunt,102925,11,False,0,5,46,46,11,6,5,5,5,7,0,0,0,0,0,0,0,0
2926,hunt,102926,18,False,0,5,53,53,18,13,5,5,10,11,0,0,0,0,0,0,0,0
2927,hunt,102927,20,False,0,5,99,99,20,15,5,5,15,27,0,0,0,0,0,0,0,0
2928,hunt,102928,18,False,0,5,68,68,18,13,5,5,11,16,0,0,0,0,0,0,0,0
2929,hunt,102929,15,False,0,5,29,30,15,10,5,5,0,0,0,0,0,0,0,0,0,0
2930,hunt,102930,16,False,0,5,65,69,16,11,5,5,8,10,0,0,0,0,0,0,0,0
2931,hunt,102931,13,False,0,5,33,33,13,8,5,5,7,12,0,0,0,0,0,0,0,0
2932,hunt,102932,14,False,0,5,50,51,14,9,5,5,7,13,0,0,0,0,0,0,0,0
2933,hunt,102933,14,False,0,5,43,43,14,9,5,5,4,6,0,0,0,0,0,0,0,0
2934,hunt,102934,20,False,0,5,85,86,20,15,5,5,17,24,0,0,0,0,0,0,0,0
2935,hunt,102935,19,False,0,5,71,71,19,14,5,5,8,12,0,0,0,0,0,0,0,0
2936,hunt,102936,17,False,0,5,72,74,17,12,5,5,9,11,0,0,0,0,0,0,0,0
2937,hunt,102937,12,False,0,5,44,46,12,7,5,5,7,8,0,0,0,0,0,0,0,0
2938,hunt,102938,15,False,0,5,30,32,15,10,5,5,10,11,0,0,0,0,0,0,0,0
2939,hunt,102939,17,False,0,5,59,59,17,12,5,5,4,9,0,0,0,0,0,0,0,0
2940,hunt,102940,14,False,0,5,63,64,14,9,5,5,10,19,0,0,0,0,0,0,0,0
2941,hunt,102941,30,False,0,5,97,97,30,25,5,5,20,21,0,0,0,0,0,0,0,0
2942,hunt,102942,15,False,0,5,67,68,15,10,5,5,9,14,0,0,0,0,0,0,0,0
2943,hunt,102943,18,False,0,5,56,56,18,13,5,5,17,24,0,0,0,0,0,0,0,0
2944,hunt,102944,22,False,0,5,94,94,22,17,5,5,9,14,0,0,0,0,0,0,0,0
2945,hunt,102945,14,False,0,5,31,32,14,9,5,5,9,15,0,0,0,0,0,0,0,0
2946,hunt,102946,12,False,0,5,58,58,12,7,5,5,5,9,0,0,0,0,0,0,0,0
2947,hunt,102947,19,False,0,5,85,85,19,14,5,5,8,10,0,0,0,0,0,0,0,0
2948,hunt,102948,25,False,0,5,111,111,25,20,5,5,26,26,0,0,0,0,0,0,0,0
2949,hunt,102949,25,False,0,5,97,97,25,20,5,5,4,5,0,0,0,0,0,0,0,0
2950,hunt,102950,18,False,0,5,87,88,18,13,5,5,12,12,0,0,0,0,0,0,0,0
2951,hunt,102951,26,False,0,5,119,119,26,21,5,5,14,10,0,0,0,0,0,0,0,0
2952,hunt,102952,18,False,0,5,84,84,18,13,5,5,8,16,0,0,0,0,0,0,0,0
2953,hunt,102953,13,False,0,5,55,55,13,8,5,5,6,10,0,0,0,0,0,0,0,0
2954,hunt,102954,14,False,0,5,47,52,14,9,5,5,8,8,0,0,0,0,0,0,0,0
2955,hunt,102955,21,False,0,5,95,95,21,16,5,5,9,7,0,0,0,0,0,0,0,0
2956,hunt,102956,27,False,0,5,135,135,27,22,5,5,34,49,0,0,0,0,0,0,0,0
2957,hunt,102957,5,False,0,5,2,7,5,0,5,5,2,5,0,0,0,0,0,0,0,0
2958,hunt,102958,12,False,0,5,35,35,12,7,5,5,11,24,0,0,0,0,0,0,0,0
2959,hunt,102959,16,False,0,5,86,89,16,11,5,5,6,6,0,0,0,0,0,0,0,0
2960,hunt,102960,15,False,0,5,52,52,15,10,5,5,15,22,0,0,0,0,0,0,0,0
2961,hunt,102961,9,False,0,5,23,23,9,4,5,5,6,12,0,0,0,0,0,0,0,0
2962,hunt,102962,13,False,0,5,34,38,13,8,5,5,1,0,0,0,0,0,0,0,0,0
2963,hunt,102963,15,False,0,5,54,57,15,10,5,5,17,20,0,0,0,0,0,0,0,0
2964,hunt,102964,18,False,0,5,56,56,18,13,5,5,13,17,0,0,0,0,0,0,0,0
2965,hunt,102965,23,False,0,5,142,142,23,18,5,5,12,12,0,0,0,0,0,0,0,0
2966,hunt,102966,13,False,0,5,51,52,13,8,5,5,8,15,0,0,0,0,0,0,0,0
2967,hunt,102967,12,False,0,5,29,29,12,7,5,5,5,7,0,0,0,0,0,0,0,0
2968,hunt,102968,23,False,0,5,80,80,23,18,5,5,16,18,0,0,0,0,0,0,0,0
2969,hunt,102969,27,False,0,5,93,93,27,22,5,5,6,10,0,0,0,0,0,0,0,0
2970,hunt,102970,16,False,0,5,72,72,16,11,5,5,5,5,0,0,0,0,0,0,0,0
2971,hunt,102971,9,False,0,5,10,16,9,4,5,5,4,7,0,0,0,0,0,0,0,0
2972,hunt,102972,21,False,0,5,67,67,21,16,5,5,6,0,0,0,0,0,0,0,0,0
2973,hunt,102973,18,False,0,5,60,61,18,13,5,5,12,7,0,0,0,0,0,0,0,0
2974,hunt,102974,15,False,0,5,52,57,15,10,5,5,8,13,0,0,0,0,0,0,0,0
2975,hunt,102975,14,False,0,5,45,47,14,9,5,5,2,0,0,0,0,0,0,0,0,0
2976,hunt,102976,13,False,0,5,47,47,13,8,5,5,15,23,0,0,0,0,0,0,0,0
2977,hunt,102977,15,False,0,5,55,56,15,10,5,5,11,17,0,0,0,0,0,0,0,0
2978,hunt,102978,29,False,0,5,124,124,29,24,5,5,24,26,0,0,0,0,0,0,0,0
2979,hunt,102979,20,False,0,5,57,57,19,14,5,5,17,17,0,0,0,0,0,0,0,0
2980,hunt,102980,16,False,0,5,75,80,16,11,5,5,3,6,0,0,0,0,0,0,0,0
2981,hunt,102981,15,False,0,5,61,64,15,10,5,5,4,1,0,0,0,0,0,0,0,0
2982,hunt,102982,13,False,0,5,49,55,13,8,5,5,10,13,0,0,0,0,0,0,0,0
2983,hunt,102983,15,False,0,5,64,67,15,10,5,5,4,3,0,0,0,0,0,0,0,0
2984,hunt,102984,15,False,0,5,44,44,15,10,5,5,6,11,0,0,0,0,0,0,0,0
2985,hunt,102985,28,False,0,5,115,115,28,23,5,5,29,31,0,0,0,0,0,0,0,0
2986,hunt,102986,10,False,0,5,16,19,10,5,5,5,6,10,0,0,0,0,0,0,0,0
2987,hunt,102987,20,False,0,5,115,115,20,15,5,5,11,17,0,0,0,0,0,0,0,0
2988,hunt,102988,16,False,0,5,53,53,16,11,5,5,6,9,0,0,0,0,0,0,0,0
2989,hunt,102989,16,False,0,5,59,59,16,11,5,5,8,14,0,0,0,0,0,0,0,0
2990,hunt,102990,13,False,0,5,49,49,13,8,5,5,8,9,0,0,0,0,0,0,0,0
2991,hunt,102991,14,False,0,5,39,39,14,9,5,5,9,14,0,0,0,0,0,0,0,0
2992,hunt,102992,13,False,0,5,48,51,13,8,5,5,9,18,0,0,0,0,0,0,0,0
2993,hunt,102993,12,False,0,5,29,30,11,6,5,5,11,12,0,0,0,0,0,0,0,0
2994,hunt,102994,14,False,0,5,45,45,14,9,5,5,3,3,0,0,0,0,0,0,0,0
2995,hunt,102995,15,False,0,5,68,68,15,10,5,5,5,11,0,0,0,0,0,0,0,0
2996,hunt,102996,11,False,0,5,48,49,11,6,5,5,9,19,0,0,0,0,0,0,0,0
2997,hunt,102997,7,False,0,5,23,33,7,2,5,5,2,3,0,0,0,0,0,0,0,0
2998,hunt,102998,31,False,0,5,141,141,31,26,5,5,34,46,0,0,0,0,0,0,0,0
2999,hunt,102999,18,False,0,5,81,81,18,13,5,5,14,17,0,0,0,0,0,0,0,0
3000,hunt,103000,11,False,0,5,33,36,11,6,5,5,5,7,0,0,0,0,0,0,0,0
3001,kinship,103001,4,False,5,6,0,7,0,0,0,0,3,5,5,2,0,0,0,0,0,0
3002,kinship,103002,4,False,5,6,0,7,0,0,0,0,3,5,5,2,0,0,0,0,0,0
3003,kinship,103003,4,False,5,6,0,7,0,0,0,0,3,7,5,2,0,0,0,0,0,0
3004,kinship,103004,4,False,5,6,0,7,0,0,0,0,3,4,5,2,0,0,0,0,0,0
3005,kinship,103005,4,False,5,6,0,7,0,0,0,0,3,6,5,2,0,0,0,0,0,0
3006,kinship,103006,4,False,5,6,0,7,0,0,0,0,3,4,5,2,0,0,0,0,0,0
3007,kinship,103007,5,False,3,5,0,7,0,0,0,0,3,5,4,2,0,0,0,0,0,0
3008,kinship,103008,5,False,3,5,0,7,0,0,0,0,3,6,4,2,0,0,0,0,0,0
3009,kinship,103009,4,False,5,6,0,7,0,0,0,0,3,4,5,2,0,0,0,0,0,0
3010,kinship,103010,4,False,5,6,0,7,0,0,0,0,3,8,5,2,0,0,0,0,0,0
3011,kinship,103011,5,False,3,5,0,7,0,0,0,0,3,5,4,2,0,0,0,0,0,0
3012,kinship,103012,5,False,3,5,0,7,0,0,0,0,3,6,4,2,0,0,0,0,0,0
3013,kinship,103013,4,False,5,6,0,7,0,0,0,0,3,5,5,2,0,0,0,0,0,0
3014,kinship,103014,4,False,5,6,0,7,0,0,0,0,3,6,5,2,0,0,0,0,0,0
3015,kinship,103015,4,False,5,6,0,7,0,0,0,0,3,6,5,2,0,0,0,0,0,0
3016,kinship,103016,5,False,3,5,0,7,0,0,0,0,3,5,4,2,0,0,0,0,0,0
3017,kinship,103017,5,False,3,5,0,7,0,0,0,0,3,4,4,2,0,0,0,0,0,0
3018,kinship,103018,4,False,5,6,0,7,0,0,0,0,3,6,5,2,0,0,0,0,0,0
3019,kinship,103019,5,False,3,5,0,7,0,0,0,0,3,5,4,2,0,0,0,0,0,0
3020,kinship,103020,4,False,5,6,0,7,0,0,0,0,3,6,5,2,0,0,0,0,0,0
3021,kinship,103021,4,False,5,6,0,7,0,0,0,0,3,5,5,2,0,0,0,0,0,0
3022,kinship,103022,5,False,3,5,0,7,0,0,0,0,3,4,4,2,0,0,0,0,0,0
3023,kinship,103023,4,False,5,6,0,7,0,0,0,0,3,7,5,2,0,0,0,0,0,0
3024,kinship,103024,4,False,5,6,0,7,0,0,0,0,3,6,5,2,0,0,0,0,0,0
3025,kinship,103025,4,False,5,6,0,7,0,0,0,0,3,7,5,2,0,0,0,0,0,0
3026,kinship,103026,4,False,5,6,0,7,0,0,0,0,3,4,5,2,0,0,0,0,0,0
3027,kinship,103027,5,False,3,5,0,7,0,0,0,0,3,6,4,2,0,0,0,0,0,0
3028,kinship,103028,4,False,5,6,0,7,0,0,0,0,3,5,5,2,0,0,0,0,0,0
3029,kinship,103029,5,False,5,7,0,7,0,0,0,0,4,10,5,2,0,0,0,0,0,0
3030,kinship,103030,4,False,5,6,0,7,0,0,0,0,3,5,5,2,0,0,0,0,0,0
3031,kinship,103031,4,False,5,6,0,7,0,0,0,0,3,6,5,2,0,0,0,0,0,0
3032,kinship,103032,4,False,5,6,0,7,0,0,0,0,3,4,5,2,0,0,0,0,0,0
3033,kinship,103033,4,False,5,6,0,7,0,0,0,0,3,6,5,2,0,0,0,0,0,0
3034,kinship,103034,4,False,5,6,0,7,0,0,0,0,3,7,5,2,0,0,0,0,0,0
3035,kinship,103035,5,False,3,5,0,7,0,0,0,0,3,4,4,2,0,0,0,0,0,0
3036,kinship,103036,4,False,5,6,0,7,0,0,0,0,3,6,5,2,0,0,0,0,0,0
3037,kinship,103037,4,False,5,6,0,7,0,0,0,0,3,5,5,2,0,0,0,0,0,0
3038,kinship,103038,5,False,3,5,0,7,0,0,0,0,3,4,4,2,0,0,0,0,0,0
3039,kinship,103039,4,False,5,6,0,7,0,0,0,0,3,5,5,2,0,0,0,0,0,0
3040,kinship,103040,5,False,3,5,0,7,0,0,0,0,3,5,4,2,0,0,0,0,0,0
3041,kinship,103041,4,False,5,6,0,7,0,0,0,0,3,6,5,2,0,0,0,0,0,0
3042,kinship,103042,4,False,5,6,0,7,0,0,0,0,3,5,5,2,0,0,0,0,0,0
3043,kinship,103043,5,False,3,5,0,7,0,0,0,0,3,4,4,2,0,0,0,0,0,0
3044,kinship,103044,5,False,3,5,0,7,0,0,0,0,3,5,4,2,0,0,0,0,0,0
3045,kinship,103045,4,False,5,6,0,7,0,0,0,0,3,6,5,2,0,0,0,0,0,0
3046,kinship,103046,5,False,3,5,0,7,0,0,0,0,3,3,4,2,0,0,0,0,0,0
3047,kinship,103047,5,False,3,5,0,7,0,0,0,0,3,3,4,2,0,0,0,0,0,0
3048,kinship,103048,4,False,5,6,0,7,0,0,0,0,3,5,5,2,0,0,0,0,0,0
3049,kinship,103049,4,False,5,6,0,7,0,0,0,0,3,7,5,2,0,0,0,0,0,0
3050,kinship,103050,4,False,5,6,0,7,0,0,0,0,3,5,5,2,0,0,0,0,0,0
3051,kinship,103051,4,False,5,6,0,7,0,0,0,0,3,5,5,2,0,0,0,0,0,0
3052,kinship,103052,4,False,5,6,0,7,0,0,0,0,3,6,5,2,0,0,0,0,0,0
3053,kinship,103053,4,False,5,6,0,7,0,0,0,0,3,6,5,2,0,0,0,0,0,0
3054,kinship,103054,4,False,5,6,0,7,0,0,0,0,3,5,5,2,0,0,0,0,0,0
3055,kinship,103055,4,False,5,6,0,7,0,0,0,0,3,5,5,2,0,0,0,0,0,0
3056,kinship,103056,4,False,5,6,0,7,0,0,0,0,3,4,5,2,0,0,0,0,0,0
3057,kinship,103057,5,False,3,5,0,7,0,0,0,0,3,4,4,2,0,0,0,0,0,0
3058,kinship,103058,4,False,5,6,0,7,0,0,0,0,3,4,5,2,0,0,0,0,0,0
3059,kinship,103059,5,False,3,5,0,7,0,0,0,0,3,4,4,2,0,0,0,0,0,0
3060,kinship,103060,4,False,5,6,0,7,0,0,0,0,3,4,5,2,0,0,0,0,0,0
3061,kinship,103061,4,False,5,6,0,7,0,0,0,0,3,6,5,2,0,0,0,0,0,0
3062,kinship,103062,4,False,5,6,0,7,0,0,0,0,3,4,5,2,0,0,0,0,0,0
3063,kinship,103063,4,False,5,6,0,7,0,0,0,0,3,5,5,2,0,0,0,0,0,0
3064,kinship,103064,5,False,3,5,0,7,0,0,0,0,3,3,4,2,0,0,0,0,0,0
3065,kinship,103065,4,False,5,6,0,7,0,0,0,0,3,4,5,2,0,0,0,0,0,0
3066,kinship,103066,4,False,5,6,0,7,0,0,0,0,3,7,5,2,0,0,0,0,0,0
3067,kinship,103067,5,False,3,5,0,7,0,0,0,0,3,4,4,2,0,0,0,0,0,0
3068,kinship,103068,5,False,3,5,0,7,0,0,0,0,3,4,4,2,0,0,0,0,0,0
3069,kinship,103069,4,False,5,6,0,7,0,0,0,0,3,6,5,2,0,0,0,0,0,0
3070,kinship,103070,4,False,5,6,0,7,0,0,0,0,3,5,5,2,0,0,0,0,0,0
3071,kinship,103071,4,False,5,6,0,7,0,0,0,0,3,6,5,2,0,0,0,0,0,0
3072,kinship,103072,4,False,5,6,0,7,0,0,0,0,3,5,5,2,0,0,0,0,0,0
3073,kinship,103073,4,False,5,6,0,7,0,0,0,0,3,7,5,2,0,0,0,0,0,0
3074,kinship,103074,4,False,5,6,0,7,0,0,0,0,3,5,5,2,0,0,0,0,0,0
3075,kinship,103075,4,False,5,6,0,7,0,0,0,0,3,4,5,2,0,0,0,0,0,0
3076,kinship,103076,4,False,5,6,0,7,0,0,0,0,3,6,5,2,0,0,0,0,0,0
3077,kinship,103077,5,False,3,5,0,7,0,0,0,0,3,3,4,2,0,0,0,0,0,0
3078,kinship,103078,4,False,5,6,0,7,0,0,0,0,3,5,5,2,0,0,0,0,0,0
3079,kinship,103079,4,False,5,6,0,7,0,0,0,0,3,3,5,2,0,0,0,0,0,0
3080,kinship,103080,4,False,5,6,0,7,0,0,0,0,3,3,5,2,0,0,0,0,0,0
3081,kinship,103081,4,False,5,6,0,7,0,0,0,0,3,6,5,2,0,0,0,0,0,0
3082,kinship,103082,5,False,3,5,0,7,0,0,0,0,3,5,4,2,0,0,0,0,0,0
3083,kinship,103083,5,False,3,5,0,7,0,0,0,0,3,3,4,2,0,0,0,0,0,0
3084,kinship,103084,5,False,5,7,0,7,0,0,0,0,4,10,5,2,0,0,0,0,0,0
3085,kinship,103085,5,False,3,5,0,7,0,0,0,0,3,4,4,2,0,0,0,0,0,0
3086,kinship,103086,4,False,5,6,0,7,0,0,0,0,3,5,5,2,0,0,0,0,0,0
3087,kinship,103087,4,False,5,6,0,7,0,0,0,0,3,6,5,2,0,0,0,0,0,0
3088,kinship,103088,5,False,3,5,0,7,0,0,0,0,3,3,4,2,0,0,0,0,0,0
3089,kinship,103089,4,False,5,6,0,7,0,0,0,0,3,5,5,2,0,0,0,0,0,0
3090,kinship,103090,4,False,5,6,0,7,0,0,0,0,3,6,5,2,0,0,0,0,0,0
3091,kinship,103091,4,False,5,6,0,7,0,0,0,0,3,6,5,2,0,0,0,0,0,0
3092,kinship,103092,4,False,5,6,0,7,0,0,0,0,3,9,5,2,0,0,0,0,0,0
3093,kinship,103093,5,False,3,5,0,7,0,0,0,0,3,6,4,2,0,0,0,0,0,0
3094,kinship,103094,5,False,3,5,0,7,0,0,0,0,3,4,4,2,0,0,0,0,0,0
3095,kinship,103095,4,False,5,6,0,7,0,0,0,0,3,7,5,2,0,0,0,0,0,0
3096,kinship,103096,5,False,3,5,0,7,0,0,0,0,3,3,4,2,0,0,0,0,0,0
3097,kinship,103097,5,False,3,5,0,7,0,0,0,0,3,6,4,2,0,0,0,0,0,0
3098,kinship,103098,4,False,5,6,0,7,0,0,0,0,3,4,5,2,0,0,0,0,0,0
3099,kinship,103099,5,False,3,5,0,7,0,0,0,0,3,5,4,2,0,0,0,0,0,0
3100,kinship,103100,4,False,5,6,0,7,0,0,0,0,3,7,5,2,0,0,0,0,0,0
3101,kinship,103101,5,False,3,5,0,7,0,0,0,0,3,4,4,2,0,0,0,0,0,0
3102,kinship,103102,5,False,3,5,0,7,0,0,0,0,3,3,4,2,0,0,0,0,0,0
3103,kinship,103103,5,False,3,5,0,7,0,0,0,0,3,4,4,2,0,0,0,0,0,0
3104,kinship,103104,4,False,5,6,0,7,0,0,0,0,3,6,5,2,0,0,0,0,0,0
3105,kinship,103105,4,False,5,6,0,7,0,0,0,0,3,6,5,2,0,0,0,0,0,0
3106,kinship,103106,4,False,5,6,0,7,0,0,0,0,3,6,5,2,0,0,0,0,0,0
3107,kinship,103107,4,False,5,6,0,7,0,0,0,0,3,5,5,2,0,0,0,0,0,0
3108,kinship,103108,4,False,5,6,0,7,0,0,0,0,3,6,5,2,0,0,0,0,0,0
3109,kinship,103109,4,False,5,6,0,7,0,0,0,0,3,5,5,2,0,0,0,0,0,0
3110,kinship,103110,4,False,5,6,0,7,0,0,0,0,3,3,5,2,0,0,0,0,0,0
3111,kinship,103111,4,False,5,6,0,7,0,0,0,0,3,6,5,2,0,0,0,0,0,0
3112,kinship,103112,5,False,5,7,0,7,0,0,0,0,4,9,5,2,0,0,0,0,0,0
3113,kinship,103113,5,False,3,5,0,7,0,0,0,0,3,6,4,2,0,0,0,0,0,0
3114,kinship,103114,4,False,5,6,0,7,0,0,0,0,3,5,5,2,0,0,0,0,0,0
3115,kinship,103115,5,False,3,5,0,7,0,0,0,0,3,3,4,2,0,0,0,0,0,0
3116,kinship,103116,4,False,5,6,0,7,0,0,0,0,3,7,5,2,0,0,0,0,0,0
3117,kinship,103117,4,False,5,6,0,7,0,0,0,0,3,7,5,2,0,0,0,0,0,0
3118,kinship,103118,4,False,5,6,0,7,0,0,0,0,3,7,5,2,0,0,0,0,0,0
3119,kinship,103119,4,False,5,6,0,7,0,0,0,0,3,4,5,2,0,0,0,0,0,0
3120,kinship,103120,5,False,3,5,0,7,0,0,0,0,3,3,4,2,0,0,0,0,0,0
3121,kinship,103121,4,False,5,6,0,7,0,0,0,0,3,4,5,2,0,0,0,0,0,0
3122,kinship,103122,4,False,5,6,0,7,0,0,0,0,3,7,5,2,0,0,0,0,0,0
3123,kinship,103123,4,False,5,6,0,7,0,0,0,0,3,6,5,2,0,0,0,0,0,0
3124,kinship,103124,4,False,5,6,0,7,0,0,0,0,3,4,5,2,0,0,0,0,0,0
3125,kinship,103125,5,False,3,5,0,7,0,0,0,0,3,4,4,2,0,0,0,0,0,0
3126,kinship,103126,5,False,3,5,0,7,0,0,0,0,3,5,4,2,0,0,0,0,0,0
3127,kinship,103127,4,False,5,6,0,7,0,0,0,0,3,5,5,2,0,0,0,0,0,0
3128,kinship,103128,4,False,5,6,0,7,0,0,0,0,3,6,5,2,0,0,0,0,0,0
3129,kinship,103129,5,False,3,5,0,7,0,0,0,0,3,4,4,2,0,0,0,0,0,0
3130,kinship,103130,4,False,5,6,0,7,0,0,0,0,3,4,5,2,0,0,0,0,0,0
3131,kinship,103131,4,False,5,6,0,7,0,0,0,0,3,7,5,2,0,0,0,0,0,0
3132,kinship,103132,4,False,5,6,0,7,0,0,0,0,3,7,5,2,0,0,0,0,0,0
3133,kinship,103133,5,False,3,5,0,7,0,0,0,0,3,4,4,2,0,0,0,0,0,0
3134,kinship,103134,4,False,5,6,0,7,0,0,0,0,3,4,5,2,0,0,0,0,0,0
3135,kinship,103135,4,False,5,6,0,7,0,0,0,0,3,5,5,2,0,0,0,0,0,0
3136,kinship,103136,4,False,5,6,0,7,0,0,0,0,3,6,5,2,0,0,0,0,0,0
3137,kinship,103137,5,False,3,5,0,7,0,0,0,0,3,5,4,2,0,0,0,0,0,0
3138,kinship,103138,4,False,5,6,0,7,0,0,0,0,3,5,5,2,0,0,0,0,0,0
3139,kinship,103139,5,False,3,5,0,7,0,0,0,0,3,6,4,2,0,0,0,0,0,0
3140,kinship,103140,4,False,5,6,0,7,0,0,0,0,3,5,5,2,0,0,0,0,0,0
3141,kinship,103141,4,False,5,6,0,7,0,0,0,0,3,5,5,2,0,0,0,0,0,0
3142,kinship,103142,5,False,3,5,0,7,0,0,0,0,3,5,4,2,0,0,0,0,0,0
3143,kinship,103143,4,False,5,6,0,7,0,0,0,0,3,4,5,2,0,0,0,0,0,0
3144,kinship,103144,4,False,5,6,0,7,0,0,0,0,3,6,5,2,0,0,0,0,0,0
3145,kinship,103145,5,False,3,5,0,7,0,0,0,0,3,4,4,2,0,0,0,0,0,0
3146,kinship,103146,4,False,5,6,0,7,0,0,0,0,3,4,5,2,0,0,0,0,0,0
3147,kinship,103147,5,False,3,5,0,7,0,0,0,0,3,5,4,2,0,0,0,0,0,0
3148,kinship,103148,4,False,5,6,0,7,0,0,0,0,3,6,5,2,0,0,0,0,0,0
3149,kinship,103149,5,False,3,5,0,7,0,0,0,0,3,3,4,2,0,0,0,0,0,0
3150,kinship,103150,4,False,5,6,0,7,0,0,0,0,3,5,5,2,0,0,0,0,0,0
3151,kinship,103151,5,False,5,7,0,7,0,0,0,0,4,8,5,2,0,0,0,0,0,0
3152,kinship,103152,5,False,3,5,0,7,0,0,0,0,3,4,4,2,0,0,0,0,0,0
3153,kinship,103153,5,False,3,5,0,7,0,0,0,0,3,5,4,2,0,0,0,0,0,0
3154,kinship,103154,5,False,3,5,0,7,0,0,0,0,3,2,4,2,0,0,0,0,0,0
3155,kinship,103155,4,False,5,6,0,7,0,0,0,0,3,4,5,2,0,0,0,0,0,0
3156,kinship,103156,4,False,5,6,0,7,0,0,0,0,3,6,5,2,0,0,0,0,0,0
3157,kinship,103157,4,False,5,6,0,7,0,0,0,0,3,5,5,2,0,0,0,0,0,0
3158,kinship,103158,4,False,5,6,0,7,0,0,0,0,3,6,5,2,0,0,0,0,0,0
3159,kinship,103159,4,False,5,6,0,7,0,0,0,0,3,4,5,2,0,0,0,0,0,0
3160,kinship,103160,5,False,3,5,0,7,0,0,0,0,3,4,4,2,0,0,0,0,0,0
3161,kinship,103161,5,False,3,5,0,7,0,0,0,0,3,3,4,2,0,0,0,0,0,0
3162,kinship,103162,5,False,3,5,0,7,0,0,0,0,3,5,4,2,0,0,0,0,0,0
3163,kinship,103163,5,False,3,5,0,7,0,0,0,0,3,4,4,2,0,0,0,0,0,0
3164,kinship,103164,5,False,3,5,0,7,0,0,0,0,3,5,4,2,0,0,0,0,0,0
3165,kinship,103165,4,False,5,6,0,7,0,0,0,0,3,5,5,2,0,0,0,0,0,0
3166,kinship,103166,4,False,5,6,0,7,0,0,0,0,3,7,5,2,0,0,0,0,0,0
3167,kinship,103167,5,False,3,5,0,7,0,0,0,0,3,4,4,2,0,0,0,0,0,0
3168,kinship,103168,5,False,3,5,0,7,0,0,0,0,3,4,4,2,0,0,0,0,0,0
3169,kinship,103169,5,False,3,5,0,7,0,0,0,0,3,5,4,2,0,0,0,0,0,0
3170,kinship,103170,4,False,5,6,0,7,0,0,0,0,3,4,5,2,0,0,0,0,0,0
3171,kinship,103171,5,False,3,5,0,7,0,0,0,0,3,5,4,2,0,0,0,0,0,0
3172,kinship,103172,4,False,5,6,0,7,0,0,0,0,3,5,5,2,0,0,0,0,0,0
3173,kinship,103173,4,False,5,6,0,7,0,0,0,0,3,7,5,2,0,0,0,0,0,0
3174,kinship,103174,4,False,5,6,0,7,0,0,0,0,3,6,5,2,0,0,0,0,0,0
3175,kinship,103175,5,False,3,5,0,7,0,0,0,0,3,6,4,2,0,0,0,0,0,0
3176,kinship,103176,5,False,3,5,0,7,0,0,0,0,3,3,4,2,0,0,0,0,0,0
3177,kinship,103177,5,False,3,5,0,7,0,0,0,0,3,7,4,2,0,0,0,0,0,0
3178,kinship,103178,4,False,5,6,0,7,0,0,0,0,3,6,5,2,0,0,0,0,0,0
3179,kinship,103179,5,False,3,5,0,7,0,0,0,0,3,6,4,2,0,0,0,0,0,0
3180,kinship,103180,4,False,5,6,0,7,0,0,0,0,3,6,5,2,0,0,0,0,0,0
3181,kinship,103181,4,False,5,6,0,7,0,0,0,0,3,6,5,2,0,0,0,0,0,0
3182,kinship,103182,5,False,3,5,0,7,0,0,0,0,3,5,4,2,0,0,0,0,0,0
3183,kinship,103183,5,False,3,5,0,7,0,0,0,0,3,2,4,2,0,0,0,0,0,0
3184,kinship,103184,5,False,3,5,0,7,0,0,0,0,3,4,4,2,0,0,0,0,0,0
3185,kinship,103185,4,False,5,6,0,7,0,0,0,0,3,4,5,2,0,0,0,0,0,0
3186,kinship,103186,5,False,3,5,0,7,0,0,0,0,3,5,4,2,0,0,0,0,0,0
3187,kinship,103187,4,False,5,6,0,7,0,0,0,0,3,4,5,2,0,0,0,0,0,0
3188,kinship,103188,4,False,5,6,0,7,0,0,0,0,3,4,5,2,0,0,0,0,0,0
3189,kinship,103189,5,False,3,5,0,7,0,0,0,0,3,3,4,2,0,0,0,0,0,0
3190,kinship,103190,4,False,5,6,0,7,0,0,0,0,3,5,5,2,0,0,0,0,0,0
3191,kinship,103191,4,False,5,6,0,7,0,0,0,0,3,6,5,2,0,0,0,0,0,0
3192,kinship,103192,5,False,3,5,0,7,0,0,0,0,3,4,4,2,0,0,0,0,0,0
3193,kinship,103193,5,False,3,5,0,7,0,0,0,0,3,3,4,2,0,0,0,0,0,0
3194,kinship,103194,4,False,5,6,0,7,0,0,0,0,3,5,5,2,0,0,0,0,0,0
3195,kinship,103195,5,False,3,5,0,7,0,0,0,0,3,5,4,2,0,0,0,0,0,0
3196,kinship,103196,4,False,5,6,0,7,0,0,0,0,3,5,5,2,0,0,0,0,0,0
3197,kinship,103197,4,False,5,6,0,7,0,0,0,0,3,5,5,2,0,0,0,0,0,0
3198,kinship,103198,4,False,5,6,0,7,0,0,0,0,3,7,5,2,0,0,0,0,0,0
3199,kinship,103199,4,False,5,6,0,7,0,0,0,0,3,6,5,2,0,0,0,0,0,0
3200,kinship,103200,4,False,5,6,0,7,0,0,0,0,3,7,5,2,0,0,0,0,0,0
3201,kinship,103201,4,False,5,6,0,7,0,0,0,0,3,6,5,2,0,0,0,0,0,0
3202,kinship,103202,4,False,5,6,0,7,0,0,0,0,3,6,5,2,0,0,0,0,0,0
3203,kinship,103203,5,False,3,5,0,7,0,0,0,0,3,6,4,2,0,0,0,0,0,0
3204,kinship,103204,4,False,5,6,0,7,0,0,0,0,3,6,5,2,0,0,0,0,0,0
3205,kinship,103205,5,False,3,5,0,7,0,0,0,0,3,3,4,2,0,0,0,0,0,0
3206,kinship,103206,4,False,5,6,0,7,0,0,0,0,3,7,5,2,0,0,0,0,0,0
3207,kinship,103207,5,False,3,5,0,7,0,0,0,0,3,3,4,2,0,0,0,0,0,0
3208,kinship,103208,4,False,5,6,0,7,0,0,0,0,3,5,5,2,0,0,0,0,0,0
3209,kinship,103209,4,False,5,6,0,7,0,0,0,0,3,7,5,2,0,0,0,0,0,0
3210,kinship,103210,4,False,5,6,0,7,0,0,0,0,3,4,5,2,0,0,0,0,0,0
3211,kinship,103211,4,False,5,6,0,7,0,0,0,0,3,6,5,2,0,0,0,0,0,0
3212,kinship,103212,4,False,5,6,0,7,0,0,0,0,3,4,5,2,0,0,0,0,0,0
3213,kinship,103213,5,False,3,5,0,7,0,0,0,0,3,6,4,2,0,0,0,0,0,0
3214,kinship,103214,5,False,3,5,0,7,0,0,0,0,3,3,4,2,0,0,0,0,0,0
3215,kinship,103215,4,False,5,6,0,7,0,0,0,0,3,5,5,2,0,0,0,0,0,0
3216,kinship,103216,4,False,5,6,0,7,0,0,0,0,3,5,5,2,0,0,0,0,0,0
3217,kinship,103217,4,False,5,6,0,7,0,0,0,0,3,5,5,2,0,0,0,0,0,0
3218,kinship,103218,4,False,5,6,0,7,0,0,0,0,3,5,5,2,0,0,0,0,0,0
3219,kinship,103219,4,False,5,6,0,7,0,0,0,0,3,6,5,2,0,0,0,0,0,0
3220,kinship,103220,4,False,5,6,0,7,0,0,0,0,3,5,5,2,0,0,0,0,0,0
3221,kinship,103221,4,False,5,6,0,7,0,0,0,0,3,5,5,2,0,0,0,0,0,0
3222,kinship,103222,4,False,5,6,0,7,0,0,0,0,3,5,5,2,0,0,0,0,0,0
3223,kinship,103223,5,False,3,5,0,7,0,0,0,0,3,4,4,2,0,0,0,0,0,0
3224,kinship,103224,5,False,3,5,0,7,0,0,0,0,3,5,4,2,0,0,0,0,0,0
3225,kinship,103225,5,False,3,5,0,7,0,0,0,0,3,3,4,2,0,0,0,0,0,0
3226,kinship,103226,4,False,5,6,0,7,0,0,0,0,3,5,5,2,0,0,0,0,0,0
3227,kinship,103227,5,False,3,5,0,7,0,0,0,0,3,6,4,2,0,0,0,0,0,0
3228,kinship,103228,5,False,3,5,0,7,0,0,0,0,3,7,4,2,0,0,0,0,0,0
3229,kinship,103229,5,False,3,5,0,7,0,0,0,0,3,6,4,2,0,0,0,0,0,0
3230,kinship,103230,4,False,5,6,0,7,0,0,0,0,3,6,5,2,0,0,0,0,0,0
3231,kinship,103231,5,False,3,5,0,7,0,0,0,0,3,4,4,2,0,0,0,0,0,0
3232,kinship,103232,4,False,5,6,0,7,0,0,0,0,3,5,5,2,0,0,0,0,0,0
3233,kinship,103233,4,False,5,6,0,7,0,0,0,0,3,4,5,2,0,0,0,0,0,0
3234,kinship,103234,4,False,5,6,0,7,0,0,0,0,3,4,5,2,0,0,0,0,0,0
3235,kinship,103235,5,False,3,5,0,7,0,0,0,0,3,5,4,2,0,0,0,0,0,0
3236,kinship,103236,5,False,3,5,0,7,0,0,0,0,3,2,4,2,0,0,0,0,0,0
3237,kinship,103237,4,False,5,6,0,7,0,0,0,0,3,6,5,2,0,0,0,0,0,0
3238,kinship,103238,4,False,5,6,0,7,0,0,0,0,3,7,5,2,0,0,0,0,0,0
3239,kinship,103239,4,False,5,6,0,7,0,0,0,0,3,6,5,2,0,0,0,0,0,0
3240,kinship,103240,5,False,3,5,0,7,0,0,0,0,3,5,4,2,0,0,0,0,0,0
3241,kinship,103241,5,False,3,5,0,7,0,0,0,0,3,5,4,2,0,0,0,0,0,0
3242,kinship,103242,4,False,5,6,0,7,0,0,0,0,3,6,5,2,0,0,0,0,0,0
3243,kinship,103243,4,False,5,6,0,7,0,0,0,0,3,6,5,2,0,0,0,0,0,0
3244,kinship,103244,4,False,5,6,0,7,0,0,0,0,3,6,5,2,0,0,0,0,0,0
3245,kinship,103245,4,False,5,6,0,7,0,0,0,0,3,7,5,2,0,0,0,0,0,0
3246,kinship,103246,4,False,5,6,0,7,0,0,0,0,3,6,5,2,0,0,0,0,0,0
3247,kinship,103247,4,False,5,6,0,7,0,0,0,0,3,7,5,2,0,0,0,0,0,0
3248,kinship,103248,4,False,5,6,0,7,0,0,0,0,3,6,5,2,0,0,0,0,0,0
3249,kinship,103249,4,False,5,6,0,7,0,0,0,0,3,4,5,2,0,0,0,0,0,0
3250,kinship,103250,5,False,3,5,0,7,0,0,0,0,3,7,4,2,0,0,0,0,0,0
3251,kinship,103251,5,False,3,5,0,7,0,0,0,0,3,7,4,2,0,0,0,0,0,0
3252,kinship,103252,5,False,3,5,0,7,0,0,0,0,3,5,4,2,0,0,0,0,0,0
3253,kinship,103253,5,False,3,5,0,7,0,0,0,0,3,3,4,2,0,0,0,0,0,0
3254,kinship,103254,4,False,5,6,0,7,0,0,0,0,3,6,5,2,0,0,0,0,0,0
3255,kinship,103255,5,False,3,5,0,7,0,0,0,0,3,3,4,2,0,0,0,0,0,0
3256,kinship,103256,4,False,5,6,0,7,0,0,0,0,3,6,5,2,0,0,0,0,0,0
3257,kinship,103257,4,False,5,6,0,7,0,0,0,0,3,6,5,2,0,0,0,0,0,0
3258,kinship,103258,4,False,5,6,0,7,0,0,0,0,3,5,5,2,0,0,0,0,0,0
3259,kinship,103259,4,False,5,6,0,7,0,0,0,0,3,6,5,2,0,0,0,0,0,0
3260,kinship,103260,5,False,3,5,0,7,0,0,0,0,3,6,4,2,0,0,0,0,0,0
3261,kinship,103261,4,False,5,6,0,7,0,0,0,0,3,5,5,2,0,0,0,0,0,0
3262,kinship,103262,5,False,3,5,0,7,0,0,0,0,3,4,4,2,0,0,0,0,0,0
3263,kinship,103263,4,False,5,6,0,7,0,0,0,0,3,5,5,2,0,0,0,0,0,0
3264,kinship,103264,4,False,5,6,0,7,0,0,0,0,3,4,5,2,0,0,0,0,0,0
3265,kinship,103265,4,False,5,6,0,7,0,0,0,0,3,6,5,2,0,0,0,0,0,0
3266,kinship,103266,5,False,3,5,0,7,0,0,0,0,3,5,4,2,0,0,0,0,0,0
3267,kinship,103267,4,False,5,6,0,7,0,0,0,0,3,6,5,2,0,0,0,0,0,0
3268,kinship,103268,5,False,3,5,0,7,0,0,0,0,3,5,4,2,0,0,0,0,0,0
3269,kinship,103269,5,False,3,5,0,7,0,0,0,0,3,6,4,2,0,0,0,0,0,0
3270,kinship,103270,5,False,3,5,0,7,0,0,0,0,3,4,4,2,0,0,0,0,0,0
3271,kinship,103271,4,False,5,6,0,7,0,0,0,0,3,5,5,2,0,0,0,0,0,0
3272,kinship,103272,4,False,5,6,0,7,0,0,0,0,3,4,5,2,0,0,0,0,0,0
3273,kinship,103273,4,False,5,6,0,7,0,0,0,0,3,5,5,2,0,0,0,0,0,0
3274,kinship,103274,4,False,5,6,0,7,0,0,0,0,3,6,5,2,0,0,0,0,0,0
3275,kinship,103275,4,False,5,6,0,7,0,0,0,0,3,5,5,2,0,0,0,0,0,0
3276,kinship,103276,5,False,3,5,0,7,0,0,0,0,3,6,4,2,0,0,0,0,0,0
3277,kinship,103277,5,False,3,5,0,7,0,0,0,0,3,5,4,2,0,0,0,0,0,0
3278,kinship,103278,4,False,5,6,0,7,0,0,0,0,3,4,5,2,0,0,0,0,0,0
3279,kinship,103279,4,False,5,6,0,7,0,0,0,0,3,4,5,2,0,0,0,0,0,0
3280,kinship,103280,5,False,3,5,0,7,0,0,0,0,3,4,4,2,0,0,0,0,0,0
3281,kinship,103281,4,False,5,6,0,7,0,0,0,0,3,6,5,2,0,0,0,0,0,0
3282,kinship,103282,4,False,5,6,0,7,0,0,0,0,3,4,5,2,0,0,0,0,0,0
3283,kinship,103283,4,False,5,6,0,7,0,0,0,0,3,4,5,2,0,0,0,0,0,0
3284,kinship,103284,4,False,5,6,0,7,0,0,0,0,3,6,5,2,0,0,0,0,0,0
3285,kinship,103285,4,False,5,6,0,7,0,0,0,0,3,4,5,2,0,0,0,0,0,0
3286,kinship,103286,4,False,5,6,0,7,0,0,0,0,3,5,5,2,0,0,0,0,0,0
3287,kinship,103287,5,False,3,5,0,7,0,0,0,0,3,4,4,2,0,0,0,0,0,0
3288,kinship,103288,5,False,3,5,0,7,0,0,0,0,3,7,4,2,0,0,0,0,0,0
3289,kinship,103289,5,False,3,5,0,7,0,0,0,0,3,4,4,2,0,0,0,0,0,0
3290,kinship,103290,4,False,5,6,0,7,0,0,0,0,3,6,5,2,0,0,0,0,0,0
3291,kinship,103291,4,False,5,6,0,7,0,0,0,0,3,3,5,2,0,0,0,0,0,0
3292,kinship,103292,4,False,5,6,0,7,0,0,0,0,3,6,5,2,0,0,0,0,0,0
3293,kinship,103293,4,False,5,6,0,7,0,0,0,0,3,6,5,2,0,0,0,0,0,0
3294,kinship,103294,4,False,5,6,0,7,0,0,0,0,3,3,5,2,0,0,0,0,0,0
3295,kinship,103295,5,False,3,5,0,7,0,0,0,0,3,4,4,2,0,0,0,0,0,0
3296,kinship,103296,4,False,5,6,0,7,0,0,0,0,3,4,5,2,0,0,0,0,0,0
3297,kinship,103297,5,False,5,7,0,7,0,0,0,0,4,10,5,2,0,0,0,0,0,0
3298,kinship,103298,4,False,5,6,0,7,0,0,0,0,3,5,5,2,0,0,0,0,0,0
3299,kinship,103299,5,False,3,5,0,7,0,0,0,0,3,4,4,2,0,0,0,0,0,0
3300,kinship,103300,4,False,5,6,0,7,0,0,0,0,3,4,5,2,0,0,0,0,0,0
3301,kinship,103301,4,False,5,6,0,7,0,0,0,0,3,6,5,2,0,0,0,0,0,0
3302,kinship,103302,4,False,5,6,0,7,0,0,0,0,3,5,5,2,0,0,0,0,0,0
3303,kinship,103303,5,False,3,5,0,7,0,0,0,0,3,6,4,2,0,0,0,0,0,0
3304,kinship,103304,5,False,3,5,0,7,0,0,0,0,3,4,4,2,0,0,0,0,0,0
3305,kinship,103305,4,False,5,6,0,7,0,0,0,0,3,4,5,2,0,0,0,0,0,0
3306,kinship,103306,4,False,5,6,0,7,0,0,0,0,3,4,5,2,0,0,0,0,0,0
3307,kinship,103307,4,False,5,6,0,7,0,0,0,0,3,4,5,2,0,0,0,0,0,0
3308,kinship,103308,5,False,3,5,0,7,0,0,0,0,3,3,4,2,0,0,0,0,0,0
3309,kinship,103309,4,False,5,6,0,7,0,0,0,0,3,5,5,2,0,0,0,0,0,0
3310,kinship,103310,4,False,5,6,0,7,0,0,0,0,3,6,5,2,0,0,0,0,0,0
3311,kinship,103311,5,False,3,5,0,7,0,0,0,0,3,6,4,2,0,0,0,0,0,0
3312,kinship,103312,4,False,5,6,0,7,0,0,0,0,3,6,5,2,0,0,0,0,0,0
3313,kinship,103313,4,False,5,6,0,7,0,0,0,0,3,5,5,2,0,0,0,0,0,0
3314,kinship,103314,4,False,5,6,0,7,0,0,0,0,3,4,5,2,0,0,0,0,0,0
3315,kinship,103315,4,False,5,6,0,7,0,0,0,0,3,7,5,2,0,0,0,0,0,0
3316,kinship,103316,5,False,3,5,0,7,0,0,0,0,3,2,4,2,0,0,0,0,0,0
3317,kinship,103317,4,False,5,6,0,7,0,0,0,0,3,4,5,2,0,0,0,0,0,0
3318,kinship,103318,4,False,5,6,0,7,0,0,0,0,3,4,5,2,0,0,0,0,0,0
3319,kinship,103319,5,False,3,5,0,7,0,0,0,0,3,3,4,2,0,0,0,0,0,0
3320,kinship,103320,4,False,5,6,0,7,0,0,0,0,3,4,5,2,0,0,0,0,0,0
3321,kinship,103321,4,False,5,6,0,7,0,0,0,0,3,7,5,2,0,0,0,0,0,0
3322,kinship,103322,5,False,3,5,0,7,0,0,0,0,3,4,4,2,0,0,0,0,0,0
3323,kinship,103323,5,False,3,5,0,7,0,0,0,0,3,4,4,2,0,0,0,0,0,0
3324,kinship,103324,4,False,5,6,0,7,0,0,0,0,3,6,5,2,0,0,0,0,0,0
3325,kinship,103325,4,False,5,6,0,7,0,0,0,0,3,6,5,2,0,0,0,0,0,0
3326,kinship,103326,4,False,5,6,0,7,0,0,0,0,3,6,5,2,0,0,0,0,0,0
3327,kinship,103327,5,False,3,5,0,7,0,0,0,0,3,6,4,2,0,0,0,0,0,0
3328,kinship,103328,5,False,3,5,0,7,0,0,0,0,3,6,4,2,0,0,0,0,0,0
3329,kinship,103329,4,False,5,6,0,7,0,0,0,0,3,5,5,2,0,0,0,0,0,0
3330,kinship,103330,4,False,5,6,0,7,0,0,0,0,3,4,5,2,0,0,0,0,0,0
3331,kinship,103331,5,False,3,5,0,7,0,0,0,0,3,4,4,2,0,0,0,0,0,0
3332,kinship,103332,4,False,5,6,0,7,0,0,0,0,3,4,5,2,0,0,0,0,0,0
3333,kinship,103333,5,False,3,5,0,7,0,0,0,0,3,5,4,2,0,0,0,0,0,0
3334,kinship,103334,4,False,5,6,0,7,0,0,0,0,3,4,5,2,0,0,0,0,0,0
3335,kinship,103335,5,False,3,5,0,7,0,0,0,0,3,5,4,2,0,0,0,0,0,0
3336,kinship,103336,4,False,5,6,0,7,0,0,0,0,3,6,5,2,0,0,0,0,0,0
3337,kinship,103337,4,False,5,6,0,7,0,0,0,0,3,5,5,2,0,0,0,0,0,0
3338,kinship,103338,4,False,5,6,0,7,0,0,0,0,3,5,5,2,0,0,0,0,0,0
3339,kinship,103339,4,False,5,6,0,7,0,0,0,0,3,5,5,2,0,0,0,0,0,0
3340,kinship,103340,5,False,3,5,0,7,0,0,0,0,3,5,4,2,0,0,0,0,0,0
3341,kinship,103341,4,False,5,6,0,7,0,0,0,0,3,5,5,2,0,0,0,0,0,0
3342,kinship,103342,4,False,5,6,0,7,0,0,0,0,3,5,5,2,0,0,0,0,0,0
3343,kinship,103343,5,False,3,5,0,7,0,0,0,0,3,5,4,2,0,0,0,0,0,0
3344,kinship,103344,4,False,5,6,0,7,0,0,0,0,3,4,5,2,0,0,0,0,0,0
3345,kinship,103345,5,False,3,5,0,7,0,0,0,0,3,3,4,2,0,0,0,0,0,0
3346,kinship,103346,4,False,5,6,0,7,0,0,0,0,3,4,5,2,0,0,0,0,0,0
3347,kinship,103347,4,False,5,6,0,7,0,0,0,0,3,7,5,2,0,0,0,0,0,0
3348,kinship,103348,5,False,3,5,0,7,0,0,0,0,3,4,4,2,0,0,0,0,0,0
3349,kinship,103349,4,False,5,6,0,7,0,0,0,0,3,5,5,2,0,0,0,0,0,0
3350,kinship,103350,4,False,5,6,0,7,0,0,0,0,3,5,5,2,0,0,0,0,0,0
3351,kinship,103351,4,False,5,6,0,7,0,0,0,0,3,5,5,2,0,0,0,0,0,0
3352,kinship,103352,4,False,5,6,0,7,0,0,0,0,3,5,5,2,0,0,0,0,0,0
3353,kinship,103353,4,False,5,6,0,7,0,0,0,0,3,7,5,2,0,0,0,0,0,0
3354,kinship,103354,4,False,5,6,0,7,0,0,0,0,3,5,5,2,0,0,0,0,0,0
3355,kinship,103355,5,False,3,5,0,7,0,0,0,0,3,5,4,2,0,0,0,0,0,0
3356,kinship,103356,4,False,5,6,0,7,0,0,0,0,3,4,5,2,0,0,0,0,0,0
3357,kinship,103357,4,False,5,6,0,7,0,0,0,0,3,7,5,2,0,0,0,0,0,0
3358,kinship,103358,4,False,5,6,0,7,0,0,0,0,3,6,5,2,0,0,0,0,0,0
3359,kinship,103359,4,False,5,6,0,7,0,0,0,0,3,3,5,2,0,0,0,0,0,0
3360,kinship,103360,5,False,5,7,0,7,0,0,0,0,4,9,5,2,0,0,0,0,0,0
3361,kinship,103361,4,False,5,6,0,7,0,0,0,0,3,7,5,2,0,0,0,0,0,0
3362,kinship,103362,4,False,5,6,0,7,0,0,0,0,3,4,5,2,0,0,0,0,0,0
3363,kinship,103363,4,False,5,6,0,7,0,0,0,0,3,6,5,2,0,0,0,0,0,0
3364,kinship,103364,5,False,3,5,0,7,0,0,0,0,3,5,4,2,0,0,0,0,0,0
3365,kinship,103365,5,False,3,5,0,7,0,0,0,0,3,3,4,2,0,0,0,0,0,0
3366,kinship,103366,4,False,5,6,0,7,0,0,0,0,3,5,5,2,0,0,0,0,0,0
3367,kinship,103367,4,False,5,6,0,7,0,0,0,0,3,9,5,2,0,0,0,0,0,0
3368,kinship,103368,5,False,3,5,0,7,0,0,0,0,3,5,4,2,0,0,0,0,0,0
3369,kinship,103369,4,False,5,6,0,7,0,0,0,0,3,4,5,2,0,0,0,0,0,0
3370,kinship,103370,4,False,5,6,0,7,0,0,0,0,3,7,5,2,0,0,0,0,0,0
3371,kinship,103371,4,False,5,6,0,7,0,0,0,0,3,4,5,2,0,0,0,0,0,0
3372,kinship,103372,4,False,5,6,0,7,0,0,0,0,3,7,5,2,0,0,0,0,0,0
3373,kinship,103373,5,False,3,5,0,7,0,0,0,0,3,2,4,2,0,0,0,0,0,0
3374,kinship,103374,4,False,5,6,0,7,0,0,0,0,3,5,5,2,0,0,0,0,0,0
3375,kinship,103375,5,False,3,5,0,7,0,0,0,0,3,6,4,2,0,0,0,0,0,0
3376,kinship,103376,4,False,5,6,0,7,0,0,0,0,3,4,5,2,0,0,0,0,0,0
3377,kinship,103377,5,False,3,5,0,7,0,0,0,0,3,3,4,2,0,0,0,0,0,0
3378,kinship,103378,5,False,3,5,0,7,0,0,0,0,3,4,4,2,0,0,0,0,0,0
3379,kinship,103379,5,False,3,5,0,7,0,0,0,0,3,4,4,2,0,0,0,0,0,0
3380,kinship,103380,4,False,5,6,0,7,0,0,0,0,3,5,5,2,0,0,0,0,0,0
3381,kinship,103381,5,False,3,5,0,7,0,0,0,0,3,3,4,2,0,0,0,0,0,0
3382,kinship,103382,4,False,5,6,0,7,0,0,0,0,3,6,5,2,0,0,0,0,0,0
3383,kinship,103383,5,False,3,5,0,7,0,0,0,0,3,6,4,2,0,0,0,0,0,0
3384,kinship,103384,5,False,3,5,0,7,0,0,0,0,3,5,4,2,0,0,0,0,0,0
3385,kinship,103385,5,False,3,5,0,7,0,0,0,0,3,4,4,2,0,0,0,0,0,0
3386,kinship,103386,5,False,3,5,0,7,0,0,0,0,3,3,4,2,0,0,0,0,0,0
3387,kinship,103387,5,False,3,5,0,7,0,0,0,0,3,4,4,2,0,0,0,0,0,0
3388,kinship,103388,5,False,3,5,0,7,0,0,0,0,3,6,4,2,0,0,0,0,0,0
3389,kinship,103389,5,False,3,5,0,7,0,0,0,0,3,3,4,2,0,0,0,0,0,0
3390,kinship,103390,5,False,5,7,0,7,0,0,0,0,4,10,5,2,0,0,0,0,0,0
3391,kinship,103391,4,False,5,6,0,7,0,0,0,0,3,6,5,2,0,0,0,0,0,0
3392,kinship,103392,5,False,5,7,0,7,0,0,0,0,4,10,5,2,0,0,0,0,0,0
3393,kinship,103393,4,False,5,6,0,7,0,0,0,0,3,5,5,2,0,0,0,0,0,0
3394,kinship,103394,5,False,3,5,0,7,0,0,0,0,3,6,4,2,0,0,0,0,0,0
3395,kinship,103395,4,False,5,6,0,7,0,0,0,0,3,6,5,2,0,0,0,0,0,0
3396,kinship,103396,4,False,5,6,0,7,0,0,0,0,3,6,5,2,0,0,0,0,0,0
3397,kinship,103397,4,False,5,6,0,7,0,0,0,0,3,6,5,2,0,0,0,0,0,0
3398,kinship,103398,5,False,3,5,0,7,0,0,0,0,3,7,4,2,0,0,0,0,0,0
3399,kinship,103399,4,False,5,6,0,7,0,0,0,0,3,7,5,2,0,0,0,0,0,0
3400,kinship,103400,4,False,5,6,0,7,0,0,0,0,3,7,5,2,0,0,0,0,0,0
3401,kinship,103401,5,False,3,5,0,7,0,0,0,0,3,3,4,2,0,0,0,0,0,0
3402,kinship,103402,4,False,5,6,0,7,0,0,0,0,3,5,5,2,0,0,0,0,0,0
3403,kinship,103403,4,False,5,6,0,7,0,0,0,0,3,6,5,2,0,0,0,0,0,0
3404,kinship,103404,4,False,5,6,0,7,0,0,0,0,3,5,5,2,0,0,0,0,0,0
3405,kinship,103405,4,False,5,6,0,7,0,0,0,0,3,5,5,2,0,0,0,0,0,0
3406,kinship,103406,4,False,5,6,0,7,0,0,0,0,3,4,5,2,0,0,0,0,0,0
3407,kinship,103407,4,False,5,6,0,7,0,0,0,0,3,4,5,2,0,0,0,0,0,0
3408,kinship,103408,5,False,3,5,0,7,0,0,0,0,3,6,4,2,0,0,0,0,0,0
3409,kinship,103409,5,False,3,5,0,7,0,0,0,0,3,4,4,2,0,0,0,0,0,0
3410,kinship,103410,4,False,5,6,0,7,0,0,0,0,3,5,5,2,0,0,0,0,0,0
3411,kinship,103411,5,False,5,7,0,7,0,0,0,0,4,9,5,2,0,0,0,0,0,0
3412,kinship,103412,4,False,5,6,0,7,0,0,0,0,3,7,5,2,0,0,0,0,0,0
3413,kinship,103413,5,False,3,5,0,7,0,0,0,0,3,5,4,2,0,0,0,0,0,0
3414,kinship,103414,5,False,3,5,0,7,0,0,0,0,3,5,4,2,0,0,0,0,0,0
3415,kinship,103415,5,False,3,5,0,7,0,0,0,0,3,6,4,2,0,0,0,0,0,0
3416,kinship,103416,4,False,5,6,0,7,0,0,0,0,3,5,5,2,0,0,0,0,0,0
3417,kinship,103417,4,False,5,6,0,7,0,0,0,0,3,5,5,2,0,0,0,0,0,0
3418,kinship,103418,5,False,5,7,0,7,0,0,0,0,4,11,5,2,0,0,0,0,0,0
3419,kinship,103419,5,False,3,5,0,7,0,0,0,0,3,4,4,2,0,0,0,0,0,0
3420,kinship,103420,5,False,3,5,0,7,0,0,0,0,3,3,4,2,0,0,0,0,0,0
3421,kinship,103421,4,False,5,6,0,7,0,0,0,0,3,4,5,2,0,0,0,0,0,0
3422,kinship,103422,4,False,5,6,0,7,0,0,0,0,3,5,5,2,0,0,0,0,0,0
3423,kinship,103423,4,False,5,6,0,7,0,0,0,0,3,6,5,2,0,0,0,0,0,0
3424,kinship,103424,5,False,3,5,0,7,0,0,0,0,3,4,4,2,0,0,0,0,0,0
3425,kinship,103425,5,False,3,5,0,7,0,0,0,0,3,5,4,2,0,0,0,0,0,0
3426,kinship,103426,5,False,3,5,0,7,0,0,0,0,3,5,4,2,0,0,0,0,0,0
3427,kinship,103427,4,False,5,6,0,7,0,0,0,0,3,5,5,2,0,0,0,0,0,0
3428,kinship,103428,5,False,3,5,0,7,0,0,0,0,3,8,4,2,0,0,0,0,0,0
3429,kinship,103429,4,False,5,6,0,7,0,0,0,0,3,7,5,2,0,0,0,0,0,0
3430,kinship,103430,4,False,5,6,0,7,0,0,0,0,3,6,5,2,0,0,0,0,0,0
3431,kinship,103431,4,False,5,6,0,7,0,0,0,0,3,6,5,2,0,0,0,0,0,0
3432,kinship,103432,4,False,5,6,0,7,0,0,0,0,3,6,5,2,0,0,0,0,0,0
3433,kinship,103433,4,False,5,6,0,7,0,0,0,0,3,7,5,2,0,0,0,0,0,0
3434,kinship,103434,4,False,5,6,0,7,0,0,0,0,3,7,5,2,0,0,0,0,0,0
3435,kinship,103435,4,False,5,6,0,7,0,0,0,0,3,3,5,2,0,0,0,0,0,0
3436,kinship,103436,5,False,3,5,0,7,0,0,0,0,3,5,4,2,0,0,0,0,0,0
3437,kinship,103437,4,False,5,6,0,7,0,0,0,0,3,5,5,2,0,0,0,0,0,0
3438,kinship,103438,4,False,5,6,0,7,0,0,0,0,3,4,5,2,0,0,0,0,0,0
3439,kinship,103439,4,False,5,6,0,7,0,0,0,0,3,5,5,2,0,0,0,0,0,0
3440,kinship,103440,4,False,5,6,0,7,0,0,0,0,3,3,5,2,0,0,0,0,0,0
3441,kinship,103441,5,False,3,5,0,7,0,0,0,0,3,4,4,2,0,0,0,0,0,0
3442,kinship,103442,4,False,5,6,0,7,0,0,0,0,3,6,5,2,0,0,0,0,0,0
3443,kinship,103443,4,False,5,6,0,7,0,0,0,0,3,4,5,2,0,0,0,0,0,0
3444,kinship,103444,4,False,5,6,0,7,0,0,0,0,3,3,5,2,0,0,0,0,0,0
3445,kinship,103445,4,False,5,6,0,7,0,0,0,0,3,5,5,2,0,0,0,0,0,0
3446,kinship,103446,5,False,3,5,0,7,0,0,0,0,3,3,4,2,0,0,0,0,0,0
3447,kinship,103447,5,False,3,5,0,7,0,0,0,0,3,4,4,2,0,0,0,0,0,0
3448,kinship,103448,5,False,3,5,0,7,0,0,0,0,3,4,4,2,0,0,0,0,0,0
3449,kinship,103449,4,False,5,6,0,7,0,0,0,0,3,6,5,2,0,0,0,0,0,0
3450,kinship,103450,5,False,3,5,0,7,0,0,0,0,3,7,4,2,0,0,0,0,0,0
3451,kinship,103451,4,False,5,6,0,7,0,0,0,0,3,4,5,2,0,0,0,0,0,0
3452,kinship,103452,4,False,5,6,0,7,0,0,0,0,3,6,5,2,0,0,0,0,0,0
3453,kinship,103453,4,False,5,6,0,7,0,0,0,0,3,5,5,2,0,0,0,0,0,0
3454,kinship,103454,4,False,5,6,0,7,0,0,0,0,3,4,5,2,0,0,0,0,0,0
3455,kinship,103455,5,False,3,5,0,7,0,0,0,0,3,6,4,2,0,0,0,0,0,0
3456,kinship,103456,4,False,5,6,0,7,0,0,0,0,3,7,5,2,0,0,0,0,0,0
3457,kinship,103457,5,False,3,5,0,7,0,0,0,0,3,5,4,2,0,0,0,0,0,0
3458,kinship,103458,5,False,3,5,0,7,0,0,0,0,3,3,4,2,0,0,0,0,0,0
3459,kinship,103459,4,False,5,6,0,7,0,0,0,0,3,6,5,2,0,0,0,0,0,0
3460,kinship,103460,5,False,3,5,0,7,0,0,0,0,3,4,4,2,0,0,0,0,0,0
3461,kinship,103461,4,False,5,6,0,7,0,0,0,0,3,5,5,2,0,0,0,0,0,0
3462,kinship,103462,4,False,5,6,0,7,0,0,0,0,3,5,5,2,0,0,0,0,0,0
3463,kinship,103463,4,False,5,6,0,7,0,0,0,0,3,5,5,2,0,0,0,0,0,0
3464,kinship,103464,4,False,5,6,0,7,0,0,0,0,3,7,5,2,0,0,0,0,0,0
3465,kinship,103465,5,False,3,5,0,7,0,0,0,0,3,7,4,2,0,0,0,0,0,0
3466,kinship,103466,5,False,3,5,0,7,0,0,0,0,3,5,4,2,0,0,0,0,0,0
3467,kinship,103467,4,False,5,6,0,7,0,0,0,0,3,6,5,2,0,0,0,0,0,0
3468,kinship,103468,4,False,5,6,0,7,0,0,0,0,3,6,5,2,0,0,0,0,0,0
3469,kinship,103469,5,False,3,5,0,7,0,0,0,0,3,5,4,2,0,0,0,0,0,0
3470,kinship,103470,5,False,3,5,0,7,0,0,0,0,3,5,4,2,0,0,0,0,0,0
3471,kinship,103471,5,False,3,5,0,7,0,0,0,0,3,6,4,2,0,0,0,0,0,0
3472,kinship,103472,4,False,5,6,0,7,0,0,0,0,3,7,5,2,0,0,0,0,0,0
3473,kinship,103473,5,False,3,5,0,7,0,0,0,0,3,7,4,2,0,0,0,0,0,0
3474,kinship,103474,5,False,3,5,0,7,0,0,0,0,3,6,4,2,0,0,0,0,0,0
3475,kinship,103475,4,False,5,6,0,7,0,0,0,0,3,6,5,2,0,0,0,0,0,0
3476,kinship,103476,4,False,5,6,0,7,0,0,0,0,3,5,5,2,0,0,0,0,0,0
3477,kinship,103477,4,False,5,6,0,7,0,0,0,0,3,4,5,2,0,0,0,0,0,0
3478,kinship,103478,4,False,5,6,0,7,0,0,0,0,3,5,5,2,0,0,0,0,0,0
3479,kinship,103479,5,False,3,5,0,7,0,0,0,0,3,5,4,2,0,0,0,0,0,0
3480,kinship,103480,5,False,3,5,0,7,0,0,0,0,3,4,4,2,0,0,0,0,0,0
3481,kinship,103481,5,False,3,5,0,7,0,0,0,0,3,6,4,2,0,0,0,0,0,0
3482,kinship,103482,5,False,3,5,0,7,0,0,0,0,3,3,4,2,0,0,0,0,0,0
3483,kinship,103483,5,False,5,7,0,7,0,0,0,0,4,9,5,2,0,0,0,0,0,0
3484,kinship,103484,4,False,5,6,0,7,0,0,0,0,3,7,5,2,0,0,0,0,0,0
3485,kinship,103485,4,False,5,6,0,7,0,0,0,0,3,8,5,2,0,0,0,0,0,0
3486,kinship,103486,4,False,5,6,0,7,0,0,0,0,3,5,5,2,0,0,0,0,0,0
3487,kinship,103487,4,False,5,6,0,7,0,0,0,0,3,4,5,2,0,0,0,0,0,0
3488,kinship,103488,5,False,3,5,0,7,0,0,0,0,3,5,4,2,0,0,0,0,0,0
3489,kinship,103489,5,False,3,5,0,7,0,0,0,0,3,4,4,2,0,0,0,0,0,0
3490,kinship,103490,4,False,5,6,0,7,0,0,0,0,3,5,5,2,0,0,0,0,0,0
3491,kinship,103491,4,False,5,6,0,7,0,0,0,0,3,5,5,2,0,0,0,0,0,0
3492,kinship,103492,4,False,5,6,0,7,0,0,0,0,3,6,5,2,0,0,0,0,0,0
3493,kinship,103493,5,False,5,7,0,7,0,0,0,0,4,10,5,2,0,0,0,0,0,0
3494,kinship,103494,4,False,5,6,0,7,0,0,0,0,3,6,5,2,0,0,0,0,0,0
3495,kinship,103495,5,False,3,5,0,7,0,0,0,0,3,7,4,2,0,0,0,0,0,0
3496,kinship,103496,4,False,5,6,0,7,0,0,0,0,3,5,5,2,0,0,0,0,0,0
3497,kinship,103497,4,False,5,6,0,7,0,0,0,0,3,6,5,2,0,0,0,0,0,0
3498,kinship,103498,4,False,5,6,0,7,0,0,0,0,3,6,5,2,0,0,0,0,0,0
3499,kinship,103499,4,False,5,6,0,7,0,0,0,0,3,5,5,2,0,0,0,0,0,0
3500,kinship,103500,5,False,3,5,0,7,0,0,0,0,3,4,4,2,0,0,0,0,0,0
3501,kinship,103501,4,False,5,6,0,7,0,0,0,0,3,7,5,2,0,0,0,0,0,0
3502,kinship,103502,5,False,3,5,0,7,0,0,0,0,3,5,4,2,0,0,0,0,0,0
3503,kinship,103503,4,False,5,6,0,7,0,0,0,0,3,5,5,2,0,0,0,0,0,0
3504,kinship,103504,4,False,5,6,0,7,0,0,0,0,3,7,5,2,0,0,0,0,0,0
3505,kinship,103505,5,False,3,5,0,7,0,0,0,0,3,4,4,2,0,0,0,0,0,0
3506,kinship,103506,4,False,5,6,0,7,0,0,0,0,3,6,5,2,0,0,0,0,0,0
3507,kinship,103507,5,False,3,5,0,7,0,0,0,0,3,4,4,2,0,0,0,0,0,0
3508,kinship,103508,4,False,5,6,0,7,0,0,0,0,3,5,5,2,0,0,0,0,0,0
3509,kinship,103509,5,False,3,5,0,7,0,0,0,0,3,6,4,2,0,0,0,0,0,0
3510,kinship,103510,4,False,5,6,0,7,0,0,0,0,3,5,5,2,0,0,0,0,0,0
3511,kinship,103511,4,False,5,6,0,7,0,0,0,0,3,5,5,2,0,0,0,0,0,0
3512,kinship,103512,4,False,5,6,0,7,0,0,0,0,3,6,5,2,0,0,0,0,0,0
3513,kinship,103513,4,False,5,6,0,7,0,0,0,0,3,5,5,2,0,0,0,0,0,0
3514,kinship,103514,4,False,5,6,0,7,0,0,0,0,3,5,5,2,0,0,0,0,0,0
3515,kinship,103515,4,False,5,6,0,7,0,0,0,0,3,5,5,2,0,0,0,0,0,0
3516,kinship,103516,4,False,5,6,0,7,0,0,0,0,3,4,5,2,0,0,0,0,0,0
3517,kinship,103517,4,False,5,6,0,7,0,0,0,0,3,6,5,2,0,0,0,0,0,0
3518,kinship,103518,4,False,5,6,0,7,0,0,0,0,3,6,5,2,0,0,0,0,0,0
3519,kinship,103519,4,False,5,6,0,7,0,0,0,0,3,5,5,2,0,0,0,0,0,0
3520,kinship,103520,5,False,3,5,0,7,0,0,0,0,3,2,4,2,0,0,0,0,0,0
3521,kinship,103521,4,False,5,6,0,7,0,0,0,0,3,7,5,2,0,0,0,0,0,0
3522,kinship,103522,4,False,5,6,0,7,0,0,0,0,3,5,5,2,0,0,0,0,0,0
3523,kinship,103523,4,False,5,6,0,7,0,0,0,0,3,6,5,2,0,0,0,0,0,0
3524,kinship,103524,4,False,5,6,0,7,0,0,0,0,3,4,5,2,0,0,0,0,0,0
3525,kinship,103525,4,False,5,6,0,7,0,0,0,0,3,5,5,2,0,0,0,0,0,0
3526,kinship,103526,4,False,5,6,0,7,0,0,0,0,3,7,5,2,0,0,0,0,0,0
3527,kinship,103527,4,False,5,6,0,7,0,0,0,0,3,7,5,2,0,0,0,0,0,0
3528,kinship,103528,5,False,3,5,0,7,0,0,0,0,3,4,4,2,0,0,0,0,0,0
3529,kinship,103529,5,False,3,5,0,7,0,0,0,0,3,3,4,2,0,0,0,0,0,0
3530,kinship,103530,4,False,5,6,0,7,0,0,0,0,3,5,5,2,0,0,0,0,0,0
3531,kinship,103531,4,False,5,6,0,7,0,0,0,0,3,8,5,2,0,0,0,0,0,0
3532,kinship,103532,5,False,3,5,0,7,0,0,0,0,3,7,4,2,0,0,0,0,0,0
3533,kinship,103533,4,False,5,6,0,7,0,0,0,0,3,7,5,2,0,0,0,0,0,0
3534,kinship,103534,4,False,5,6,0,7,0,0,0,0,3,5,5,2,0,0,0,0,0,0
3535,kinship,103535,4,False,5,6,0,7,0,0,0,0,3,6,5,2,0,0,0,0,0,0
3536,kinship,103536,4,False,5,6,0,7,0,0,0,0,3,6,5,2,0,0,0,0,0,0
3537,kinship,103537,5,False,3,5,0,7,0,0,0,0,3,4,4,2,0,0,0,0,0,0
3538,kinship,103538,4,False,5,6,0,7,0,0,0,0,3,6,5,2,0,0,0,0,0,0
3539,kinship,103539,4,False,5,6,0,7,0,0,0,0,3,6,5,2,0,0,0,0,0,0
3540,kinship,103540,4,False,5,6,0,7,0,0,0,0,3,6,5,2,0,0,0,0,0,0
3541,kinship,103541,5,False,3,5,0,7,0,0,0,0,3,5,4,2,0,0,0,0,0,0
3542,kinship,103542,4,False,5,6,0,7,0,0,0,0,3,4,5,2,0,0,0,0,0,0
3543,kinship,103543,4,False,5,6,0,7,0,0,0,0,3,6,5,2,0,0,0,0,0,0
3544,kinship,103544,5,False,3,5,0,7,0,0,0,0,3,4,4,2,0,0,0,0,0,0
3545,kinship,103545,5,False,3,5,0,7,0,0,0,0,3,7,4,2,0,0,0,0,0,0
3546,kinship,103546,4,False,5,6,0,7,0,0,0,0,3,7,5,2,0,0,0,0,0,0
3547,kinship,103547,5,False,3,5,0,7,0,0,0,0,3,4,4,2,0,0,0,0,0,0
3548,kinship,103548,4,False,5,6,0,7,0,0,0,0,3,6,5,2,0,0,0,0,0,0
3549,kinship,103549,5,False,3,5,0,7,0,0,0,0,3,2,4,2,0,0,0,0,0,0
3550,kinship,103550,4,False,5,6,0,7,0,0,0,0,3,4,5,2,0,0,0,0,0,0
3551,kinship,103551,5,False,3,5,0,7,0,0,0,0,3,5,4,2,0,0,0,0,0,0
3552,kinship,103552,4,False,5,6,0,7,0,0,0,0,3,5,5,2,0,0,0,0,0,0
3553,kinship,103553,4,False,5,6,0,7,0,0,0,0,3,4,5,2,0,0,0,0,0,0
3554,kinship,103554,4,False,5,6,0,7,0,0,0,0,3,5,5,2,0,0,0,0,0,0
3555,kinship,103555,5,False,3,5,0,7,0,0,0,0,3,3,4,2,0,0,0,0,0,0
3556,kinship,103556,4,False,5,6,0,7,0,0,0,0,3,4,5,2,0,0,0,0,0,0
3557,kinship,103557,5,False,3,5,0,7,0,0,0,0,3,4,4,2,0,0,0,0,0,0
3558,kinship,103558,5,False,3,5,0,7,0,0,0,0,3,5,4,2,0,0,0,0,0,0
3559,kinship,103559,4,False,5,6,0,7,0,0,0,0,3,4,5,2,0,0,0,0,0,0
3560,kinship,103560,4,False,5,6,0,7,0,0,0,0,3,5,5,2,0,0,0,0,0,0
3561,kinship,103561,4,False,5,6,0,7,0,0,0,0,3,5,5,2,0,0,0,0,0,0
3562,kinship,103562,4,False,5,6,0,7,0,0,0,0,3,4,5,2,0,0,0,0,0,0
3563,kinship,103563,5,False,3,5,0,7,0,0,0,0,3,5,4,2,0,0,0,0,0,0
3564,kinship,103564,5,False,3,5,0,7,0,0,0,0,3,3,4,2,0,0,0,0,0,0
3565,kinship,103565,4,False,5,6,0,7,0,0,0,0,3,4,5,2,0,0,0,0,0,0
3566,kinship,103566,5,False,3,5,0,7,0,0,0,0,3,5,4,2,0,0,0,0,0,0
3567,kinship,103567,4,False,5,6,0,7,0,0,0,0,3,6,5,2,0,0,0,0,0,0
3568,kinship,103568,5,False,3,5,0,7,0,0,0,0,3,4,4,2,0,0,0,0,0,0
3569,kinship,103569,4,False,5,6,0,7,0,0,0,0,3,4,5,2,0,0,0,0,0,0
3570,kinship,103570,4,False,5,6,0,7,0,0,0,0,3,5,5,2,0,0,0,0,0,0
3571,kinship,103571,4,False,5,6,0,7,0,0,0,0,3,5,5,2,0,0,0,0,0,0
3572,kinship,103572,4,False,5,6,0,7,0,0,0,0,3,5,5,2,0,0,0,0,0,0
3573,kinship,103573,4,False,5,6,0,7,0,0,0,0,3,7,5,2,0,0,0,0,0,0
3574,kinship,103574,5,False,3,5,0,7,0,0,0,0,3,4,4,2,0,0,0,0,0,0
3575,kinship,103575,4,False,5,6,0,7,0,0,0,0,3,5,5,2,0,0,0,0,0,0
3576,kinship,103576,4,False,5,6,0,7,0,0,0,0,3,5,5,2,0,0,0,0,0,0
3577,kinship,103577,5,False,3,5,0,7,0,0,0,0,3,5,4,2,0,0,0,0,0,0
3578,kinship,103578,4,False,5,6,0,7,0,0,0,0,3,4,5,2,0,0,0,0,0,0
3579,kinship,103579,5,False,3,5,0,7,0,0,0,0,3,5,4,2,0,0,0,0,0,0
3580,kinship,103580,4,False,5,6,0,7,0,0,0,0,3,6,5,2,0,0,0,0,0,0
3581,kinship,103581,5,False,3,5,0,7,0,0,0,0,3,4,4,2,0,0,0,0,0,0
3582,kinship,103582,4,False,5,6,0,7,0,0,0,0,3,4,5,2,0,0,0,0,0,0
3583,kinship,103583,4,False,5,6,0,7,0,0,0,0,3,6,5,2,0,0,0,0,0,0
3584,kinship,103584,4,False,5,6,0,7,0,0,0,0,3,7,5,2,0,0,0,0,0,0
3585,kinship,103585,5,False,3,5,0,7,0,0,0,0,3,7,4,2,0,0,0,0,0,0
3586,kinship,103586,4,False,5,6,0,7,0,0,0,0,3,7,5,2,0,0,0,0,0,0
3587,kinship,103587,4,False,5,6,0,7,0,0,0,0,3,6,5,2,0,0,0,0,0,0
3588,kinship,103588,4,False,5,6,0,7,0,0,0,0,3,4,5,2,0,0,0,0,0,0
3589,kinship,103589,5,False,3,5,0,7,0,0,0,0,3,5,4,2,0,0,0,0,0,0
3590,kinship,103590,4,False,5,6,0,7,0,0,0,0,3,5,5,2,0,0,0,0,0,0
3591,kinship,103591,4,False,5,6,0,7,0,0,0,0,3,6,5,2,0,0,0,0,0,0
3592,kinship,103592,5,False,3,5,0,7,0,0,0,0,3,4,4,2,0,0,0,0,0,0
3593,kinship,103593,4,False,5,6,0,7,0,0,0,0,3,7,5,2,0,0,0,0,0,0
3594,kinship,103594,4,False,5,6,0,7,0,0,0,0,3,6,5,2,0,0,0,0,0,0
3595,kinship,103595,4,False,5,6,0,7,0,0,0,0,3,5,5,2,0,0,0,0,0,0
3596,kinship,103596,4,False,5,6,0,7,0,0,0,0,3,5,5,2,0,0,0,0,0,0
3597,kinship,103597,4,False,5,6,0,7,0,0,0,0,3,5,5,2,0,0,0,0,0,0
3598,kinship,103598,5,False,3,5,0,7,0,0,0,0,3,6,4,2,0,0,0,0,0,0
3599,kinship,103599,5,False,3,5,0,7,0,0,0,0,3,3,4,2,0,0,0,0,0,0
3600,kinship,103600,5,False,3,5,0,7,0,0,0,0,3,6,4,2,0,0,0,0,0,0
3601,kinship,103601,4,False,5,6,0,7,0,0,0,0,3,5,5,2,0,0,0,0,0,0
3602,kinship,103602,4,False,5,6,0,7,0,0,0,0,3,5,5,2,0,0,0,0,0,0
3603,kinship,103603,4,False,5,6,0,7,0,0,0,0,3,5,5,2,0,0,0,0,0,0
3604,kinship,103604,4,False,5,6,0,7,0,0,0,0,3,6,5,2,0,0,0,0,0,0
3605,kinship,103605,5,False,3,5,0,7,0,0,0,0,3,3,4,2,0,0,0,0,0,0
3606,kinship,103606,4,False,5,6,0,7,0,0,0,0,3,4,5,2,0,0,0,0,0,0
3607,kinship,103607,4,False,5,6,0,7,0,0,0,0,3,6,5,2,0,0,0,0,0,0
3608,kinship,103608,5,False,3,5,0,7,0,0,0,0,3,5,4,2,0,0,0,0,0,0
3609,kinship,103609,4,False,5,6,0,7,0,0,0,0,3,4,5,2,0,0,0,0,0,0
3610,kinship,103610,4,False,5,6,0,7,0,0,0,0,3,5,5,2,0,0,0,0,0,0
3611,kinship,103611,4,False,5,6,0,7,0,0,0,0,3,5,5,2,0,0,0,0,0,0
3612,kinship,103612,4,False,5,6,0,7,0,0,0,0,3,5,5,2,0,0,0,0,0,0
3613,kinship,103613,5,False,3,5,0,7,0,0,0,0,3,4,4,2,0,0,0,0,0,0
3614,kinship,103614,4,False,5,6,0,7,0,0,0,0,3,6,5,2,0,0,0,0,0,0
3615,kinship,103615,4,False,5,6,0,7,0,0,0,0,3,5,5,2,0,0,0,0,0,0
3616,kinship,103616,4,False,5,6,0,7,0,0,0,0,3,4,5,2,0,0,0,0,0,0
3617,kinship,103617,4,False,5,6,0,7,0,0,0,0,3,7,5,2,0,0,0,0,0,0
3618,kinship,103618,4,False,5,6,0,7,0,0,0,0,3,7,5,2,0,0,0,0,0,0
3619,kinship,103619,5,False,3,5,0,7,0,0,0,0,3,4,4,2,0,0,0,0,0,0
3620,kinship,103620,5,False,3,5,0,7,0,0,0,0,3,3,4,2,0,0,0,0,0,0
3621,kinship,103621,4,False,5,6,0,7,0,0,0,0,3,5,5,2,0,0,0,0,0,0
3622,kinship,103622,4,False,5,6,0,7,0,0,0,0,3,6,5,2,0,0,0,0,0,0
3623,kinship,103623,5,False,3,5,0,7,0,0,0,0,3,3,4,2,0,0,0,0,0,0
3624,kinship,103624,5,False,3,5,0,7,0,0,0,0,3,3,4,2,0,0,0,0,0,0
3625,kinship,103625,4,False,5,6,0,7,0,0,0,0,3,5,5,2,0,0,0,0,0,0
3626,kinship,103626,4,False,5,6,0,7,0,0,0,0,3,6,5,2,0,0,0,0,0,0
3627,kinship,103627,5,False,3,5,0,7,0,0,0,0,3,3,4,2,0,0,0,0,0,0
3628,kinship,103628,5,False,3,5,0,7,0,0,0,0,3,7,4,2,0,0,0,0,0,0
3629,kinship,103629,4,False,5,6,0,7,0,0,0,0,3,5,5,2,0,0,0,0,0,0
3630,kinship,103630,4,False,5,6,0,7,0,0,0,0,3,6,5,2,0,0,0,0,0,0
3631,kinship,103631,4,False,5,6,0,7,0,0,0,0,3,4,5,2,0,0,0,0,0,0
3632,kinship,103632,5,False,3,5,0,7,0,0,0,0,3,2,4,2,0,0,0,0,0,0
3633,kinship,103633,5,False,3,5,0,7,0,0,0,0,3,3,4,2,0,0,0,0,0,0
3634,kinship,103634,4,False,5,6,0,7,0,0,0,0,3,4,5,2,0,0,0,0,0,0
3635,kinship,103635,4,False,5,6,0,7,0,0,0,0,3,4,5,2,0,0,0,0,0,0
3636,kinship,103636,5,False,3,5,0,7,0,0,0,0,3,2,4,2,0,0,0,0,0,0
3637,kinship,103637,4,False,5,6,0,7,0,0,0,0,3,4,5,2,0,0,0,0,0,0
3638,kinship,103638,4,False,5,6,0,7,0,0,0,0,3,5,5,2,0,0,0,0,0,0
3639,kinship,103639,4,False,5,6,0,7,0,0,0,0,3,6,5,2,0,0,0,0,0,0
3640,kinship,103640,5,False,3,5,0,7,0,0,0,0,3,5,4,2,0,0,0,0,0,0
3641,kinship,103641,4,False,5,6,0,7,0,0,0,0,3,4,5,2,0,0,0,0,0,0
3642,kinship,103642,4,False,5,6,0,7,0,0,0,0,3,6,5,2,0,0,0,0,0,0
3643,kinship,103643,5,False,3,5,0,7,0,0,0,0,3,5,4,2,0,0,0,0,0,0
3644,kinship,103644,5,False,3,5,0,7,0,0,0,0,3,7,4,2,0,0,0,0,0,0
3645,kinship,103645,5,False,3,5,0,7,0,0,0,0,3,6,4,2,0,0,0,0,0,0
3646,kinship,103646,5,False,3,5,0,7,0,0,0,0,3,4,4,2,0,0,0,0,0,0
3647,kinship,103647,4,False,5,6,0,7,0,0,0,0,3,5,5,2,0,0,0,0,0,0
3648,kinship,103648,4,False,5,6,0,7,0,0,0,0,3,7,5,2,0,0,0,0,0,0
3649,kinship,103649,4,False,5,6,0,7,0,0,0,0,3,4,5,2,0,0,0,0,0,0
3650,kinship,103650,5,False,3,5,0,7,0,0,0,0,3,5,4,2,0,0,0,0,0,0
3651,kinship,103651,5,False,3,5,0,7,0,0,0,0,3,6,4,2,0,0,0,0,0,0
3652,kinship,103652,4,False,5,6,0,7,0,0,0,0,3,4,5,2,0,0,0,0,0,0
3653,kinship,103653,4,False,5,6,0,7,0,0,0,0,3,4,5,2,0,0,0,0,0,0
3654,kinship,103654,5,False,3,5,0,7,0,0,0,0,3,5,4,2,0,0,0,0,0,0
3655,kinship,103655,4,False,5,6,0,7,0,0,0,0,3,6,5,2,0,0,0,0,0,0
3656,kinship,103656,4,False,5,6,0,7,0,0,0,0,3,3,5,2,0,0,0,0,0,0
3657,kinship,103657,5,False,3,5,0,7,0,0,0,0,3,6,4,2,0,0,0,0,0,0
3658,kinship,103658,5,False,3,5,0,7,0,0,0,0,3,6,4,2,0,0,0,0,0,0
3659,kinship,103659,4,False,5,6,0,7,0,0,0,0,3,6,5,2,0,0,0,0,0,0
3660,kinship,103660,4,False,5,6,0,7,0,0,0,0,3,6,5,2,0,0,0,0,0,0
3661,kinship,103661,5,False,3,5,0,7,0,0,0,0,3,5,4,2,0,0,0,0,0,0
3662,kinship,103662,4,False,5,6,0,7,0,0,0,0,3,4,5,2,0,0,0,0,0,0
3663,kinship,103663,4,False,5,6,0,7,0,0,0,0,3,5,5,2,0,0,0,0,0,0
3664,kinship,103664,4,False,5,6,0,7,0,0,0,0,3,4,5,2,0,0,0,0,0,0
3665,kinship,103665,4,False,5,6,0,7,0,0,0,0,3,5,5,2,0,0,0,0,0,0
3666,kinship,103666,4,False,5,6,0,7,0,0,0,0,3,6,5,2,0,0,0,0,0,0
3667,kinship,103667,5,False,3,5,0,7,0,0,0,0,3,5,4,2,0,0,0,0,0,0
3668,kinship,103668,4,False,5,6,0,7,0,0,0,0,3,5,5,2,0,0,0,0,0,0
3669,kinship,103669,4,False,5,6,0,7,0,0,0,0,3,5,5,2,0,0,0,0,0,0
3670,kinship,103670,4,False,5,6,0,7,0,0,0,0,3,5,5,2,0,0,0,0,0,0
3671,kinship,103671,4,False,5,6,0,7,0,0,0,0,3,4,5,2,0,0,0,0,0,0
3672,kinship,103672,4,False,5,6,0,7,0,0,0,0,3,5,5,2,0,0,0,0,0,0
3673,kinship,103673,5,False,3,5,0,7,0,0,0,0,3,4,4,2,0,0,0,0,0,0
3674,kinship,103674,4,False,5,6,0,7,0,0,0,0,3,6,5,2,0,0,0,0,0,0
3675,kinship,103675,4,False,5,6,0,7,0,0,0,0,3,6,5,2,0,0,0,0,0,0
3676,kinship,103676,5,False,3,5,0,7,0,0,0,0,3,3,4,2,0,0,0,0,0,0
3677,kinship,103677,4,False,5,6,0,7,0,0,0,0,3,6,5,2,0,0,0,0,0,0
3678,kinship,103678,4,False,5,6,0,7,0,0,0,0,3,4,5,2,0,0,0,0,0,0
3679,kinship,103679,4,False,5,6,0,7,0,0,0,0,3,5,5,2,0,0,0,0,0,0
3680,kinship,103680,4,False,5,6,0,7,0,0,0,0,3,7,5,2,0,0,0,0,0,0
3681,kinship,103681,5,False,3,5,0,7,0,0,0,0,3,5,4,2,0,0,0,0,0,0
3682,kinship,103682,4,False,5,6,0,7,0,0,0,0,3,7,5,2,0,0,0,0,0,0
3683,kinship,103683,5,False,3,5,0,7,0,0,0,0,3,4,4,2,0,0,0,0,0,0
3684,kinship,103684,4,False,5,6,0,7,0,0,0,0,3,4,5,2,0,0,0,0,0,0
3685,kinship,103685,5,False,3,5,0,7,0,0,0,0,3,5,4,2,0,0,0,0,0,0
3686,kinship,103686,4,False,5,6,0,7,0,0,0,0,3,5,5,2,0,0,0,0,0,0
3687,kinship,103687,5,False,3,5,0,7,0,0,0,0,3,4,4,2,0,0,0,0,0,0
3688,kinship,103688,5,False,3,5,0,7,0,0,0,0,3,3,4,2,0,0,0,0,0,0
3689,kinship,103689,5,False,3,5,0,7,0,0,0,0,3,3,4,2,0,0,0,0,0,0
3690,kinship,103690,5,False,3,5,0,7,0,0,0,0,3,5,4,2,0,0,0,0,0,0
3691,kinship,103691,4,False,5,6,0,7,0,0,0,0,3,6,5,2,0,0,0,0,0,0
3692,kinship,103692,4,False,5,6,0,7,0,0,0,0,3,6,5,2,0,0,0,0,0,0
3693,kinship,103693,4,False,5,6,0,7,0,0,0,0,3,7,5,2,0,0,0,0,0,0
3694,kinship,103694,4,False,5,6,0,7,0,0,0,0,3,4,5,2,0,0,0,0,0,0
3695,kinship,103695,5,False,3,5,0,7,0,0,0,0,3,4,4,2,0,0,0,0,0,0
3696,kinship,103696,5,False,3,5,0,7,0,0,0,0,3,3,4,2,0,0,0,0,0,0
3697,kinship,103697,4,False,5,6,0,7,0,0,0,0,3,6,5,2,0,0,0,0,0,0
3698,kinship,103698,5,False,3,5,0,7,0,0,0,0,3,4,4,2,0,0,0,0,0,0
3699,kinship,103699,5,False,3,5,0,7,0,0,0,0,3,5,4,2,0,0,0,0,0,0
3700,kinship,103700,5,False,3,5,0,7,0,0,0,0,3,2,4,2,0,0,0,0,0,0
3701,kinship,103701,4,False,5,6,0,7,0,0,0,0,3,4,5,2,0,0,0,0,0,0
3702,kinship,103702,4,False,5,6,0,7,0,0,0,0,3,4,5,2,0,0,0,0,0,0
3703,kinship,103703,4,False,5,6,0,7,0,0,0,0,3,7,5,2,0,0,0,0,0,0
3704,kinship,103704,5,False,3,5,0,7,0,0,0,0,3,4,4,2,0,0,0,0,0,0
3705,kinship,103705,5,False,3,5,0,7,0,0,0,0,3,5,4,2,0,0,0,0,0,0
3706,kinship,103706,5,False,3,5,0,7,0,0,0,0,3,7,4,2,0,0,0,0,0,0
3707,kinship,103707,4,False,5,6,0,7,0,0,0,0,3,6,5,2,0,0,0,0,0,0
3708,kinship,103708,4,False,5,6,0,7,0,0,0,0,3,6,5,2,0,0,0,0,0,0
3709,kinship,103709,4,False,5,6,0,7,0,0,0,0,3,5,5,2,0,0,0,0,0,0
3710,kinship,103710,4,False,5,6,0,7,0,0,0,0,3,6,5,2,0,0,0,0,0,0
3711,kinship,103711,5,False,3,5,0,7,0,0,0,0,3,4,4,2,0,0,0,0,0,0
3712,kinship,103712,5,False,3,5,0,7,0,0,0,0,3,3,4,2,0,0,0,0,0,0
3713,kinship,103713,4,False,5,6,0,7,0,0,0,0,3,5,5,2,0,0,0,0,0,0
3714,kinship,103714,5,False,3,5,0,7,0,0,0,0,3,5,4,2,0,0,0,0,0,0
3715,kinship,103715,5,False,3,5,0,7,0,0,0,0,3,8,4,2,0,0,0,0,0,0
3716,kinship,103716,5,False,3,5,0,7,0,0,0,0,3,7,4,2,0,0,0,0,0,0
3717,kinship,103717,4,False,5,6,0,7,0,0,0,0,3,6,5,2,0,0,0,0,0,0
3718,kinship,103718,4,False,5,6,0,7,0,0,0,0,3,6,5,2,0,0,0,0,0,0
3719,kinship,103719,5,False,3,5,0,7,0,0,0,0,3,3,4,2,0,0,0,0,0,0
3720,kinship,103720,4,False,5,6,0,7,0,0,0,0,3,5,5,2,0,0,0,0,0,0
3721,kinship,103721,4,False,5,6,0,7,0,0,0,0,3,5,5,2,0,0,0,0,0,0
3722,kinship,103722,4,False,5,6,0,7,0,0,0,0,3,7,5,2,0,0,0,0,0,0
3723,kinship,103723,4,False,5,6,0,7,0,0,0,0,3,5,5,2,0,0,0,0,0,0
3724,kinship,103724,4,False,5,6,0,7,0,0,0,0,3,5,5,2,0,0,0,0,0,0
3725,kinship,103725,5,False,3,5,0,7,0,0,0,0,3,3,4,2,0,0,0,0,0,0
3726,kinship,103726,5,False,3,5,0,7,0,0,0,0,3,4,4,2,0,0,0,0,0,0
3727,kinship,103727,5,False,5,7,0,7,0,0,0,0,4,10,5,2,0,0,0,0,0,0
3728,kinship,103728,4,False,5,6,0,7,0,0,0,0,3,7,5,2,0,0,0,0,0,0
3729,kinship,103729,5,False,3,5,0,7,0,0,0,0,3,6,4,2,0,0,0,0,0,0
3730,kinship,103730,4,False,5,6,0,7,0,0,0,0,3,6,5,2,0,0,0,0,0,0
3731,kinship,103731,4,False,5,6,0,7,0,0,0,0,3,7,5,2,0,0,0,0,0,0
3732,kinship,103732,4,False,5,6,0,7,0,0,0,0,3,6,5,2,0,0,0,0,0,0
3733,kinship,103733,5,False,3,5,0,7,0,0,0,0,3,4,4,2,0,0,0,0,0,0
3734,kinship,103734,4,False,5,6,0,7,0,0,0,0,3,5,5,2,0,0,0,0,0,0
3735,kinship,103735,4,False,5,6,0,7,0,0,0,0,3,8,5,2,0,0,0,0,0,0
3736,kinship,103736,4,False,5,6,0,7,0,0,0,0,3,6,5,2,0,0,0,0,0,0
3737,kinship,103737,4,False,5,6,0,7,0,0,0,0,3,7,5,2,0,0,0,0,0,0
3738,kinship,103738,5,False,3,5,0,7,0,0,0,0,3,5,4,2,0,0,0,0,0,0
3739,kinship,103739,4,False,5,6,0,7,0,0,0,0,3,5,5,2,0,0,0,0,0,0
3740,kinship,103740,5,False,3,5,0,7,0,0,0,0,3,4,4,2,0,0,0,0,0,0
3741,kinship,103741,4,False,5,6,0,7,0,0,0,0,3,6,5,2,0,0,0,0,0,0
3742,kinship,103742,4,False,5,6,0,7,0,0,0,0,3,6,5,2,0,0,0,0,0,0
3743,kinship,103743,4,False,5,6,0,7,0,0,0,0,3,5,5,2,0,0,0,0,0,0
3744,kinship,103744,4,False,5,6,0,7,0,0,0,0,3,6,5,2,0,0,0,0,0,0
3745,kinship,103745,4,False,5,6,0,7,0,0,0,0,3,6,5,2,0,0,0,0,0,0
3746,kinship,103746,4,False,5,6,0,7,0,0,0,0,3,5,5,2,0,0,0,0,0,0
3747,kinship,103747,4,False,5,6,0,7,0,0,0,0,3,5,5,2,0,0,0,0,0,0
3748,kinship,103748,4,False,5,6,0,7,0,0,0,0,3,5,5,2,0,0,0,0,0,0
3749,kinship,103749,5,False,3,5,0,7,0,0,0,0,3,4,4,2,0,0,0,0,0,0
3750,kinship,103750,5,False,3,5,0,7,0,0,0,0,3,4,4,2,0,0,0,0,0,0
3751,kinship,103751,5,False,3,5,0,7,0,0,0,0,3,6,4,2,0,0,0,0,0,0
3752,kinship,103752,5,False,3,5,0,7,0,0,0,0,3,5,4,2,0,0,0,0,0,0
3753,kinship,103753,4,False,5,6,0,7,0,0,0,0,3,6,5,2,0,0,0,0,0,0
3754,kinship,103754,4,False,5,6,0,7,0,0,0,0,3,4,5,2,0,0,0,0,0,0
3755,kinship,103755,5,False,3,5,0,7,0,0,0,0,3,6,4,2,0,0,0,0,0,0
3756,kinship,103756,4,False,5,6,0,7,0,0,0,0,3,5,5,2,0,0,0,0,0,0
3757,kinship,103757,5,False,3,5,0,7,0,0,0,0,3,4,4,2,0,0,0,0,0,0
3758,kinship,103758,4,False,5,6,0,7,0,0,0,0,3,5,5,2,0,0,0,0,0,0
3759,kinship,103759,5,False,3,5,0,7,0,0,0,0,3,7,4,2,0,0,0,0,0,0
3760,kinship,103760,5,False,3,5,0,7,0,0,0,0,3,3,4,2,0,0,0,0,0,0
3761,kinship,103761,4,False,5,6,0,7,0,0,0,0,3,6,5,2,0,0,0,0,0,0
3762,kinship,103762,5,False,3,5,0,7,0,0,0,0,3,3,4,2,0,0,0,0,0,0
3763,kinship,103763,5,False,3,5,0,7,0,0,0,0,3,3,4,2,0,0,0,0,0,0
3764,kinship,103764,4,False,5,6,0,7,0,0,0,0,3,6,5,2,0,0,0,0,0,0
3765,kinship,103765,4,False,5,6,0,7,0,0,0,0,3,5,5,2,0,0,0,0,0,0
3766,kinship,103766,4,False,5,6,0,7,0,0,0,0,3,7,5,2,0,0,0,0,0,0
3767,kinship,103767,5,False,3,5,0,7,0,0,0,0,3,6,4,2,0,0,0,0,0,0
3768,kinship,103768,5,False,3,5,0,7,0,0,0,0,3,4,4,2,0,0,0,0,0,0
3769,kinship,103769,4,False,5,6,0,7,0,0,0,0,3,7,5,2,0,0,0,0,0,0
3770,kinship,103770,4,False,5,6,0,7,0,0,0,0,3,6,5,2,0,0,0,0,0,0
3771,kinship,103771,5,False,3,5,0,7,0,0,0,0,3,4,4,2,0,0,0,0,0,0
3772,kinship,103772,5,False,3,5,0,7,0,0,0,0,3,6,4,2,0,0,0,0,0,0
3773,kinship,103773,5,False,3,5,0,7,0,0,0,0,3,2,4,2,0,0,0,0,0,0
3774,kinship,103774,4,False,5,6,0,7,0,0,0,0,3,4,5,2,0,0,0,0,0,0
3775,kinship,103775,4,False,5,6,0,7,0,0,0,0,3,6,5,2,0,0,0,0,0,0
3776,kinship,103776,4,False,5,6,0,7,0,0,0,0,3,6,5,2,0,0,0,0,0,0
3777,kinship,103777,5,False,3,5,0,7,0,0,0,0,3,4,4,2,0,0,0,0,0,0
3778,kinship,103778,5,False,3,5,0,7,0,0,0,0,3,5,4,2,0,0,0,0,0,0
3779,kinship,103779,4,False,5,6,0,7,0,0,0,0,3,7,5,2,0,0,0,0,0,0
3780,kinship,103780,5,False,3,5,0,7,0,0,0,0,3,8,4,2,0,0,0,0,0,0
3781,kinship,103781,4,False,5,6,0,7,0,0,0,0,3,7,5,2,0,0,0,0,0,0
3782,kinship,103782,5,False,3,5,0,7,0,0,0,0,3,5,4,2,0,0,0,0,0,0
3783,kinship,103783,4,False,5,6,0,7,0,0,0,0,3,5,5,2,0,0,0,0,0,0
3784,kinship,103784,4,False,5,6,0,7,0,0,0,0,3,4,5,2,0,0,0,0,0,0
3785,kinship,103785,5,False,3,5,0,7,0,0,0,0,3,4,4,2,0,0,0,0,0,0
3786,kinship,103786,4,False,5,6,0,7,0,0,0,0,3,6,5,2,0,0,0,0,0,0
3787,kinship,103787,4,False,5,6,0,7,0,0,0,0,3,6,5,2,0,0,0,0,0,0
3788,kinship,103788,4,False,5,6,0,7,0,0,0,0,3,6,5,2,0,0,0,0,0,0
3789,kinship,103789,5,False,3,5,0,7,0,0,0,0,3,5,4,2,0,0,0,0,0,0
3790,kinship,103790,4,False,5,6,0,7,0,0,0,0,3,7,5,2,0,0,0,0,0,0
3791,kinship,103791,4,False,5,6,0,7,0,0,0,0,3,4,5,2,0,0,0,0,0,0
3792,kinship,103792,5,False,3,5,0,7,0,0,0,0,3,4,4,2,0,0,0,0,0,0
3793,kinship,103793,4,False,5,6,0,7,0,0,0,0,3,5,5,2,0,0,0,0,0,0
3794,kinship,103794,4,False,5,6,0,7,0,0,0,0,3,5,5,2,0,0,0,0,0,0
3795,kinship,103795,4,False,5,6,0,7,0,0,0,0,3,5,5,2,0,0,0,0,0,0
3796,kinship,103796,4,False,5,6,0,7,0,0,0,0,3,6,5,2,0,0,0,0,0,0
3797,kinship,103797,5,False,3,5,0,7,0,0,0,0,3,3,4,2,0,0,0,0,0,0
3798,kinship,103798,4,False,5,6,0,7,0,0,0,0,3,7,5,2,0,0,0,0,0,0
3799,kinship,103799,4,False,5,6,0,7,0,0,0,0,3,5,5,2,0,0,0,0,0,0
3800,kinship,103800,4,False,5,6,0,7,0,0,0,0,3,3,5,2,0,0,0,0,0,0
3801,kinship,103801,5,False,3,5,0,7,0,0,0,0,3,4,4,2,0,0,0,0,0,0
3802,kinship,103802,5,False,3,5,0,7,0,0,0,0,3,4,4,2,0,0,0,0,0,0
3803,kinship,103803,4,False,5,6,0,7,0,0,0,0,3,3,5,2,0,0,0,0,0,0
3804,kinship,103804,5,False,5,7,0,7,0,0,0,0,4,10,5,2,0,0,0,0,0,0
3805,kinship,103805,4,False,5,6,0,7,0,0,0,0,3,6,5,2,0,0,0,0,0,0
3806,kinship,103806,5,False,3,5,0,7,0,0,0,0,3,7,4,2,0,0,0,0,0,0
3807,kinship,103807,4,False,5,6,0,7,0,0,0,0,3,7,5,2,0,0,0,0,0,0
3808,kinship,103808,4,False,5,6,0,7,0,0,0,0,3,3,5,2,0,0,0,0,0,0
3809,kinship,103809,5,False,3,5,0,7,0,0,0,0,3,7,4,2,0,0,0,0,0,0
3810,kinship,103810,4,False,5,6,0,7,0,0,0,0,3,6,5,2,0,0,0,0,0,0
3811,kinship,103811,4,False,5,6,0,7,0,0,0,0,3,4,5,2,0,0,0,0,0,0
3812,kinship,103812,5,False,5,7,0,7,0,0,0,0,4,11,5,2,0,0,0,0,0,0
3813,kinship,103813,5,False,3,5,0,7,0,0,0,0,3,4,4,2,0,0,0,0,0,0
3814,kinship,103814,4,False,5,6,0,7,0,0,0,0,3,5,5,2,0,0,0,0,0,0
3815,kinship,103815,5,False,3,5,0,7,0,0,0,0,3,5,4,2,0,0,0,0,0,0
3816,kinship,103816,4,False,5,6,0,7,0,0,0,0,3,6,5,2,0,0,0,0,0,0
3817,kinship,103817,5,False,5,7,0,7,0,0,0,0,4,9,5,2,0,0,0,0,0,0
3818,kinship,103818,4,False,5,6,0,7,0,0,0,0,3,5,5,2,0,0,0,0,0,0
3819,kinship,103819,4,False,5,6,0,7,0,0,0,0,3,4,5,2,0,0,0,0,0,0
3820,kinship,103820,4,False,5,6,0,7,0,0,0,0,3,5,5,2,0,0,0,0,0,0
3821,kinship,103821,4,False,5,6,0,7,0,0,0,0,3,3,5,2,0,0,0,0,0,0
3822,kinship,103822,5,False,3,5,0,7,0,0,0,0,3,5,4,2,0,0,0,0,0,0
3823,kinship,103823,4,False,5,6,0,7,0,0,0,0,3,6,5,2,0,0,0,0,0,0
3824,kinship,103824,4,False,5,6,0,7,0,0,0,0,3,4,5,2,0,0,0,0,0,0
3825,kinship,103825,4,False,5,6,0,7,0,0,0,0,3,7,5,2,0,0,0,0,0,0
3826,kinship,103826,5,False,3,5,0,7,0,0,0,0,3,7,4,2,0,0,0,0,0,0
3827,kinship,103827,4,False,5,6,0,7,0,0,0,0,3,7,5,2,0,0,0,0,0,0
3828,kinship,103828,5,False,3,5,0,7,0,0,0,0,3,4,4,2,0,0,0,0,0,0
3829,kinship,103829,5,False,3,5,0,7,0,0,0,0,3,4,4,2,0,0,0,0,0,0
3830,kinship,103830,4,False,5,6,0,7,0,0,0,0,3,6,5,2,0,0,0,0,0,0
3831,kinship,103831,4,False,5,6,0,7,0,0,0,0,3,5,5,2,0,0,0,0,0,0
3832,kinship,103832,4,False,5,6,0,7,0,0,0,0,3,6,5,2,0,0,0,0,0,0
3833,kinship,103833,5,False,3,5,0,7,0,0,0,0,3,3,4,2,0,0,0,0,0,0
3834,kinship,103834,4,False,5,6,0,7,0,0,0,0,3,7,5,2,0,0,0,0,0,0
3835,kinship,103835,5,False,3,5,0,7,0,0,0,0,3,5,4,2,0,0,0,0,0,0
3836,kinship,103836,5,False,5,7,0,7,0,0,0,0,4,9,5,2,0,0,0,0,0,0
3837,kinship,103837,4,False,5,6,0,7,0,0,0,0,3,6,5,2,0,0,0,0,0,0
3838,kinship,103838,4,False,5,6,0,7,0,0,0,0,3,7,5,2,0,0,0,0,0,0
3839,kinship,103839,4,False,5,6,0,7,0,0,0,0,3,5,5,2,0,0,0,0,0,0
3840,kinship,103840,4,False,5,6,0,7,0,0,0,0,3,5,5,2,0,0,0,0,0,0
3841,kinship,103841,4,False,5,6,0,7,0,0,0,0,3,7,5,2,0,0,0,0,0,0
3842,kinship,103842,5,False,3,5,0,7,0,0,0,0,3,6,4,2,0,0,0,0,0,0
3843,kinship,103843,5,False,3,5,0,7,0,0,0,0,3,4,4,2,0,0,0,0,0,0
3844,kinship,103844,5,False,3,5,0,7,0,0,0,0,3,6,4,2,0,0,0,0,0,0
3845,kinship,103845,4,False,5,6,0,7,0,0,0,0,3,5,5,2,0,0,0,0,0,0
3846,kinship,103846,4,False,5,6,0,7,0,0,0,0,3,7,5,2,0,0,0,0,0,0
3847,kinship,103847,4,False,5,6,0,7,0,0,0,0,3,5,5,2,0,0,0,0,0,0
3848,kinship,103848,4,False,5,6,0,7,0,0,0,0,3,7,5,2,0,0,0,0,0,0
3849,kinship,103849,4,False,5,6,0,7,0,0,0,0,3,5,5,2,0,0,0,0,0,0
3850,kinship,103850,4,False,5,6,0,7,0,0,0,0,3,5,5,2,0,0,0,0,0,0
3851,kinship,103851,4,False,5,6,0,7,0,0,0,0,3,4,5,2,0,0,0,0,0,0
3852,kinship,103852,4,False,5,6,0,7,0,0,0,0,3,6,5,2,0,0,0,0,0,0
3853,kinship,103853,4,False,5,6,0,7,0,0,0,0,3,6,5,2,0,0,0,0,0,0
3854,kinship,103854,4,False,5,6,0,7,0,0,0,0,3,4,5,2,0,0,0,0,0,0
3855,kinship,103855,4,False,5,6,0,7,0,0,0,0,3,4,5,2,0,0,0,0,0,0
3856,kinship,103856,4,False,5,6,0,7,0,0,0,0,3,3,5,2,0,0,0,0,0,0
3857,kinship,103857,5,False,3,5,0,7,0,0,0,0,3,3,4,2,0,0,0,0,0,0
3858,kinship,103858,5,False,3,5,0,7,0,0,0,0,3,4,4,2,0,0,0,0,0,0
3859,kinship,103859,5,False,3,5,0,7,0,0,0,0,3,4,4,2,0,0,0,0,0,0
3860,kinship,103860,4,False,5,6,0,7,0,0,0,0,3,5,5,2,0,0,0,0,0,0
3861,kinship,103861,5,False,3,5,0,7,0,0,0,0,3,3,4,2,0,0,0,0,0,0
3862,kinship,103862,4,False,5,6,0,7,0,0,0,0,3,6,5,2,0,0,0,0,0,0
3863,kinship,103863,4,False,5,6,0,7,0,0,0,0,3,7,5,2,0,0,0,0,0,0
3864,kinship,103864,4,False,5,6,0,7,0,0,0,0,3,9,5,2,0,0,0,0,0,0
3865,kinship,103865,4,False,5,6,0,7,0,0,0,0,3,7,5,2,0,0,0,0,0,0
3866,kinship,103866,4,False,5,6,0,7,0,0,0,0,3,6,5,2,0,0,0,0,0,0
3867,kinship,103867,5,False,3,5,0,7,0,0,0,0,3,5,4,2,0,0,0,0,0,0
3868,kinship,103868,4,False,5,6,0,7,0,0,0,0,3,3,5,2,0,0,0,0,0,0
3869,kinship,103869,5,False,3,5,0,7,0,0,0,0,3,7,4,2,0,0,0,0,0,0
3870,kinship,103870,5,False,3,5,0,7,0,0,0,0,3,3,4,2,0,0,0,0,0,0
3871,kinship,103871,5,False,3,5,0,7,0,0,0,0,3,5,4,2,0,0,0,0,0,0
3872,kinship,103872,5,False,3,5,0,7,0,0,0,0,3,6,4,2,0,0,0,0,0,0
3873,kinship,103873,5,False,3,5,0,7,0,0,0,0,3,3,4,2,0,0,0,0,0,0
3874,kinship,103874,4,False,5,6,0,7,0,0,0,0,3,5,5,2,0,0,0,0,0,0
3875,kinship,103875,5,False,3,5,0,7,0,0,0,0,3,3,4,2,0,0,0,0,0,0
3876,kinship,103876,4,False,5,6,0,7,0,0,0,0,3,4,5,2,0,0,0,0,0,0
3877,kinship,103877,5,False,3,5,0,7,0,0,0,0,3,4,4,2,0,0,0,0,0,0
3878,kinship,103878,4,False,5,6,0,7,0,0,0,0,3,4,5,2,0,0,0,0,0,0
3879,kinship,103879,5,False,3,5,0,7,0,0,0,0,3,4,4,2,0,0,0,0,0,0
3880,kinship,103880,4,False,5,6,0,7,0,0,0,0,3,6,5,2,0,0,0,0,0,0
3881,kinship,103881,4,False,5,6,0,7,0,0,0,0,3,7,5,2,0,0,0,0,0,0
3882,kinship,103882,4,False,5,6,0,7,0,0,0,0,3,5,5,2,0,0,0,0,0,0
3883,kinship,103883,5,False,3,5,0,7,0,0,0,0,3,4,4,2,0,0,0,0,0,0
3884,kinship,103884,5,False,3,5,0,7,0,0,0,0,3,4,4,2,0,0,0,0,0,0
3885,kinship,103885,5,False,3,5,0,7,0,0,0,0,3,5,4,2,0,0,0,0,0,0
3886,kinship,103886,4,False,5,6,0,7,0,0,0,0,3,5,5,2,0,0,0,0,0,0
3887,kinship,103887,4,False,5,6,0,7,0,0,0,0,3,7,5,2,0,0,0,0,0,0
3888,kinship,103888,5,False,3,5,0,7,0,0,0,0,3,3,4,2,0,0,0,0,0,0
3889,kinship,103889,5,False,3,5,0,7,0,0,0,0,3,2,4,2,0,0,0,0,0,0
3890,kinship,103890,5,False,3,5,0,7,0,0,0,0,3,7,4,2,0,0,0,0,0,0
3891,kinship,103891,4,False,5,6,0,7,0,0,0,0,3,7,5,2,0,0,0,0,0,0
3892,kinship,103892,4,False,5,6,0,7,0,0,0,0,3,5,5,2,0,0,0,0,0,0
3893,kinship,103893,4,False,5,6,0,7,0,0,0,0,3,6,5,2,0,0,0,0,0,0
3894,kinship,103894,5,False,3,5,0,7,0,0,0,0,3,5,4,2,0,0,0,0,0,0
3895,kinship,103895,4,False,5,6,0,7,0,0,0,0,3,4,5,2,0,0,0,0,0,0
3896,kinship,103896,4,False,5,6,0,7,0,0,0,0,3,5,5,2,0,0,0,0,0,0
3897,kinship,103897,5,False,3,5,0,7,0,0,0,0,3,6,4,2,0,0,0,0,0,0
3898,kinship,103898,4,False,5,6,0,7,0,0,0,0,3,4,5,2,0,0,0,0,0,0
3899,kinship,103899,4,False,5,6,0,7,0,0,0,0,3,5,5,2,0,0,0,0,0,0
3900,kinship,103900,4,False,5,6,0,7,0,0,0,0,3,5,5,2,0,0,0,0,0,0
3901,kinship,103901,5,False,3,5,0,7,0,0,0,0,3,4,4,2,0,0,0,0,0,0
3902,kinship,103902,4,False,5,6,0,7,0,0,0,0,3,5,5,2,0,0,0,0,0,0
3903,kinship,103903,4,False,5,6,0,7,0,0,0,0,3,8,5,2,0,0,0,0,0,0
3904,kinship,103904,4,False,5,6,0,7,0,0,0,0,3,7,5,2,0,0,0,0,0,0
3905,kinship,103905,5,False,3,5,0,7,0,0,0,0,3,6,4,2,0,0,0,0,0,0
3906,kinship,103906,5,False,3,5,0,7,0,0,0,0,3,7,4,2,0,0,0,0,0,0
3907,kinship,103907,4,False,5,6,0,7,0,0,0,0,3,5,5,2,0,0,0,0,0,0
3908,kinship,103908,5,False,3,5,0,7,0,0,0,0,3,2,4,2,0,0,0,0,0,0
3909,kinship,103909,5,False,3,5,0,7,0,0,0,0,3,4,4,2,0,0,0,0,0,0
3910,kinship,103910,5,False,3,5,0,7,0,0,0,0,3,4,4,2,0,0,0,0,0,0
3911,kinship,103911,5,False,3,5,0,7,0,0,0,0,3,4,4,2,0,0,0,0,0,0
3912,kinship,103912,5,False,3,5,0,7,0,0,0,0,3,3,4,2,0,0,0,0,0,0
3913,kinship,103913,4,False,5,6,0,7,0,0,0,0,3,6,5,2,0,0,0,0,0,0
3914,kinship,103914,4,False,5,6,0,7,0,0,0,0,3,9,5,2,0,0,0,0,0,0
3915,kinship,103915,4,False,5,6,0,7,0,0,0,0,3,7,5,2,0,0,0,0,0,0
3916,kinship,103916,5,False,3,5,0,7,0,0,0,0,3,2,4,2,0,0,0,0,0,0
3917,kinship,103917,4,False,5,6,0,7,0,0,0,0,3,6,5,2,0,0,0,0,0,0
3918,kinship,103918,4,False,5,6,0,7,0,0,0,0,3,5,5,2,0,0,0,0,0,0
3919,kinship,103919,5,False,3,5,0,7,0,0,0,0,3,5,4,2,0,0,0,0,0,0
3920,kinship,103920,5,False,3,5,0,7,0,0,0,0,3,7,4,2,0,0,0,0,0,0
3921,kinship,103921,5,False,3,5,0,7,0,0,0,0,3,4,4,2,0,0,0,0,0,0
3922,kinship,103922,5,False,3,5,0,7,0,0,0,0,3,6,4,2,0,0,0,0,0,0
3923,kinship,103923,5,False,3,5,0,7,0,0,0,0,3,5,4,2,0,0,0,0,0,0
3924,kinship,103924,4,False,5,6,0,7,0,0,0,0,3,6,5,2,0,0,0,0,0,0
3925,kinship,103925,5,False,3,5,0,7,0,0,0,0,3,4,4,2,0,0,0,0,0,0
3926,kinship,103926,4,False,5,6,0,7,0,0,0,0,3,6,5,2,0,0,0,0,0,0
3927,kinship,103927,5,False,3,5,0,7,0,0,0,0,3,6,4,2,0,0,0,0,0,0
3928,kinship,103928,4,False,5,6,0,7,0,0,0,0,3,8,5,2,0,0,0,0,0,0
3929,kinship,103929,5,False,3,5,0,7,0,0,0,0,3,3,4,2,0,0,0,0,0,0
3930,kinship,103930,4,False,5,6,0,7,0,0,0,0,3,4,5,2,0,0,0,0,0,0
3931,kinship,103931,4,False,5,6,0,7,0,0,0,0,3,6,5,2,0,0,0,0,0,0
3932,kinship,103932,5,False,3,5,0,7,0,0,0,0,3,7,4,2,0,0,0,0,0,0
3933,kinship,103933,5,False,5,7,0,7,0,0,0,0,4,9,5,2,0,0,0,0,0,0
3934,kinship,103934,4,False,5,6,0,7,0,0,0,0,3,4,5,2,0,0,0,0,0,0
3935,kinship,103935,4,False,5,6,0,7,0,0,0,0,3,8,5,2,0,0,0,0,0,0
3936,kinship,103936,5,False,3,5,0,7,0,0,0,0,3,6,4,2,0,0,0,0,0,0
3937,kinship,103937,4,False,5,6,0,7,0,0,0,0,3,4,5,2,0,0,0,0,0,0
3938,kinship,103938,5,False,3,5,0,7,0,0,0,0,3,6,4,2,0,0,0,0,0,0
3939,kinship,103939,4,False,5,6,0,7,0,0,0,0,3,7,5,2,0,0,0,0,0,0
3940,kinship,103940,4,False,5,6,0,7,0,0,0,0,3,6,5,2,0,0,0,0,0,0
3941,kinship,103941,4,False,5,6,0,7,0,0,0,0,3,3,5,2,0,0,0,0,0,0
3942,kinship,103942,4,False,5,6,0,7,0,0,0,0,3,6,5,2,0,0,0,0,0,0
3943,kinship,103943,5,False,3,5,0,7,0,0,0,0,3,4,4,2,0,0,0,0,0,0
3944,kinship,103944,5,False,3,5,0,7,0,0,0,0,3,5,4,2,0,0,0,0,0,0
3945,kinship,103945,4,False,5,6,0,7,0,0,0,0,3,6,5,2,0,0,0,0,0,0
3946,kinship,103946,4,False,5,6,0,7,0,0,0,0,3,5,5,2,0,0,0,0,0,0
3947,kinship,103947,4,False,5,6,0,7,0,0,0,0,3,6,5,2,0,0,0,0,0,0
3948,kinship,103948,4,False,5,6,0,7,0,0,0,0,3,6,5,2,0,0,0,0,0,0
3949,kinship,103949,4,False,5,6,0,7,0,0,0,0,3,4,5,2,0,0,0,0,0,0
3950,kinship,103950,4,False,5,6,0,7,0,0,0,0,3,5,5,2,0,0,0,0,0,0
3951,kinship,103951,4,False,5,6,0,7,0,0,0,0,3,6,5,2,0,0,0,0,0,0
3952,kinship,103952,4,False,5,6,0,7,0,0,0,0,3,6,5,2,0,0,0,0,0,0
3953,kinship,103953,4,False,5,6,0,7,0,0,0,0,3,6,5,2,0,0,0,0,0,0
3954,kinship,103954,5,False,3,5,0,7,0,0,0,0,3,4,4,2,0,0,0,0,0,0
3955,kinship,103955,4,False,5,6,0,7,0,0,0,0,3,7,5,2,0,0,0,0,0,0
3956,kinship,103956,4,False,5,6,0,7,0,0,0,0,3,5,5,2,0,0,0,0,0,0
3957,kinship,103957,4,False,5,6,0,7,0,0,0,0,3,5,5,2,0,0,0,0,0,0
3958,kinship,103958,4,False,5,6,0,7,0,0,0,0,3,5,5,2,0,0,0,0,0,0
3959,kinship,103959,4,False,5,6,0,7,0,0,0,0,3,7,5,2,0,0,0,0,0,0
3960,kinship,103960,4,False,5,6,0,7,0,0,0,0,3,6,5,2,0,0,0,0,0,0
3961,kinship,103961,4,False,5,6,0,7,0,0,0,0,3,6,5,2,0,0,0,0,0,0
3962,kinship,103962,4,False,5,6,0,7,0,0,0,0,3,3,5,2,0,0,0,0,0,0
3963,kinship,103963,4,False,5,6,0,7,0,0,0,0,3,6,5,2,0,0,0,0,0,0
3964,kinship,103964,4,False,5,6,0,7,0,0,0,0,3,6,5,2,0,0,0,0,0,0
3965,kinship,103965,4,False,5,6,0,7,0,0,0,0,3,7,5,2,0,0,0,0,0,0
3966,kinship,103966,5,False,3,5,0,7,0,0,0,0,3,5,4,2,0,0,0,0,0,0
3967,kinship,103967,4,False,5,6,0,7,0,0,0,0,3,5,5,2,0,0,0,0,0,0
3968,kinship,103968,4,False,5,6,0,7,0,0,0,0,3,5,5,2,0,0,0,0,0,0
3969,kinship,103969,4,False,5,6,0,7,0,0,0,0,3,5,5,2,0,0,0,0,0,0
3970,kinship,103970,5,False,3,5,0,7,0,0,0,0,3,5,4,2,0,0,0,0,0,0
3971,kinship,103971,5,False,3,5,0,7,0,0,0,0,3,2,4,2,0,0,0,0,0,0
3972,kinship,103972,4,False,5,6,0,7,0,0,0,0,3,6,5,2,0,0,0,0,0,0
3973,kinship,103973,4,False,5,6,0,7,0,0,0,0,3,5,5,2,0,0,0,0,0,0
3974,kinship,103974,4,False,5,6,0,7,0,0,0,0,3,5,5,2,0,0,0,0,0,0
3975,kinship,103975,4,False,5,6,0,7,0,0,0,0,3,4,5,2,0,0,0,0,0,0
3976,kinship,103976,4,False,5,6,0,7,0,0,0,0,3,6,5,2,0,0,0,0,0,0
3977,kinship,103977,4,False,5,6,0,7,0,0,0,0,3,4,5,2,0,0,0,0,0,0
3978,kinship,103978,5,False,5,7,0,7,0,0,0,0,4,11,5,2,0,0,0,0,0,0
3979,kinship,103979,4,False,5,6,0,7,0,0,0,0,3,6,5,2,0,0,0,0,0,0
3980,kinship,103980,4,False,5,6,0,7,0,0,0,0,3,6,5,2,0,0,0,0,0,0
3981,kinship,103981,4,False,5,6,0,7,0,0,0,0,3,7,5,2,0,0,0,0,0,0
3982,kinship,103982,4,False,5,6,0,7,0,0,0,0,3,3,5,2,0,0,0,0,0,0
3983,kinship,103983,4,False,5,6,0,7,0,0,0,0,3,7,5,2,0,0,0,0,0,0
3984,kinship,103984,4,False,5,6,0,7,0,0,0,0,3,5,5,2,0,0,0,0,0,0
3985,kinship,103985,5,False,3,5,0,7,0,0,0,0,3,5,4,2,0,0,0,0,0,0
3986,kinship,103986,5,False,3,5,0,7,0,0,0,0,3,5,4,2,0,0,0,0,0,0
3987,kinship,103987,4,False,5,6,0,7,0,0,0,0,3,6,5,2,0,0,0,0,0,0
3988,kinship,103988,5,False,3,5,0,7,0,0,0,0,3,4,4,2,0,0,0,0,0,0
3989,kinship,103989,4,False,5,6,0,7,0,0,0,0,3,6,5,2,0,0,0,0,0,0
3990,kinship,103990,5,False,5,7,0,7,0,0,0,0,4,12,5,2,0,0,0,0,0,0
3991,kinship,103991,4,False,5,6,0,7,0,0,0,0,3,5,5,2,0,0,0,0,0,0
3992,kinship,103992,4,False,5,6,0,7,0,0,0,0,3,8,5,2,0,0,0,0,0,0
3993,kinship,103993,4,False,5,6,0,7,0,0,0,0,3,7,5,2,0,0,0,0,0,0
3994,kinship,103994,4,False,5,6,0,7,0,0,0,0,3,5,5,2,0,0,0,0,0,0
3995,kinship,103995,5,False,3,5,0,7,0,0,0,0,3,7,4,2,0,0,0,0,0,0
3996,kinship,103996,4,False,5,6,0,7,0,0,0,0,3,7,5,2,0,0,0,0,0,0
3997,kinship,103997,4,False,5,6,0,7,0,0,0,0,3,6,5,2,0,0,0,0,0,0
3998,kinship,103998,4,False,5,6,0,7,0,0,0,0,3,4,5,2,0,0,0,0,0,0
3999,kinship,103999,4,False,5,6,0,7,0,0,0,0,3,4,5,2,0,0,0,0,0,0
4000,kinship,104000,4,False,5,6,0,7,0,0,0,0,3,5,5,2,0,0,0,0,0,0
4001,technology,104001,50,True,5,5,149,149,0,0,0,0,150,395,0,0,17,17,0,0,0,0
4002,technology,104002,50,True,5,5,220,220,0,0,0,0,150,466,0,0,21,21,0,0,0,0
4003,technology,104003,50,True,5,5,206,206,0,0,0,0,150,452,0,0,18,18,0,0,0,0
4004,technology,104004,50,True,3,5,74,74,0,0,0,0,109,238,0,0,9,9,0,0,0,0
4005,technology,104005,50,True,4,5,87,87,0,0,0,0,114,293,0,0,20,20,0,0,0,0
4006,technology,104006,50,True,3,5,46,46,0,0,0,0,110,208,0,0,10,10,0,0,0,0
4007,technology,104007,50,True,3,5,25,25,0,0,0,0,108,183,0,0,8,8,0,0,0,0
4008,technology,104008,50,True,5,5,159,159,0,0,0,0,150,405,0,0,17,17,0,0,0,0
4009,technology,104009,50,True,5,5,141,141,0,0,0,0,150,387,0,0,18,18,0,0,0,0
4010,technology,104010,50,True,5,5,82,82,0,0,0,0,150,325,0,0,16,16,0,0,0,0
4011,technology,104011,50,True,5,5,165,165,0,0,0,0,150,408,0,0,16,16,0,0,0,0
4012,technology,104012,50,True,5,5,174,174,0,0,0,0,150,423,0,0,21,21,0,0,0,0
4013,technology,104013,50,True,3,5,64,64,0,0,0,0,111,226,0,0,12,12,0,0,0,0
4014,technology,104014,50,True,1,5,17,18,0,0,0,0,73,112,0,0,3,3,0,0,0,0
4015,technology,104015,50,True,5,5,137,137,0,0,0,0,150,385,0,0,16,16,0,0,0,0
4016,technology,104016,50,True,4,5,67,67,0,0,0,0,113,273,0,0,19,19,0,0,0,0
4017,technology,104017,50,True,5,5,168,168,0,0,0,0,150,411,0,0,17,17,0,0,0,0
4018,technology,104018,50,True,2,5,10,10,0,0,0,0,76,131,0,0,11,11,0,0,0,0
4019,technology,104019,50,True,1,5,25,25,0,0,0,0,71,110,0,0,5,5,0,0,0,0
4020,technology,104020,13,False,0,5,0,7,0,0,0,0,33,44,0,0,3,3,0,0,0,0
4021,technology,104021,50,True,5,5,169,169,0,0,0,0,150,412,0,0,18,18,0,0,0,0
4022,technology,104022,50,True,5,5,156,156,0,0,0,0,150,402,0,0,19,19,0,0,0,0
4023,technology,104023,50,True,5,5,164,164,0,0,0,0,150,413,0,0,19,19,0,0,0,0
4024,technology,104024,50,True,5,5,147,147,0,0,0,0,150,393,0,0,18,18,0,0,0,0
4025,technology,104025,50,True,5,5,166,166,0,0,0,0,150,412,0,0,18,18,0,0,0,0
4026,technology,104026,50,True,5,5,171,171,0,0,0,0,150,417,0,0,19,19,0,0,0,0
4027,technology,104027,50,True,5,5,121,121,0,0,0,0,150,364,0,0,18,18,0,0,0,0
4028,technology,104028,50,True,3,5,51,51,0,0,0,0,111,218,0,0,11,11,0,0,0,0
4029,technology,104029,50,True,4,5,87,87,0,0,0,0,111,294,0,0,17,17,0,0,0,0
4030,technology,104030,50,True,5,5,123,123,0,0,0,0,150,375,0,0,14,14,0,0,0,0
4031,technology,104031,50,True,4,5,76,76,0,0,0,0,109,283,0,0,20,20,0,0,0,0
4032,technology,104032,50,True,4,5,61,61,0,0,0,0,110,266,0,0,19,19,0,0,0,0
4033,technology,104033,50,True,4,5,91,91,0,0,0,0,109,296,0,0,18,18,0,0,0,0
4034,technology,104034,50,True,5,5,175,175,0,0,0,0,150,427,0,0,21,21,0,0,0,0
4035,technology,104035,50,True,5,5,198,198,0,0,0,0,150,441,0,0,20,20,0,0,0,0
4036,technology,104036,50,True,5,5,129,129,0,0,0,0,150,375,0,0,17,17,0,0,0,0
4037,technology,104037,50,True,5,5,144,144,0,0,0,0,150,387,0,0,18,18,0,0,0,0
4038,technology,104038,50,True,4,5,73,73,0,0,0,0,109,283,0,0,16,16,0,0,0,0
4039,technology,104039,50,True,5,5,182,182,0,0,0,0,150,431,0,0,20,20,0,0,0,0
4040,technology,104040,50,True,3,5,54,54,0,0,0,0,114,231,0,0,11,11,0,0,0,0
4041,technology,104041,13,False,0,5,0,7,0,0,0,0,33,35,0,0,3,3,0,0,0,0
4042,technology,104042,50,True,3,5,60,60,0,0,0,0,109,223,0,0,11,11,0,0,0,0
4043,technology,104043,22,False,0,5,0,7,0,0,0,0,45,57,0,0,3,3,0,0,0,0
4044,technology,104044,50,True,5,5,150,150,0,0,0,0,150,399,0,0,18,18,0,0,0,0
4045,technology,104045,50,True,5,5,160,160,0,0,0,0,150,406,0,0,19,19,0,0,0,0
4046,technology,104046,50,True,5,5,169,169,0,0,0,0,150,418,0,0,18,18,0,0,0,0
4047,technology,104047,50,True,5,5,146,146,0,0,0,0,150,389,0,0,18,18,0,0,0,0
4048,technology,104048,50,True,5,5,160,160,0,0,0,0,150,409,0,0,20,20,0,0,0,0
4049,technology,104049,50,True,5,5,156,156,0,0,0,0,150,408,0,0,18,18,0,0,0,0
4050,technology,104050,50,True,4,5,45,45,0,0,0,0,110,248,0,0,14,14,0,0,0,0
4051,technology,104051,50,True,5,5,174,174,0,0,0,0,150,417,0,0,19,19,0,0,0,0
4052,technology,104052,50,True,1,5,26,26,0,0,0,0,69,102,0,0,3,3,0,0,0,0
4053,technology,104053,50,True,3,5,76,76,0,0,0,0,104,231,0,0,11,11,0,0,0,0
4054,technology,104054,50,True,5,5,140,140,0,0,0,0,150,386,0,0,17,17,0,0,0,0
4055,technology,104055,50,True,3,5,46,46,0,0,0,0,109,203,0,0,8,8,0,0,0,0
4056,technology,104056,50,True,5,5,116,116,0,0,0,0,150,359,0,0,15,15,0,0,0,0
4057,technology,104057,50,True,5,5,111,111,0,0,0,0,150,357,0,0,13,13,0,0,0,0
4058,technology,104058,50,True,5,5,142,142,0,0,0,0,150,385,0,0,18,18,0,0,0,0
4059,technology,104059,50,True,3,5,60,60,0,0,0,0,111,221,0,0,11,11,0,0,0,0
4060,technology,104060,50,True,1,5,31,31,0,0,0,0,71,122,0,0,4,4,0,0,0,0
4061,technology,104061,50,True,5,5,171,171,0,0,0,0,150,417,0,0,19,19,0,0,0,0
4062,technology,104062,50,True,5,5,120,120,0,0,0,0,150,363,0,0,15,15,0,0,0,0
4063,technology,104063,50,True,4,5,89,89,0,0,0,0,114,293,0,0,21,21,0,0,0,0
4064,technology,104064,50,True,2,5,16,16,0,0,0,0,68,134,0,0,11,11,0,0,0,0
4065,technology,104065,50,True,4,5,63,63,0,0,0,0,117,276,0,0,20,20,0,0,0,0
4066,technology,104066,50,True,5,5,147,147,0,0,0,0,150,390,0,0,17,17,0,0,0,0
4067,technology,104067,50,True,5,5,79,79,0,0,0,0,150,325,0,0,15,15,0,0,0,0
4068,technology,104068,50,True,5,5,107,107,0,0,0,0,150,350,0,0,15,15,0,0,0,0
4069,technology,104069,50,True,3,5,60,60,0,0,0,0,114,234,0,0,11,11,0,0,0,0
4070,technology,104070,50,True,3,5,75,75,0,0,0,0,113,242,0,0,12,12,0,0,0,0
4071,technology,104071,50,True,5,5,201,201,0,0,0,0,150,444,0,0,20,20,0,0,0,0
4072,technology,104072,50,True,4,5,51,51,0,0,0,0,107,253,0,0,16,16,0,0,0,0
4073,technology,104073,50,True,5,5,179,179,0,0,0,0,150,431,0,0,21,21,0,0,0,0
4074,technology,104074,16,False,0,5,0,7,0,0,0,0,37,50,0,0,2,2,0,0,0,0
4075,technology,104075,50,True,3,5,74,74,0,0,0,0,110,235,0,0,12,12,0,0,0,0
4076,technology,104076,50,True,5,5,123,123,0,0,0,0,150,369,0,0,18,18,0,0,0,0
4077,technology,104077,50,True,4,5,88,88,0,0,0,0,112,296,0,0,18,18,0,0,0,0
4078,technology,104078,50,True,5,5,187,187,0,0,0,0,150,433,0,0,17,17,0,0,0,0
4079,technology,104079,50,True,5,5,208,208,0,0,0,0,150,451,0,0,21,21,0,0,0,0
4080,technology,104080,50,True,1,5,32,32,0,0,0,0,72,110,0,0,4,4,0,0,0,0
4081,technology,104081,50,True,5,5,194,194,0,0,0,0,150,437,0,0,18,18,0,0,0,0
4082,technology,104082,50,True,5,5,155,155,0,0,0,0,150,404,0,0,17,17,0,0,0,0
4083,technology,104083,50,True,4,5,69,69,0,0,0,0,110,276,0,0,17,17,0,0,0,0
4084,technology,104084,50,True,5,5,178,178,0,0,0,0,150,427,0,0,20,20,0,0,0,0
4085,technology,104085,50,True,3,5,21,21,0,0,0,0,105,180,0,0,7,7,0,0,0,0
4086,technology,104086,50,True,1,5,23,23,0,0,0,0,62,89,0,0,3,3,0,0,0,0
4087,technology,104087,50,True,5,5,166,166,0,0,0,0,150,413,0,0,19,19,0,0,0,0
4088,technology,104088,50,True,3,5,59,59,0,0,0,0,105,215,0,0,11,11,0,0,0,0
4089,technology,104089,50,True,1,5,16,16,0,0,0,0,70,93,0,0,3,3,0,0,0,0
4090,technology,104090,50,True,5,5,100,100,0,0,0,0,150,346,0,0,15,15,0,0,0,0
4091,technology,104091,50,True,3,5,59,59,0,0,0,0,114,228,0,0,9,9,0,0,0,0
4092,technology,104092,50,True,4,5,56,56,0,0,0,0,121,272,0,0,19,19,0,0,0,0
4093,technology,104093,50,True,5,5,169,169,0,0,0,0,150,415,0,0,16,16,0,0,0,0
4094,technology,104094,50,True,5,5,203,203,0,0,0,0,150,449,0,0,22,22,0,0,0,0
4095,technology,104095,50,True,3,5,41,41,0,0,0,0,121,231,0,0,12,12,0,0,0,0
4096,technology,104096,50,True,3,5,39,40,0,0,0,0,111,201,0,0,8,8,0,0,0,0
4097,technology,104097,50,True,5,5,121,121,0,0,0,0,150,370,0,0,18,18,0,0,0,0
4098,technology,104098,50,True,5,5,146,146,0,0,0,0,150,392,0,0,19,19,0,0,0,0
4099,technology,104099,50,True,4,5,79,79,0,0,0,0,119,290,0,0,19,19,0,0,0,0
4100,technology,104100,50,True,3,5,66,66,0,0,0,0,108,222,0,0,12,12,0,0,0,0
4101,technology,104101,50,True,5,5,136,136,0,0,0,0,150,385,0,0,19,19,0,0,0,0
4102,technology,104102,50,True,5,5,149,149,0,0,0,0,150,392,0,0,15,15,0,0,0,0
4103,technology,104103,50,True,5,5,155,155,0,0,0,0,150,401,0,0,20,20,0,0,0,0
4104,technology,104104,50,True,1,5,28,28,0,0,0,0,76,132,0,0,5,5,0,0,0,0
4105,technology,104105,50,True,5,5,160,160,0,0,0,0,150,406,0,0,15,15,0,0,0,0
4106,technology,104106,50,True,1,5,16,16,0,0,0,0,70,101,0,0,3,3,0,0,0,0
4107,technology,104107,50,True,3,5,90,90,0,0,0,0,109,258,0,0,13,13,0,0,0,0
4108,technology,104108,50,True,5,5,172,172,0,0,0,0,150,418,0,0,18,18,0,0,0,0
4109,technology,104109,50,True,5,5,131,131,0,0,0,0,150,377,0,0,19,19,0,0,0,0
4110,technology,104110,50,True,3,5,48,48,0,0,0,0,112,210,0,0,10,10,0,0,0,0
4111,technology,104111,50,True,3,5,62,62,0,0,0,0,109,220,0,0,13,13,0,0,0,0
4112,technology,104112,50,True,5,5,162,162,0,0,0,0,150,408,0,0,18,18,0,0,0,0
4113,technology,104113,50,True,3,5,45,45,0,0,0,0,112,222,0,0,13,13,0,0,0,0
4114,technology,104114,50,True,5,5,117,117,0,0,0,0,150,366,0,0,18,18,0,0,0,0
4115,technology,104115,50,True,5,5,187,187,0,0,0,0,150,430,0,0,20,20,0,0,0,0
4116,technology,104116,50,True,5,5,127,127,0,0,0,0,150,373,0,0,16,16,0,0,0,0
4117,technology,104117,21,False,0,5,0,9,0,0,0,0,49,70,0,0,3,3,0,0,0,0
4118,technology,104118,50,True,5,5,180,180,0,0,0,0,150,429,0,0,20,20,0,0,0,0
4119,technology,104119,50,True,5,5,169,169,0,0,0,0,150,421,0,0,19,19,0,0,0,0
4120,technology,104120,50,True,1,5,25,25,0,0,0,0,73,115,0,0,5,5,0,0,0,0
4121,technology,104121,11,False,0,5,0,7,0,0,0,0,27,35,0,0,3,3,0,0,0,0
4122,technology,104122,50,True,3,5,80,80,0,0,0,0,111,245,0,0,12,12,0,0,0,0
4123,technology,104123,50,True,3,5,59,59,0,0,0,0,109,220,0,0,12,12,0,0,0,0
4124,technology,104124,50,True,5,5,162,162,0,0,0,0,150,411,0,0,20,20,0,0,0,0
4125,technology,104125,50,True,5,5,191,191,0,0,0,0,150,437,0,0,19,19,0,0,0,0
4126,technology,104126,50,True,5,5,193,193,0,0,0,0,150,439,0,0,20,20,0,0,0,0
4127,technology,104127,50,True,5,5,138,138,0,0,0,0,150,381,0,0,17,17,0,0,0,0
4128,technology,104128,50,True,5,5,151,151,0,0,0,0,150,397,0,0,18,18,0,0,0,0
4129,technology,104129,50,True,1,5,18,18,0,0,0,0,66,86,0,0,2,2,0,0,0,0
4130,technology,104130,50,True,1,5,24,24,0,0,0,0,71,111,0,0,5,5,0,0,0,0
4131,technology,104131,50,True,5,5,140,140,0,0,0,0,150,383,0,0,19,19,0,0,0,0
4132,technology,104132,50,True,1,5,15,16,0,0,0,0,70,100,0,0,3,3,0,0,0,0
4133,technology,104133,50,True,5,5,172,172,0,0,0,0,150,415,0,0,19,19,0,0,0,0
4134,technology,104134,50,True,5,5,177,177,0,0,0,0,150,420,0,0,21,21,0,0,0,0
4135,technology,104135,50,True,1,5,25,25,0,0,0,0,72,115,0,0,3,3,0,0,0,0
4136,technology,104136,50,True,5,5,162,162,0,0,0,0,150,405,0,0,20,20,0,0,0,0
4137,technology,104137,50,True,1,5,25,25,0,0,0,0,81,134,0,0,5,5,0,0,0,0
4138,technology,104138,50,True,5,5,163,163,0,0,0,0,150,406,0,0,15,15,0,0,0,0
4139,technology,104139,50,True,5,5,171,171,0,0,0,0,150,417,0,0,19,19,0,0,0,0
4140,technology,104140,50,True,5,5,149,149,0,0,0,0,150,395,0,0,16,16,0,0,0,0
4141,technology,104141,50,True,5,5,119,119,0,0,0,0,150,362,0,0,16,16,0,0,0,0
4142,technology,104142,50,True,5,5,142,142,0,0,0,0,150,388,0,0,16,16,0,0,0,0
4143,technology,104143,20,False,0,5,0,9,0,0,0,0,42,48,0,0,3,3,0,0,0,0
4144,technology,104144,50,True,5,5,132,132,0,0,0,0,150,381,0,0,18,18,0,0,0,0
4145,technology,104145,50,True,1,5,24,24,0,0,0,0,74,116,0,0,4,4,0,0,0,0
4146,technology,104146,50,True,5,5,165,165,0,0,0,0,150,411,0,0,20,20,0,0,0,0
4147,technology,104147,50,True,5,5,156,156,0,0,0,0,150,402,0,0,16,16,0,0,0,0
4148,technology,104148,50,True,3,5,78,78,0,0,0,0,110,249,0,0,12,12,0,0,0,0
4149,technology,104149,50,True,1,5,24,24,0,0,0,0,68,112,0,0,3,3,0,0,0,0
4150,technology,104150,50,True,3,5,66,66,0,0,0,0,110,229,0,0,12,12,0,0,0,0
4151,technology,104151,50,True,3,5,100,100,0,0,0,0,115,276,0,0,13,13,0,0,0,0
4152,technology,104152,50,True,5,5,119,119,0,0,0,0,150,365,0,0,17,17,0,0,0,0
4153,technology,104153,50,True,3,5,59,59,0,0,0,0,106,218,0,0,10,10,0,0,0,0
4154,technology,104154,50,True,5,5,206,206,0,0,0,0,150,452,0,0,20,20,0,0,0,0
4155,technology,104155,50,True,1,5,32,32,0,0,0,0,68,110,0,0,4,4,0,0,0,0
4156,technology,104156,50,True,5,5,163,163,0,0,0,0,150,406,0,0,20,20,0,0,0,0
4157,technology,104157,50,True,5,5,138,138,0,0,0,0,150,389,0,0,16,16,0,0,0,0
4158,technology,104158,50,True,5,5,113,113,0,0,0,0,150,359,0,0,16,16,0,0,0,0
4159,technology,104159,50,True,1,5,29,29,0,0,0,0,68,103,0,0,3,3,0,0,0,0
4160,technology,104160,50,True,5,5,106,106,0,0,0,0,150,352,0,0,16,16,0,0,0,0
4161,technology,104161,50,True,5,5,163,163,0,0,0,0,150,409,0,0,18,18,0,0,0,0
4162,technology,104162,50,True,5,5,170,170,0,0,0,0,150,416,0,0,18,18,0,0,0,0
4163,technology,104163,50,True,5,5,155,155,0,0,0,0,150,401,0,0,18,18,0,0,0,0
4164,technology,104164,50,True,5,5,177,177,0,0,0,0,150,420,0,0,20,20,0,0,0,0
4165,technology,104165,50,True,5,5,118,118,0,0,0,0,150,364,0,0,16,16,0,0,0,0
4166,technology,104166,50,True,5,5,200,200,0,0,0,0,150,451,0,0,22,22,0,0,0,0
4167,technology,104167,50,True,5,5,104,104,0,0,0,0,150,347,0,0,12,12,0,0,0,0
4168,technology,104168,50,True,5,5,160,160,0,0,0,0,150,404,0,0,17,17,0,0,0,0
4169,technology,104169,50,True,5,5,186,186,0,0,0,0,150,432,0,0,24,24,0,0,0,0
4170,technology,104170,50,True,1,5,27,27,0,0,0,0,62,89,0,0,3,3,0,0,0,0
4171,technology,104171,50,True,5,5,131,131,0,0,0,0,150,377,0,0,15,15,0,0,0,0
4172,technology,104172,50,True,3,5,59,59,0,0,0,0,111,220,0,0,11,11,0,0,0,0
4173,technology,104173,50,True,5,5,115,115,0,0,0,0,150,361,0,0,17,17,0,0,0,0
4174,technology,104174,50,True,3,5,76,76,0,0,0,0,112,243,0,0,10,10,0,0,0,0
4175,technology,104175,50,True,5,5,139,139,0,0,0,0,150,382,0,0,17,17,0,0,0,0
4176,technology,104176,50,True,5,5,123,123,0,0,0,0,150,372,0,0,17,17,0,0,0,0
4177,technology,104177,50,True,5,5,159,159,0,0,0,0,150,408,0,0,19,19,0,0,0,0
4178,technology,104178,50,True,1,5,24,25,0,0,0,0,73,112,0,0,4,4,0,0,0,0
4179,technology,104179,50,True,5,5,177,177,0,0,0,0,150,420,0,0,18,18,0,0,0,0
4180,technology,104180,50,True,5,5,129,129,0,0,0,0,150,375,0,0,18,18,0,0,0,0
4181,technology,104181,50,True,5,5,147,147,0,0,0,0,150,393,0,0,15,15,0,0,0,0
4182,technology,104182,50,True,4,5,65,65,0,0,0,0,113,268,0,0,17,17,0,0,0,0
4183,technology,104183,50,True,3,5,65,65,0,0,0,0,104,218,0,0,12,12,0,0,0,0
4184,technology,104184,50,True,5,5,129,129,0,0,0,0,150,381,0,0,20,20,0,0,0,0
4185,technology,104185,50,True,3,5,53,53,0,0,0,0,104,205,0,0,10,10,0,0,0,0
4186,technology,104186,50,True,3,5,60,60,0,0,0,0,112,231,0,0,12,12,0,0,0,0
4187,technology,104187,50,True,5,5,203,203,0,0,0,0,150,449,0,0,22,22,0,0,0,0
4188,technology,104188,50,True,5,5,126,126,0,0,0,0,150,378,0,0,18,18,0,0,0,0
4189,technology,104189,50,True,5,5,187,187,0,0,0,0,150,430,0,0,16,16,0,0,0,0
4190,technology,104190,50,True,5,5,166,166,0,0,0,0,150,412,0,0,17,17,0,0,0,0
4191,technology,104191,50,True,3,5,34,35,0,0,0,0,109,197,0,0,8,8,0,0,0,0
4192,technology,104192,50,True,4,5,91,91,0,0,0,0,112,299,0,0,20,20,0,0,0,0
4193,technology,104193,50,True,1,5,28,28,0,0,0,0,70,114,0,0,4,4,0,0,0,0
4194,technology,104194,50,True,5,5,142,142,0,0,0,0,150,385,0,0,19,19,0,0,0,0
4195,technology,104195,50,True,5,5,140,140,0,0,0,0,150,383,0,0,19,19,0,0,0,0
4196,technology,104196,50,True,4,5,63,63,0,0,0,0,109,263,0,0,17,17,0,0,0,0
4197,technology,104197,50,True,3,5,51,51,0,0,0,0,104,205,0,0,11,11,0,0,0,0
4198,technology,104198,50,True,1,5,31,31,0,0,0,0,72,119,0,0,5,5,0,0,0,0
4199,technology,104199,50,True,5,5,220,220,0,0,0,0,150,469,0,0,21,21,0,0,0,0
4200,technology,104200,50,True,3,5,60,60,0,0,0,0,111,223,0,0,10,10,0,0,0,0
4201,technology,104201,50,True,5,5,131,131,0,0,0,0,150,377,0,0,14,14,0,0,0,0
4202,technology,104202,50,True,1,5,25,25,0,0,0,0,85,140,0,0,5,5,0,0,0,0
4203,technology,104203,50,True,5,5,195,195,0,0,0,0,150,444,0,0,21,21,0,0,0,0
4204,technology,104204,50,True,5,5,135,135,0,0,0,0,150,384,0,0,17,17,0,0,0,0
4205,technology,104205,50,True,5,5,119,119,0,0,0,0,150,362,0,0,16,16,0,0,0,0
4206,technology,104206,50,True,5,5,91,91,0,0,0,0,150,340,0,0,15,15,0,0,0,0
4207,technology,104207,50,True,5,5,135,135,0,0,0,0,150,378,0,0,19,19,0,0,0,0
4208,technology,104208,50,True,3,5,54,55,0,0,0,0,108,214,0,0,10,10,0,0,0,0
4209,technology,104209,50,True,5,5,198,198,0,0,0,0,150,450,0,0,21,21,0,0,0,0
4210,technology,104210,50,True,5,5,154,154,0,0,0,0,150,400,0,0,20,20,0,0,0,0
4211,technology,104211,50,True,4,5,90,90,0,0,0,0,108,289,0,0,19,19,0,0,0,0
4212,technology,104212,50,True,4,5,70,70,0,0,0,0,111,271,0,0,18,18,0,0,0,0
4213,technology,104213,50,True,3,5,41,41,0,0,0,0,108,206,0,0,9,9,0,0,0,0
4214,technology,104214,50,True,5,5,134,134,0,0,0,0,150,380,0,0,18,18,0,0,0,0
4215,technology,104215,50,True,5,5,176,176,0,0,0,0,150,425,0,0,18,18,0,0,0,0
4216,technology,104216,50,True,1,5,16,16,0,0,0,0,62,84,0,0,2,2,0,0,0,0
4217,technology,104217,50,True,5,5,155,155,0,0,0,0,150,401,0,0,18,18,0,0,0,0
4218,technology,104218,50,True,5,5,161,161,0,0,0,0,150,404,0,0,18,18,0,0,0,0
4219,technology,104219,13,False,0,5,0,7,0,0,0,0,24,34,0,0,2,2,0,0,0,0
4220,technology,104220,50,True,3,5,65,65,0,0,0,0,116,243,0,0,12,12,0,0,0,0
4221,technology,104221,50,True,3,5,59,59,0,0,0,0,104,216,0,0,11,11,0,0,0,0
4222,technology,104222,50,True,5,5,163,163,0,0,0,0,150,409,0,0,18,18,0,0,0,0
4223,technology,104223,50,True,5,5,176,176,0,0,0,0,150,419,0,0,18,18,0,0,0,0
4224,technology,104224,50,True,5,5,212,212,0,0,0,0,150,461,0,0,21,21,0,0,0,0
4225,technology,104225,50,True,1,5,20,20,0,0,0,0,64,95,0,0,4,4,0,0,0,0
4226,technology,104226,50,True,4,5,68,68,0,0,0,0,118,277,0,0,18,18,0,0,0,0
4227,technology,104227,50,True,1,5,34,34,0,0,0,0,70,117,0,0,4,4,0,0,0,0
4228,technology,104228,50,True,5,5,165,165,0,0,0,0,150,411,0,0,18,18,0,0,0,0
4229,technology,104229,50,True,5,5,179,179,0,0,0,0,150,431,0,0,19,19,0,0,0,0
4230,technology,104230,50,True,5,5,155,155,0,0,0,0,150,398,0,0,18,18,0,0,0,0
4231,technology,104231,50,True,4,5,62,62,0,0,0,0,108,265,0,0,16,16,0,0,0,0
4232,technology,104232,50,True,5,5,168,168,0,0,0,0,150,420,0,0,19,19,0,0,0,0
4233,technology,104233,50,True,1,5,30,30,0,0,0,0,78,137,0,0,5,5,0,0,0,0
4234,technology,104234,50,True,1,5,32,32,0,0,0,0,80,129,0,0,7,7,0,0,0,0
4235,technology,104235,50,True,5,5,183,183,0,0,0,0,150,432,0,0,21,21,0,0,0,0
4236,technology,104236,50,True,5,5,119,119,0,0,0,0,150,362,0,0,17,17,0,0,0,0
4237,technology,104237,50,True,1,5,14,14,0,0,0,0,73,98,0,0,1,1,0,0,0,0
4238,technology,104238,50,True,3,5,70,70,0,0,0,0,106,226,0,0,12,12,0,0,0,0
4239,technology,104239,50,True,3,5,82,82,0,0,0,0,110,253,0,0,13,13,0,0,0,0
4240,technology,104240,50,True,5,5,142,142,0,0,0,0,150,385,0,0,19,19,0,0,0,0
4241,technology,104241,50,True,5,5,141,141,0,0,0,0,150,387,0,0,17,17,0,0,0,0
4242,technology,104242,50,True,5,5,156,156,0,0,0,0,150,405,0,0,18,18,0,0,0,0
4243,technology,104243,50,True,5,5,181,181,0,0,0,0,150,430,0,0,20,20,0,0,0,0
4244,technology,104244,50,True,3,5,35,35,0,0,0,0,110,201,0,0,10,10,0,0,0,0
4245,technology,104245,50,True,5,5,151,151,0,0,0,0,150,400,0,0,17,17,0,0,0,0
4246,technology,104246,50,True,5,5,146,146,0,0,0,0,150,395,0,0,18,18,0,0,0,0
4247,technology,104247,50,True,5,5,172,172,0,0,0,0,150,415,0,0,20,20,0,0,0,0
4248,technology,104248,21,False,0,5,0,9,0,0,0,0,48,70,0,0,4,4,0,0,0,0
4249,technology,104249,50,True,5,5,157,157,0,0,0,0,150,406,0,0,20,20,0,0,0,0
4250,technology,104250,50,True,5,5,173,173,0,0,0,0,150,419,0,0,20,20,0,0,0,0
4251,technology,104251,50,True,4,5,85,85,0,0,0,0,111,296,0,0,19,19,0,0,0,0
4252,technology,104252,50,True,5,5,143,143,0,0,0,0,150,390,0,0,19,19,0,0,0,0
4253,technology,104253,50,True,5,5,211,211,0,0,0,0,150,454,0,0,22,22,0,0,0,0
4254,technology,104254,50,True,1,5,25,26,0,0,0,0,76,123,0,0,4,4,0,0,0,0
4255,technology,104255,50,True,3,5,51,51,0,0,0,0,120,242,0,0,11,11,0,0,0,0
4256,technology,104256,50,True,5,5,133,133,0,0,0,0,150,376,0,0,17,17,0,0,0,0
4257,technology,104257,50,True,1,5,30,30,0,0,0,0,77,134,0,0,5,5,0,0,0,0
4258,technology,104258,50,True,4,5,86,86,0,0,0,0,110,287,0,0,18,18,0,0,0,0
4259,technology,104259,50,True,5,5,151,151,0,0,0,0,150,394,0,0,19,19,0,0,0,0
4260,technology,104260,50,True,1,5,11,11,0,0,0,0,68,92,0,0,1,1,0,0,0,0
4261,technology,104261,50,True,3,5,68,68,0,0,0,0,118,256,0,0,13,13,0,0,0,0
4262,technology,104262,50,True,5,5,157,157,0,0,0,0,150,406,0,0,17,17,0,0,0,0
4263,technology,104263,50,True,5,5,116,116,0,0,0,0,150,359,0,0,16,16,0,0,0,0
4264,technology,104264,50,True,1,5,18,18,0,0,0,0,72,101,0,0,3,3,0,0,0,0
4265,technology,104265,12,False,0,5,0,8,0,0,0,0,27,34,0,0,3,3,0,0,0,0
4266,technology,104266,50,True,5,5,136,136,0,0,0,0,150,382,0,0,16,16,0,0,0,0
4267,technology,104267,50,True,5,5,151,151,0,0,0,0,150,400,0,0,17,17,0,0,0,0
4268,technology,104268,50,True,5,5,188,188,0,0,0,0,150,431,0,0,17,17,0,0,0,0
4269,technology,104269,50,True,5,5,140,140,0,0,0,0,150,386,0,0,19,19,0,0,0,0
4270,technology,104270,50,True,5,5,170,170,0,0,0,0,150,413,0,0,19,19,0,0,0,0
4271,technology,104271,50,True,5,5,150,150,0,0,0,0,150,393,0,0,18,18,0,0,0,0
4272,technology,104272,50,True,1,5,21,21,0,0,0,0,69,98,0,0,4,4,0,0,0,0
4273,technology,104273,50,True,3,5,82,82,0,0,0,0,111,244,0,0,12,12,0,0,0,0
4274,technology,104274,50,True,5,5,103,103,0,0,0,0,150,349,0,0,16,16,0,0,0,0
4275,technology,104275,50,True,1,5,21,22,0,0,0,0,68,116,0,0,5,5,0,0,0,0
4276,technology,104276,50,True,4,5,71,71,0,0,0,0,109,273,0,0,17,17,0,0,0,0
4277,technology,104277,50,True,5,5,141,141,0,0,0,0,150,390,0,0,17,17,0,0,0,0
4278,technology,104278,50,True,5,5,238,238,0,0,0,0,150,481,0,0,23,23,0,0,0,0
4279,technology,104279,50,True,5,5,160,160,0,0,0,0,150,406,0,0,22,22,0,0,0,0
4280,technology,104280,50,True,3,5,66,66,0,0,0,0,111,235,0,0,9,9,0,0,0,0
4281,technology,104281,50,True,5,5,148,148,0,0,0,0,150,394,0,0,20,20,0,0,0,0
4282,technology,104282,50,True,5,5,167,167,0,0,0,0,150,410,0,0,17,17,0,0,0,0
4283,technology,104283,50,True,1,5,14,14,0,0,0,0,71,96,0,0,3,3,0,0,0,0
4284,technology,104284,50,True,3,5,54,54,0,0,0,0,112,220,0,0,9,9,0,0,0,0
4285,technology,104285,50,True,5,5,107,107,0,0,0,0,150,359,0,0,15,15,0,0,0,0
4286,technology,104286,50,True,4,5,62,62,0,0,0,0,108,264,0,0,18,18,0,0,0,0
4287,technology,104287,50,True,3,5,46,46,0,0,0,0,103,198,0,0,10,10,0,0,0,0
4288,technology,104288,50,True,5,5,122,122,0,0,0,0,150,365,0,0,16,16,0,0,0,0
4289,technology,104289,50,True,5,5,199,199,0,0,0,0,150,445,0,0,20,20,0,0,0,0
4290,technology,104290,50,True,5,5,115,115,0,0,0,0,150,364,0,0,17,17,0,0,0,0
4291,technology,104291,50,True,1,5,31,31,0,0,0,0,64,101,0,0,3,3,0,0,0,0
4292,technology,104292,50,True,3,5,89,89,0,0,0,0,112,264,0,0,13,13,0,0,0,0
4293,technology,104293,50,True,4,5,76,76,0,0,0,0,109,282,0,0,18,18,0,0,0,0
4294,technology,104294,50,True,1,5,26,26,0,0,0,0,69,113,0,0,5,5,0,0,0,0
4295,technology,104295,50,True,4,5,75,75,0,0,0,0,105,273,0,0,17,17,0,0,0,0
4296,technology,104296,50,True,3,5,66,66,0,0,0,0,114,232,0,0,10,10,0,0,0,0
4297,technology,104297,50,True,5,5,116,116,0,0,0,0,150,362,0,0,17,17,0,0,0,0
4298,technology,104298,50,True,5,5,156,156,0,0,0,0,150,402,0,0,17,17,0,0,0,0
4299,technology,104299,50,True,5,5,122,122,0,0,0,0,150,365,0,0,18,18,0,0,0,0
4300,technology,104300,13,False,0,5,0,8,0,0,0,0,33,43,0,0,3,3,0,0,0,0
4301,technology,104301,50,True,3,5,96,96,0,0,0,0,108,257,0,0,12,12,0,0,0,0
4302,technology,104302,50,True,5,5,127,127,0,0,0,0,150,370,0,0,16,16,0,0,0,0
4303,technology,104303,50,True,5,5,152,152,0,0,0,0,150,395,0,0,17,17,0,0,0,0
4304,technology,104304,50,True,1,5,26,26,0,0,0,0,79,139,0,0,5,5,0,0,0,0
4305,technology,104305,50,True,5,5,194,194,0,0,0,0,150,440,0,0,21,21,0,0,0,0
4306,technology,104306,50,True,5,5,174,174,0,0,0,0,150,425,0,0,17,17,0,0,0,0
4307,technology,104307,50,True,2,5,15,15,0,0,0,0,86,163,0,0,11,11,0,0,0,0
4308,technology,104308,50,True,1,5,24,24,0,0,0,0,68,104,0,0,3,3,0,0,0,0
4309,technology,104309,50,True,5,5,210,210,0,0,0,0,150,453,0,0,21,21,0,0,0,0
4310,technology,104310,50,True,5,5,161,161,0,0,0,0,150,407,0,0,16,16,0,0,0,0
4311,technology,104311,50,True,4,5,74,74,0,0,0,0,119,297,0,0,19,19,0,0,0,0
4312,technology,104312,50,True,4,5,68,68,0,0,0,0,113,276,0,0,19,19,0,0,0,0
4313,technology,104313,50,True,5,5,153,153,0,0,0,0,150,396,0,0,20,20,0,0,0,0
4314,technology,104314,50,True,5,5,198,198,0,0,0,0,150,450,0,0,19,19,0,0,0,0
4315,technology,104315,50,True,5,5,144,144,0,0,0,0,150,390,0,0,18,18,0,0,0,0
4316,technology,104316,50,True,5,5,187,187,0,0,0,0,150,430,0,0,17,17,0,0,0,0
4317,technology,104317,50,True,5,5,139,139,0,0,0,0,150,388,0,0,16,16,0,0,0,0
4318,technology,104318,50,True,5,5,172,172,0,0,0,0,150,418,0,0,21,21,0,0,0,0
4319,technology,104319,50,True,5,5,128,128,0,0,0,0,150,374,0,0,18,18,0,0,0,0
4320,technology,104320,50,True,3,5,57,57,0,0,0,0,106,221,0,0,11,11,0,0,0,0
4321,technology,104321,50,True,5,5,131,131,0,0,0,0,150,377,0,0,18,18,0,0,0,0
4322,technology,104322,12,False,0,5,0,7,0,0,0,0,30,36,0,0,4,4,0,0,0,0
4323,technology,104323,50,True,5,5,120,120,0,0,0,0,150,369,0,0,15,15,0,0,0,0
4324,technology,104324,50,True,4,5,86,86,0,0,0,0,106,290,0,0,20,20,0,0,0,0
4325,technology,104325,50,True,3,5,64,64,0,0,0,0,111,233,0,0,12,12,0,0,0,0
4326,technology,104326,50,True,5,5,116,116,0,0,0,0,150,359,0,0,17,17,0,0,0,0
4327,technology,104327,50,True,1,5,28,28,0,0,0,0,82,133,0,0,6,6,0,0,0,0
4328,technology,104328,50,True,3,5,66,66,0,0,0,0,111,231,0,0,11,11,0,0,0,0
4329,technology,104329,50,True,5,5,132,132,0,0,0,0,150,381,0,0,17,17,0,0,0,0
4330,technology,104330,50,True,5,5,141,141,0,0,0,0,150,384,0,0,16,16,0,0,0,0
4331,technology,104331,50,True,5,5,108,108,0,0,0,0,150,352,0,0,17,17,0,0,0,0
4332,technology,104332,50,True,1,5,33,33,0,0,0,0,71,123,0,0,7,7,0,0,0,0
4333,technology,104333,50,True,1,5,22,22,0,0,0,0,82,138,0,0,5,5,0,0,0,0
4334,technology,104334,50,True,5,5,163,163,0,0,0,0,150,415,0,0,19,19,0,0,0,0
4335,technology,104335,50,True,3,5,51,51,0,0,0,0,105,207,0,0,9,9,0,0,0,0
4336,technology,104336,50,True,5,5,192,192,0,0,0,0,150,441,0,0,18,18,0,0,0,0
4337,technology,104337,50,True,1,5,24,24,0,0,0,0,70,98,0,0,4,4,0,0,0,0
4338,technology,104338,50,True,5,5,163,163,0,0,0,0,150,415,0,0,20,20,0,0,0,0
4339,technology,104339,50,True,1,5,28,28,0,0,0,0,75,118,0,0,4,4,0,0,0,0
4340,technology,104340,50,True,1,5,24,25,0,0,0,0,78,127,0,0,5,5,0,0,0,0
4341,technology,104341,50,True,3,5,75,75,0,0,0,0,109,242,0,0,14,14,0,0,0,0
4342,technology,104342,50,True,5,5,147,147,0,0,0,0,150,393,0,0,18,18,0,0,0,0
4343,technology,104343,50,True,5,5,163,163,0,0,0,0,150,409,0,0,18,18,0,0,0,0
4344,technology,104344,50,True,5,5,171,171,0,0,0,0,150,420,0,0,19,19,0,0,0,0
4345,technology,104345,50,True,5,5,119,119,0,0,0,0,150,362,0,0,18,18,0,0,0,0
4346,technology,104346,50,True,3,5,45,46,0,0,0,0,109,203,0,0,10,10,0,0,0,0
4347,technology,104347,50,True,5,5,186,186,0,0,0,0,150,429,0,0,18,18,0,0,0,0
4348,technology,104348,50,True,1,5,28,28,0,0,0,0,64,101,0,0,4,4,0,0,0,0
4349,technology,104349,50,True,5,5,195,195,0,0,0,0,150,445,0,0,20,20,0,0,0,0
4350,technology,104350,50,True,5,5,108,108,0,0,0,0,150,354,0,0,18,18,0,0,0,0
4351,technology,104351,50,True,5,5,140,140,0,0,0,0,150,383,0,0,19,19,0,0,0,0
4352,technology,104352,50,True,3,5,79,79,0,0,0,0,110,242,0,0,12,12,0,0,0,0
4353,technology,104353,50,True,5,5,137,137,0,0,0,0,150,383,0,0,17,17,0,0,0,0
4354,technology,104354,50,True,5,5,168,168,0,0,0,0,150,414,0,0,18,18,0,0,0,0
4355,technology,104355,50,True,5,5,172,172,0,0,0,0,150,418,0,0,19,19,0,0,0,0
4356,technology,104356,50,True,1,5,16,16,0,0,0,0,66,90,0,0,1,1,0,0,0,0
4357,technology,104357,50,True,5,5,173,173,0,0,0,0,150,428,0,0,19,19,0,0,0,0
4358,technology,104358,50,True,3,5,61,61,0,0,0,0,108,222,0,0,11,11,0,0,0,0
4359,technology,104359,50,True,5,5,202,202,0,0,0,0,150,448,0,0,20,20,0,0,0,0
4360,technology,104360,13,False,0,5,0,7,0,0,0,0,27,35,0,0,2,2,0,0,0,0
4361,technology,104361,50,True,4,5,79,79,0,0,0,0,109,285,0,0,19,19,0,0,0,0
4362,technology,104362,50,True,5,5,152,152,0,0,0,0,150,401,0,0,16,16,0,0,0,0
4363,technology,104363,50,True,5,5,186,186,0,0,0,0,150,435,0,0,21,21,0,0,0,0
4364,technology,104364,50,True,5,5,179,179,0,0,0,0,150,425,0,0,20,20,0,0,0,0
4365,technology,104365,50,True,3,5,90,90,0,0,0,0,112,259,0,0,12,12,0,0,0,0
4366,technology,104366,50,True,1,5,34,34,0,0,0,0,75,131,0,0,6,6,0,0,0,0
4367,technology,104367,50,True,1,5,26,26,0,0,0,0,73,120,0,0,4,4,0,0,0,0
4368,technology,104368,50,True,5,5,206,206,0,0,0,0,150,455,0,0,20,20,0,0,0,0
4369,technology,104369,50,True,5,5,202,202,0,0,0,0,150,455,0,0,23,23,0,0,0,0
4370,technology,104370,50,True,5,5,166,166,0,0,0,0,150,412,0,0,19,19,0,0,0,0
4371,technology,104371,50,True,3,5,71,71,0,0,0,0,104,223,0,0,10,10,0,0,0,0
4372,technology,104372,50,True,5,5,155,155,0,0,0,0,150,398,0,0,18,18,0,0,0,0
4373,technology,104373,50,True,5,5,145,145,0,0,0,0,150,391,0,0,18,18,0,0,0,0
4374,technology,104374,50,True,5,5,168,168,0,0,0,0,150,411,0,0,20,20,0,0,0,0
4375,technology,104375,50,True,5,5,133,133,0,0,0,0,150,379,0,0,19,19,0,0,0,0
4376,technology,104376,50,True,5,5,196,196,0,0,0,0,150,442,0,0,20,20,0,0,0,0
4377,technology,104377,50,True,5,5,181,181,0,0,0,0,150,430,0,0,21,21,0,0,0,0
4378,technology,104378,50,True,3,5,68,68,0,0,0,0,111,234,0,0,12,12,0,0,0,0
4379,technology,104379,50,True,2,5,36,36,0,0,0,0,78,170,0,0,12,12,0,0,0,0
4380,technology,104380,50,True,5,5,153,153,0,0,0,0,150,399,0,0,20,20,0,0,0,0
4381,technology,104381,50,True,5,5,105,105,0,0,0,0,150,351,0,0,13,13,0,0,0,0
4382,technology,104382,50,True,1,5,21,21,0,0,0,0,83,140,0,0,7,7,0,0,0,0
4383,technology,104383,50,True,3,5,68,68,0,0,0,0,111,233,0,0,12,12,0,0,0,0
4384,technology,104384,50,True,1,5,22,22,0,0,0,0,78,113,0,0,4,4,0,0,0,0
4385,technology,104385,50,True,5,5,153,153,0,0,0,0,150,399,0,0,19,19,0,0,0,0
4386,technology,104386,50,True,5,5,163,163,0,0,0,0,150,409,0,0,17,17,0,0,0,0
4387,technology,104387,50,True,3,5,49,49,0,0,0,0,105,206,0,0,10,10,0,0,0,0
4388,technology,104388,50,True,5,5,135,135,0,0,0,0,150,381,0,0,20,20,0,0,0,0
4389,technology,104389,50,True,5,5,175,175,0,0,0,0,150,424,0,0,20,20,0,0,0,0
4390,technology,104390,50,True,5,5,137,137,0,0,0,0,150,386,0,0,17,17,0,0,0,0
4391,technology,104391,50,True,5,5,137,137,0,0,0,0,150,380,0,0,20,20,0,0,0,0
4392,technology,104392,50,True,5,5,171,171,0,0,0,0,150,420,0,0,20,20,0,0,0,0
4393,technology,104393,50,True,3,5,38,38,0,0,0,0,105,189,0,0,10,10,0,0,0,0
4394,technology,104394,50,True,5,5,146,146,0,0,0,0,150,395,0,0,16,16,0,0,0,0
4395,technology,104395,50,True,5,5,165,165,0,0,0,0,150,411,0,0,19,19,0,0,0,0
4396,technology,104396,50,True,3,5,64,64,0,0,0,0,108,222,0,0,10,10,0,0,0,0
4397,technology,104397,50,True,5,5,114,114,0,0,0,0,150,357,0,0,18,18,0,0,0,0
4398,technology,104398,50,True,4,5,76,76,0,0,0,0,112,281,0,0,21,21,0,0,0,0
4399,technology,104399,50,True,5,5,121,121,0,0,0,0,150,364,0,0,18,18,0,0,0,0
4400,technology,104400,50,True,5,5,160,160,0,0,0,0,150,404,0,0,20,20,0,0,0,0
4401,technology,104401,50,True,5,5,104,104,0,0,0,0,150,347,0,0,14,14,0,0,0,0
4402,technology,104402,15,False,0,5,0,7,0,0,0,0,35,46,0,0,2,2,0,0,0,0
4403,technology,104403,50,True,4,5,49,49,0,0,0,0,111,252,0,0,13,13,0,0,0,0
4404,technology,104404,50,True,5,5,124,124,0,0,0,0,150,373,0,0,15,15,0,0,0,0
4405,technology,104405,50,True,5,5,123,123,0,0,0,0,150,372,0,0,17,17,0,0,0,0
4406,technology,104406,50,True,1,5,23,23,0,0,0,0,64,105,0,0,5,5,0,0,0,0
4407,technology,104407,50,True,5,5,115,115,0,0,0,0,150,361,0,0,17,17,0,0,0,0
4408,technology,104408,50,True,5,5,168,168,0,0,0,0,150,416,0,0,18,18,0,0,0,0
4409,technology,104409,50,True,5,5,196,196,0,0,0,0,150,442,0,0,18,18,0,0,0,0
4410,technology,104410,19,False,0,5,0,10,0,0,0,0,44,62,0,0,4,4,0,0,0,0
4411,technology,104411,50,True,5,5,165,165,0,0,0,0,150,417,0,0,17,17,0,0,0,0
4412,technology,104412,11,False,0,5,0,8,0,0,0,0,26,26,0,0,1,1,0,0,0,0
4413,technology,104413,50,True,5,5,157,157,0,0,0,0,150,403,0,0,20,20,0,0,0,0
4414,technology,104414,12,False,0,5,0,8,0,0,0,0,29,35,0,0,1,1,0,0,0,0
4415,technology,104415,50,True,3,5,57,57,0,0,0,0,108,214,0,0,8,8,0,0,0,0
4416,technology,104416,50,True,5,5,106,106,0,0,0,0,150,349,0,0,15,15,0,0,0,0
4417,technology,104417,50,True,5,5,167,167,0,0,0,0,150,416,0,0,16,16,0,0,0,0
4418,technology,104418,50,True,5,5,153,153,0,0,0,0,150,399,0,0,17,17,0,0,0,0
4419,technology,104419,50,True,3,5,46,46,0,0,0,0,108,206,0,0,10,10,0,0,0,0
4420,technology,104420,50,True,5,5,164,164,0,0,0,0,150,410,0,0,18,18,0,0,0,0
4421,technology,104421,50,True,3,5,71,71,0,0,0,0,117,246,0,0,11,11,0,0,0,0
4422,technology,104422,50,True,5,5,179,179,0,0,0,0,150,425,0,0,20,20,0,0,0,0
4423,technology,104423,50,True,3,5,58,58,0,0,0,0,112,225,0,0,12,12,0,0,0,0
4424,technology,104424,50,True,3,5,83,83,0,0,0,0,114,260,0,0,14,14,0,0,0,0
4425,technology,104425,16,False,0,5,0,8,0,0,0,0,37,47,0,0,3,3,0,0,0,0
4426,technology,104426,50,True,1,5,22,22,0,0,0,0,80,133,0,0,5,5,0,0,0,0
4427,technology,104427,50,True,3,5,66,66,0,0,0,0,108,231,0,0,11,11,0,0,0,0
4428,technology,104428,50,True,5,5,180,180,0,0,0,0,150,423,0,0,19,19,0,0,0,0
4429,technology,104429,50,True,5,5,198,198,0,0,0,0,150,441,0,0,21,21,0,0,0,0
4430,technology,104430,50,True,5,5,166,166,0,0,0,0,150,409,0,0,19,19,0,0,0,0
4431,technology,104431,50,True,3,5,69,69,0,0,0,0,111,234,0,0,13,13,0,0,0,0
4432,technology,104432,50,True,4,5,76,76,0,0,0,0,114,288,0,0,18,18,0,0,0,0
4433,technology,104433,50,True,3,5,65,65,0,0,0,0,113,233,0,0,12,12,0,0,0,0
4434,technology,104434,50,True,5,5,181,181,0,0,0,0,150,424,0,0,19,19,0,0,0,0
4435,technology,104435,50,True,5,5,167,167,0,0,0,0,150,413,0,0,20,20,0,0,0,0
4436,technology,104436,50,True,5,5,152,152,0,0,0,0,150,398,0,0,19,19,0,0,0,0
4437,technology,104437,50,True,1,5,28,28,0,0,0,0,72,116,0,0,5,5,0,0,0,0
4438,technology,104438,50,True,5,5,184,184,0,0,0,0,150,427,0,0,20,20,0,0,0,0
4439,technology,104439,50,True,5,5,200,200,0,0,0,0,150,446,0,0,19,19,0,0,0,0
4440,technology,104440,50,True,1,5,21,21,0,0,0,0,79,122,0,0,5,5,0,0,0,0
4441,technology,104441,50,True,3,5,79,79,0,0,0,0,112,241,0,0,10,10,0,0,0,0
4442,technology,104442,50,True,5,5,119,119,0,0,0,0,150,362,0,0,16,16,0,0,0,0
4443,technology,104443,50,True,2,5,24,24,0,0,0,0,76,150,0,0,11,11,0,0,0,0
4444,technology,104444,50,True,5,5,137,137,0,0,0,0,150,383,0,0,18,18,0,0,0,0
4445,technology,104445,50,True,5,5,136,136,0,0,0,0,150,385,0,0,18,18,0,0,0,0
4446,technology,104446,50,True,5,5,153,153,0,0,0,0,150,396,0,0,20,20,0,0,0,0
4447,technology,104447,50,True,5,5,171,171,0,0,0,0,150,417,0,0,18,18,0,0,0,0
4448,technology,104448,50,True,5,5,171,171,0,0,0,0,150,417,0,0,19,19,0,0,0,0
4449,technology,104449,50,True,5,5,151,151,0,0,0,0,150,397,0,0,18,18,0,0,0,0
4450,technology,104450,50,True,5,5,126,126,0,0,0,0,150,372,0,0,18,18,0,0,0,0
4451,technology,104451,50,True,5,5,158,158,0,0,0,0,150,401,0,0,20,20,0,0,0,0
4452,technology,104452,50,True,5,5,137,137,0,0,0,0,150,380,0,0,18,18,0,0,0,0
4453,technology,104453,50,True,3,5,60,60,0,0,0,0,110,229,0,0,11,11,0,0,0,0
4454,technology,104454,50,True,5,5,114,114,0,0,0,0,150,357,0,0,18,18,0,0,0,0
4455,technology,104455,50,True,1,5,31,31,0,0,0,0,70,116,0,0,5,5,0,0,0,0
4456,technology,104456,50,True,3,5,78,78,0,0,0,0,108,236,0,0,13,13,0,0,0,0
4457,technology,104457,50,True,5,5,121,121,0,0,0,0,150,373,0,0,17,17,0,0,0,0
4458,technology,104458,50,True,5,5,131,131,0,0,0,0,150,377,0,0,19,19,0,0,0,0
4459,technology,104459,50,True,5,5,167,167,0,0,0,0,150,413,0,0,19,19,0,0,0,0
4460,technology,104460,50,True,4,5,37,37,0,0,0,0,109,238,0,0,15,15,0,0,0,0
4461,technology,104461,50,True,1,5,7,8,0,0,0,0,66,77,0,0,1,1,0,0,0,0
4462,technology,104462,50,True,3,5,82,82,0,0,0,0,113,253,0,0,10,10,0,0,0,0
4463,technology,104463,50,True,1,5,33,33,0,0,0,0,70,118,0,0,4,4,0,0,0,0
4464,technology,104464,50,True,1,5,28,29,0,0,0,0,73,119,0,0,5,5,0,0,0,0
4465,technology,104465,50,True,5,5,182,182,0,0,0,0,150,425,0,0,18,18,0,0,0,0
4466,technology,104466,50,True,5,5,152,152,0,0,0,0,150,395,0,0,17,17,0,0,0,0
4467,technology,104467,50,True,3,5,60,60,0,0,0,0,114,231,0,0,12,12,0,0,0,0
4468,technology,104468,50,True,5,5,160,160,0,0,0,0,150,406,0,0,20,20,0,0,0,0
4469,technology,104469,50,True,5,5,166,166,0,0,0,0,150,412,0,0,18,18,0,0,0,0
4470,technology,104470,50,True,5,5,176,176,0,0,0,0,150,425,0,0,19,19,0,0,0,0
4471,technology,104471,50,True,5,5,190,190,0,0,0,0,150,436,0,0,18,18,0,0,0,0
4472,technology,104472,50,True,4,5,89,89,0,0,0,0,109,296,0,0,18,18,0,0,0,0
4473,technology,104473,50,True,4,5,65,65,0,0,0,0,108,267,0,0,19,19,0,0,0,0
4474,technology,104474,50,True,5,5,172,172,0,0,0,0,150,421,0,0,19,19,0,0,0,0
4475,technology,104475,50,True,2,5,9,9,0,0,0,0,69,123,0,0,9,9,0,0,0,0
4476,technology,104476,50,True,5,5,159,159,0,0,0,0,150,408,0,0,20,20,0,0,0,0
4477,technology,104477,50,True,4,5,90,90,0,0,0,0,108,295,0,0,18,18,0,0,0,0
4478,technology,104478,50,True,3,5,67,67,0,0,0,0,115,237,0,0,11,11,0,0,0,0
4479,technology,104479,50,True,5,5,184,184,0,0,0,0,150,427,0,0,21,21,0,0,0,0
4480,technology,104480,50,True,5,5,125,125,0,0,0,0,150,368,0,0,18,18,0,0,0,0
4481,technology,104481,50,True,1,5,18,18,0,0,0,0,61,84,0,0,3,3,0,0,0,0
4482,technology,104482,50,True,3,5,60,60,0,0,0,0,108,217,0,0,10,10,0,0,0,0
4483,technology,104483,50,True,5,5,169,169,0,0,0,0,150,412,0,0,21,21,0,0,0,0
4484,technology,104484,50,True,5,5,147,147,0,0,0,0,150,393,0,0,16,16,0,0,0,0
4485,technology,104485,50,True,5,5,175,175,0,0,0,0,150,421,0,0,21,21,0,0,0,0
4486,technology,104486,50,True,5,5,174,174,0,0,0,0,150,423,0,0,18,18,0,0,0,0
4487,technology,104487,50,True,2,5,17,17,0,0,0,0,74,143,0,0,12,12,0,0,0,0
4488,technology,104488,50,True,5,5,217,217,0,0,0,0,150,463,0,0,20,20,0,0,0,0
4489,technology,104489,50,True,5,5,120,120,0,0,0,0,150,368,0,0,15,15,0,0,0,0
4490,technology,104490,50,True,5,5,210,210,0,0,0,0,150,456,0,0,21,21,0,0,0,0
4491,technology,104491,50,True,5,5,197,197,0,0,0,0,150,445,0,0,20,20,0,0,0,0
4492,technology,104492,50,True,3,5,45,45,0,0,0,0,104,201,0,0,11,11,0,0,0,0
4493,technology,104493,23,False,0,5,0,10,0,0,0,0,43,60,0,0,3,3,0,0,0,0
4494,technology,104494,50,True,4,5,53,53,0,0,0,0,108,262,0,0,15,15,0,0,0,0
4495,technology,104495,50,True,4,5,45,45,0,0,0,0,117,254,0,0,16,16,0,0,0,0
4496,technology,104496,50,True,4,5,74,74,0,0,0,0,109,281,0,0,16,16,0,0,0,0
4497,technology,104497,50,True,5,5,183,183,0,0,0,0,150,432,0,0,17,17,0,0,0,0
4498,technology,104498,50,True,5,5,155,155,0,0,0,0,150,401,0,0,20,20,0,0,0,0
4499,technology,104499,50,True,1,5,17,17,0,0,0,0,72,104,0,0,3,3,0,0,0,0
4500,technology,104500,50,True,1,5,17,17,0,0,0,0,66,96,0,0,3,3,0,0,0,0
4501,technology,104501,50,True,5,5,146,146,0,0,0,0,150,390,0,0,20,20,0,0,0,0
4502,technology,104502,50,True,3,5,76,76,0,0,0,0,109,236,0,0,13,13,0,0,0,0
4503,technology,104503,50,True,5,5,76,76,0,0,0,0,150,319,0,0,14,14,0,0,0,0
4504,technology,104504,50,True,1,5,17,17,0,0,0,0,64,86,0,0,1,1,0,0,0,0
4505,technology,104505,50,True,5,5,149,149,0,0,0,0,150,398,0,0,17,17,0,0,0,0
4506,technology,104506,50,True,1,5,11,11,0,0,0,0,68,84,0,0,3,3,0,0,0,0
4507,technology,104507,50,True,3,5,64,64,0,0,0,0,114,235,0,0,9,9,0,0,0,0
4508,technology,104508,50,True,3,5,51,51,0,0,0,0,108,206,0,0,9,9,0,0,0,0
4509,technology,104509,50,True,5,5,103,103,0,0,0,0,150,352,0,0,17,17,0,0,0,0
4510,technology,104510,50,True,5,5,93,93,0,0,0,0,150,339,0,0,17,17,0,0,0,0
4511,technology,104511,50,True,3,5,61,61,0,0,0,0,109,226,0,0,11,11,0,0,0,0
4512,technology,104512,50,True,1,5,29,30,0,0,0,0,68,108,0,0,4,4,0,0,0,0
4513,technology,104513,50,True,5,5,117,117,0,0,0,0,150,363,0,0,16,16,0,0,0,0
4514,technology,104514,50,True,5,5,155,155,0,0,0,0,150,401,0,0,19,19,0,0,0,0
4515,technology,104515,50,True,5,5,166,166,0,0,0,0,150,415,0,0,20,20,0,0,0,0
4516,technology,104516,50,True,1,5,25,25,0,0,0,0,69,103,0,0,4,4,0,0,0,0
4517,technology,104517,50,True,1,5,24,25,0,0,0,0,62,90,0,0,2,2,0,0,0,0
4518,technology,104518,50,True,5,5,99,99,0,0,0,0,150,345,0,0,16,16,0,0,0,0
4519,technology,104519,50,True,5,5,127,127,0,0,0,0,150,373,0,0,16,16,0,0,0,0
4520,technology,104520,50,True,3,5,54,54,0,0,0,0,106,209,0,0,9,9,0,0,0,0
4521,technology,104521,50,True,5,5,118,118,0,0,0,0,150,367,0,0,16,16,0,0,0,0
4522,technology,104522,50,True,3,5,62,62,0,0,0,0,108,231,0,0,8,8,0,0,0,0
4523,technology,104523,50,True,1,5,20,20,0,0,0,0,94,151,0,0,6,6,0,0,0,0
4524,technology,104524,50,True,5,5,127,127,0,0,0,0,150,376,0,0,17,17,0,0,0,0
4525,technology,104525,50,True,1,5,39,39,0,0,0,0,69,120,0,0,5,5,0,0,0,0
4526,technology,104526,50,True,5,5,162,162,0,0,0,0,150,411,0,0,19,19,0,0,0,0
4527,technology,104527,50,True,5,5,142,142,0,0,0,0,150,391,0,0,19,19,0,0,0,0
4528,technology,104528,50,True,3,5,67,67,0,0,0,0,108,229,0,0,12,12,0,0,0,0
4529,technology,104529,50,True,1,5,18,18,0,0,0,0,74,110,0,0,3,3,0,0,0,0
4530,technology,104530,50,True,4,5,77,77,0,0,0,0,108,274,0,0,20,20,0,0,0,0
4531,technology,104531,50,True,5,5,139,139,0,0,0,0,150,385,0,0,16,16,0,0,0,0
4532,technology,104532,50,True,1,5,17,17,0,0,0,0,80,119,0,0,4,4,0,0,0,0
4533,technology,104533,50,True,5,5,186,186,0,0,0,0,150,429,0,0,19,19,0,0,0,0
4534,technology,104534,50,True,5,5,163,163,0,0,0,0,150,409,0,0,18,18,0,0,0,0
4535,technology,104535,50,True,5,5,166,166,0,0,0,0,150,409,0,0,19,19,0,0,0,0
4536,technology,104536,50,True,3,5,70,70,0,0,0,0,108,229,0,0,12,12,0,0,0,0
4537,technology,104537,50,True,5,5,96,96,0,0,0,0,150,342,0,0,15,15,0,0,0,0
4538,technology,104538,50,True,5,5,163,163,0,0,0,0,150,406,0,0,18,18,0,0,0,0
4539,technology,104539,50,True,5,5,159,159,0,0,0,0,150,405,0,0,19,19,0,0,0,0
4540,technology,104540,50,True,3,5,67,67,0,0,0,0,111,231,0,0,11,11,0,0,0,0
4541,technology,104541,50,True,5,5,186,186,0,0,0,0,150,435,0,0,20,20,0,0,0,0
4542,technology,104542,50,True,5,5,138,138,0,0,0,0,150,384,0,0,18,18,0,0,0,0
4543,technology,104543,50,True,1,5,16,18,0,0,0,0,66,92,0,0,1,1,0,0,0,0
4544,technology,104544,50,True,5,5,144,144,0,0,0,0,150,396,0,0,17,17,0,0,0,0
4545,technology,104545,50,True,5,5,101,101,0,0,0,0,150,347,0,0,16,16,0,0,0,0
4546,technology,104546,50,True,5,5,126,126,0,0,0,0,150,375,0,0,18,18,0,0,0,0
4547,technology,104547,50,True,5,5,136,136,0,0,0,0,150,382,0,0,16,16,0,0,0,0
4548,technology,104548,50,True,4,5,61,61,0,0,0,0,117,273,0,0,16,16,0,0,0,0
4549,technology,104549,50,True,5,5,175,175,0,0,0,0,150,420,0,0,18,18,0,0,0,0
4550,technology,104550,50,True,5,5,169,169,0,0,0,0,150,412,0,0,17,17,0,0,0,0
4551,technology,104551,50,True,1,5,12,13,0,0,0,0,76,105,0,0,2,2,0,0,0,0
4552,technology,104552,50,True,1,5,18,18,0,0,0,0,69,103,0,0,2,2,0,0,0,0
4553,technology,104553,50,True,5,5,154,154,0,0,0,0,150,400,0,0,18,18,0,0,0,0
4554,technology,104554,17,False,0,5,0,8,0,0,0,0,39,52,0,0,2,2,0,0,0,0
4555,technology,104555,50,True,5,5,101,101,0,0,0,0,150,350,0,0,16,16,0,0,0,0
4556,technology,104556,50,True,3,5,66,66,0,0,0,0,109,234,0,0,12,12,0,0,0,0
4557,technology,104557,50,True,3,5,64,64,0,0,0,0,108,219,0,0,10,10,0,0,0,0
4558,technology,104558,50,True,5,5,172,172,0,0,0,0,150,418,0,0,19,19,0,0,0,0
4559,technology,104559,50,True,5,5,141,141,0,0,0,0,150,384,0,0,17,17,0,0,0,0
4560,technology,104560,50,True,3,5,84,84,0,0,0,0,114,268,0,0,15,15,0,0,0,0
4561,technology,104561,50,True,5,5,168,168,0,0,0,0,150,414,0,0,19,19,0,0,0,0
4562,technology,104562,50,True,4,5,52,52,0,0,0,0,109,256,0,0,16,16,0,0,0,0
4563,technology,104563,50,True,5,5,186,186,0,0,0,0,150,435,0,0,19,19,0,0,0,0
4564,technology,104564,50,True,1,5,27,27,0,0,0,0,74,113,0,0,4,4,0,0,0,0
4565,technology,104565,50,True,5,5,221,221,0,0,0,0,150,467,0,0,19,19,0,0,0,0
4566,technology,104566,50,True,2,5,19,19,0,0,0,0,84,164,0,0,11,11,0,0,0,0
4567,technology,104567,50,True,5,5,175,175,0,0,0,0,150,421,0,0,19,19,0,0,0,0
4568,technology,104568,50,True,5,5,124,124,0,0,0,0,150,370,0,0,16,16,0,0,0,0
4569,technology,104569,50,True,5,5,225,225,0,0,0,0,150,471,0,0,21,21,0,0,0,0
4570,technology,104570,50,True,3,5,71,71,0,0,0,0,109,227,0,0,12,12,0,0,0,0
4571,technology,104571,50,True,5,5,157,157,0,0,0,0,150,400,0,0,22,22,0,0,0,0
4572,technology,104572,50,True,1,5,33,33,0,0,0,0,73,116,0,0,5,5,0,0,0,0
4573,technology,104573,50,True,5,5,162,162,0,0,0,0,150,405,0,0,20,20,0,0,0,0
4574,technology,104574,50,True,5,5,152,152,0,0,0,0,150,395,0,0,18,18,0,0,0,0
4575,technology,104575,50,True,1,5,25,25,0,0,0,0,69,103,0,0,4,4,0,0,0,0
4576,technology,104576,50,True,5,5,168,168,0,0,0,0,150,414,0,0,17,17,0,0,0,0
4577,technology,104577,50,True,5,5,186,186,0,0,0,0,150,429,0,0,17,17,0,0,0,0
4578,technology,104578,50,True,4,5,74,74,0,0,0,0,108,277,0,0,19,19,0,0,0,0
4579,technology,104579,50,True,5,5,161,161,0,0,0,0,150,404,0,0,16,16,0,0,0,0
4580,technology,104580,50,True,3,5,66,66,0,0,0,0,111,236,0,0,11,11,0,0,0,0
4581,technology,104581,50,True,5,5,174,174,0,0,0,0,150,423,0,0,18,18,0,0,0,0
4582,technology,104582,50,True,5,5,148,148,0,0,0,0,150,394,0,0,20,20,0,0,0,0
4583,technology,104583,50,True,5,5,184,184,0,0,0,0,150,427,0,0,20,20,0,0,0,0
4584,technology,104584,50,True,5,5,182,182,0,0,0,0,150,428,0,0,20,20,0,0,0,0
4585,technology,104585,50,True,5,5,181,181,0,0,0,0,150,427,0,0,18,18,0,0,0,0
4586,technology,104586,50,True,3,5,62,62,0,0,0,0,110,229,0,0,12,12,0,0,0,0
4587,technology,104587,50,True,4,5,64,64,0,0,0,0,119,281,0,0,18,18,0,0,0,0
4588,technology,104588,50,True,5,5,173,173,0,0,0,0,150,416,0,0,20,20,0,0,0,0
4589,technology,104589,50,True,1,5,41,41,0,0,0,0,79,148,0,0,7,7,0,0,0,0
4590,technology,104590,50,True,1,5,29,29,0,0,0,0,72,110,0,0,5,5,0,0,0,0
4591,technology,104591,50,True,5,5,147,147,0,0,0,0,150,393,0,0,18,18,0,0,0,0
4592,technology,104592,50,True,5,5,140,140,0,0,0,0,150,386,0,0,17,17,0,0,0,0
4593,technology,104593,50,True,1,5,26,26,0,0,0,0,78,124,0,0,5,5,0,0,0,0
4594,technology,104594,50,True,5,5,154,154,0,0,0,0,150,397,0,0,17,17,0,0,0,0
4595,technology,104595,50,True,5,5,200,200,0,0,0,0,150,443,0,0,19,19,0,0,0,0
4596,technology,104596,50,True,3,5,84,84,0,0,0,0,109,246,0,0,13,13,0,0,0,0
4597,technology,104597,50,True,4,5,80,80,0,0,0,0,110,280,0,0,17,17,0,0,0,0
4598,technology,104598,50,True,5,5,135,135,0,0,0,0,150,381,0,0,17,17,0,0,0,0
4599,technology,104599,50,True,5,5,159,159,0,0,0,0,150,405,0,0,18,18,0,0,0,0
4600,technology,104600,50,True,5,5,214,214,0,0,0,0,150,457,0,0,20,20,0,0,0,0
4601,technology,104601,50,True,5,5,155,155,0,0,0,0,150,398,0,0,19,19,0,0,0,0
4602,technology,104602,50,True,5,5,173,173,0,0,0,0,150,416,0,0,21,21,0,0,0,0
4603,technology,104603,50,True,5,5,181,181,0,0,0,0,150,427,0,0,21,21,0,0,0,0
4604,technology,104604,50,True,3,5,66,66,0,0,0,0,110,229,0,0,13,13,0,0,0,0
4605,technology,104605,50,True,5,5,121,121,0,0,0,0,150,364,0,0,17,17,0,0,0,0
4606,technology,104606,50,True,5,5,142,142,0,0,0,0,150,385,0,0,15,15,0,0,0,0
4607,technology,104607,50,True,5,5,184,184,0,0,0,0,150,430,0,0,17,17,0,0,0,0
4608,technology,104608,50,True,5,5,178,178,0,0,0,0,150,427,0,0,18,18,0,0,0,0
4609,technology,104609,50,True,1,5,31,31,0,0,0,0,72,118,0,0,4,4,0,0,0,0
4610,technology,104610,50,True,5,5,125,125,0,0,0,0,150,371,0,0,19,19,0,0,0,0
4611,technology,104611,50,True,5,5,146,146,0,0,0,0,150,395,0,0,20,20,0,0,0,0
4612,technology,104612,50,True,5,5,151,151,0,0,0,0,150,400,0,0,20,20,0,0,0,0
4613,technology,104613,50,True,5,5,120,120,0,0,0,0,150,363,0,0,19,19,0,0,0,0
4614,technology,104614,50,True,5,5,203,203,0,0,0,0,150,449,0,0,20,20,0,0,0,0
4615,technology,104615,50,True,5,5,141,141,0,0,0,0,150,393,0,0,18,18,0,0,0,0
4616,technology,104616,50,True,5,5,168,168,0,0,0,0,150,411,0,0,19,19,0,0,0,0
4617,technology,104617,50,True,2,5,13,13,0,0,0,0,70,131,0,0,10,10,0,0,0,0
4618,technology,104618,50,True,4,5,76,76,0,0,0,0,105,274,0,0,17,17,0,0,0,0
4619,technology,104619,50,True,5,5,134,134,0,0,0,0,150,377,0,0,18,18,0,0,0,0
4620,technology,104620,50,True,5,5,130,130,0,0,0,0,150,373,0,0,18,18,0,0,0,0
4621,technology,104621,50,True,2,5,22,22,0,0,0,0,72,146,0,0,10,10,0,0,0,0
4622,technology,104622,50,True,5,5,177,177,0,0,0,0,150,426,0,0,19,19,0,0,0,0
4623,technology,104623,50,True,3,5,71,71,0,0,0,0,109,231,0,0,11,11,0,0,0,0
4624,technology,104624,50,True,4,5,40,40,0,0,0,0,126,262,0,0,16,16,0,0,0,0
4625,technology,104625,50,True,3,5,90,90,0,0,0,0,108,256,0,0,13,13,0,0,0,0
4626,technology,104626,50,True,4,5,105,105,0,0,0,0,109,310,0,0,21,21,0,0,0,0
4627,technology,104627,50,True,3,5,34,35,0,0,0,0,117,219,0,0,9,9,0,0,0,0
4628,technology,104628,50,True,3,5,73,73,0,0,0,0,112,245,0,0,12,12,0,0,0,0
4629,technology,104629,50,True,5,5,228,228,0,0,0,0,150,471,0,0,21,21,0,0,0,0
4630,technology,104630,50,True,4,5,56,56,0,0,0,0,108,264,0,0,20,20,0,0,0,0
4631,technology,104631,50,True,5,5,177,177,0,0,0,0,150,426,0,0,19,19,0,0,0,0
4632,technology,104632,50,True,5,5,136,136,0,0,0,0,150,385,0,0,17,17,0,0,0,0
4633,technology,104633,50,True,5,5,154,154,0,0,0,0,150,397,0,0,19,19,0,0,0,0
4634,technology,104634,50,True,5,5,124,124,0,0,0,0,150,370,0,0,18,18,0,0,0,0
4635,technology,104635,50,True,5,5,162,162,0,0,0,0,150,408,0,0,22,22,0,0,0,0
4636,technology,104636,50,True,5,5,84,84,0,0,0,0,150,330,0,0,13,13,0,0,0,0
4637,technology,104637,50,True,4,5,102,102,0,0,0,0,114,311,0,0,23,23,0,0,0,0
4638,technology,104638,50,True,5,5,154,154,0,0,0,0,150,400,0,0,19,19,0,0,0,0
4639,technology,104639,50,True,4,5,61,61,0,0,0,0,110,261,0,0,16,16,0,0,0,0
4640,technology,104640,50,True,5,5,160,160,0,0,0,0,150,406,0,0,18,18,0,0,0,0
4641,technology,104641,50,True,5,5,154,154,0,0,0,0,150,400,0,0,18,18,0,0,0,0
4642,technology,104642,50,True,5,5,155,155,0,0,0,0,150,398,0,0,19,19,0,0,0,0
4643,technology,104643,50,True,4,5,71,71,0,0,0,0,108,281,0,0,17,17,0,0,0,0
4644,technology,104644,50,True,3,5,77,77,0,0,0,0,120,261,0,0,15,15,0,0,0,0
4645,technology,104645,50,True,5,5,144,144,0,0,0,0,150,387,0,0,19,19,0,0,0,0
4646,technology,104646,50,True,5,5,137,137,0,0,0,0,150,386,0,0,18,18,0,0,0,0
4647,technology,104647,50,True,1,5,19,19,0,0,0,0,69,105,0,0,4,4,0,0,0,0
4648,technology,104648,50,True,3,5,41,42,0,0,0,0,105,199,0,0,9,9,0,0,0,0
4649,technology,104649,50,True,1,5,34,34,0,0,0,0,78,132,0,0,5,5,0,0,0,0
4650,technology,104650,16,False,0,5,0,10,0,0,0,0,42,56,0,0,4,4,0,0,0,0
4651,technology,104651,50,True,4,5,75,75,0,0,0,0,111,284,0,0,19,19,0,0,0,0
4652,technology,104652,50,True,5,5,113,113,0,0,0,0,150,359,0,0,18,18,0,0,0,0
4653,technology,104653,50,True,1,5,34,34,0,0,0,0,66,113,0,0,4,4,0,0,0,0
4654,technology,104654,50,True,5,5,162,162,0,0,0,0,150,414,0,0,18,18,0,0,0,0
4655,technology,104655,50,True,5,5,145,145,0,0,0,0,150,391,0,0,17,17,0,0,0,0
4656,technology,104656,50,True,5,5,117,117,0,0,0,0,150,369,0,0,16,16,0,0,0,0
4657,technology,104657,50,True,4,5,69,69,0,0,0,0,116,280,0,0,17,17,0,0,0,0
4658,technology,104658,16,False,0,5,0,8,0,0,0,0,36,45,0,0,4,4,0,0,0,0
4659,technology,104659,50,True,1,5,23,23,0,0,0,0,84,131,0,0,5,5,0,0,0,0
4660,technology,104660,50,True,5,5,174,174,0,0,0,0,150,423,0,0,17,17,0,0,0,0
4661,technology,104661,50,True,5,5,124,124,0,0,0,0,150,370,0,0,19,19,0,0,0,0
4662,technology,104662,50,True,1,5,15,15,0,0,0,0,68,92,0,0,2,2,0,0,0,0
4663,technology,104663,50,True,5,5,124,124,0,0,0,0,150,370,0,0,17,17,0,0,0,0
4664,technology,104664,50,True,4,5,84,84,0,0,0,0,111,289,0,0,19,19,0,0,0,0
4665,technology,104665,50,True,5,5,96,96,0,0,0,0,150,342,0,0,15,15,0,0,0,0
4666,technology,104666,50,True,5,5,134,134,0,0,0,0,150,380,0,0,16,16,0,0,0,0
4667,technology,104667,50,True,5,5,168,168,0,0,0,0,150,414,0,0,20,20,0,0,0,0
4668,technology,104668,50,True,5,5,164,164,0,0,0,0,150,410,0,0,17,17,0,0,0,0
4669,technology,104669,50,True,5,5,155,155,0,0,0,0,150,401,0,0,20,20,0,0,0,0
4670,technology,104670,50,True,5,5,197,197,0,0,0,0,150,446,0,0,22,22,0,0,0,0
4671,technology,104671,50,True,2,5,18,18,0,0,0,0,78,150,0,0,12,12,0,0,0,0
4672,technology,104672,50,True,5,5,187,187,0,0,0,0,150,433,0,0,19,19,0,0,0,0
4673,technology,104673,50,True,5,5,138,138,0,0,0,0,150,390,0,0,17,17,0,0,0,0
4674,technology,104674,50,True,1,5,23,23,0,0,0,0,72,116,0,0,6,6,0,0,0,0
4675,technology,104675,50,True,4,5,69,69,0,0,0,0,114,277,0,0,19,19,0,0,0,0
4676,technology,104676,50,True,5,5,131,131,0,0,0,0,150,383,0,0,17,17,0,0,0,0
4677,technology,104677,50,True,2,5,11,11,0,0,0,0,72,128,0,0,12,12,0,0,0,0
4678,technology,104678,50,True,5,5,144,144,0,0,0,0,150,393,0,0,17,17,0,0,0,0
4679,technology,104679,50,True,5,5,160,160,0,0,0,0,150,409,0,0,18,18,0,0,0,0
4680,technology,104680,50,True,5,5,123,123,0,0,0,0,150,369,0,0,17,17,0,0,0,0
4681,technology,104681,50,True,5,5,152,152,0,0,0,0,150,395,0,0,19,19,0,0,0,0
4682,technology,104682,50,True,5,5,157,157,0,0,0,0,150,403,0,0,21,21,0,0,0,0
4683,technology,104683,50,True,4,5,66,66,0,0,0,0,109,271,0,0,19,19,0,0,0,0
4684,technology,104684,50,True,3,5,41,41,0,0,0,0,111,205,0,0,10,10,0,0,0,0
4685,technology,104685,50,True,5,5,115,115,0,0,0,0,150,358,0,0,17,17,0,0,0,0
4686,technology,104686,50,True,5,5,103,103,0,0,0,0,150,346,0,0,13,13,0,0,0,0
4687,technology,104687,50,True,5,5,178,178,0,0,0,0,150,427,0,0,21,21,0,0,0,0
4688,technology,104688,50,True,5,5,103,103,0,0,0,0,150,346,0,0,17,17,0,0,0,0
4689,technology,104689,50,True,3,5,51,51,0,0,0,0,108,214,0,0,10,10,0,0,0,0
4690,technology,104690,50,True,5,5,155,155,0,0,0,0,150,404,0,0,20,20,0,0,0,0
4691,technology,104691,50,True,5,5,147,147,0,0,0,0,150,393,0,0,19,19,0,0,0,0
4692,technology,104692,50,True,2,5,27,27,0,0,0,0,78,159,0,0,14,14,0,0,0,0
4693,technology,104693,50,True,1,5,17,17,0,0,0,0,70,102,0,0,2,2,0,0,0,0
4694,technology,104694,16,False,0,5,0,8,0,0,0,0,36,50,0,0,4,4,0,0,0,0
4695,technology,104695,50,True,5,5,184,184,0,0,0,0,150,436,0,0,22,22,0,0,0,0
4696,technology,104696,50,True,3,5,93,93,0,0,0,0,117,276,0,0,16,16,0,0,0,0
4697,technology,104697,50,True,5,5,216,216,0,0,0,0,150,459,0,0,21,21,0,0,0,0
4698,technology,104698,50,True,5,5,160,160,0,0,0,0,150,409,0,0,20,20,0,0,0,0
4699,technology,104699,50,True,5,5,165,165,0,0,0,0,150,408,0,0,18,18,0,0,0,0
4700,technology,104700,50,True,5,5,131,131,0,0,0,0,150,380,0,0,16,16,0,0,0,0
4701,technology,104701,50,True,5,5,108,108,0,0,0,0,150,357,0,0,16,16,0,0,0,0
4702,technology,104702,50,True,5,5,136,136,0,0,0,0,150,379,0,0,17,17,0,0,0,0
4703,technology,104703,50,True,3,5,85,85,0,0,0,0,109,254,0,0,11,11,0,0,0,0
4704,technology,104704,50,True,5,5,134,134,0,0,0,0,150,380,0,0,18,18,0,0,0,0
4705,technology,104705,50,True,3,5,52,52,0,0,0,0,114,223,0,0,11,11,0,0,0,0
4706,technology,104706,13,False,0,5,0,7,0,0,0,0,21,27,0,0,2,2,0,0,0,0
4707,technology,104707,50,True,5,5,76,76,0,0,0,0,150,328,0,0,14,14,0,0,0,0
4708,technology,104708,50,True,5,5,166,166,0,0,0,0,150,409,0,0,19,19,0,0,0,0
4709,technology,104709,50,True,1,5,27,27,0,0,0,0,71,116,0,0,5,5,0,0,0,0
4710,technology,104710,50,True,5,5,141,141,0,0,0,0,150,387,0,0,18,18,0,0,0,0
4711,technology,104711,50,True,3,5,28,28,0,0,0,0,113,196,0,0,10,10,0,0,0,0
4712,technology,104712,50,True,5,5,152,152,0,0,0,0,150,398,0,0,19,19,0,0,0,0
4713,technology,104713,50,True,2,5,9,9,0,0,0,0,80,145,0,0,10,10,0,0,0,0
4714,technology,104714,50,True,3,5,78,78,0,0,0,0,113,251,0,0,12,12,0,0,0,0
4715,technology,104715,50,True,5,5,145,145,0,0,0,0,150,391,0,0,17,17,0,0,0,0
4716,technology,104716,50,True,3,5,84,84,0,0,0,0,109,250,0,0,13,13,0,0,0,0
4717,technology,104717,50,True,5,5,158,158,0,0,0,0,150,401,0,0,18,18,0,0,0,0
4718,technology,104718,50,True,5,5,148,148,0,0,0,0,150,394,0,0,19,19,0,0,0,0
4719,technology,104719,50,True,5,5,172,172,0,0,0,0,150,425,0,0,18,18,0,0,0,0
4720,technology,104720,50,True,4,5,85,85,0,0,0,0,118,301,0,0,20,20,0,0,0,0
4721,technology,104721,50,True,3,5,49,49,0,0,0,0,110,213,0,0,11,11,0,0,0,0
4722,technology,104722,50,True,1,5,7,8,0,0,0,0,62,71,0,0,1,1,0,0,0,0
4723,technology,104723,50,True,5,5,139,139,0,0,0,0,150,382,0,0,18,18,0,0,0,0
4724,technology,104724,50,True,3,5,71,71,0,0,0,0,109,233,0,0,12,12,0,0,0,0
4725,technology,104725,50,True,4,5,87,87,0,0,0,0,109,288,0,0,18,18,0,0,0,0
4726,technology,104726,50,True,5,5,104,104,0,0,0,0,150,353,0,0,14,14,0,0,0,0
4727,technology,104727,50,True,5,5,144,144,0,0,0,0,150,390,0,0,18,18,0,0,0,0
4728,technology,104728,50,True,5,5,204,204,0,0,0,0,150,450,0,0,22,22,0,0,0,0
4729,technology,104729,38,False,0,5,0,7,0,0,0,0,55,85,0,0,6,6,0,0,0,0
4730,technology,104730,50,True,1,5,40,40,0,0,0,0,69,119,0,0,4,4,0,0,0,0
4731,technology,104731,50,True,3,5,74,74,0,0,0,0,106,232,0,0,13,13,0,0,0,0
4732,technology,104732,50,True,2,5,31,31,0,0,0,0,73,158,0,0,12,12,0,0,0,0
4733,technology,104733,50,True,5,5,172,172,0,0,0,0,150,424,0,0,20,20,0,0,0,0
4734,technology,104734,50,True,5,5,143,143,0,0,0,0,150,386,0,0,17,17,0,0,0,0
4735,technology,104735,50,True,5,5,160,160,0,0,0,0,150,412,0,0,18,18,0,0,0,0
4736,technology,104736,50,True,1,5,35,35,0,0,0,0,75,136,0,0,7,7,0,0,0,0
4737,technology,104737,50,True,5,5,131,131,0,0,0,0,150,377,0,0,18,18,0,0,0,0
4738,technology,104738,50,True,1,5,14,14,0,0,0,0,71,109,0,0,3,3,0,0,0,0
4739,technology,104739,50,True,4,5,101,101,0,0,0,0,108,306,0,0,20,20,0,0,0,0
4740,technology,104740,50,True,3,5,54,54,0,0,0,0,108,213,0,0,8,8,0,0,0,0
4741,technology,104741,50,True,1,5,32,32,0,0,0,0,70,119,0,0,4,4,0,0,0,0
4742,technology,104742,50,True,3,5,40,40,0,0,0,0,110,200,0,0,8,8,0,0,0,0
4743,technology,104743,50,True,3,5,65,65,0,0,0,0,107,229,0,0,13,13,0,0,0,0
4744,technology,104744,50,True,5,5,168,168,0,0,0,0,150,414,0,0,18,18,0,0,0,0
4745,technology,104745,50,True,3,5,53,53,0,0,0,0,103,200,0,0,8,8,0,0,0,0
4746,technology,104746,50,True,5,5,142,142,0,0,0,0,150,385,0,0,17,17,0,0,0,0
4747,technology,104747,50,True,5,5,152,152,0,0,0,0,150,398,0,0,18,18,0,0,0,0
4748,technology,104748,50,True,5,5,176,176,0,0,0,0,150,419,0,0,19,19,0,0,0,0
4749,technology,104749,50,True,4,5,76,76,0,0,0,0,108,281,0,0,19,19,0,0,0,0
4750,technology,104750,50,True,5,5,144,144,0,0,0,0,150,393,0,0,18,18,0,0,0,0
4751,technology,104751,50,True,1,5,36,36,0,0,0,0,72,140,0,0,6,6,0,0,0,0
4752,technology,104752,50,True,1,5,22,22,0,0,0,0,69,117,0,0,5,5,0,0,0,0
4753,technology,104753,50,True,5,5,144,144,0,0,0,0,150,387,0,0,19,19,0,0,0,0
4754,technology,104754,50,True,2,5,12,12,0,0,0,0,77,145,0,0,9,9,0,0,0,0
4755,technology,104755,50,True,5,5,162,162,0,0,0,0,150,411,0,0,19,19,0,0,0,0
4756,technology,104756,50,True,5,5,179,179,0,0,0,0,150,425,0,0,18,18,0,0,0,0
4757,technology,104757,50,True,2,5,23,23,0,0,0,0,72,147,0,0,13,13,0,0,0,0
4758,technology,104758,50,True,5,5,173,173,0,0,0,0,150,416,0,0,19,19,0,0,0,0
4759,technology,104759,50,True,1,5,7,9,0,0,0,0,72,92,0,0,3,3,0,0,0,0
4760,technology,104760,50,True,3,5,91,91,0,0,0,0,111,253,0,0,13,13,0,0,0,0
4761,technology,104761,50,True,5,5,157,157,0,0,0,0,150,406,0,0,19,19,0,0,0,0
4762,technology,104762,50,True,3,5,49,49,0,0,0,0,105,205,0,0,8,8,0,0,0,0
4763,technology,104763,50,True,5,5,167,167,0,0,0,0,150,416,0,0,19,19,0,0,0,0
4764,technology,104764,50,True,1,5,33,33,0,0,0,0,76,124,0,0,4,4,0,0,0,0
4765,technology,104765,50,True,5,5,108,108,0,0,0,0,150,354,0,0,16,16,0,0,0,0
4766,technology,104766,50,True,3,5,62,62,0,0,0,0,115,235,0,0,11,11,0,0,0,0
4767,technology,104767,50,True,5,5,150,150,0,0,0,0,150,393,0,0,19,19,0,0,0,0
4768,technology,104768,50,True,5,5,164,164,0,0,0,0,150,411,0,0,18,18,0,0,0,0
4769,technology,104769,50,True,5,5,169,169,0,0,0,0,150,418,0,0,19,19,0,0,0,0
4770,technology,104770,50,True,5,5,148,148,0,0,0,0,150,394,0,0,20,20,0,0,0,0
4771,technology,104771,50,True,3,5,78,78,0,0,0,0,108,239,0,0,11,11,0,0,0,0
4772,technology,104772,50,True,5,5,181,181,0,0,0,0,150,424,0,0,20,20,0,0,0,0
4773,technology,104773,50,True,5,5,123,123,0,0,0,0,150,369,0,0,17,17,0,0,0,0
4774,technology,104774,50,True,1,5,30,30,0,0,0,0,67,106,0,0,4,4,0,0,0,0
4775,technology,104775,50,True,1,5,24,24,0,0,0,0,74,116,0,0,3,3,0,0,0,0
4776,technology,104776,50,True,5,5,142,142,0,0,0,0,150,385,0,0,18,18,0,0,0,0
4777,technology,104777,50,True,1,5,23,24,0,0,0,0,69,101,0,0,4,4,0,0,0,0
4778,technology,104778,50,True,1,5,29,29,0,0,0,0,71,116,0,0,4,4,0,0,0,0
4779,technology,104779,50,True,5,5,133,133,0,0,0,0,150,379,0,0,17,17,0,0,0,0
4780,technology,104780,50,True,5,5,221,221,0,0,0,0,150,464,0,0,21,21,0,0,0,0
4781,technology,104781,50,True,5,5,193,193,0,0,0,0,150,439,0,0,18,18,0,0,0,0
4782,technology,104782,50,True,1,5,22,22,0,0,0,0,83,129,0,0,4,4,0,0,0,0
4783,technology,104783,50,True,5,5,106,106,0,0,0,0,150,358,0,0,16,16,0,0,0,0
4784,technology,104784,50,True,5,5,159,159,0,0,0,0,150,405,0,0,20,20,0,0,0,0
4785,technology,104785,50,True,3,5,66,66,0,0,0,0,109,226,0,0,12,12,0,0,0,0
4786,technology,104786,50,True,5,5,178,178,0,0,0,0,150,424,0,0,16,16,0,0,0,0
4787,technology,104787,50,True,3,5,93,93,0,0,0,0,109,254,0,0,14,14,0,0,0,0
4788,technology,104788,50,True,5,5,156,156,0,0,0,0,150,399,0,0,16,16,0,0,0,0
4789,technology,104789,50,True,3,5,52,52,0,0,0,0,108,213,0,0,10,10,0,0,0,0
4790,technology,104790,50,True,5,5,110,110,0,0,0,0,150,353,0,0,15,15,0,0,0,0
4791,technology,104791,50,True,5,5,129,129,0,0,0,0,150,375,0,0,16,16,0,0,0,0
4792,technology,104792,25,False,0,5,0,8,0,0,0,0,48,60,0,0,3,3,0,0,0,0
4793,technology,104793,50,True,5,5,162,162,0,0,0,0,150,408,0,0,18,18,0,0,0,0
4794,technology,104794,50,True,4,5,69,69,0,0,0,0,110,270,0,0,18,18,0,0,0,0
4795,technology,104795,50,True,4,5,66,66,0,0,0,0,112,271,0,0,17,17,0,0,0,0
4796,technology,104796,50,True,1,5,16,16,0,0,0,0,64,107,0,0,6,6,0,0,0,0
4797,technology,104797,50,True,5,5,151,151,0,0,0,0,150,394,0,0,18,18,0,0,0,0
4798,technology,104798,50,True,5,5,147,147,0,0,0,0,150,393,0,0,18,18,0,0,0,0
4799,technology,104799,50,True,5,5,194,194,0,0,0,0,150,440,0,0,19,19,0,0,0,0
4800,technology,104800,50,True,5,5,142,142,0,0,0,0,150,391,0,0,18,18,0,0,0,0
4801,technology,104801,50,True,3,5,40,40,0,0,0,0,111,203,0,0,9,9,0,0,0,0
4802,technology,104802,50,True,5,5,146,146,0,0,0,0,150,389,0,0,16,16,0,0,0,0
4803,technology,104803,50,True,5,5,164,164,0,0,0,0,150,410,0,0,18,18,0,0,0,0
4804,technology,104804,50,True,3,5,51,51,0,0,0,0,106,206,0,0,11,11,0,0,0,0
4805,technology,104805,50,True,5,5,128,128,0,0,0,0,150,371,0,0,16,16,0,0,0,0
4806,technology,104806,50,True,5,5,126,126,0,0,0,0,150,372,0,0,17,17,0,0,0,0
4807,technology,104807,50,True,5,5,128,128,0,0,0,0,150,371,0,0,18,18,0,0,0,0
4808,technology,104808,50,True,1,5,21,23,0,0,0,0,71,105,0,0,2,2,0,0,0,0
4809,technology,104809,50,True,5,5,112,112,0,0,0,0,150,361,0,0,16,16,0,0,0,0
4810,technology,104810,50,True,3,5,63,63,0,0,0,0,108,226,0,0,11,11,0,0,0,0
4811,technology,104811,50,True,1,5,31,31,0,0,0,0,66,109,0,0,3,3,0,0,0,0
4812,technology,104812,50,True,3,5,44,44,0,0,0,0,117,217,0,0,8,8,0,0,0,0
4813,technology,104813,50,True,5,5,146,146,0,0,0,0,150,389,0,0,18,18,0,0,0,0
4814,technology,104814,50,True,5,5,172,172,0,0,0,0,150,415,0,0,21,21,0,0,0,0
4815,technology,104815,50,True,1,5,23,23,0,0,0,0,69,105,0,0,4,4,0,0,0,0
4816,technology,104816,50,True,5,5,133,133,0,0,0,0,150,379,0,0,16,16,0,0,0,0
4817,technology,104817,50,True,5,5,165,165,0,0,0,0,150,408,0,0,19,19,0,0,0,0
4818,technology,104818,50,True,5,5,177,177,0,0,0,0,150,420,0,0,19,19,0,0,0,0
4819,technology,104819,50,True,5,5,110,110,0,0,0,0,150,353,0,0,16,16,0,0,0,0
4820,technology,104820,50,True,4,5,66,66,0,0,0,0,108,264,0,0,18,18,0,0,0,0
4821,technology,104821,50,True,5,5,107,107,0,0,0,0,150,350,0,0,18,18,0,0,0,0
4822,technology,104822,50,True,5,5,134,134,0,0,0,0,150,380,0,0,16,16,0,0,0,0
4823,technology,104823,50,True,1,5,9,9,0,0,0,0,82,141,0,0,6,6,0,0,0,0
4824,technology,104824,50,True,3,5,72,72,0,0,0,0,109,232,0,0,13,13,0,0,0,0
4825,technology,104825,50,True,3,5,38,39,0,0,0,0,108,200,0,0,10,10,0,0,0,0
4826,technology,104826,50,True,5,5,188,188,0,0,0,0,150,434,0,0,20,20,0,0,0,0
4827,technology,104827,50,True,5,5,104,104,0,0,0,0,150,350,0,0,19,19,0,0,0,0
4828,technology,104828,50,True,5,5,183,183,0,0,0,0,150,426,0,0,21,21,0,0,0,0
4829,technology,104829,50,True,5,5,251,251,0,0,0,0,150,503,0,0,24,24,0,0,0,0
4830,technology,104830,50,True,5,5,200,200,0,0,0,0,150,446,0,0,21,21,0,0,0,0
4831,technology,104831,50,True,1,5,9,9,0,0,0,0,62,74,0,0,1,1,0,0,0,0
4832,technology,104832,50,True,4,5,55,55,0,0,0,0,114,266,0,0,18,18,0,0,0,0
4833,technology,104833,50,True,3,5,47,47,0,0,0,0,120,229,0,0,11,11,0,0,0,0
4834,technology,104834,50,True,3,5,57,57,0,0,0,0,106,214,0,0,9,9,0,0,0,0
4835,technology,104835,50,True,4,5,72,72,0,0,0,0,112,275,0,0,19,19,0,0,0,0
4836,technology,104836,50,True,3,5,59,59,0,0,0,0,110,226,0,0,10,10,0,0,0,0
4837,technology,104837,50,True,5,5,178,178,0,0,0,0,150,424,0,0,18,18,0,0,0,0
4838,technology,104838,50,True,1,5,31,31,0,0,0,0,76,118,0,0,5,5,0,0,0,0
4839,technology,104839,50,True,5,5,216,216,0,0,0,0,150,462,0,0,20,20,0,0,0,0
4840,technology,104840,50,True,4,5,53,53,0,0,0,0,115,260,0,0,17,17,0,0,0,0
4841,technology,104841,50,True,5,5,152,152,0,0,0,0,150,395,0,0,19,19,0,0,0,0
4842,technology,104842,50,True,1,5,34,34,0,0,0,0,78,141,0,0,5,5,0,0,0,0
4843,technology,104843,50,True,4,5,71,71,0,0,0,0,108,274,0,0,18,18,0,0,0,0
4844,technology,104844,50,True,2,5,18,20,0,0,0,0,71,137,0,0,12,12,0,0,0,0
4845,technology,104845,50,True,1,5,26,26,0,0,0,0,81,139,0,0,6,6,0,0,0,0
4846,technology,104846,50,True,5,5,142,142,0,0,0,0,150,388,0,0,18,18,0,0,0,0
4847,technology,104847,50,True,5,5,141,141,0,0,0,0,150,389,0,0,19,19,0,0,0,0
4848,technology,104848,50,True,5,5,139,139,0,0,0,0,150,388,0,0,15,15,0,0,0,0
4849,technology,104849,50,True,1,5,21,21,0,0,0,0,72,102,0,0,4,4,0,0,0,0
4850,technology,104850,50,True,5,5,159,159,0,0,0,0,150,408,0,0,20,20,0,0,0,0
4851,technology,104851,50,True,3,5,60,60,0,0,0,0,110,228,0,0,11,11,0,0,0,0
4852,technology,104852,50,True,5,5,126,126,0,0,0,0,150,369,0,0,17,17,0,0,0,0
4853,technology,104853,50,True,1,5,20,20,0,0,0,0,71,111,0,0,5,5,0,0,0,0
4854,technology,104854,50,True,5,5,128,128,0,0,0,0,150,374,0,0,18,18,0,0,0,0
4855,technology,104855,50,True,3,5,68,68,0,0,0,0,108,228,0,0,12,12,0,0,0,0
4856,technology,104856,50,True,3,5,56,56,0,0,0,0,113,225,0,0,11,11,0,0,0,0
4857,technology,104857,50,True,5,5,126,126,0,0,0,0,150,372,0,0,16,16,0,0,0,0
4858,technology,104858,50,True,5,5,189,189,0,0,0,0,150,432,0,0,20,20,0,0,0,0
4859,technology,104859,50,True,5,5,156,156,0,0,0,0,150,402,0,0,20,20,0,0,0,0
4860,technology,104860,50,True,5,5,178,178,0,0,0,0,150,421,0,0,21,21,0,0,0,0
4861,technology,104861,50,True,1,5,29,29,0,0,0,0,77,133,0,0,6,6,0,0,0,0
4862,technology,104862,50,True,5,5,128,128,0,0,0,0,150,377,0,0,16,16,0,0,0,0
4863,technology,104863,50,True,4,5,48,48,0,0,0,0,117,256,0,0,16,16,0,0,0,0
4864,technology,104864,50,True,5,5,141,141,0,0,0,0,150,387,0,0,15,15,0,0,0,0
4865,technology,104865,50,True,5,5,156,156,0,0,0,0,150,405,0,0,18,18,0,0,0,0
4866,technology,104866,50,True,1,5,19,19,0,0,0,0,58,78,0,0,2,2,0,0,0,0
4867,technology,104867,50,True,5,5,113,113,0,0,0,0,150,359,0,0,16,16,0,0,0,0
4868,technology,104868,50,True,5,5,113,113,0,0,0,0,150,356,0,0,16,16,0,0,0,0
4869,technology,104869,50,True,1,5,25,25,0,0,0,0,72,112,0,0,4,4,0,0,0,0
4870,technology,104870,50,True,5,5,127,127,0,0,0,0,150,370,0,0,16,16,0,0,0,0
4871,technology,104871,50,True,5,5,178,178,0,0,0,0,150,427,0,0,21,21,0,0,0,0
4872,technology,104872,50,True,4,5,96,96,0,0,0,0,110,299,0,0,19,19,0,0,0,0
4873,technology,104873,50,True,4,5,70,70,0,0,0,0,111,275,0,0,18,18,0,0,0,0
4874,technology,104874,50,True,5,5,170,170,0,0,0,0,150,417,0,0,19,19,0,0,0,0
4875,technology,104875,50,True,3,5,58,58,0,0,0,0,109,213,0,0,10,10,0,0,0,0
4876,technology,104876,50,True,5,5,150,150,0,0,0,0,150,399,0,0,17,17,0,0,0,0
4877,technology,104877,50,True,3,5,50,50,0,0,0,0,112,225,0,0,11,11,0,0,0,0
4878,technology,104878,50,True,5,5,172,172,0,0,0,0,150,415,0,0,18,18,0,0,0,0
4879,technology,104879,50,True,5,5,160,160,0,0,0,0,150,403,0,0,21,21,0,0,0,0
4880,technology,104880,50,True,5,5,108,108,0,0,0,0,150,351,0,0,15,15,0,0,0,0
4881,technology,104881,50,True,5,5,203,203,0,0,0,0,150,449,0,0,21,21,0,0,0,0
4882,technology,104882,50,True,5,5,156,156,0,0,0,0,150,399,0,0,18,18,0,0,0,0
4883,technology,104883,50,True,3,5,52,52,0,0,0,0,118,241,0,0,13,13,0,0,0,0
4884,technology,104884,50,True,4,5,67,67,0,0,0,0,110,272,0,0,15,15,0,0,0,0
4885,technology,104885,50,True,5,5,162,162,0,0,0,0,150,408,0,0,18,18,0,0,0,0
4886,technology,104886,50,True,3,5,42,42,0,0,0,0,110,202,0,0,10,10,0,0,0,0
4887,technology,104887,50,True,3,5,25,25,0,0,0,0,113,196,0,0,10,10,0,0,0,0
4888,technology,104888,50,True,5,5,174,174,0,0,0,0,150,420,0,0,19,19,0,0,0,0
4889,technology,104889,50,True,2,5,10,10,0,0,0,0,62,120,0,0,9,9,0,0,0,0
4890,technology,104890,50,True,4,5,83,83,0,0,0,0,110,294,0,0,18,18,0,0,0,0
4891,technology,104891,50,True,5,5,158,158,0,0,0,0,150,404,0,0,18,18,0,0,0,0
4892,technology,104892,50,True,4,5,77,77,0,0,0,0,108,276,0,0,19,19,0,0,0,0
4893,technology,104893,50,True,3,5,68,68,0,0,0,0,108,226,0,0,11,11,0,0,0,0
4894,technology,104894,50,True,5,5,120,120,0,0,0,0,150,366,0,0,16,16,0,0,0,0
4895,technology,104895,50,True,3,5,55,55,0,0,0,0,109,211,0,0,11,11,0,0,0,0
4896,technology,104896,50,True,2,5,20,20,0,0,0,0,72,142,0,0,11,11,0,0,0,0
4897,technology,104897,50,True,5,5,172,172,0,0,0,0,150,415,0,0,19,19,0,0,0,0
4898,technology,104898,50,True,5,5,197,197,0,0,0,0,150,443,0,0,19,19,0,0,0,0
4899,technology,104899,50,True,5,5,158,158,0,0,0,0,150,401,0,0,19,19,0,0,0,0
4900,technology,104900,50,True,5,5,91,91,0,0,0,0,150,337,0,0,15,15,0,0,0,0
4901,technology,104901,50,True,1,5,23,23,0,0,0,0,69,102,0,0,3,3,0,0,0,0
4902,technology,104902,50,True,5,5,134,134,0,0,0,0,150,380,0,0,18,18,0,0,0,0
4903,technology,104903,50,True,5,5,197,197,0,0,0,0,150,443,0,0,20,20,0,0,0,0
4904,technology,104904,24,False,0,5,0,9,0,0,0,0,46,63,0,0,3,3,0,0,0,0
4905,technology,104905,50,True,4,5,64,64,0,0,0,0,109,275,0,0,19,19,0,0,0,0
4906,technology,104906,50,True,1,5,17,17,0,0,0,0,101,172,0,0,6,6,0,0,0,0
4907,technology,104907,50,True,3,5,69,69,0,0,0,0,105,221,0,0,11,11,0,0,0,0
4908,technology,104908,50,True,5,5,195,195,0,0,0,0,150,441,0,0,22,22,0,0,0,0
4909,technology,104909,50,True,5,5,163,163,0,0,0,0,150,406,0,0,19,19,0,0,0,0
4910,technology,104910,50,True,3,5,58,58,0,0,0,0,108,219,0,0,10,10,0,0,0,0
4911,technology,104911,50,True,5,5,119,119,0,0,0,0,150,365,0,0,17,17,0,0,0,0
4912,technology,104912,50,True,5,5,113,113,0,0,0,0,150,359,0,0,18,18,0,0,0,0
4913,technology,104913,50,True,5,5,129,129,0,0,0,0,150,375,0,0,15,15,0,0,0,0
4914,technology,104914,50,True,5,5,109,109,0,0,0,0,150,355,0,0,15,15,0,0,0,0
4915,technology,104915,50,True,5,5,150,150,0,0,0,0,150,402,0,0,19,19,0,0,0,0
4916,technology,104916,50,True,5,5,86,86,0,0,0,0,150,332,0,0,15,15,0,0,0,0
4917,technology,104917,50,True,5,5,144,144,0,0,0,0,150,393,0,0,20,20,0,0,0,0
4918,technology,104918,50,True,4,5,81,81,0,0,0,0,108,285,0,0,17,17,0,0,0,0
4919,technology,104919,50,True,1,5,33,33,0,0,0,0,81,133,0,0,6,6,0,0,0,0
4920,technology,104920,50,True,3,5,76,76,0,0,0,0,111,240,0,0,11,11,0,0,0,0
4921,technology,104921,50,True,1,5,26,26,0,0,0,0,84,140,0,0,5,5,0,0,0,0
4922,technology,104922,50,True,5,5,158,158,0,0,0,0,150,401,0,0,22,22,0,0,0,0
4923,technology,104923,50,True,4,5,65,65,0,0,0,0,112,269,0,0,19,19,0,0,0,0
4924,technology,104924,50,True,5,5,75,75,0,0,0,0,150,318,0,0,15,15,0,0,0,0
4925,technology,104925,50,True,5,5,141,141,0,0,0,0,150,390,0,0,18,18,0,0,0,0
4926,technology,104926,18,False,0,5,0,8,0,0,0,0,39,57,0,0,5,5,0,0,0,0
4927,technology,104927,50,True,5,5,155,155,0,0,0,0,150,401,0,0,17,17,0,0,0,0
4928,technology,104928,50,True,3,5,59,59,0,0,0,0,105,214,0,0,10,10,0,0,0,0
4929,technology,104929,50,True,1,5,23,23,0,0,0,0,72,105,0,0,4,4,0,0,0,0
4930,technology,104930,50,True,2,5,16,17,0,0,0,0,68,132,0,0,11,11,0,0,0,0
4931,technology,104931,50,True,3,5,63,63,0,0,0,0,116,235,0,0,11,11,0,0,0,0
4932,technology,104932,50,True,5,5,146,146,0,0,0,0,150,389,0,0,16,16,0,0,0,0
4933,technology,104933,50,True,5,5,140,140,0,0,0,0,150,383,0,0,18,18,0,0,0,0
4934,technology,104934,50,True,5,5,138,138,0,0,0,0,150,393,0,0,18,18,0,0,0,0
4935,technology,104935,50,True,3,5,75,75,0,0,0,0,106,234,0,0,10,10,0,0,0,0
4936,technology,104936,50,True,5,5,165,165,0,0,0,0,150,409,0,0,18,18,0,0,0,0
4937,technology,104937,16,False,0,5,0,7,0,0,0,0,39,52,0,0,4,4,0,0,0,0
4938,technology,104938,50,True,3,5,72,72,0,0,0,0,110,237,0,0,12,12,0,0,0,0
4939,technology,104939,50,True,2,5,6,11,0,0,0,0,83,141,0,0,11,11,0,0,0,0
4940,technology,104940,50,True,3,5,68,68,0,0,0,0,109,230,0,0,11,11,0,0,0,0
4941,technology,104941,50,True,1,5,29,29,0,0,0,0,72,115,0,0,4,4,0,0,0,0
4942,technology,104942,50,True,5,5,151,151,0,0,0,0,150,400,0,0,19,19,0,0,0,0
4943,technology,104943,50,True,1,5,23,23,0,0,0,0,68,104,0,0,4,4,0,0,0,0
4944,technology,104944,50,True,5,5,219,219,0,0,0,0,150,462,0,0,20,20,0,0,0,0
4945,technology,104945,50,True,5,5,202,202,0,0,0,0,150,448,0,0,20,20,0,0,0,0
4946,technology,104946,50,True,2,5,8,9,0,0,0,0,72,133,0,0,9,9,0,0,0,0
4947,technology,104947,50,True,3,5,61,61,0,0,0,0,106,217,0,0,11,11,0,0,0,0
4948,technology,104948,50,True,5,5,152,152,0,0,0,0,150,398,0,0,20,20,0,0,0,0
4949,technology,104949,50,True,4,5,114,114,0,0,0,0,108,320,0,0,20,20,0,0,0,0
4950,technology,104950,50,True,5,5,90,90,0,0,0,0,150,333,0,0,18,18,0,0,0,0
4951,technology,104951,21,False,0,5,0,7,0,0,0,0,35,47,0,0,4,4,0,0,0,0
4952,technology,104952,50,True,5,5,166,166,0,0,0,0,150,412,0,0,18,18,0,0,0,0
4953,technology,104953,50,True,3,5,71,71,0,0,0,0,108,236,0,0,12,12,0,0,0,0
4954,technology,104954,50,True,3,5,81,81,0,0,0,0,104,233,0,0,11,11,0,0,0,0
4955,technology,104955,50,True,1,5,35,35,0,0,0,0,67,120,0,0,5,5,0,0,0,0
4956,technology,104956,50,True,5,5,120,120,0,0,0,0,150,363,0,0,17,17,0,0,0,0
4957,technology,104957,50,True,5,5,117,117,0,0,0,0,150,360,0,0,17,17,0,0,0,0
4958,technology,104958,50,True,5,5,199,199,0,0,0,0,150,442,0,0,20,20,0,0,0,0
4959,technology,104959,50,True,3,5,105,105,0,0,0,0,109,273,0,0,12,12,0,0,0,0
4960,technology,104960,50,True,1,5,26,26,0,0,0,0,72,115,0,0,4,4,0,0,0,0
4961,technology,104961,50,True,5,5,179,179,0,0,0,0,150,425,0,0,20,20,0,0,0,0
4962,technology,104962,50,True,3,5,51,51,0,0,0,0,109,207,0,0,10,10,0,0,0,0
4963,technology,104963,50,True,5,5,167,167,0,0,0,0,150,410,0,0,19,19,0,0,0,0
4964,technology,104964,50,True,5,5,114,114,0,0,0,0,150,357,0,0,16,16,0,0,0,0
4965,technology,104965,50,True,5,5,162,162,0,0,0,0,150,411,0,0,17,17,0,0,0,0
4966,technology,104966,50,True,5,5,169,169,0,0,0,0,150,412,0,0,19,19,0,0,0,0
4967,technology,104967,50,True,5,5,184,184,0,0,0,0,150,427,0,0,20,20,0,0,0,0
4968,technology,104968,50,True,3,5,65,65,0,0,0,0,108,223,0,0,10,10,0,0,0,0
4969,technology,104969,50,True,3,5,50,50,0,0,0,0,110,218,0,0,10,10,0,0,0,0
4970,technology,104970,50,True,5,5,139,139,0,0,0,0,150,394,0,0,19,19,0,0,0,0
4971,technology,104971,50,True,5,5,156,156,0,0,0,0,150,399,0,0,18,18,0,0,0,0
4972,technology,104972,50,True,3,5,57,57,0,0,0,0,109,217,0,0,11,11,0,0,0,0
4973,technology,104973,50,True,5,5,182,182,0,0,0,0,150,428,0,0,20,20,0,0,0,0
4974,technology,104974,50,True,5,5,141,141,0,0,0,0,150,390,0,0,18,18,0,0,0,0
4975,technology,104975,50,True,5,5,179,179,0,0,0,0,150,428,0,0,19,19,0,0,0,0
4976,technology,104976,50,True,5,5,134,134,0,0,0,0,150,386,0,0,17,17,0,0,0,0
4977,technology,104977,50,True,3,5,87,87,0,0,0,0,109,254,0,0,12,12,0,0,0,0
4978,technology,104978,50,True,2,5,14,14,0,0,0,0,80,146,0,0,11,11,0,0,0,0
4979,technology,104979,50,True,5,5,172,172,0,0,0,0,150,418,0,0,18,18,0,0,0,0
4980,technology,104980,50,True,5,5,157,157,0,0,0,0,150,400,0,0,18,18,0,0,0,0
4981,technology,104981,50,True,5,5,157,157,0,0,0,0,150,406,0,0,18,18,0,0,0,0
4982,technology,104982,50,True,3,5,86,86,0,0,0,0,108,243,0,0,14,14,0,0,0,0
4983,technology,104983,50,True,2,5,19,19,0,0,0,0,72,142,0,0,12,12,0,0,0,0
4984,technology,104984,50,True,1,5,28,28,0,0,0,0,70,113,0,0,4,4,0,0,0,0
4985,technology,104985,50,True,3,5,48,48,0,0,0,0,113,213,0,0,10,10,0,0,0,0
4986,technology,104986,50,True,4,5,82,82,0,0,0,0,108,282,0,0,16,16,0,0,0,0
4987,technology,104987,50,True,5,5,184,184,0,0,0,0,150,430,0,0,20,20,0,0,0,0
4988,technology,104988,50,True,2,5,15,15,0,0,0,0,71,138,0,0,13,13,0,0,0,0
4989,technology,104989,50,True,1,5,24,24,0,0,0,0,72,106,0,0,3,3,0,0,0,0
4990,technology,104990,50,True,5,5,125,125,0,0,0,0,150,374,0,0,16,16,0,0,0,0
4991,technology,104991,50,True,2,5,14,14,0,0,0,0,88,160,0,0,11,11,0,0,0,0
4992,technology,104992,50,True,5,5,114,114,0,0,0,0,150,357,0,0,16,16,0,0,0,0
4993,technology,104993,50,True,5,5,206,206,0,0,0,0,150,452,0,0,23,23,0,0,0,0
4994,technology,104994,50,True,5,5,167,167,0,0,0,0,150,410,0,0,20,20,0,0,0,0
4995,technology,104995,50,True,5,5,164,164,0,0,0,0,150,413,0,0,21,21,0,0,0,0
4996,technology,104996,50,True,3,5,65,65,0,0,0,0,113,232,0,0,12,12,0,0,0,0
4997,technology,104997,50,True,4,5,63,63,0,0,0,0,111,266,0,0,17,17,0,0,0,0
4998,technology,104998,50,True,5,5,150,150,0,0,0,0,150,396,0,0,16,16,0,0,0,0
4999,technology,104999,50,True,1,5,29,29,0,0,0,0,70,122,0,0,5,5,0,0,0,0
5000,technology,105000,50,True,5,5,161,161,0,0,0,0,150,404,0,0,19,19,0,0,0,0
5001,worship,105001,9,False,0,5,14,14,0,0,0,0,13,30,0,0,0,5,7,6,5,3
5002,worship,105002,9,False,0,5,8,9,0,0,0,0,20,33,0,0,0,5,9,8,5,4
5003,worship,105003,10,False,0,5,11,14,0,0,0,0,11,23,0,0,0,5,9,6,5,3
5004,worship,105004,13,False,0,5,22,22,0,0,0,0,26,52,0,0,0,5,13,12,5,6
5005,worship,105005,8,False,0,5,10,12,0,0,0,0,13,27,0,0,0,5,5,4,5,2
5006,worship,105006,7,False,0,5,9,12,0,0,0,0,9,20,0,0,0,5,3,2,5,1
5007,worship,105007,20,False,0,5,10,15,0,0,0,0,23,47,0,0,0,5,22,20,5,10
5008,worship,105008,9,False,0,5,10,11,0,0,0,0,13,24,0,0,0,5,9,6,5,3
5009,worship,105009,14,False,0,5,14,15,0,0,0,0,20,39,0,0,0,5,14,8,5,4
5010,worship,105010,8,False,0,5,18,19,0,0,0,0,12,28,0,0,0,5,5,4,5,2
5011,worship,105011,17,False,0,5,7,14,0,0,0,0,13,27,0,0,0,5,16,16,5,8
5012,worship,105012,11,False,0,5,11,12,0,0,0,0,20,34,0,0,0,5,10,8,5,4
5013,worship,105013,11,False,0,5,17,18,0,0,0,0,19,41,0,0,0,5,9,6,5,3
5014,worship,105014,26,False,0,5,15,18,0,0,0,0,42,80,0,0,0,5,32,32,5,16
5015,worship,105015,12,False,0,5,8,10,0,0,0,0,21,36,0,0,0,5,15,6,5,3
5016,worship,105016,8,False,0,5,17,19,0,0,0,0,15,33,0,0,0,5,5,4,5,2
5017,worship,105017,9,False,0,5,10,11,0,0,0,0,14,26,0,0,0,5,6,4,5,2
5018,worship,105018,9,False,0,5,3,12,0,0,0,0,7,14,0,0,0,5,5,4,5,2
5019,worship,105019,6,False,0,5,4,10,0,0,0,0,7,16,0,0,0,5,3,2,5,1
5020,worship,105020,12,False,0,5,19,21,0,0,0,0,19,42,0,0,0,5,13,2,5,1
5021,worship,105021,18,False,0,5,21,25,0,0,0,0,26,54,0,0,0,5,17,16,5,8
5022,worship,105022,16,False,0,5,14,19,0,0,0,0,18,38,0,0,0,5,14,12,5,6
5023,worship,105023,17,False,0,5,19,19,0,0,0,0,28,56,0,0,0,5,18,14,5,7
5024,worship,105024,9,False,0,5,16,16,0,0,0,0,15,30,0,0,0,5,6,6,5,3
5025,worship,105025,16,False,0,5,13,17,0,0,0,0,20,40,0,0,0,5,15,14,5,7
5026,worship,105026,12,False,0,5,16,16,0,0,0,0,20,38,0,0,0,5,9,6,5,3
5027,worship,105027,18,False,0,5,17,18,0,0,0,0,26,56,0,0,0,5,20,20,5,10
5028,worship,105028,9,False,0,5,12,14,0,0,0,0,12,24,0,0,0,5,8,6,5,3
5029,worship,105029,12,False,0,5,16,16,0,0,0,0,20,38,0,0,0,5,10,6,5,3
5030,worship,105030,24,False,0,5,12,13,0,0,0,0,31,65,0,0,0,5,30,28,5,14
5031,worship,105031,5,False,0,5,8,9,0,0,0,0,7,13,0,0,0,5,2,2,5,1
5032,worship,105032,16,False,0,5,6,10,0,0,0,0,23,37,0,0,0,5,15,14,5,7
5033,worship,105033,10,False,0,5,11,13,0,0,0,0,13,25,0,0,0,5,8,8,5,4
5034,worship,105034,15,False,0,5,0,12,0,0,0,0,8,16,0,0,0,4,17,6,4,3
5035,worship,105035,17,False,0,5,21,23,0,0,0,0,25,54,0,0,0,5,17,16,5,8
5036,worship,105036,12,False,0,5,3,10,0,0,0,0,12,20,0,0,0,5,11,8,5,4
5037,worship,105037,9,False,0,5,11,11,0,0,0,0,15,29,0,0,0,5,7,6,5,3
5038,worship,105038,8,False,0,5,14,14,0,0,0,0,15,29,0,0,0,5,7,6,5,3
5039,worship,105039,10,False,0,5,8,10,0,0,0,0,15,30,0,0,0,5,9,8,5,4
5040,worship,105040,13,False,0,5,18,19,0,0,0,0,21,41,0,0,0,5,11,10,5,5
5041,worship,105041,15,False,0,5,15,18,0,0,0,0,16,36,0,0,0,5,15,10,5,5
5042,worship,105042,9,False,0,5,12,12,0,0,0,0,13,25,0,0,0,5,7,4,5,2
5043,worship,105043,12,False,0,5,8,13,0,0,0,0,9,18,0,0,0,5,10,4,5,2
5044,worship,105044,13,False,0,5,14,16,0,0,0,0,24,46,0,0,0,5,18,10,5,5
5045,worship,105045,7,False,0,5,11,12,0,0,0,0,10,20,0,0,0,5,6,4,5,2
5046,worship,105046,9,False,0,5,13,14,0,0,0,0,13,28,0,0,0,5,9,4,5,2
5047,worship,105047,9,False,0,5,8,11,0,0,0,0,13,23,0,0,0,5,7,4,5,2
5048,worship,105048,13,False,0,5,15,17,0,0,0,0,21,41,0,0,0,5,13,10,5,5
5049,worship,105049,9,False,0,5,14,15,0,0,0,0,14,29,0,0,0,5,8,6,5,3
5050,worship,105050,13,False,0,5,16,17,0,0,0,0,16,36,0,0,0,5,13,4,5,2
5051,worship,105051,11,False,0,5,15,16,0,0,0,0,19,38,0,0,0,5,12,10,5,5
5052,worship,105052,15,False,0,5,26,26,0,0,0,0,27,62,0,0,0,5,18,18,5,9
5053,worship,105053,8,False,0,5,12,14,0,0,0,0,14,27,0,0,0,5,5,4,5,2
5054,worship,105054,17,False,0,5,14,15,0,0,0,0,26,54,0,0,0,5,24,16,5,8
5055,worship,105055,6,False,0,5,8,12,0,0,0,0,10,20,0,0,0,5,3,2,5,1
5056,worship,105056,5,False,0,5,12,12,0,0,0,0,9,17,0,0,0,5,3,2,5,1
5057,worship,105057,10,False,0,5,13,15,0,0,0,0,16,31,0,0,0,5,9,8,5,4
5058,worship,105058,16,False,0,5,16,19,0,0,0,0,20,44,0,0,0,5,16,12,5,6
5059,worship,105059,15,False,0,5,15,17,0,0,0,0,18,40,0,0,0,5,16,16,5,8
5060,worship,105060,11,False,0,5,6,10,0,0,0,0,11,19,0,0,0,5,11,4,5,2
5061,worship,105061,8,False,0,5,14,14,0,0,0,0,14,28,0,0,0,5,7,6,5,3
5062,worship,105062,7,False,0,5,13,13,0,0,0,0,12,25,0,0,0,5,4,4,5,2
5063,worship,105063,9,False,0,5,9,10,0,0,0,0,15,26,0,0,0,5,9,8,5,4
5064,worship,105064,18,False,0,5,23,25,0,0,0,0,26,57,0,0,0,5,19,14,5,7
5065,worship,105065,6,False,0,5,15,15,0,0,0,0,9,20,0,0,0,5,3,2,5,1
5066,worship,105066,9,False,0,5,10,13,0,0,0,0,14,26,0,0,0,5,6,4,5,2
5067,worship,105067,6,False,0,5,8,12,0,0,0,0,8,15,0,0,0,5,3,2,5,1
5068,worship,105068,13,False,0,5,0,7,0,0,0,0,13,20,0,0,0,5,13,8,5,4
5069,worship,105069,9,False,0,5,18,19,0,0,0,0,13,30,0,0,0,5,6,4,5,2
5070,worship,105070,7,False,0,5,12,12,0,0,0,0,11,22,0,0,0,5,3,2,5,1
5071,worship,105071,15,False,0,5,7,12,0,0,0,0,17,30,0,0,0,5,17,12,5,6
5072,worship,105072,26,False,0,5,7,14,0,0,0,0,35,60,0,0,0,5,23,22,5,11
5073,worship,105073,6,False,0,5,11,11,0,0,0,0,10,18,0,0,0,5,4,4,5,2
5074,worship,105074,16,False,0,5,17,19,0,0,0,0,22,45,0,0,0,5,16,12,5,6
5075,worship,105075,14,False,0,5,0,10,0,0,0,0,12,21,0,0,0,5,15,14,5,7
5076,worship,105076,11,False,0,5,13,16,0,0,0,0,13,27,0,0,0,5,9,6,5,3
5077,worship,105077,8,False,0,5,7,9,0,0,0,0,10,21,0,0,0,5,5,4,5,2
5078,worship,105078,7,False,0,5,9,10,0,0,0,0,9,18,0,0,0,5,4,2,5,1
5079,worship,105079,14,False,0,5,14,17,0,0,0,0,15,33,0,0,0,5,11,10,5,5
5080,worship,105080,16,False,0,5,12,15,0,0,0,0,18,37,0,0,0,5,16,14,5,7
5081,worship,105081,15,False,0,5,15,20,0,0,0,0,17,36,0,0,0,5,14,4,5,2
5082,worship,105082,9,False,0,5,7,8,0,0,0,0,13,23,0,0,0,5,7,6,5,3
5083,worship,105083,15,False,0,5,13,14,0,0,0,0,16,34,0,0,0,5,14,12,5,6
5084,worship,105084,8,False,0,5,12,14,0,0,0,0,14,29,0,0,0,5,7,6,5,3
5085,worship,105085,13,False,0,5,7,9,0,0,0,0,17,29,0,0,0,5,12,10,5,5
5086,worship,105086,9,False,0,5,8,10,0,0,0,0,12,22,0,0,0,5,9,8,5,4
5087,worship,105087,14,False,0,5,22,22,0,0,0,0,21,49,0,0,0,5,14,10,5,5
5088,worship,105088,9,False,0,5,8,12,0,0,0,0,9,21,0,0,0,5,5,4,5,2
5089,worship,105089,13,False,0,5,8,11,0,0,0,0,15,29,0,0,0,5,16,6,5,3
5090,worship,105090,12,False,0,5,15,16,0,0,0,0,20,37,0,0,0,5,11,8,5,4
5091,worship,105091,20,False,0,5,18,21,0,0,0,0,23,51,0,0,0,5,19,18,5,9
5092,worship,105092,13,False,0,5,8,12,0,0,0,0,17,31,0,0,0,5,14,12,5,6
5093,worship,105093,14,False,0,5,16,17,0,0,0,0,19,42,0,0,0,5,16,14,5,7
5094,worship,105094,11,False,0,5,21,21,0,0,0,0,21,45,0,0,0,5,11,8,5,4
5095,worship,105095,10,False,0,5,13,13,0,0,0,0,16,31,0,0,0,5,10,8,5,4
5096,worship,105096,13,False,0,5,5,9,0,0,0,0,13,23,0,0,0,5,12,12,5,6
5097,worship,105097,11,False,0,5,16,16,0,0,0,0,19,37,0,0,0,5,10,10,5,5
5098,worship,105098,23,False,0,5,26,27,0,0,0,0,43,89,0,0,0,5,31,30,5,15
5099,worship,105099,13,False,0,5,21,23,0,0,0,0,21,46,0,0,0,5,11,8,5,4
5100,worship,105100,5,False,0,5,10,10,0,0,0,0,7,12,0,0,0,5,2,2,5,1
5101,worship,105101,16,False,0,5,5,12,0,0,0,0,14,25,0,0,0,5,14,14,5,7
5102,worship,105102,10,False,0,5,12,13,0,0,0,0,14,26,0,0,0,5,7,6,5,3
5103,worship,105103,15,False,0,5,13,15,0,0,0,0,19,39,0,0,0,5,16,12,5,6
5104,worship,105104,8,False,0,5,9,9,0,0,0,0,14,25,0,0,0,5,6,6,5,3
5105,worship,105105,14,False,0,5,15,19,0,0,0,0,19,39,0,0,0,5,12,12,5,6
5106,worship,105106,13,False,0,5,9,11,0,0,0,0,20,36,0,0,0,5,17,8,5,4
5107,worship,105107,23,False,0,5,16,17,0,0,0,0,28,60,0,0,0,5,26,26,5,13
5108,worship,105108,16,False,0,5,21,22,0,0,0,0,28,59,0,0,0,5,21,18,5,9
5109,worship,105109,7,False,0,5,15,15,0,0,0,0,12,25,0,0,0,5,5,4,5,2
5110,worship,105110,15,False,0,5,19,20,0,0,0,0,18,42,0,0,0,5,15,8,5,4
5111,worship,105111,12,False,0,5,9,11,0,0,0,0,14,27,0,0,0,5,12,12,5,6
5112,worship,105112,9,False,0,5,14,16,0,0,0,0,11,24,0,0,0,5,7,6,5,3
5113,worship,105113,7,False,0,5,7,8,0,0,0,0,10,15,0,0,0,5,5,4,5,2
5114,worship,105114,16,False,0,5,22,23,0,0,0,0,30,64,0,0,0,5,21,14,5,7
5115,worship,105115,10,False,0,5,20,20,0,0,0,0,16,38,0,0,0,5,9,4,5,2
5116,worship,105116,6,False,0,5,13,13,0,0,0,0,10,20,0,0,0,5,4,4,5,2
5117,worship,105117,14,False,0,5,10,11,0,0,0,0,16,33,0,0,0,5,13,10,5,5
5118,worship,105118,8,False,0,5,14,15,0,0,0,0,12,25,0,0,0,5,6,4,5,2
5119,worship,105119,10,False,0,5,16,17,0,0,0,0,15,35,0,0,0,5,11,10,5,5
5120,worship,105120,8,False,0,5,14,14,0,0,0,0,13,26,0,0,0,5,6,4,5,2
5121,worship,105121,16,False,0,5,23,26,0,0,0,0,26,58,0,0,0,5,18,16,5,8
5122,worship,105122,11,False,0,5,15,17,0,0,0,0,14,33,0,0,0,5,9,6,5,3
5123,worship,105123,10,False,0,5,14,14,0,0,0,0,18,38,0,0,0,5,13,10,5,5
5124,worship,105124,11,False,0,5,15,16,0,0,0,0,17,35,0,0,0,5,11,6,5,3
5125,worship,105125,7,False,0,5,7,10,0,0,0,0,10,20,0,0,0,5,4,4,5,2
5126,worship,105126,13,False,0,5,12,16,0,0,0,0,13,28,0,0,0,5,10,8,5,4
5127,worship,105127,5,False,0,5,14,14,0,0,0,0,7,15,0,0,0,5,1,0,5,0
5128,worship,105128,7,False,0,5,12,14,0,0,0,0,13,26,0,0,0,5,5,4,5,2
5129,worship,105129,14,False,0,5,17,17,0,0,0,0,21,44,0,0,0,5,12,8,5,4
5130,worship,105130,11,False,0,5,15,17,0,0,0,0,15,32,0,0,0,5,9,8,5,4
5131,worship,105131,20,False,0,5,8,15,0,0,0,0,22,42,0,0,0,5,22,22,5,11
5132,worship,105132,9,False,0,5,11,14,0,0,0,0,10,20,0,0,0,5,6,2,5,1
5133,worship,105133,11,False,0,5,12,12,0,0,0,0,21,39,0,0,0,5,13,12,5,6
5134,worship,105134,10,False,0,5,9,12,0,0,0,0,13,28,0,0,0,5,8,4,5,2
5135,worship,105135,20,False,0,5,26,26,0,0,0,0,37,77,0,0,0,5,24,20,5,10
5136,worship,105136,9,False,0,5,10,11,0,0,0,0,16,28,0,0,0,5,10,8,5,4
5137,worship,105137,8,False,0,5,12,13,0,0,0,0,13,24,0,0,0,5,6,6,5,3
5138,worship,105138,9,False,0,5,16,16,0,0,0,0,13,30,0,0,0,5,8,8,5,4
5139,worship,105139,7,False,0,5,9,9,0,0,0,0,10,16,0,0,0,5,4,2,5,1
5140,worship,105140,13,False,0,5,18,19,0,0,0,0,20,43,0,0,0,5,11,6,5,3
5141,worship,105141,12,False,0,5,21,22,0,0,0,0,17,39,0,0,0,5,10,8,5,4
5142,worship,105142,20,False,0,5,8,18,0,0,0,0,15,33,0,0,0,5,20,18,5,9
5143,worship,105143,6,False,0,5,15,15,0,0,0,0,12,25,0,0,0,5,5,4,5,2
5144,worship,105144,10,False,0,5,10,11,0,0,0,0,17,29,0,0,0,5,10,10,5,5
5145,worship,105145,8,False,0,5,15,16,0,0,0,0,11,25,0,0,0,5,6,4,5,2
5146,worship,105146,20,False,0,5,4,13,0,0,0,0,21,37,0,0,0,5,22,22,5,11
5147,worship,105147,18,False,0,5,19,21,0,0,0,0,26,56,0,0,0,5,19,18,5,9
5148,worship,105148,6,False,0,5,13,13,0,0,0,0,11,21,0,0,0,5,4,4,5,2
5149,worship,105149,14,False,0,5,9,14,0,0,0,0,15,30,0,0,0,5,14,10,5,5
5150,worship,105150,6,False,0,5,12,12,0,0,0,0,11,20,0,0,0,5,4,4,5,2
5151,worship,105151,17,False,0,5,25,26,0,0,0,0,24,58,0,0,0,5,20,12,5,6
5152,worship,105152,11,False,0,5,17,17,0,0,0,0,19,39,0,0,0,5,10,10,5,5
5153,worship,105153,16,False,0,5,11,17,0,0,0,0,19,39,0,0,0,5,16,14,5,7
5154,worship,105154,18,False,0,5,11,15,0,0,0,0,29,52,0,0,0,5,22,22,5,11
5155,worship,105155,15,False,0,5,7,15,0,0,0,0,13,27,0,0,0,5,18,12,5,6
5156,worship,105156,12,False,0,5,12,13,0,0,0,0,21,39,0,0,0,5,14,12,5,6
5157,worship,105157,16,False,0,5,13,17,0,0,0,0,16,36,0,0,0,5,15,14,5,7
5158,worship,105158,12,False,0,5,8,12,0,0,0,0,16,30,0,0,0,5,13,8,5,4
5159,worship,105159,8,False,0,5,9,9,0,0,0,0,12,22,0,0,0,5,5,4,5,2
5160,worship,105160,8,False,0,5,2,7,0,0,0,0,12,22,0,0,0,5,6,6,5,3
5161,worship,105161,7,False,0,5,12,13,0,0,0,0,11,22,0,0,0,5,6,4,5,2
5162,worship,105162,9,False,0,5,13,15,0,0,0,0,14,28,0,0,0,5,8,6,5,3
5163,worship,105163,9,False,0,5,13,13,0,0,0,0,14,29,0,0,0,5,6,4,5,2
5164,worship,105164,9,False,0,5,7,7,0,0,0,0,16,28,0,0,0,5,9,8,5,4
5165,worship,105165,12,False,0,5,15,15,0,0,0,0,21,42,0,0,0,5,10,10,5,5
5166,worship,105166,12,False,0,5,13,17,0,0,0,0,13,29,0,0,0,5,10,8,5,4
5167,worship,105167,18,False,0,5,16,17,0,0,0,0,29,58,0,0,0,5,24,18,5,9
5168,worship,105168,12,False,0,5,10,14,0,0,0,0,18,34,0,0,0,5,11,10,5,5
5169,worship,105169,14,False,0,5,14,20,0,0,0,0,13,30,0,0,0,5,15,4,5,2
5170,worship,105170,4,False,0,5,6,9,0,0,0,0,6,9,0,0,0,5,1,0,5,0
5171,worship,105171,9,False,0,5,12,13,0,0,0,0,18,32,0,0,0,5,10,6,5,3
5172,worship,105172,11,False,0,5,10,12,0,0,0,0,11,24,0,0,0,5,8,4,5,2
5173,worship,105173,20,False,0,5,15,17,0,0,0,0,28,55,0,0,0,5,19,18,5,9
5174,worship,105174,13,False,0,5,21,21,0,0,0,0,23,50,0,0,0,5,14,8,5,4
5175,worship,105175,10,False,0,5,5,10,0,0,0,0,8,15,0,0,0,5,7,4,5,2
5176,worship,105176,10,False,0,5,17,18,0,0,0,0,16,35,0,0,0,5,10,6,5,3
5177,worship,105177,11,False,0,5,16,16,0,0,0,0,22,44,0,0,0,5,13,8,5,4
5178,worship,105178,19,False,0,5,14,15,0,0,0,0,27,50,0,0,0,5,20,18,5,9
5179,worship,105179,22,False,0,5,5,17,0,0,0,0,22,43,0,0,0,5,26,26,5,13
5180,worship,105180,12,False,0,5,9,12,0,0,0,0,11,22,0,0,0,5,12,4,5,2
5181,worship,105181,15,False,0,5,24,24,0,0,0,0,27,57,0,0,0,5,16,10,5,5
5182,worship,105182,14,False,0,5,12,12,0,0,0,0,29,53,0,0,0,5,17,14,5,7
5183,worship,105183,15,False,0,5,6,11,0,0,0,0,25,40,0,0,0,5,16,16,5,8
5184,worship,105184,11,False,0,5,14,15,0,0,0,0,14,30,0,0,0,5,9,8,5,4
5185,worship,105185,15,False,0,5,11,14,0,0,0,0,17,37,0,0,0,5,16,10,5,5
5186,worship,105186,7,False,0,5,9,11,0,0,0,0,8,15,0,0,0,5,5,4,5,2
5187,worship,105187,9,False,0,5,12,14,0,0,0,0,12,23,0,0,0,5,7,6,5,3
5188,worship,105188,6,False,0,5,14,14,0,0,0,0,9,19,0,0,0,5,3,2,5,1
5189,worship,105189,8,False,0,5,11,11,0,0,0,0,16,28,0,0,0,5,8,8,5,4
5190,worship,105190,12,False,0,5,16,16,0,0,0,0,25,49,0,0,0,5,16,16,5,8
5191,worship,105191,20,False,0,5,8,16,0,0,0,0,19,40,0,0,0,5,23,22,5,11
5192,worship,105192,4,False,0,5,10,11,0,0,0,0,6,12,0,0,0,5,0,0,5,0
5193,worship,105193,14,False,0,5,13,17,0,0,0,0,13,30,0,0,0,5,14,12,5,6
5194,worship,105194,11,False,0,5,15,17,0,0,0,0,18,35,0,0,0,5,9,8,5,4
5195,worship,105195,10,False,0,5,14,15,0,0,0,0,12,27,0,0,0,5,8,6,5,3
5196,worship,105196,11,False,0,5,13,16,0,0,0,0,11,25,0,0,0,5,10,6,5,3
5197,worship,105197,5,False,0,5,12,12,0,0,0,0,8,15,0,0,0,5,2,2,5,1
5198,worship,105198,14,False,0,5,12,16,0,0,0,0,19,37,0,0,0,5,16,12,5,6
5199,worship,105199,17,False,0,5,21,21,0,0,0,0,27,59,0,0,0,5,19,14,5,7
5200,worship,105200,6,False,0,5,11,11,0,0,0,0,10,20,0,0,0,5,3,2,5,1
5201,worship,105201,7,False,0,5,10,11,0,0,0,0,10,21,0,0,0,5,5,4,5,2
5202,worship,105202,14,False,0,5,14,17,0,0,0,0,17,38,0,0,0,5,14,8,5,4
5203,worship,105203,8,False,0,5,10,11,0,0,0,0,11,22,0,0,0,5,5,4,5,2
5204,worship,105204,10,False,0,5,10,13,0,0,0,0,11,23,0,0,0,5,11,8,5,4
5205,worship,105205,11,False,0,5,15,16,0,0,0,0,16,34,0,0,0,5,10,8,5,4
5206,worship,105206,6,False,0,5,9,12,0,0,0,0,11,23,0,0,0,5,4,4,5,2
5207,worship,105207,6,False,0,5,4,8,0,0,0,0,6,8,0,0,0,5,2,2,5,1
5208,worship,105208,15,False,0,5,18,20,0,0,0,0,23,45,0,0,0,5,12,12,5,6
5209,worship,105209,14,False,0,5,17,17,0,0,0,0,23,47,0,0,0,5,16,14,5,7
5210,worship,105210,7,False,0,5,14,14,0,0,0,0,11,22,0,0,0,5,4,4,5,2
5211,worship,105211,12,False,0,5,16,18,0,0,0,0,18,36,0,0,0,5,9,8,5,4
5212,worship,105212,16,False,0,5,9,12,0,0,0,0,28,46,0,0,0,5,14,14,5,7
5213,worship,105213,11,False,0,5,13,13,0,0,0,0,18,38,0,0,0,5,11,10,5,5
5214,worship,105214,14,False,0,5,18,21,0,0,0,0,17,41,0,0,0,5,16,6,5,3
5215,worship,105215,10,False,0,5,10,14,0,0,0,0,15,29,0,0,0,5,8,6,5,3
5216,worship,105216,7,False,0,5,11,13,0,0,0,0,9,17,0,0,0,5,4,4,5,2
5217,worship,105217,9,False,0,5,8,9,0,0,0,0,16,26,0,0,0,5,10,10,5,5
5218,worship,105218,17,False,0,5,15,16,0,0,0,0,24,49,0,0,0,5,19,18,5,9
5219,worship,105219,11,False,0,5,15,18,0,0,0,0,15,33,0,0,0,5,13,6,5,3
5220,worship,105220,13,False,0,5,2,9,0,0,0,0,9,15,0,0,0,5,11,10,5,5
5221,worship,105221,12,False,0,5,13,15,0,0,0,0,16,31,0,0,0,5,11,6,5,3
5222,worship,105222,11,False,0,5,11,14,0,0,0,0,14,27,0,0,0,5,9,8,5,4
5223,worship,105223,9,False,0,5,6,8,0,0,0,0,17,28,0,0,0,5,9,8,5,4
5224,worship,105224,6,False,0,5,15,15,0,0,0,0,10,20,0,0,0,5,2,2,5,1
5225,worship,105225,14,False,0,5,9,13,0,0,0,0,19,38,0,0,0,5,19,14,5,7
5226,worship,105226,11,False,0,5,14,15,0,0,0,0,18,36,0,0,0,5,11,10,5,5
5227,worship,105227,8,False,0,5,13,13,0,0,0,0,14,27,0,0,0,5,7,4,5,2
5228,worship,105228,7,False,0,5,14,14,0,0,0,0,11,23,0,0,0,5,5,4,5,2
5229,worship,105229,7,False,0,5,11,11,0,0,0,0,13,23,0,0,0,5,6,6,5,3
5230,worship,105230,20,False,0,5,38,38,0,0,0,0,36,84,0,0,0,5,19,18,5,9
5231,worship,105231,16,False,0,5,20,20,0,0,0,0,23,49,0,0,0,5,18,12,5,6
5232,worship,105232,17,False,0,5,25,28,0,0,0,0,22,56,0,0,0,5,18,12,5,6
5233,worship,105233,11,False,0,5,16,16,0,0,0,0,18,37,0,0,0,5,10,10,5,5
5234,worship,105234,12,False,0,5,11,15,0,0,0,0,14,30,0,0,0,5,10,6,5,3
5235,worship,105235,7,False,0,5,13,13,0,0,0,0,12,22,0,0,0,5,4,4,5,2
5236,worship,105236,7,False,0,5,10,12,0,0,0,0,9,19,0,0,0,5,4,4,5,2
5237,worship,105237,11,False,0,5,14,14,0,0,0,0,20,39,0,0,0,5,13,10,5,5
5238,worship,105238,9,False,0,5,12,13,0,0,0,0,14,28,0,0,0,5,6,4,5,2
5239,worship,105239,7,False,0,5,4,10,0,0,0,0,9,17,0,0,0,5,5,4,5,2
5240,worship,105240,8,False,0,5,15,16,0,0,0,0,13,27,0,0,0,5,6,4,5,2
5241,worship,105241,8,False,0,5,10,12,0,0,0,0,10,18,0,0,0,5,5,4,5,2
5242,worship,105242,24,False,0,5,16,19,0,0,0,0,35,71,0,0,0,5,30,30,5,15
5243,worship,105243,7,False,0,5,9,9,0,0,0,0,11,20,0,0,0,5,4,2,5,1
5244,worship,105244,17,False,0,5,22,24,0,0,0,0,28,59,0,0,0,5,17,14,5,7
5245,worship,105245,9,False,0,5,15,15,0,0,0,0,15,31,0,0,0,5,8,6,5,3
5246,worship,105246,9,False,0,5,11,12,0,0,0,0,13,26,0,0,0,5,6,4,5,2
5247,worship,105247,12,False,0,5,12,17,0,0,0,0,12,26,0,0,0,5,11,6,5,3
5248,worship,105248,5,False,0,5,14,14,0,0,0,0,8,19,0,0,0,5,1,0,5,0
5249,worship,105249,6,False,0,5,3,10,0,0,0,0,6,10,0,0,0,5,2,2,5,1
5250,worship,105250,13,False,0,5,20,20,0,0,0,0,23,51,0,0,0,5,17,10,5,5
5251,worship,105251,10,False,0,5,5,12,0,0,0,0,6,14,0,0,0,5,7,4,5,2
5252,worship,105252,12,False,0,5,7,9,0,0,0,0,14,27,0,0,0,5,10,10,5,5
5253,worship,105253,12,False,0,5,11,12,0,0,0,0,23,41,0,0,0,5,15,8,5,4
5254,worship,105254,9,False,0,5,11,13,0,0,0,0,15,28,0,0,0,5,9,8,5,4
5255,worship,105255,21,False,0,5,22,24,0,0,0,0,26,61,0,0,0,5,22,22,5,11
5256,worship,105256,10,False,0,5,8,11,0,0,0,0,11,20,0,0,0,5,9,4,5,2
5257,worship,105257,16,False,0,5,18,20,0,0,0,0,26,53,0,0,0,5,18,14,5,7
5258,worship,105258,7,False,0,5,8,14,0,0,0,0,6,13,0,0,0,5,3,2,5,1
5259,worship,105259,10,False,0,5,9,12,0,0,0,0,13,25,0,0,0,5,8,8,5,4
5260,worship,105260,7,False,0,5,5,8,0,0,0,0,8,14,0,0,0,5,5,4,5,2
5261,worship,105261,13,False,0,5,13,15,0,0,0,0,21,39,0,0,0,5,14,12,5,6
5262,worship,105262,14,False,0,5,18,21,0,0,0,0,19,42,0,0,0,5,16,6,5,3
5263,worship,105263,12,False,0,5,26,26,0,0,0,0,21,48,0,0,0,5,8,8,5,4
5264,worship,105264,12,False,0,5,13,14,0,0,0,0,16,32,0,0,0,5,11,10,5,5
5265,worship,105265,6,False,0,5,8,9,0,0,0,0,8,16,0,0,0,5,4,4,5,2
5266,worship,105266,15,False,0,5,16,17,0,0,0,0,23,47,0,0,0,5,13,12,5,6
5267,worship,105267,14,False,0,5,15,18,0,0,0,0,18,39,0,0,0,5,16,8,5,4
5268,worship,105268,9,False,0,5,16,17,0,0,0,0,14,30,0,0,0,5,8,8,5,4
5269,worship,105269,10,False,0,5,15,17,0,0,0,0,13,29,0,0,0,5,8,6,5,3
5270,worship,105270,7,False,0,5,11,15,0,0,0,0,11,24,0,0,0,5,3,2,5,1
5271,worship,105271,7,False,0,5,15,15,0,0,0,0,12,26,0,0,0,5,6,4,5,2
5272,worship,105272,14,False,0,5,14,17,0,0,0,0,17,36,0,0,0,5,14,10,5,5
5273,worship,105273,18,False,0,5,16,17,0,0,0,0,30,56,0,0,0,5,19,18,5,9
5274,worship,105274,14,False,0,5,18,19,0,0,0,0,22,47,0,0,0,5,15,12,5,6
5275,worship,105275,16,False,0,5,12,16,0,0,0,0,21,42,0,0,0,5,14,14,5,7
5276,worship,105276,9,False,0,5,7,10,0,0,0,0,14,26,0,0,0,5,6,6,5,3
5277,worship,105277,11,False,0,5,9,12,0,0,0,0,16,27,0,0,0,5,11,8,5,4
5278,worship,105278,9,False,0,5,11,11,0,0,0,0,12,25,0,0,0,5,6,6,5,3
5279,worship,105279,17,False,0,5,21,24,0,0,0,0,32,67,0,0,0,5,24,16,5,8
5280,worship,105280,10,False,0,5,11,14,0,0,0,0,11,23,0,0,0,5,8,6,5,3
5281,worship,105281,8,False,0,5,13,13,0,0,0,0,13,25,0,0,0,5,6,6,5,3
5282,worship,105282,12,False,0,5,16,17,0,0,0,0,23,44,0,0,0,5,13,12,5,6
5283,worship,105283,19,False,0,5,14,20,0,0,0,0,22,45,0,0,0,5,19,18,5,9
5284,worship,105284,11,False,0,5,17,19,0,0,0,0,17,36,0,0,0,5,9,8,5,4
5285,worship,105285,8,False,0,5,10,10,0,0,0,0,12,21,0,0,0,5,6,4,5,2
5286,worship,105286,9,False,0,5,11,14,0,0,0,0,10,20,0,0,0,5,6,4,5,2
5287,worship,105287,13,False,0,5,12,16,0,0,0,0,11,26,0,0,0,5,10,8,5,4
5288,worship,105288,12,False,0,5,13,16,0,0,0,0,19,37,0,0,0,5,13,10,5,5
5289,worship,105289,10,False,0,5,12,14,0,0,0,0,14,28,0,0,0,5,9,8,5,4
5290,worship,105290,11,False,0,5,24,24,0,0,0,0,20,45,0,0,0,5,8,8,5,4
5291,worship,105291,19,False,0,5,6,13,0,0,0,0,23,46,0,0,0,5,25,20,5,10
5292,worship,105292,8,False,0,5,11,12,0,0,0,0,12,21,0,0,0,5,5,2,5,1
5293,worship,105293,18,False,0,5,19,24,0,0,0,0,26,55,0,0,0,5,19,18,5,9
5294,worship,105294,14,False,0,5,29,29,0,0,0,0,23,56,0,0,0,5,12,6,5,3
5295,worship,105295,8,False,0,5,15,16,0,0,0,0,12,25,0,0,0,5,5,4,5,2
5296,worship,105296,18,False,0,5,15,16,0,0,0,0,26,52,0,0,0,5,23,18,5,9
5297,worship,105297,7,False,0,5,3,7,0,0,0,0,6,9,0,0,0,5,4,2,5,1
5298,worship,105298,22,False,0,5,4,15,0,0,0,0,15,33,0,0,0,5,20,20,5,10
5299,worship,105299,25,False,0,5,3,18,0,0,0,0,21,41,0,0,0,5,27,26,5,13
5300,worship,105300,18,False,0,5,12,16,0,0,0,0,20,44,0,0,0,5,17,16,5,8
5301,worship,105301,14,False,0,5,23,24,0,0,0,0,25,54,0,0,0,5,14,12,5,6
5302,worship,105302,14,False,0,5,6,12,0,0,0,0,11,25,0,0,0,5,14,10,5,5
5303,worship,105303,10,False,0,5,14,17,0,0,0,0,12,26,0,0,0,5,7,6,5,3
5304,worship,105304,11,False,0,5,17,19,0,0,0,0,15,34,0,0,0,5,10,10,5,5
5305,worship,105305,9,False,0,5,12,12,0,0,0,0,12,24,0,0,0,5,7,6,5,3
5306,worship,105306,10,False,0,5,2,10,0,0,0,0,8,17,0,0,0,5,9,6,5,3
5307,worship,105307,8,False,0,5,12,13,0,0,0,0,13,24,0,0,0,5,6,6,5,3
5308,worship,105308,10,False,0,5,18,18,0,0,0,0,13,32,0,0,0,5,8,6,5,3
5309,worship,105309,25,False,0,5,23,32,0,0,0,0,30,71,0,0,0,5,27,26,5,13
5310,worship,105310,17,False,0,5,20,23,0,0,0,0,25,57,0,0,0,5,21,12,5,6
5311,worship,105311,13,False,0,5,14,19,0,0,0,0,15,36,0,0,0,5,15,6,5,3
5312,worship,105312,15,False,0,5,2,9,0,0,0,0,13,21,0,0,0,5,14,10,5,5
5313,worship,105313,11,False,0,5,7,11,0,0,0,0,15,26,0,0,0,5,13,8,5,4
5314,worship,105314,17,False,0,5,19,19,0,0,0,0,27,57,0,0,0,5,20,20,5,10
5315,worship,105315,6,False,0,5,13,13,0,0,0,0,10,21,0,0,0,5,2,2,5,1
5316,worship,105316,11,False,0,5,20,20,0,0,0,0,20,42,0,0,0,5,10,4,5,2
5317,worship,105317,9,False,0,5,13,15,0,0,0,0,13,26,0,0,0,5,8,2,5,1
5318,worship,105318,20,False,0,5,20,23,0,0,0,0,25,55,0,0,0,5,19,18,5,9
5319,worship,105319,17,False,0,5,29,29,0,0,0,0,34,78,0,0,0,5,22,18,5,9
5320,worship,105320,13,False,0,5,18,19,0,0,0,0,22,44,0,0,0,5,11,10,5,5
5321,worship,105321,8,False,0,5,12,15,0,0,0,0,8,18,0,0,0,5,5,4,5,2
5322,worship,105322,5,False,0,5,12,15,0,0,0,0,9,20,0,0,0,5,3,2,5,1
5323,worship,105323,9,False,0,5,10,12,0,0,0,0,11,26,0,0,0,5,7,4,5,2
5324,worship,105324,8,False,0,5,15,15,0,0,0,0,14,30,0,0,0,5,5,2,5,1
5325,worship,105325,8,False,0,5,14,14,0,0,0,0,16,29,0,0,0,5,6,6,5,3
5326,worship,105326,6,False,0,5,14,15,0,0,0,0,9,20,0,0,0,5,4,4,5,2
5327,worship,105327,12,False,0,5,9,12,0,0,0,0,14,25,0,0,0,5,10,6,5,3
5328,worship,105328,7,False,0,5,6,11,0,0,0,0,7,15,0,0,0,5,3,2,5,1
5329,worship,105329,12,False,0,5,2,13,0,0,0,0,6,12,0,0,0,5,9,4,5,2
5330,worship,105330,9,False,0,5,11,11,0,0,0,0,16,30,0,0,0,5,7,6,5,3
5331,worship,105331,9,False,0,5,8,11,0,0,0,0,10,20,0,0,0,5,6,6,5,3
5332,worship,105332,10,False,0,5,16,16,0,0,0,0,15,33,0,0,0,5,9,6,5,3
5333,worship,105333,11,False,0,5,4,9,0,0,0,0,12,21,0,0,0,5,11,4,5,2
5334,worship,105334,7,False,0,5,12,12,0,0,0,0,13,25,0,0,0,5,4,4,5,2
5335,worship,105335,8,False,0,5,6,9,0,0,0,0,15,24,0,0,0,5,7,6,5,3
5336,worship,105336,5,False,0,5,7,7,0,0,0,0,7,12,0,0,0,5,2,2,5,1
5337,worship,105337,7,False,0,5,17,17,0,0,0,0,12,26,0,0,0,5,4,4,5,2
5338,worship,105338,13,False,0,5,22,22,0,0,0,0,21,46,0,0,0,5,12,12,5,6
5339,worship,105339,10,False,0,5,15,17,0,0,0,0,16,34,0,0,0,5,10,6,5,3
5340,worship,105340,11,False,0,5,17,18,0,0,0,0,17,37,0,0,0,5,10,6,5,3
5341,worship,105341,8,False,0,5,8,10,0,0,0,0,14,23,0,0,0,5,5,4,5,2
5342,worship,105342,6,False,0,5,7,9,0,0,0,0,8,16,0,0,0,5,2,0,5,0
5343,worship,105343,6,False,0,5,6,9,0,0,0,0,7,11,0,0,0,5,2,2,5,1
5344,worship,105344,18,False,0,5,16,17,0,0,0,0,24,49,0,0,0,5,19,18,5,9
5345,worship,105345,6,False,0,5,0,7,0,0,0,0,6,8,0,0,0,4,4,2,4,1
5346,worship,105346,7,False,0,5,8,9,0,0,0,0,8,13,0,0,0,5,4,2,5,1
5347,worship,105347,16,False,0,5,0,8,0,0,0,0,16,28,0,0,0,4,20,18,4,9
5348,worship,105348,9,False,0,5,11,11,0,0,0,0,15,27,0,0,0,5,8,8,5,4
5349,worship,105349,7,False,0,5,3,8,0,0,0,0,8,14,0,0,0,5,4,2,5,1
5350,worship,105350,9,False,0,5,12,13,0,0,0,0,13,24,0,0,0,5,6,4,5,2
5351,worship,105351,7,False,0,5,14,15,0,0,0,0,11,22,0,0,0,5,4,4,5,2
5352,worship,105352,10,False,0,5,17,18,0,0,0,0,17,36,0,0,0,5,9,8,5,4
5353,worship,105353,13,False,0,5,19,19,0,0,0,0,19,45,0,0,0,5,11,8,5,4
5354,worship,105354,11,False,0,5,26,26,0,0,0,0,21,48,0,0,0,5,8,6,5,3
5355,worship,105355,5,False,0,5,10,10,0,0,0,0,8,13,0,0,0,5,2,2,5,1
5356,worship,105356,12,False,0,5,15,15,0,0,0,0,21,41,0,0,0,5,13,10,5,5
5357,worship,105357,11,False,0,5,8,10,0,0,0,0,16,31,0,0,0,5,12,10,5,5
5358,worship,105358,11,False,0,5,20,21,0,0,0,0,17,40,0,0,0,5,11,8,5,4
5359,worship,105359,13,False,0,5,7,10,0,0,0,0,17,31,0,0,0,5,13,8,5,4
5360,worship,105360,17,False,0,5,19,24,0,0,0,0,22,52,0,0,0,5,22,14,5,7
5361,worship,105361,10,False,0,5,20,20,0,0,0,0,17,37,0,0,0,5,7,6,5,3
5362,worship,105362,8,False,0,5,11,12,0,0,0,0,10,19,0,0,0,5,5,2,5,1
5363,worship,105363,5,False,0,5,14,15,0,0,0,0,6,14,0,0,0,5,1,0,5,0
5364,worship,105364,8,False,0,5,16,16,0,0,0,0,17,33,0,0,0,5,7,4,5,2
5365,worship,105365,17,False,0,5,23,24,0,0,0,0,30,61,0,0,0,5,18,14,5,7
5366,worship,105366,7,False,0,5,0,8,0,0,0,0,6,10,0,0,0,4,4,2,4,1
5367,worship,105367,15,False,0,5,19,19,0,0,0,0,18,42,0,0,0,5,16,6,5,3
5368,worship,105368,11,False,0,5,13,14,0,0,0,0,19,37,0,0,0,5,13,8,5,4
5369,worship,105369,7,False,0,5,11,11,0,0,0,0,10,19,0,0,0,5,5,4,5,2
5370,worship,105370,13,False,0,5,22,24,0,0,0,0,18,42,0,0,0,5,12,4,5,2
5371,worship,105371,5,False,0,5,15,15,0,0,0,0,7,17,0,0,0,5,2,2,5,1
5372,worship,105372,10,False,0,5,19,19,0,0,0,0,19,40,0,0,0,5,10,2,5,1
5373,worship,105373,17,False,0,5,21,21,0,0,0,0,25,55,0,0,0,5,21,14,5,7
5374,worship,105374,25,False,0,5,0,15,0,0,0,0,18,35,0,0,0,4,29,26,4,13
5375,worship,105375,8,False,0,5,14,14,0,0,0,0,15,29,0,0,0,5,7,6,5,3
5376,worship,105376,12,False,0,5,10,11,0,0,0,0,17,36,0,0,0,5,11,10,5,5
5377,worship,105377,8,False,0,5,11,15,0,0,0,0,11,24,0,0,0,5,6,4,5,2
5378,worship,105378,12,False,0,5,3,8,0,0,0,0,10,18,0,0,0,5,11,4,5,2
5379,worship,105379,11,False,0,5,12,13,0,0,0,0,16,34,0,0,0,5,11,8,5,4
5380,worship,105380,9,False,0,5,14,16,0,0,0,0,11,24,0,0,0,5,6,4,5,2
5381,worship,105381,5,False,0,5,12,12,0,0,0,0,8,14,0,0,0,5,1,0,5,0
5382,worship,105382,6,False,0,5,4,7,0,0,0,0,11,18,0,0,0,5,4,4,5,2
5383,worship,105383,17,False,0,5,27,27,0,0,0,0,32,68,0,0,0,5,18,18,5,9
5384,worship,105384,12,False,0,5,14,16,0,0,0,0,19,40,0,0,0,5,12,10,5,5
5385,worship,105385,8,False,0,5,9,10,0,0,0,0,11,18,0,0,0,5,5,4,5,2
5386,worship,105386,11,False,0,5,10,15,0,0,0,0,8,19,0,0,0,5,9,6,5,3
5387,worship,105387,11,False,0,5,23,23,0,0,0,0,23,52,0,0,0,5,13,10,5,5
5388,worship,105388,15,False,0,5,20,20,0,0,0,0,27,57,0,0,0,5,19,16,5,8
5389,worship,105389,13,False,0,5,8,14,0,0,0,0,16,30,0,0,0,5,12,10,5,5
5390,worship,105390,13,False,0,5,6,12,0,0,0,0,13,26,0,0,0,5,14,10,5,5
5391,worship,105391,12,False,0,5,16,18,0,0,0,0,18,36,0,0,0,5,10,8,5,4
5392,worship,105392,10,False,0,5,13,16,0,0,0,0,15,31,0,0,0,5,7,6,5,3
5393,worship,105393,16,False,0,5,18,18,0,0,0,0,23,50,0,0,0,5,20,12,5,6
5394,worship,105394,6,False,0,5,14,14,0,0,0,0,10,22,0,0,0,5,5,4,5,2
5395,worship,105395,5,False,0,5,12,12,0,0,0,0,8,15,0,0,0,5,2,2,5,1
5396,worship,105396,12,False,0,5,14,14,0,0,0,0,19,38,0,0,0,5,13,10,5,5
5397,worship,105397,19,False,0,5,19,21,0,0,0,0,24,54,0,0,0,5,19,16,5,8
5398,worship,105398,7,False,0,5,10,12,0,0,0,0,9,19,0,0,0,5,4,4,5,2
5399,worship,105399,15,False,0,5,6,12,0,0,0,0,17,35,0,0,0,5,16,8,5,4
5400,worship,105400,7,False,0,5,11,13,0,0,0,0,8,16,0,0,0,5,4,4,5,2
5401,worship,105401,8,False,0,5,12,13,0,0,0,0,11,23,0,0,0,5,7,6,5,3
5402,worship,105402,6,False,0,5,8,8,0,0,0,0,9,17,0,0,0,5,4,4,5,2
5403,worship,105403,14,False,0,5,12,18,0,0,0,0,15,32,0,0,0,5,16,8,5,4
5404,worship,105404,11,False,0,5,0,12,0,0,0,0,9,16,0,0,0,4,10,6,4,3
5405,worship,105405,15,False,0,5,17,21,0,0,0,0,20,44,0,0,0,5,15,12,5,6
5406,worship,105406,5,False,0,5,4,9,0,0,0,0,8,14,0,0,0,5,3,2,5,1
5407,worship,105407,18,False,0,5,15,19,0,0,0,0,27,53,0,0,0,5,20,16,5,8
5408,worship,105408,22,False,0,5,29,32,0,0,0,0,35,80,0,0,0,5,25,24,5,12
5409,worship,105409,15,False,0,5,0,8,0,0,0,0,14,25,0,0,0,5,17,16,5,8
5410,worship,105410,9,False,0,5,17,17,0,0,0,0,16,33,0,0,0,5,7,2,5,1
5411,worship,105411,13,False,0,5,17,18,0,0,0,0,21,46,0,0,0,5,17,6,5,3
5412,worship,105412,12,False,0,5,9,14,0,0,0,0,11,21,0,0,0,5,10,8,5,4
5413,worship,105413,13,False,0,5,6,13,0,0,0,0,11,21,0,0,0,5,11,8,5,4
5414,worship,105414,6,False,0,5,11,11,0,0,0,0,9,16,0,0,0,5,3,2,5,1
5415,worship,105415,14,False,0,5,8,12,0,0,0,0,15,32,0,0,0,5,12,10,5,5
5416,worship,105416,17,False,0,5,13,13,0,0,0,0,23,48,0,0,0,5,19,18,5,9
5417,worship,105417,20,False,0,5,10,19,0,0,0,0,23,44,0,0,0,5,19,18,5,9
5418,worship,105418,10,False,0,5,4,7,0,0,0,0,12,21,0,0,0,5,10,8,5,4
5419,worship,105419,11,False,0,5,13,16,0,0,0,0,13,26,0,0,0,5,7,6,5,3
5420,worship,105420,13,False,0,5,22,22,0,0,0,0,19,45,0,0,0,5,12,8,5,4
5421,worship,105421,5,False,0,5,7,10,0,0,0,0,8,16,0,0,0,5,2,2,5,1
5422,worship,105422,20,False,0,5,4,10,0,0,0,0,21,39,0,0,0,5,23,22,5,11
5423,worship,105423,15,False,0,5,20,20,0,0,0,0,24,52,0,0,0,5,16,8,5,4
5424,worship,105424,11,False,0,5,4,8,0,0,0,0,13,20,0,0,0,5,10,10,5,5
5425,worship,105425,8,False,0,5,14,15,0,0,0,0,12,27,0,0,0,5,5,4,5,2
5426,worship,105426,7,False,0,5,5,8,0,0,0,0,11,20,0,0,0,5,5,4,5,2
5427,worship,105427,9,False,0,5,10,13,0,0,0,0,8,16,0,0,0,5,5,4,5,2
5428,worship,105428,12,False,0,5,15,17,0,0,0,0,18,34,0,0,0,5,9,4,5,2
5429,worship,105429,5,False,0,5,9,13,0,0,0,0,6,12,0,0,0,5,1,0,5,0
5430,worship,105430,17,False,0,5,17,17,0,0,0,0,31,65,0,0,0,5,19,18,5,9
5431,worship,105431,17,False,0,5,26,27,0,0,0,0,33,71,0,0,0,5,20,20,5,10
5432,worship,105432,10,False,0,5,8,10,0,0,0,0,13,23,0,0,0,5,10,10,5,5
5433,worship,105433,15,False,0,5,15,17,0,0,0,0,26,51,0,0,0,5,15,14,5,7
5434,worship,105434,17,False,0,5,6,12,0,0,0,0,16,34,0,0,0,5,16,14,5,7
5435,worship,105435,14,False,0,5,15,19,0,0,0,0,16,36,0,0,0,5,15,8,5,4
5436,worship,105436,14,False,0,5,19,20,0,0,0,0,26,56,0,0,0,5,21,16,5,8
5437,worship,105437,18,False,0,5,21,23,0,0,0,0,26,58,0,0,0,5,19,18,5,9
5438,worship,105438,9,False,0,5,5,9,0,0,0,0,7,11,0,0,0,5,6,6,5,3
5439,worship,105439,7,False,0,5,3,12,0,0,0,0,6,12,0,0,0,5,4,2,5,1
5440,worship,105440,8,False,0,5,6,12,0,0,0,0,10,20,0,0,0,5,5,4,5,2
5441,worship,105441,12,False,0,5,17,18,0,0,0,0,20,42,0,0,0,5,13,8,5,4
5442,worship,105442,18,False,0,5,18,19,0,0,0,0,23,48,0,0,0,5,15,14,5,7
5443,worship,105443,10,False,0,5,12,14,0,0,0,0,16,30,0,0,0,5,9,8,5,4
5444,worship,105444,14,False,0,5,14,16,0,0,0,0,20,44,0,0,0,5,15,14,5,7
5445,worship,105445,8,False,0,5,14,14,0,0,0,0,12,24,0,0,0,5,5,4,5,2
5446,worship,105446,9,False,0,5,11,14,0,0,0,0,9,19,0,0,0,5,6,4,5,2
5447,worship,105447,13,False,0,5,7,10,0,0,0,0,17,34,0,0,0,5,11,10,5,5
5448,worship,105448,5,False,0,5,0,7,0,0,0,0,8,12,0,0,0,5,2,2,5,1
5449,worship,105449,6,False,0,5,12,13,0,0,0,0,8,16,0,0,0,5,3,2,5,1
5450,worship,105450,16,False,0,5,5,12,0,0,0,0,20,37,0,0,0,5,14,12,5,6
5451,worship,105451,6,False,0,5,16,16,0,0,0,0,11,24,0,0,0,5,4,4,5,2
5452,worship,105452,15,False,0,5,16,19,0,0,0,0,23,50,0,0,0,5,18,10,5,5
5453,worship,105453,7,False,0,5,12,12,0,0,0,0,11,20,0,0,0,5,4,2,5,1
5454,worship,105454,8,False,0,5,11,11,0,0,0,0,14,28,0,0,0,5,7,2,5,1
5455,worship,105455,6,False,0,5,14,14,0,0,0,0,9,20,0,0,0,5,4,2,5,1
5456,worship,105456,13,False,0,5,29,30,0,0,0,0,24,56,0,0,0,5,10,10,5,5
5457,worship,105457,7,False,0,5,9,9,0,0,0,0,13,20,0,0,0,5,5,4,5,2
5458,worship,105458,8,False,0,5,11,11,0,0,0,0,11,20,0,0,0,5,5,4,5,2
5459,worship,105459,10,False,0,5,11,13,0,0,0,0,15,27,0,0,0,5,8,6,5,3
5460,worship,105460,6,False,0,5,8,9,0,0,0,0,8,16,0,0,0,5,4,2,5,1
5461,worship,105461,9,False,0,5,7,12,0,0,0,0,13,23,0,0,0,5,7,4,5,2
5462,worship,105462,11,False,0,5,7,10,0,0,0,0,14,24,0,0,0,5,12,4,5,2
5463,worship,105463,9,False,0,5,9,11,0,0,0,0,16,25,0,0,0,5,7,6,5,3
5464,worship,105464,7,False,0,5,16,17,0,0,0,0,11,25,0,0,0,5,5,4,5,2
5465,worship,105465,17,False,0,5,19,22,0,0,0,0,25,55,0,0,0,5,23,16,5,8
5466,worship,105466,9,False,0,5,11,14,0,0,0,0,10,20,0,0,0,5,6,4,5,2
5467,worship,105467,22,False,0,5,2,14,0,0,0,0,19,35,0,0,0,5,22,22,5,11
5468,worship,105468,13,False,0,5,16,17,0,0,0,0,19,40,0,0,0,5,14,6,5,3
5469,worship,105469,12,False,0,5,14,16,0,0,0,0,17,39,0,0,0,5,14,6,5,3
5470,worship,105470,8,False,0,5,11,12,0,0,0,0,9,17,0,0,0,5,4,4,5,2
5471,worship,105471,12,False,0,5,8,9,0,0,0,0,19,32,0,0,0,5,12,10,5,5
5472,worship,105472,18,False,0,5,19,22,0,0,0,0,30,62,0,0,0,5,22,22,5,11
5473,worship,105473,11,False,0,5,18,18,0,0,0,0,20,40,0,0,0,5,10,6,5,3
5474,worship,105474,9,False,0,5,12,14,0,0,0,0,12,25,0,0,0,5,5,4,5,2
5475,worship,105475,15,False,0,5,5,13,0,0,0,0,12,23,0,0,0,5,15,12,5,6
5476,worship,105476,7,False,0,5,6,10,0,0,0,0,14,25,0,0,0,5,6,6,5,3
5477,worship,105477,11,False,0,5,5,8,0,0,0,0,14,21,0,0,0,5,11,8,5,4
5478,worship,105478,25,False,0,5,28,30,0,0,0,0,40,87,0,0,0,5,30,26,5,13
5479,worship,105479,17,False,0,5,12,17,0,0,0,0,21,45,0,0,0,5,23,12,5,6
5480,worship,105480,17,False,0,5,0,11,0,0,0,0,9,16,0,0,0,5,18,12,5,6
5481,worship,105481,8,False,0,5,22,22,0,0,0,0,15,35,0,0,0,5,5,4,5,2
5482,worship,105482,12,False,0,5,5,10,0,0,0,0,11,21,0,0,0,5,10,6,5,3
5483,worship,105483,10,False,0,5,19,20,0,0,0,0,17,37,0,0,0,5,8,8,5,4
5484,worship,105484,14,False,0,5,24,24,0,0,0,0,26,56,0,0,0,5,13,8,5,4
5485,worship,105485,12,False,0,5,10,11,0,0,0,0,16,32,0,0,0,5,13,6,5,3
5486,worship,105486,14,False,0,5,24,24,0,0,0,0,30,64,0,0,0,5,18,10,5,5
5487,worship,105487,14,False,0,5,0,11,0,0,0,0,10,20,0,0,0,4,13,10,4,5
5488,worship,105488,13,False,0,5,22,22,0,0,0,0,24,52,0,0,0,5,13,12,5,6
5489,worship,105489,8,False,0,5,18,18,0,0,0,0,15,31,0,0,0,5,5,4,5,2
5490,worship,105490,18,False,0,5,17,17,0,0,0,0,25,52,0,0,0,5,22,14,5,7
5491,worship,105491,15,False,0,5,8,13,0,0,0,0,21,37,0,0,0,5,17,14,5,7
5492,worship,105492,18,False,0,5,17,20,0,0,0,0,24,51,0,0,0,5,20,20,5,10
5493,worship,105493,5,False,0,5,7,8,0,0,0,0,6,8,0,0,0,5,2,0,5,0
5494,worship,105494,10,False,0,5,1,7,0,0,0,0,8,13,0,0,0,5,8,6,5,3
5495,worship,105495,12,False,0,5,8,10,0,0,0,0,14,25,0,0,0,5,12,8,5,4
5496,worship,105496,12,False,0,5,11,14,0,0,0,0,17,34,0,0,0,5,10,10,5,5
5497,worship,105497,13,False,0,5,16,16,0,0,0,0,24,49,0,0,0,5,18,12,5,6
5498,worship,105498,7,False,0,5,11,11,0,0,0,0,12,21,0,0,0,5,5,4,5,2
5499,worship,105499,19,False,0,5,28,29,0,0,0,0,33,73,0,0,0,5,22,22,5,11
5500,worship,105500,10,False,0,5,13,15,0,0,0,0,12,26,0,0,0,5,8,6,5,3
5501,worship,105501,11,False,0,5,15,15,0,0,0,0,16,33,0,0,0,5,11,2,5,1
5502,worship,105502,9,False,0,5,12,13,0,0,0,0,16,30,0,0,0,5,9,6,5,3
5503,worship,105503,12,False,0,5,8,12,0,0,0,0,14,26,0,0,0,5,13,10,5,5
5504,worship,105504,7,False,0,5,11,15,0,0,0,0,9,19,0,0,0,5,3,2,5,1
5505,worship,105505,11,False,0,5,7,10,0,0,0,0,14,27,0,0,0,5,11,6,5,3
5506,worship,105506,14,False,0,5,12,17,0,0,0,0,17,34,0,0,0,5,14,12,5,6
5507,worship,105507,17,False,0,5,6,15,0,0,0,0,12,25,0,0,0,5,16,10,5,5
5508,worship,105508,5,False,0,5,12,13,0,0,0,0,6,13,0,0,0,5,2,0,5,0
5509,worship,105509,8,False,0,5,12,12,0,0,0,0,13,23,0,0,0,5,5,4,5,2
5510,worship,105510,16,False,0,5,18,18,0,0,0,0,25,53,0,0,0,5,17,14,5,7
5511,worship,105511,9,False,0,5,17,18,0,0,0,0,13,31,0,0,0,5,8,6,5,3
5512,worship,105512,15,False,0,5,16,16,0,0,0,0,25,49,0,0,0,5,19,10,5,5
5513,worship,105513,11,False,0,5,13,15,0,0,0,0,16,35,0,0,0,5,9,4,5,2
5514,worship,105514,20,False,0,5,17,21,0,0,0,0,25,54,0,0,0,5,22,20,5,10
5515,worship,105515,9,False,0,5,12,12,0,0,0,0,13,25,0,0,0,5,7,6,5,3
5516,worship,105516,7,False,0,5,11,15,0,0,0,0,13,28,0,0,0,5,5,4,5,2
5517,worship,105517,11,False,0,5,16,16,0,0,0,0,17,38,0,0,0,5,10,8,5,4
5518,worship,105518,13,False,0,5,10,12,0,0,0,0,19,33,0,0,0,5,11,10,5,5
5519,worship,105519,10,False,0,5,15,17,0,0,0,0,11,25,0,0,0,5,6,6,5,3
5520,worship,105520,9,False,0,5,8,10,0,0,0,0,14,23,0,0,0,5,9,8,5,4
5521,worship,105521,9,False,0,5,12,14,0,0,0,0,15,30,0,0,0,5,8,4,5,2
5522,worship,105522,13,False,0,5,16,18,0,0,0,0,20,42,0,0,0,5,16,8,5,4
5523,worship,105523,9,False,0,5,9,12,0,0,0,0,10,22,0,0,0,5,8,4,5,2
5524,worship,105524,19,False,0,5,8,16,0,0,0,0,18,38,0,0,0,5,18,14,5,7
5525,worship,105525,12,False,0,5,12,16,0,0,0,0,14,29,0,0,0,5,11,8,5,4
5526,worship,105526,5,False,0,5,10,11,0,0,0,0,6,10,0,0,0,5,1,0,5,0
5527,worship,105527,8,False,0,5,15,15,0,0,0,0,12,26,0,0,0,5,6,6,5,3
5528,worship,105528,7,False,0,5,8,13,0,0,0,0,11,23,0,0,0,5,5,4,5,2
5529,worship,105529,16,False,0,5,9,15,0,0,0,0,18,33,0,0,0,5,17,12,5,6
5530,worship,105530,7,False,0,5,12,14,0,0,0,0,8,17,0,0,0,5,4,4,5,2
5531,worship,105531,11,False,0,5,10,11,0,0,0,0,16,34,0,0,0,5,13,12,5,6
5532,worship,105532,13,False,0,5,15,15,0,0,0,0,19,43,0,0,0,5,13,4,5,2
5533,worship,105533,17,False,0,5,26,27,0,0,0,0,30,65,0,0,0,5,15,14,5,7
5534,worship,105534,13,False,0,5,12,15,0,0,0,0,18,35,0,0,0,5,13,10,5,5
5535,worship,105535,12,False,0,5,15,15,0,0,0,0,18,41,0,0,0,5,12,10,5,5
5536,worship,105536,16,False,0,5,18,21,0,0,0,0,24,50,0,0,0,5,17,12,5,6
5537,worship,105537,10,False,0,5,13,16,0,0,0,0,14,29,0,0,0,5,11,8,5,4
5538,worship,105538,16,False,0,5,16,16,0,0,0,0,24,52,0,0,0,5,17,16,5,8
5539,worship,105539,8,False,0,5,9,9,0,0,0,0,12,19,0,0,0,5,5,4,5,2
5540,worship,105540,19,False,0,5,30,30,0,0,0,0,36,79,0,0,0,5,19,18,5,9
5541,worship,105541,4,False,0,5,7,10,0,0,0,0,6,9,0,0,0,5,0,0,5,0
5542,worship,105542,12,False,0,5,9,14,0,0,0,0,11,25,0,0,0,5,11,4,5,2
5543,worship,105543,23,False,0,5,16,22,0,0,0,0,34,65,0,0,0,5,24,24,5,12
5544,worship,105544,13,False,0,5,9,12,0,0,0,0,18,35,0,0,0,5,10,8,5,4
5545,worship,105545,11,False,0,5,10,13,0,0,0,0,13,25,0,0,0,5,11,6,5,3
5546,worship,105546,8,False,0,5,17,17,0,0,0,0,15,30,0,0,0,5,5,4,5,2
5547,worship,105547,10,False,0,5,14,16,0,0,0,0,16,29,0,0,0,5,6,6,5,3
5548,worship,105548,13,False,0,5,8,12,0,0,0,0,16,33,0,0,0,5,12,6,5,3
5549,worship,105549,10,False,0,5,8,11,0,0,0,0,13,24,0,0,0,5,11,6,5,3
5550,worship,105550,7,False,0,5,9,17,0,0,0,0,9,22,0,0,0,5,5,4,5,2
5551,worship,105551,6,False,0,5,13,13,0,0,0,0,10,21,0,0,0,5,5,2,5,1
5552,worship,105552,6,False,0,5,9,10,0,0,0,0,9,17,0,0,0,5,3,2,5,1
5553,worship,105553,5,False,0,5,8,12,0,0,0,0,6,12,0,0,0,5,2,0,5,0
5554,worship,105554,17,False,0,5,15,19,0,0,0,0,23,49,0,0,0,5,18,18,5,9
5555,worship,105555,8,False,0,5,14,18,0,0,0,0,12,29,0,0,0,5,7,6,5,3
5556,worship,105556,23,False,0,5,0,13,0,0,0,0,16,32,0,0,0,5,23,22,5,11
5557,worship,105557,11,False,0,5,8,12,0,0,0,0,11,21,0,0,0,5,10,6,5,3
5558,worship,105558,17,False,0,5,29,30,0,0,0,0,29,68,0,0,0,5,18,18,5,9
5559,worship,105559,14,False,0,5,10,13,0,0,0,0,15,32,0,0,0,5,12,8,5,4
5560,worship,105560,10,False,0,5,10,12,0,0,0,0,13,24,0,0,0,5,8,8,5,4
5561,worship,105561,8,False,0,5,6,11,0,0,0,0,8,15,0,0,0,5,5,4,5,2
5562,worship,105562,22,False,0,5,26,26,0,0,0,0,35,78,0,0,0,5,26,26,5,13
5563,worship,105563,16,False,0,5,11,17,0,0,0,0,15,32,0,0,0,5,15,14,5,7
5564,worship,105564,9,False,0,5,12,13,0,0,0,0,14,27,0,0,0,5,8,8,5,4
5565,worship,105565,12,False,0,5,11,12,0,0,0,0,16,30,0,0,0,5,11,10,5,5
5566,worship,105566,7,False,0,5,15,15,0,0,0,0,12,23,0,0,0,5,3,2,5,1
5567,worship,105567,6,False,0,5,10,11,0,0,0,0,8,17,0,0,0,5,3,2,5,1
5568,worship,105568,6,False,0,5,9,10,0,0,0,0,8,15,0,0,0,5,2,2,5,1
5569,worship,105569,13,False,0,5,17,18,0,0,0,0,18,38,0,0,0,5,11,10,5,5
5570,worship,105570,22,False,0,5,18,26,0,0,0,0,30,65,0,0,0,5,27,26,5,13
5571,worship,105571,12,False,0,5,12,12,0,0,0,0,16,34,0,0,0,5,11,8,5,4
5572,worship,105572,8,False,0,5,15,15,0,0,0,0,13,29,0,0,0,5,5,4,5,2
5573,worship,105573,13,False,0,5,19,19,0,0,0,0,18,42,0,0,0,5,13,10,5,5
5574,worship,105574,25,False,0,5,0,7,0,0,0,0,20,38,0,0,0,4,26,24,4,12
5575,worship,105575,10,False,0,5,9,11,0,0,0,0,12,25,0,0,0,5,8,8,5,4
5576,worship,105576,14,False,0,5,6,10,0,0,0,0,20,40,0,0,0,5,20,12,5,6
5577,worship,105577,9,False,0,5,14,14,0,0,0,0,13,28,0,0,0,5,5,4,5,2
5578,worship,105578,12,False,0,5,20,21,0,0,0,0,18,41,0,0,0,5,11,6,5,3
5579,worship,105579,19,False,0,5,12,18,0,0,0,0,19,41,0,0,0,5,20,18,5,9
5580,worship,105580,10,False,0,5,8,12,0,0,0,0,11,22,0,0,0,5,7,6,5,3
5581,worship,105581,8,False,0,5,10,14,0,0,0,0,6,13,0,0,0,5,4,4,5,2
5582,worship,105582,12,False,0,5,17,18,0,0,0,0,23,46,0,0,0,5,13,10,5,5
5583,worship,105583,18,False,0,5,13,19,0,0,0,0,24,49,0,0,0,5,22,16,5,8
5584,worship,105584,11,False,0,5,7,8,0,0,0,0,14,23,0,0,0,5,9,8,5,4
5585,worship,105585,10,False,0,5,9,10,0,0,0,0,13,26,0,0,0,5,8,6,5,3
5586,worship,105586,13,False,0,5,19,22,0,0,0,0,18,40,0,0,0,5,12,6,5,3
5587,worship,105587,7,False,0,5,10,10,0,0,0,0,9,16,0,0,0,5,4,4,5,2
5588,worship,105588,6,False,0,5,14,14,0,0,0,0,8,17,0,0,0,5,2,2,5,1
5589,worship,105589,10,False,0,5,9,12,0,0,0,0,11,21,0,0,0,5,9,4,5,2
5590,worship,105590,10,False,0,5,7,11,0,0,0,0,13,23,0,0,0,5,7,6,5,3
5591,worship,105591,8,False,0,5,11,14,0,0,0,0,9,19,0,0,0,5,6,4,5,2
5592,worship,105592,7,False,0,5,12,12,0,0,0,0,11,20,0,0,0,5,4,4,5,2
5593,worship,105593,8,False,0,5,12,13,0,0,0,0,13,25,0,0,0,5,7,6,5,3
5594,worship,105594,12,False,0,5,7,10,0,0,0,0,14,28,0,0,0,5,13,8,5,4
5595,worship,105595,14,False,0,5,8,11,0,0,0,0,16,32,0,0,0,5,15,10,5,5
5596,worship,105596,11,False,0,5,7,9,0,0,0,0,15,27,0,0,0,5,9,8,5,4
5597,worship,105597,9,False,0,5,14,14,0,0,0,0,14,28,0,0,0,5,7,0,5,0
5598,worship,105598,17,False,0,5,16,19,0,0,0,0,25,49,0,0,0,5,17,16,5,8
5599,worship,105599,6,False,0,5,6,11,0,0,0,0,11,20,0,0,0,5,4,4,5,2
5600,worship,105600,12,False,0,5,13,14,0,0,0,0,19,36,0,0,0,5,13,10,5,5
5601,worship,105601,14,False,0,5,14,14,0,0,0,0,33,60,0,0,0,5,23,8,5,4
5602,worship,105602,17,False,0,5,15,21,0,0,0,0,20,43,0,0,0,5,16,16,5,8
5603,worship,105603,11,False,0,5,15,16,0,0,0,0,16,32,0,0,0,5,10,6,5,3
5604,worship,105604,7,False,0,5,16,16,0,0,0,0,13,28,0,0,0,5,6,4,5,2
5605,worship,105605,11,False,0,5,12,12,0,0,0,0,20,38,0,0,0,5,11,8,5,4
5606,worship,105606,16,False,0,5,7,14,0,0,0,0,16,31,0,0,0,5,18,14,5,7
5607,worship,105607,23,False,0,5,31,32,0,0,0,0,42,90,0,0,0,5,27,26,5,13
5608,worship,105608,9,False,0,5,15,17,0,0,0,0,14,33,0,0,0,5,8,8,5,4
5609,worship,105609,12,False,0,5,13,14,0,0,0,0,19,41,0,0,0,5,12,6,5,3
5610,worship,105610,17,False,0,5,20,24,0,0,0,0,24,52,0,0,0,5,17,16,5,8
5611,worship,105611,10,False,0,5,16,18,0,0,0,0,14,29,0,0,0,5,8,4,5,2
5612,worship,105612,11,False,0,5,14,14,0,0,0,0,21,39,0,0,0,5,11,10,5,5
5613,worship,105613,8,False,0,5,14,14,0,0,0,0,11,23,0,0,0,5,5,4,5,2
5614,worship,105614,9,False,0,5,13,15,0,0,0,0,13,27,0,0,0,5,9,4,5,2
5615,worship,105615,15,False,0,5,18,19,0,0,0,0,24,50,0,0,0,5,18,12,5,6
5616,worship,105616,15,False,0,5,4,9,0,0,0,0,14,25,0,0,0,5,14,14,5,7
5617,worship,105617,7,False,0,5,10,11,0,0,0,0,8,15,0,0,0,5,4,4,5,2
5618,worship,105618,6,False,0,5,9,11,0,0,0,0,8,16,0,0,0,5,3,2,5,1
5619,worship,105619,8,False,0,5,11,11,0,0,0,0,14,25,0,0,0,5,7,6,5,3
5620,worship,105620,7,False,0,5,15,15,0,0,0,0,14,28,0,0,0,5,6,6,5,3
5621,worship,105621,18,False,0,5,19,22,0,0,0,0,20,47,0,0,0,5,17,14,5,7
5622,worship,105622,18,False,0,5,4,12,0,0,0,0,14,29,0,0,0,5,18,16,5,8
5623,worship,105623,13,False,0,5,11,15,0,0,0,0,19,35,0,0,0,5,14,10,5,5
5624,worship,105624,11,False,0,5,14,14,0,0,0,0,16,31,0,0,0,5,8,8,5,4
5625,worship,105625,13,False,0,5,9,12,0,0,0,0,14,29,0,0,0,5,12,6,5,3
5626,worship,105626,12,False,0,5,12,13,0,0,0,0,15,32,0,0,0,5,9,8,5,4
5627,worship,105627,15,False,0,5,3,9,0,0,0,0,12,22,0,0,0,5,11,10,5,5
5628,worship,105628,9,False,0,5,6,10,0,0,0,0,12,26,0,0,0,5,6,4,5,2
5629,worship,105629,19,False,0,5,8,19,0,0,0,0,15,35,0,0,0,5,20,16,5,8
5630,worship,105630,12,False,0,5,23,23,0,0,0,0,22,54,0,0,0,5,14,8,5,4
5631,worship,105631,12,False,0,5,21,21,0,0,0,0,21,47,0,0,0,5,13,8,5,4
5632,worship,105632,12,False,0,5,14,15,0,0,0,0,14,31,0,0,0,5,10,10,5,5
5633,worship,105633,18,False,0,5,16,22,0,0,0,0,19,44,0,0,0,5,19,18,5,9
5634,worship,105634,13,False,0,5,24,25,0,0,0,0,26,56,0,0,0,5,14,6,5,3
5635,worship,105635,8,False,0,5,7,11,0,0,0,0,11,24,0,0,0,5,4,4,5,2
5636,worship,105636,22,False,0,5,7,11,0,0,0,0,24,51,0,0,0,5,25,24,5,12
5637,worship,105637,10,False,0,5,18,18,0,0,0,0,21,43,0,0,0,5,12,8,5,4
5638,worship,105638,8,False,0,5,11,13,0,0,0,0,10,19,0,0,0,5,5,2,5,1
5639,worship,105639,7,False,0,5,12,12,0,0,0,0,12,26,0,0,0,5,6,4,5,2
5640,worship,105640,9,False,0,5,7,8,0,0,0,0,13,25,0,0,0,5,9,8,5,4
5641,worship,105641,11,False,0,5,9,16,0,0,0,0,10,23,0,0,0,5,9,6,5,3
5642,worship,105642,11,False,0,5,2,11,0,0,0,0,7,12,0,0,0,5,8,4,5,2
5643,worship,105643,4,False,0,5,11,11,0,0,0,0,6,10,0,0,0,5,0,0,5,0
5644,worship,105644,9,False,0,5,12,12,0,0,0,0,13,27,0,0,0,5,6,4,5,2
5645,worship,105645,17,False,0,5,5,12,0,0,0,0,16,29,0,0,0,5,16,16,5,8
5646,worship,105646,11,False,0,5,10,11,0,0,0,0,16,31,0,0,0,5,9,6,5,3
5647,worship,105647,6,False,0,5,12,12,0,0,0,0,8,16,0,0,0,5,3,2,5,1
5648,worship,105648,10,False,0,5,17,18,0,0,0,0,15,33,0,0,0,5,9,6,5,3
5649,worship,105649,9,False,0,5,19,19,0,0,0,0,16,36,0,0,0,5,8,8,5,4
5650,worship,105650,12,False,0,5,17,19,0,0,0,0,18,38,0,0,0,5,10,6,5,3
5651,worship,105651,14,False,0,5,7,12,0,0,0,0,15,30,0,0,0,5,16,8,5,4
5652,worship,105652,26,False,0,5,35,36,0,0,0,0,46,98,0,0,0,5,30,30,5,15
5653,worship,105653,11,False,0,5,9,12,0,0,0,0,16,29,0,0,0,5,13,6,5,3
5654,worship,105654,10,False,0,5,12,12,0,0,0,0,18,34,0,0,0,5,11,10,5,5
5655,worship,105655,15,False,0,5,14,15,0,0,0,0,25,49,0,0,0,5,18,18,5,9
5656,worship,105656,8,False,0,5,15,17,0,0,0,0,12,27,0,0,0,5,7,6,5,3
5657,worship,105657,14,False,0,5,11,14,0,0,0,0,18,36,0,0,0,5,16,6,5,3
5658,worship,105658,11,False,0,5,17,17,0,0,0,0,18,41,0,0,0,5,8,4,5,2
5659,worship,105659,9,False,0,5,11,13,0,0,0,0,10,23,0,0,0,5,6,6,5,3
5660,worship,105660,12,False,0,5,15,16,0,0,0,0,15,35,0,0,0,5,9,4,5,2
5661,worship,105661,8,False,0,5,10,11,0,0,0,0,17,31,0,0,0,5,8,8,5,4
5662,worship,105662,7,False,0,5,13,15,0,0,0,0,13,27,0,0,0,5,5,4,5,2
5663,worship,105663,10,False,0,5,8,11,0,0,0,0,10,18,0,0,0,5,7,6,5,3
5664,worship,105664,9,False,0,5,11,12,0,0,0,0,12,24,0,0,0,5,8,6,5,3
5665,worship,105665,6,False,0,5,13,13,0,0,0,0,8,16,0,0,0,5,2,2,5,1
5666,worship,105666,18,False,0,5,10,15,0,0,0,0,16,35,0,0,0,5,17,16,5,8
5667,worship,105667,7,False,0,5,12,12,0,0,0,0,10,20,0,0,0,5,5,2,5,1
5668,worship,105668,9,False,0,5,11,11,0,0,0,0,20,33,0,0,0,5,9,8,5,4
5669,worship,105669,20,False,0,5,6,9,0,0,0,0,21,41,0,0,0,5,21,20,5,10
5670,worship,105670,10,False,0,5,11,14,0,0,0,0,12,22,0,0,0,5,7,2,5,1
5671,worship,105671,5,False,0,5,10,12,0,0,0,0,8,16,0,0,0,5,2,2,5,1
5672,worship,105672,10,False,0,5,11,14,0,0,0,0,10,21,0,0,0,5,8,4,5,2
5673,worship,105673,10,False,0,5,2,9,0,0,0,0,7,12,0,0,0,5,7,4,5,2
5674,worship,105674,7,False,0,5,11,14,0,0,0,0,13,27,0,0,0,5,7,6,5,3
5675,worship,105675,12,False,0,5,15,15,0,0,0,0,18,36,0,0,0,5,11,8,5,4
5676,worship,105676,6,False,0,5,11,12,0,0,0,0,8,14,0,0,0,5,2,0,5,0
5677,worship,105677,15,False,0,5,17,17,0,0,0,0,30,58,0,0,0,5,22,10,5,5
5678,worship,105678,12,False,0,5,11,13,0,0,0,0,22,40,0,0,0,5,15,8,5,4
5679,worship,105679,12,False,0,5,15,18,0,0,0,0,15,32,0,0,0,5,10,8,5,4
5680,worship,105680,5,False,0,5,7,8,0,0,0,0,8,12,0,0,0,5,1,0,5,0
5681,worship,105681,7,False,0,5,10,12,0,0,0,0,8,15,0,0,0,5,4,4,5,2
5682,worship,105682,12,False,0,5,21,21,0,0,0,0,22,51,0,0,0,5,9,6,5,3
5683,worship,105683,13,False,0,5,20,22,0,0,0,0,20,43,0,0,0,5,12,10,5,5
5684,worship,105684,14,False,0,5,17,17,0,0,0,0,28,55,0,0,0,5,18,14,5,7
5685,worship,105685,9,False,0,5,10,11,0,0,0,0,14,23,0,0,0,5,6,6,5,3
5686,worship,105686,13,False,0,5,10,14,0,0,0,0,16,32,0,0,0,5,13,12,5,6
5687,worship,105687,9,False,0,5,15,15,0,0,0,0,18,34,0,0,0,5,8,8,5,4
5688,worship,105688,5,False,0,5,10,10,0,0,0,0,9,18,0,0,0,5,3,2,5,1
5689,worship,105689,7,False,0,5,14,15,0,0,0,0,11,22,0,0,0,5,4,4,5,2
5690,worship,105690,9,False,0,5,13,13,0,0,0,0,12,24,0,0,0,5,6,4,5,2
5691,worship,105691,15,False,0,5,8,13,0,0,0,0,18,35,0,0,0,5,18,12,5,6
5692,worship,105692,8,False,0,5,7,7,0,0,0,0,13,23,0,0,0,5,7,6,5,3
5693,worship,105693,15,False,0,5,11,15,0,0,0,0,19,36,0,0,0,5,15,8,5,4
5694,worship,105694,11,False,0,5,9,12,0,0,0,0,13,25,0,0,0,5,10,8,5,4
5695,worship,105695,13,False,0,5,15,17,0,0,0,0,15,33,0,0,0,5,12,8,5,4
5696,worship,105696,16,False,0,5,9,11,0,0,0,0,21,45,0,0,0,5,20,16,5,8
5697,worship,105697,18,False,0,5,21,23,0,0,0,0,24,54,0,0,0,5,21,12,5,6
5698,worship,105698,6,False,0,5,11,11,0,0,0,0,11,20,0,0,0,5,5,4,5,2
5699,worship,105699,10,False,0,5,5,8,0,0,0,0,12,20,0,0,0,5,11,6,5,3
5700,worship,105700,9,False,0,5,4,11,0,0,0,0,8,14,0,0,0,5,7,4,5,2
5701,worship,105701,21,False,0,5,23,27,0,0,0,0,29,63,0,0,0,5,21,20,5,10
5702,worship,105702,11,False,0,5,22,22,0,0,0,0,20,43,0,0,0,5,9,4,5,2
5703,worship,105703,8,False,0,5,9,11,0,0,0,0,12,25,0,0,0,5,5,4,5,2
5704,worship,105704,13,False,0,5,10,10,0,0,0,0,26,43,0,0,0,5,14,12,5,6
5705,worship,105705,7,False,0,5,13,13,0,0,0,0,12,23,0,0,0,5,5,4,5,2
5706,worship,105706,8,False,0,5,17,17,0,0,0,0,15,31,0,0,0,5,6,6,5,3
5707,worship,105707,6,False,0,5,7,9,0,0,0,0,8,16,0,0,0,5,2,2,5,1
5708,worship,105708,13,False,0,5,22,23,0,0,0,0,23,49,0,0,0,5,13,8,5,4
5709,worship,105709,15,False,0,5,20,22,0,0,0,0,22,48,0,0,0,5,16,12,5,6
5710,worship,105710,10,False,0,5,10,11,0,0,0,0,14,25,0,0,0,5,8,4,5,2
5711,worship,105711,13,False,0,5,13,13,0,0,0,0,17,36,0,0,0,5,11,8,5,4
5712,worship,105712,18,False,0,5,7,14,0,0,0,0,20,37,0,0,0,5,20,20,5,10
5713,worship,105713,12,False,0,5,7,12,0,0,0,0,13,25,0,0,0,5,10,8,5,4
5714,worship,105714,16,False,0,5,22,22,0,0,0,0,25,56,0,0,0,5,14,12,5,6
5715,worship,105715,11,False,0,5,17,18,0,0,0,0,20,41,0,0,0,5,13,6,5,3
5716,worship,105716,9,False,0,5,18,19,0,0,0,0,15,33,0,0,0,5,8,8,5,4
5717,worship,105717,12,False,0,5,16,16,0,0,0,0,17,35,0,0,0,5,10,8,5,4
5718,worship,105718,12,False,0,5,16,19,0,0,0,0,16,36,0,0,0,5,12,10,5,5
5719,worship,105719,12,False,0,5,18,19,0,0,0,0,17,37,0,0,0,5,10,8,5,4
5720,worship,105720,13,False,0,5,15,17,0,0,0,0,16,34,0,0,0,5,11,10,5,5
5721,worship,105721,10,False,0,5,10,10,0,0,0,0,14,28,0,0,0,5,8,8,5,4
5722,worship,105722,8,False,0,5,10,10,0,0,0,0,11,19,0,0,0,5,5,4,5,2
5723,worship,105723,12,False,0,5,15,18,0,0,0,0,15,35,0,0,0,5,10,6,5,3
5724,worship,105724,11,False,0,5,6,10,0,0,0,0,10,21,0,0,0,5,10,8,5,4
5725,worship,105725,7,False,0,5,10,12,0,0,0,0,8,15,0,0,0,5,4,2,5,1
5726,worship,105726,11,False,0,5,2,13,0,0,0,0,8,16,0,0,0,5,7,4,5,2
5727,worship,105727,11,False,0,5,14,16,0,0,0,0,15,31,0,0,0,5,9,6,5,3
5728,worship,105728,5,False,0,5,8,9,0,0,0,0,6,12,0,0,0,5,2,2,5,1
5729,worship,105729,20,False,0,5,4,16,0,0,0,0,14,32,0,0,0,5,20,20,5,10
5730,worship,105730,9,False,0,5,11,12,0,0,0,0,13,26,0,0,0,5,7,4,5,2
5731,worship,105731,14,False,0,5,10,17,0,0,0,0,11,25,0,0,0,5,15,6,5,3
5732,worship,105732,8,False,0,5,11,12,0,0,0,0,13,23,0,0,0,5,6,4,5,2
5733,worship,105733,9,False,0,5,13,14,0,0,0,0,14,26,0,0,0,5,6,4,5,2
5734,worship,105734,15,False,0,5,18,20,0,0,0,0,22,46,0,0,0,5,14,14,5,7
5735,worship,105735,18,False,0,5,22,24,0,0,0,0,31,65,0,0,0,5,22,18,5,9
5736,worship,105736,17,False,0,5,17,20,0,0,0,0,27,54,0,0,0,5,21,18,5,9
5737,worship,105737,17,False,0,5,32,32,0,0,0,0,34,79,0,0,0,5,24,14,5,7
5738,worship,105738,11,False,0,5,17,17,0,0,0,0,16,36,0,0,0,5,7,6,5,3
5739,worship,105739,6,False,0,5,9,10,0,0,0,0,11,21,0,0,0,5,5,4,5,2
5740,worship,105740,8,False,0,5,13,13,0,0,0,0,13,25,0,0,0,5,6,6,5,3
5741,worship,105741,9,False,0,5,12,12,0,0,0,0,17,31,0,0,0,5,9,8,5,4
5742,worship,105742,8,False,0,5,7,10,0,0,0,0,10,19,0,0,0,5,6,4,5,2
5743,worship,105743,7,False,0,5,9,9,0,0,0,0,14,23,0,0,0,5,7,6,5,3
5744,worship,105744,12,False,0,5,19,19,0,0,0,0,20,40,0,0,0,5,9,8,5,4
5745,worship,105745,9,False,0,5,10,12,0,0,0,0,13,24,0,0,0,5,9,6,5,3
5746,worship,105746,9,False,0,5,13,13,0,0,0,0,15,29,0,0,0,5,8,8,5,4
5747,worship,105747,9,False,0,5,14,15,0,0,0,0,16,31,0,0,0,5,9,8,5,4
5748,worship,105748,13,False,0,5,15,17,0,0,0,0,19,41,0,0,0,5,14,6,5,3
5749,worship,105749,18,False,0,5,21,23,0,0,0,0,23,53,0,0,0,5,18,18,5,9
5750,worship,105750,16,False,0,5,17,19,0,0,0,0,27,56,0,0,0,5,22,18,5,9
5751,worship,105751,7,False,0,5,14,14,0,0,0,0,11,22,0,0,0,5,4,4,5,2
5752,worship,105752,15,False,0,5,15,18,0,0,0,0,16,37,0,0,0,5,15,4,5,2
5753,worship,105753,8,False,0,5,18,18,0,0,0,0,13,28,0,0,0,5,4,4,5,2
5754,worship,105754,8,False,0,5,2,8,0,0,0,0,11,18,0,0,0,5,6,6,5,3
5755,worship,105755,10,False,0,5,16,18,0,0,0,0,13,30,0,0,0,5,9,4,5,2
5756,worship,105756,8,False,0,5,13,13,0,0,0,0,14,25,0,0,0,5,5,4,5,2
5757,worship,105757,19,False,0,5,14,16,0,0,0,0,31,61,0,0,0,5,18,18,5,9
5758,worship,105758,6,False,0,5,15,15,0,0,0,0,10,22,0,0,0,5,4,4,5,2
5759,worship,105759,5,False,0,5,13,13,0,0,0,0,8,16,0,0,0,5,2,2,5,1
5760,worship,105760,32,False,0,5,40,42,0,0,0,0,60,129,0,0,0,5,34,34,5,17
5761,worship,105761,8,False,0,5,6,9,0,0,0,0,7,14,0,0,0,5,5,2,5,1
5762,worship,105762,9,False,0,5,10,13,0,0,0,0,13,25,0,0,0,5,7,6,5,3
5763,worship,105763,10,False,0,5,10,12,0,0,0,0,12,23,0,0,0,5,8,6,5,3
5764,worship,105764,11,False,0,5,14,16,0,0,0,0,19,36,0,0,0,5,10,10,5,5
5765,worship,105765,6,False,0,5,13,13,0,0,0,0,9,18,0,0,0,5,3,2,5,1
5766,worship,105766,10,False,0,5,7,12,0,0,0,0,8,15,0,0,0,5,7,6,5,3
5767,worship,105767,13,False,0,5,8,14,0,0,0,0,14,28,0,0,0,5,15,12,5,6
5768,worship,105768,13,False,0,5,6,13,0,0,0,0,11,26,0,0,0,5,13,6,5,3
5769,worship,105769,7,False,0,5,10,11,0,0,0,0,8,14,0,0,0,5,3,2,5,1
5770,worship,105770,8,False,0,5,17,17,0,0,0,0,17,35,0,0,0,5,8,6,5,3
5771,worship,105771,11,False,0,5,15,15,0,0,0,0,16,33,0,0,0,5,10,6,5,3
5772,worship,105772,12,False,0,5,14,15,0,0,0,0,15,34,0,0,0,5,10,8,5,4
5773,worship,105773,8,False,0,5,10,11,0,0,0,0,9,17,0,0,0,5,5,4,5,2
5774,worship,105774,7,False,0,5,9,10,0,0,0,0,8,17,0,0,0,5,4,4,5,2
5775,worship,105775,8,False,0,5,13,15,0,0,0,0,8,18,0,0,0,5,4,4,5,2
5776,worship,105776,10,False,0,5,13,13,0,0,0,0,16,34,0,0,0,5,10,8,5,4
5777,worship,105777,22,False,0,5,11,18,0,0,0,0,19,42,0,0,0,5,23,22,5,11
5778,worship,105778,14,False,0,5,18,21,0,0,0,0,23,48,0,0,0,5,15,12,5,6
5779,worship,105779,13,False,0,5,15,19,0,0,0,0,17,36,0,0,0,5,13,6,5,3
5780,worship,105780,7,False,0,5,12,13,0,0,0,0,10,22,0,0,0,5,4,4,5,2
5781,worship,105781,7,False,0,5,12,15,0,0,0,0,11,25,0,0,0,5,6,6,5,3
5782,worship,105782,14,False,0,5,20,20,0,0,0,0,26,54,0,0,0,5,17,12,5,6
5783,worship,105783,4,False,0,5,12,12,0,0,0,0,6,12,0,0,0,5,1,0,5,0
5784,worship,105784,12,False,0,5,9,12,0,0,0,0,13,26,0,0,0,5,8,6,5,3
5785,worship,105785,16,False,0,5,11,18,0,0,0,0,12,28,0,0,0,5,13,12,5,6
5786,worship,105786,11,False,0,5,18,19,0,0,0,0,18,39,0,0,0,5,12,6,5,3
5787,worship,105787,11,False,0,5,19,20,0,0,0,0,22,46,0,0,0,5,14,8,5,4
5788,worship,105788,17,False,0,5,16,20,0,0,0,0,20,44,0,0,0,5,17,14,5,7
5789,worship,105789,15,False,0,5,10,11,0,0,0,0,27,50,0,0,0,5,24,14,5,7
5790,worship,105790,15,False,0,5,15,16,0,0,0,0,25,52,0,0,0,5,19,12,5,6
5791,worship,105791,8,False,0,5,6,12,0,0,0,0,8,15,0,0,0,5,5,4,5,2
5792,worship,105792,17,False,0,5,3,11,0,0,0,0,15,28,0,0,0,5,16,12,5,6
5793,worship,105793,21,False,0,5,13,22,0,0,0,0,23,48,0,0,0,5,21,20,5,10
5794,worship,105794,6,False,0,5,12,12,0,0,0,0,10,18,0,0,0,5,3,2,5,1
5795,worship,105795,7,False,0,5,12,12,0,0,0,0,9,18,0,0,0,5,4,4,5,2
5796,worship,105796,11,False,0,5,8,8,0,0,0,0,18,32,0,0,0,5,11,10,5,5
5797,worship,105797,13,False,0,5,19,20,0,0,0,0,22,46,0,0,0,5,11,10,5,5
5798,worship,105798,17,False,0,5,21,27,0,0,0,0,20,48,0,0,0,5,15,14,5,7
5799,worship,105799,5,False,0,5,7,10,0,0,0,0,8,14,0,0,0,5,3,2,5,1
5800,worship,105800,7,False,0,5,8,13,0,0,0,0,9,17,0,0,0,5,4,2,5,1
5801,worship,105801,12,False,0,5,10,11,0,0,0,0,19,37,0,0,0,5,12,12,5,6
5802,worship,105802,12,False,0,5,1,8,0,0,0,0,8,12,0,0,0,5,12,6,5,3
5803,worship,105803,12,False,0,5,15,16,0,0,0,0,20,37,0,0,0,5,10,8,5,4
5804,worship,105804,18,False,0,5,0,13,0,0,0,0,8,18,0,0,0,5,18,12,5,6
5805,worship,105805,12,False,0,5,12,14,0,0,0,0,17,33,0,0,0,5,12,12,5,6
5806,worship,105806,14,False,0,5,23,24,0,0,0,0,23,51,0,0,0,5,14,14,5,7
5807,worship,105807,8,False,0,5,7,8,0,0,0,0,13,20,0,0,0,5,7,6,5,3
5808,worship,105808,15,False,0,5,20,21,0,0,0,0,22,50,0,0,0,5,20,6,5,3
5809,worship,105809,8,False,0,5,13,13,0,0,0,0,15,30,0,0,0,5,9,8,5,4
5810,worship,105810,16,False,0,5,20,20,0,0,0,0,32,66,0,0,0,5,24,18,5,9
5811,worship,105811,13,False,0,5,17,18,0,0,0,0,22,44,0,0,0,5,14,8,5,4
5812,worship,105812,8,False,0,5,3,9,0,0,0,0,7,13,0,0,0,5,4,0,5,0
5813,worship,105813,15,False,0,5,8,12,0,0,0,0,17,34,0,0,0,5,15,12,5,6
5814,worship,105814,12,False,0,5,17,17,0,0,0,0,17,38,0,0,0,5,10,6,5,3
5815,worship,105815,15,False,0,5,23,24,0,0,0,0,26,58,0,0,0,5,16,16,5,8
5816,worship,105816,12,False,0,5,11,11,0,0,0,0,14,26,0,0,0,5,10,8,5,4
5817,worship,105817,12,False,0,5,13,14,0,0,0,0,18,36,0,0,0,5,14,8,5,4
5818,worship,105818,15,False,0,5,19,19,0,0,0,0,25,52,0,0,0,5,17,12,5,6
5819,worship,105819,7,False,0,5,11,13,0,0,0,0,8,17,0,0,0,5,5,4,5,2
5820,worship,105820,15,False,0,5,16,20,0,0,0,0,20,44,0,0,0,5,18,10,5,5
5821,worship,105821,15,False,0,5,5,10,0,0,0,0,17,34,0,0,0,5,20,10,5,5
5822,worship,105822,16,False,0,5,12,14,0,0,0,0,23,45,0,0,0,5,14,14,5,7
5823,worship,105823,16,False,0,5,13,14,0,0,0,0,23,49,0,0,0,5,15,14,5,7
5824,worship,105824,9,False,0,5,9,13,0,0,0,0,13,24,0,0,0,5,6,6,5,3
5825,worship,105825,17,False,0,5,29,29,0,0,0,0,28,66,0,0,0,5,14,14,5,7
5826,worship,105826,15,False,0,5,14,15,0,0,0,0,20,40,0,0,0,5,16,10,5,5
5827,worship,105827,11,False,0,5,15,15,0,0,0,0,21,40,0,0,0,5,11,10,5,5
5828,worship,105828,6,False,0,5,7,9,0,0,0,0,9,16,0,0,0,5,4,4,5,2
5829,worship,105829,10,False,0,5,11,12,0,0,0,0,14,28,0,0,0,5,8,8,5,4
5830,worship,105830,7,False,0,5,14,14,0,0,0,0,14,27,0,0,0,5,6,6,5,3
5831,worship,105831,9,False,0,5,8,10,0,0,0,0,12,22,0,0,0,5,6,6,5,3
5832,worship,105832,13,False,0,5,17,19,0,0,0,0,21,44,0,0,0,5,14,14,5,7
5833,worship,105833,19,False,0,5,15,18,0,0,0,0,26,54,0,0,0,5,21,20,5,10
5834,worship,105834,7,False,0,5,16,16,0,0,0,0,11,23,0,0,0,5,3,2,5,1
5835,worship,105835,13,False,0,5,11,13,0,0,0,0,18,37,0,0,0,5,14,10,5,5
5836,worship,105836,5,False,0,5,9,9,0,0,0,0,7,14,0,0,0,5,2,2,5,1
5837,worship,105837,10,False,0,5,11,12,0,0,0,0,13,27,0,0,0,5,8,6,5,3
5838,worship,105838,10,False,0,5,13,13,0,0,0,0,15,30,0,0,0,5,7,6,5,3
5839,worship,105839,9,False,0,5,9,12,0,0,0,0,10,19,0,0,0,5,7,6,5,3
5840,worship,105840,14,False,0,5,18,19,0,0,0,0,19,43,0,0,0,5,14,12,5,6
5841,worship,105841,9,False,0,5,12,12,0,0,0,0,12,25,0,0,0,5,5,2,5,1
5842,worship,105842,9,False,0,5,8,14,0,0,0,0,11,22,0,0,0,5,8,4,5,2
5843,worship,105843,13,False,0,5,8,13,0,0,0,0,14,26,0,0,0,5,14,10,5,5
5844,worship,105844,12,False,0,5,19,19,0,0,0,0,21,45,0,0,0,5,13,12,5,6
5845,worship,105845,17,False,0,5,17,22,0,0,0,0,20,44,0,0,0,5,16,12,5,6
5846,worship,105846,12,False,0,5,10,13,0,0,0,0,14,28,0,0,0,5,11,10,5,5
5847,worship,105847,19,False,0,5,16,20,0,0,0,0,27,56,0,0,0,5,22,18,5,9
5848,worship,105848,9,False,0,5,7,9,0,0,0,0,13,21,0,0,0,5,9,6,5,3
5849,worship,105849,12,False,0,5,19,19,0,0,0,0,22,45,0,0,0,5,12,12,5,6
5850,worship,105850,10,False,0,5,15,15,0,0,0,0,18,35,0,0,0,5,9,4,5,2
5851,worship,105851,10,False,0,5,11,13,0,0,0,0,14,27,0,0,0,5,10,6,5,3
5852,worship,105852,21,False,0,5,34,36,0,0,0,0,35,83,0,0,0,5,22,22,5,11
5853,worship,105853,8,False,0,5,14,15,0,0,0,0,13,28,0,0,0,5,5,4,5,2
5854,worship,105854,17,False,0,5,18,18,0,0,0,0,26,54,0,0,0,5,20,16,5,8
5855,worship,105855,16,False,0,5,22,22,0,0,0,0,26,55,0,0,0,5,17,12,5,6
5856,worship,105856,10,False,0,5,18,18,0,0,0,0,17,36,0,0,0,5,8,4,5,2
5857,worship,105857,8,False,0,5,11,12,0,0,0,0,13,25,0,0,0,5,5,4,5,2
5858,worship,105858,9,False,0,5,14,15,0,0,0,0,16,32,0,0,0,5,10,8,5,4
5859,worship,105859,7,False,0,5,11,12,0,0,0,0,10,21,0,0,0,5,4,4,5,2
5860,worship,105860,13,False,0,5,8,12,0,0,0,0,16,29,0,0,0,5,12,10,5,5
5861,worship,105861,13,False,0,5,18,21,0,0,0,0,20,42,0,0,0,5,12,10,5,5
5862,worship,105862,21,False,0,5,0,11,0,0,0,0,18,32,0,0,0,5,19,18,5,9
5863,worship,105863,14,False,0,5,16,18,0,0,0,0,21,45,0,0,0,5,15,10,5,5
5864,worship,105864,17,False,0,5,16,22,0,0,0,0,21,45,0,0,0,5,20,14,5,7
5865,worship,105865,6,False,0,5,12,12,0,0,0,0,10,18,0,0,0,5,3,2,5,1
5866,worship,105866,9,False,0,5,18,18,0,0,0,0,17,34,0,0,0,5,6,4,5,2
5867,worship,105867,7,False,0,5,8,10,0,0,0,0,8,12,0,0,0,5,3,0,5,0
5868,worship,105868,15,False,0,5,16,16,0,0,0,0,20,43,0,0,0,5,16,6,5,3
5869,worship,105869,17,False,0,5,5,12,0,0,0,0,14,27,0,0,0,5,18,16,5,8
5870,worship,105870,6,False,0,5,9,11,0,0,0,0,10,19,0,0,0,5,4,4,5,2
5871,worship,105871,14,False,0,5,19,19,0,0,0,0,24,50,0,0,0,5,16,10,5,5
5872,worship,105872,9,False,0,5,15,15,0,0,0,0,20,42,0,0,0,5,11,10,5,5
5873,worship,105873,6,False,0,5,8,11,0,0,0,0,9,17,0,0,0,5,4,4,5,2
5874,worship,105874,22,False,0,5,10,20,0,0,0,0,24,50,0,0,0,5,24,24,5,12
5875,worship,105875,9,False,0,5,16,17,0,0,0,0,12,26,0,0,0,5,5,4,5,2
5876,worship,105876,7,False,0,5,12,12,0,0,0,0,11,23,0,0,0,5,4,4,5,2
5877,worship,105877,16,False,0,5,19,21,0,0,0,0,21,47,0,0,0,5,15,14,5,7
5878,worship,105878,6,False,0,5,14,14,0,0,0,0,10,19,0,0,0,5,2,2,5,1
5879,worship,105879,16,False,0,5,22,22,0,0,0,0,25,53,0,0,0,5,16,14,5,7
5880,worship,105880,11,False,0,5,8,12,0,0,0,0,12,21,0,0,0,5,11,6,5,3
5881,worship,105881,7,False,0,5,9,12,0,0,0,0,11,21,0,0,0,5,5,4,5,2
5882,worship,105882,14,False,0,5,12,15,0,0,0,0,22,42,0,0,0,5,15,14,5,7
5883,worship,105883,24,False,0,5,31,32,0,0,0,0,40,90,0,0,0,5,26,26,5,13
5884,worship,105884,13,False,0,5,5,14,0,0,0,0,14,27,0,0,0,5,16,10,5,5
5885,worship,105885,9,False,0,5,9,12,0,0,0,0,14,27,0,0,0,5,5,4,5,2
5886,worship,105886,10,False,0,5,6,10,0,0,0,0,9,18,0,0,0,5,7,6,5,3
5887,worship,105887,6,False,0,5,6,10,0,0,0,0,11,22,0,0,0,5,3,2,5,1
5888,worship,105888,10,False,0,5,10,13,0,0,0,0,12,25,0,0,0,5,7,6,5,3
5889,worship,105889,9,False,0,5,12,15,0,0,0,0,10,21,0,0,0,5,6,4,5,2
5890,worship,105890,6,False,0,5,14,14,0,0,0,0,10,21,0,0,0,5,4,2,5,1
5891,worship,105891,15,False,0,5,7,13,0,0,0,0,20,36,0,0,0,5,20,14,5,7
5892,worship,105892,11,False,0,5,25,25,0,0,0,0,23,53,0,0,0,5,12,4,5,2
5893,worship,105893,5,False,0,5,6,8,0,0,0,0,7,14,0,0,0,5,2,0,5,0
5894,worship,105894,11,False,0,5,9,11,0,0,0,0,13,26,0,0,0,5,9,6,5,3
5895,worship,105895,10,False,0,5,7,12,0,0,0,0,9,16,0,0,0,5,8,4,5,2
5896,worship,105896,7,False,0,5,8,10,0,0,0,0,8,14,0,0,0,5,5,4,5,2
5897,worship,105897,9,False,0,5,10,11,0,0,0,0,11,20,0,0,0,5,7,4,5,2
5898,worship,105898,6,False,0,5,10,10,0,0,0,0,10,17,0,0,0,5,4,4,5,2
5899,worship,105899,6,False,0,5,9,9,0,0,0,0,9,14,0,0,0,5,3,2,5,1
5900,worship,105900,14,False,0,5,3,13,0,0,0,0,13,24,0,0,0,5,16,8,5,4
5901,worship,105901,4,False,0,5,11,11,0,0,0,0,6,11,0,0,0,5,1,0,5,0
5902,worship,105902,10,False,0,5,9,10,0,0,0,0,20,32,0,0,0,5,10,10,5,5
5903,worship,105903,12,False,0,5,14,16,0,0,0,0,19,37,0,0,0,5,12,12,5,6
5904,worship,105904,7,False,0,5,15,16,0,0,0,0,11,27,0,0,0,5,5,4,5,2
5905,worship,105905,12,False,0,5,15,17,0,0,0,0,15,34,0,0,0,5,12,8,5,4
5906,worship,105906,10,False,0,5,8,10,0,0,0,0,11,19,0,0,0,5,7,4,5,2
5907,worship,105907,5,False,0,5,14,17,0,0,0,0,8,20,0,0,0,5,2,2,5,1
5908,worship,105908,17,False,0,5,15,15,0,0,0,0,30,57,0,0,0,5,23,14,5,7
5909,worship,105909,7,False,0,5,15,15,0,0,0,0,12,25,0,0,0,5,5,4,5,2
5910,worship,105910,14,False,0,5,9,13,0,0,0,0,17,31,0,0,0,5,13,12,5,6
5911,worship,105911,10,False,0,5,12,12,0,0,0,0,18,34,0,0,0,5,11,8,5,4
5912,worship,105912,7,False,0,5,10,11,0,0,0,0,12,24,0,0,0,5,6,6,5,3
5913,worship,105913,11,False,0,5,15,18,0,0,0,0,15,31,0,0,0,5,10,6,5,3
5914,worship,105914,9,False,0,5,12,14,0,0,0,0,12,24,0,0,0,5,7,6,5,3
5915,worship,105915,24,False,0,5,17,23,0,0,0,0,31,63,0,0,0,5,25,24,5,12
5916,worship,105916,12,False,0,5,15,16,0,0,0,0,18,36,0,0,0,5,11,10,5,5
5917,worship,105917,14,False,0,5,11,14,0,0,0,0,16,32,0,0,0,5,15,10,5,5
5918,worship,105918,10,False,0,5,9,12,0,0,0,0,11,22,0,0,0,5,10,6,5,3
5919,worship,105919,10,False,0,5,14,15,0,0,0,0,15,30,0,0,0,5,9,4,5,2
5920,worship,105920,16,False,0,5,15,17,0,0,0,0,25,47,0,0,0,5,16,14,5,7
5921,worship,105921,6,False,0,5,13,13,0,0,0,0,8,16,0,0,0,5,2,2,5,1
5922,worship,105922,5,False,0,5,13,13,0,0,0,0,8,17,0,0,0,5,3,2,5,1
5923,worship,105923,7,False,0,5,12,14,0,0,0,0,13,26,0,0,0,5,5,4,5,2
5924,worship,105924,13,False,0,5,14,19,0,0,0,0,14,31,0,0,0,5,12,8,5,4
5925,worship,105925,13,False,0,5,3,12,0,0,0,0,12,24,0,0,0,5,10,8,5,4
5926,worship,105926,9,False,0,5,11,13,0,0,0,0,13,29,0,0,0,5,6,6,5,3
5927,worship,105927,6,False,0,5,9,9,0,0,0,0,10,19,0,0,0,5,4,4,5,2
5928,worship,105928,28,False,0,5,1,17,0,0,0,0,24,47,0,0,0,5,31,30,5,15
5929,worship,105929,27,False,0,5,4,18,0,0,0,0,20,43,0,0,0,5,31,30,5,15
5930,worship,105930,8,False,0,5,5,7,0,0,0,0,14,26,0,0,0,5,8,8,5,4
5931,worship,105931,11,False,0,5,14,16,0,0,0,0,16,35,0,0,0,5,13,10,5,5
5932,worship,105932,11,False,0,5,14,15,0,0,0,0,17,32,0,0,0,5,9,8,5,4
5933,worship,105933,12,False,0,5,15,17,0,0,0,0,17,34,0,0,0,5,10,8,5,4
5934,worship,105934,7,False,0,5,12,12,0,0,0,0,14,25,0,0,0,5,6,6,5,3
5935,worship,105935,11,False,0,5,10,15,0,0,0,0,13,29,0,0,0,5,10,10,5,5
5936,worship,105936,11,False,0,5,12,16,0,0,0,0,13,29,0,0,0,5,11,8,5,4
5937,worship,105937,18,False,0,5,17,21,0,0,0,0,27,56,0,0,0,5,21,18,5,9
5938,worship,105938,9,False,0,5,14,15,0,0,0,0,14,28,0,0,0,5,8,4,5,2
5939,worship,105939,12,False,0,5,18,19,0,0,0,0,22,46,0,0,0,5,14,10,5,5
5940,worship,105940,11,False,0,5,19,20,0,0,0,0,21,45,0,0,0,5,12,10,5,5
5941,worship,105941,8,False,0,5,9,12,0,0,0,0,12,22,0,0,0,5,5,4,5,2
5942,worship,105942,9,False,0,5,4,10,0,0,0,0,8,13,0,0,0,5,6,4,5,2
5943,worship,105943,19,False,0,5,33,33,0,0,0,0,30,72,0,0,0,5,20,18,5,9
5944,worship,105944,12,False,0,5,2,12,0,0,0,0,8,15,0,0,0,5,10,8,5,4
5945,worship,105945,10,False,0,5,20,21,0,0,0,0,17,37,0,0,0,5,8,6,5,3
5946,worship,105946,11,False,0,5,0,8,0,0,0,0,10,14,0,0,0,4,11,8,4,4
5947,worship,105947,11,False,0,5,17,17,0,0,0,0,20,43,0,0,0,5,7,6,5,3
5948,worship,105948,14,False,0,5,22,25,0,0,0,0,23,54,0,0,0,5,17,16,5,8
5949,worship,105949,18,False,0,5,22,23,0,0,0,0,23,54,0,0,0,5,21,10,5,5
5950,worship,105950,16,False,0,5,9,15,0,0,0,0,13,28,0,0,0,5,16,12,5,6
5951,worship,105951,9,False,0,5,15,16,0,0,0,0,15,30,0,0,0,5,8,6,5,3
5952,worship,105952,24,False,0,5,11,17,0,0,0,0,24,50,0,0,0,5,25,24,5,12
5953,worship,105953,10,False,0,5,12,13,0,0,0,0,16,35,0,0,0,5,8,8,5,4
5954,worship,105954,15,False,0,5,16,16,0,0,0,0,24,45,0,0,0,5,13,12,5,6
5955,worship,105955,13,False,0,5,16,18,0,0,0,0,15,34,0,0,0,5,12,8,5,4
5956,worship,105956,16,False,0,5,20,20,0,0,0,0,28,57,0,0,0,5,18,14,5,7
5957,worship,105957,13,False,0,5,18,18,0,0,0,0,22,47,0,0,0,5,13,2,5,1
5958,worship,105958,23,False,0,5,23,29,0,0,0,0,27,62,0,0,0,5,21,20,5,10
5959,worship,105959,7,False,0,5,13,16,0,0,0,0,9,21,0,0,0,5,3,2,5,1
5960,worship,105960,9,False,0,5,7,11,0,0,0,0,12,22,0,0,0,5,7,6,5,3
5961,worship,105961,6,False,0,5,18,18,0,0,0,0,10,24,0,0,0,5,3,2,5,1
5962,worship,105962,12,False,0,5,11,15,0,0,0,0,18,34,0,0,0,5,13,12,5,6
5963,worship,105963,12,False,0,5,11,13,0,0,0,0,19,33,0,0,0,5,12,8,5,4
5964,worship,105964,15,False,0,5,7,11,0,0,0,0,22,40,0,0,0,5,18,16,5,8
5965,worship,105965,8,False,0,5,11,11,0,0,0,0,12,24,0,0,0,5,5,4,5,2
5966,worship,105966,10,False,0,5,19,19,0,0,0,0,22,45,0,0,0,5,11,6,5,3
5967,worship,105967,12,False,0,5,10,10,0,0,0,0,19,35,0,0,0,5,14,14,5,7
5968,worship,105968,15,False,0,5,4,11,0,0,0,0,16,31,0,0,0,5,17,14,5,7
5969,worship,105969,17,False,0,5,7,12,0,0,0,0,16,33,0,0,0,5,17,14,5,7
5970,worship,105970,12,False,0,5,18,20,0,0,0,0,18,38,0,0,0,5,10,4,5,2
5971,worship,105971,19,False,0,5,15,22,0,0,0,0,20,45,0,0,0,5,18,18,5,9
5972,worship,105972,7,False,0,5,8,11,0,0,0,0,11,19,0,0,0,5,4,4,5,2
5973,worship,105973,12,False,0,5,18,20,0,0,0,0,19,42,0,0,0,5,13,10,5,5
5974,worship,105974,13,False,0,5,5,11,0,0,0,0,14,28,0,0,0,5,11,8,5,4
5975,worship,105975,17,False,0,5,26,27,0,0,0,0,29,64,0,0,0,5,20,14,5,7
5976,worship,105976,8,False,0,5,14,16,0,0,0,0,13,28,0,0,0,5,5,4,5,2
5977,worship,105977,19,False,0,5,10,17,0,0,0,0,19,38,0,0,0,5,18,16,5,8
5978,worship,105978,6,False,0,5,9,9,0,0,0,0,10,19,0,0,0,5,4,4,5,2
5979,worship,105979,16,False,0,5,6,14,0,0,0,0,11,23,0,0,0,5,15,14,5,7
5980,worship,105980,9,False,0,5,20,20,0,0,0,0,16,37,0,0,0,5,8,6,5,3
5981,worship,105981,11,False,0,5,18,20,0,0,0,0,17,38,0,0,0,5,11,8,5,4
5982,worship,105982,11,False,0,5,9,11,0,0,0,0,17,28,0,0,0,5,10,8,5,4
5983,worship,105983,15,False,0,5,6,12,0,0,0,0,19,34,0,0,0,5,18,16,5,8
5984,worship,105984,7,False,0,5,12,15,0,0,0,0,11,23,0,0,0,5,4,4,5,2
5985,worship,105985,10,False,0,5,14,15,0,0,0,0,13,27,0,0,0,5,8,6,5,3
5986,worship,105986,12,False,0,5,12,14,0,0,0,0,17,32,0,0,0,5,12,8,5,4
5987,worship,105987,10,False,0,5,15,15,0,0,0,0,21,40,0,0,0,5,12,6,5,3
5988,worship,105988,7,False,0,5,14,16,0,0,0,0,9,21,0,0,0,5,5,4,5,2
5989,worship,105989,22,False,0,5,27,33,0,0,0,0,29,69,0,0,0,5,23,22,5,11
5990,worship,105990,9,False,0,5,10,13,0,0,0,0,10,19,0,0,0,5,6,6,5,3
5991,worship,105991,14,False,0,5,20,22,0,0,0,0,20,45,0,0,0,5,14,6,5,3
5992,worship,105992,12,False,0,5,6,8,0,0,0,0,18,31,0,0,0,5,11,8,5,4
5993,worship,105993,9,False,0,5,14,14,0,0,0,0,16,31,0,0,0,5,8,8,5,4
5994,worship,105994,11,False,0,5,12,15,0,0,0,0,16,31,0,0,0,5,11,10,5,5
5995,worship,105995,20,False,0,5,3,13,0,0,0,0,13,25,0,0,0,5,19,18,5,9
5996,worship,105996,14,False,0,5,21,22,0,0,0,0,24,52,0,0,0,5,16,8,5,4
5997,worship,105997,9,False,0,5,11,13,0,0,0,0,9,18,0,0,0,5,5,2,5,1
5998,worship,105998,12,False,0,5,11,13,0,0,0,0,19,34,0,0,0,5,11,10,5,5
5999,worship,105999,8,False,0,5,11,12,0,0,0,0,11,21,0,0,0,5,6,4,5,2
6000,worship,106000,8,False,0,5,9,10,0,0,0,0,10,19,0,0,0,5,4,4,5,2
6001,balanced,106001,27,False,1,7,0,7,1,1,0,0,80,92,7,6,1,1,0,0,0,0
6002,balanced,106002,50,True,30,30,119,119,11,9,2,2,208,624,33,30,38,38,0,0,0,0
6003,balanced,106003,50,True,1,9,4,9,2,1,1,1,107,121,6,6,1,1,0,0,0,0
6004,balanced,106004,50,True,22,22,4,47,12,7,5,5,234,476,29,27,26,26,0,0,0,0
6005,balanced,106005,50,True,17,17,9,26,13,4,9,9,181,401,29,26,15,15,0,0,0,0
6006,balanced,106006,41,False,1,8,0,7,3,1,2,2,122,171,13,12,2,2,0,0,0,0
6007,balanced,106007,15,False,1,7,0,7,1,0,1,1,41,42,4,3,1,1,0,0,0,0
6008,balanced,106008,29,False,1,6,0,7,1,0,1,1,85,101,5,4,0,0,0,0,0,0
6009,balanced,106009,50,True,16,16,0,22,7,6,1,1,176,343,24,21,13,13,0,0,0,0
6010,balanced,106010,50,True,17,17,9,28,7,3,4,4,182,383,25,22,18,18,0,0,0,0
6011,balanced,106011,22,False,1,5,0,10,0,0,0,0,45,66,6,5,1,1,0,0,0,0
6012,balanced,106012,50,True,22,22,75,75,10,5,5,5,270,625,27,25,28,28,0,0,0,0
6013,balanced,106013,50,True,16,18,6,26,13,5,8,8,212,433,26,23,16,16,0,0,0,0
6014,balanced,106014,50,True,1,5,10,10,1,1,0,0,83,116,7,7,1,1,0,0,0,0
6015,balanced,106015,50,True,17,17,29,29,4,3,1,1,170,357,22,21,14,14,0,0,0,0
6016,balanced,106016,43,False,0,5,0,7,0,0,0,0,88,139,10,10,3,3,0,0,0,0
6017,balanced,106017,34,False,1,6,0,7,2,1,1,1,68,100,9,8,3,3,0,0,0,0
6018,balanced,106018,50,True,23,23,24,69,8,6,2,2,199,466,29,26,29,29,0,0,0,0
6019,balanced,106019,50,True,1,7,3,7,0,0,0,0,97,107,4,4,1,1,0,0,0,0
6020,balanced,106020,50,True,9,9,7,11,1,1,0,0,159,264,17,15,5,5,0,0,0,0
6021,balanced,106021,50,True,21,21,74,74,9,4,5,5,224,545,27,25,21,21,0,0,0,0
6022,balanced,106022,50,True,16,16,6,24,6,3,3,3,228,411,23,20,15,15,0,0,0,0
6023,balanced,106023,50,True,3,8,0,8,1,1,0,0,160,216,13,13,3,3,0,0,0,0
6024,balanced,106024,50,True,20,20,48,48,9,6,3,3,245,470,27,24,17,17,0,0,0,0
6025,balanced,106025,50,True,24,24,27,51,9,7,2,2,149,360,28,25,27,27,0,0,0,0
6026,balanced,106026,50,True,5,10,5,10,9,2,7,7,202,312,20,19,5,5,0,0,0,0
6027,balanced,106027,41,False,1,6,0,11,0,0,0,0,88,134,11,10,4,4,0,0,0,0
6028,balanced,106028,50,True,17,17,32,32,7,3,4,4,201,400,23,21,17,17,0,0,0,0
6029,balanced,106029,50,True,2,10,0,9,7,3,4,4,178,241,17,16,2,2,0,0,0,0
6030,balanced,106030,50,True,6,8,6,10,2,1,1,1,170,256,16,15,6,6,0,0,0,0
6031,balanced,106031,50,True,1,7,6,7,0,0,0,0,88,105,7,7,1,1,0,0,0,0
6032,balanced,106032,50,True,19,19,24,43,5,4,1,1,177,391,25,23,17,17,0,0,0,0
6033,balanced,106033,50,True,13,14,19,19,6,4,2,2,265,404,20,19,6,6,0,0,0,0
6034,balanced,106034,25,False,0,6,0,7,1,0,1,1,62,75,5,5,1,1,0,0,0,0
6035,balanced,106035,19,False,1,5,0,7,0,0,0,0,30,42,5,4,1,1,0,0,0,0
6036,balanced,106036,24,False,1,6,0,7,0,0,0,0,45,62,6,5,1,1,0,0,0,0
6037,balanced,106037,50,True,9,11,11,14,7,2,5,5,183,302,20,19,5,5,0,0,0,0
6038,balanced,106038,36,False,1,7,0,9,1,0,1,1,81,136,11,10,3,3,0,0,0,0
6039,balanced,106039,50,True,12,13,6,21,8,3,5,5,192,360,24,22,10,10,0,0,0,0
6040,balanced,106040,50,True,23,23,38,61,9,8,1,1,184,454,27,24,29,29,0,0,0,0
6041,balanced,106041,50,True,28,28,16,97,12,7,5,5,210,587,34,31,41,41,0,0,0,0
6042,balanced,106042,31,False,1,7,0,7,1,0,1,1,83,102,7,6,2,2,0,0,0,0
6043,balanced,106043,36,False,1,7,0,7,1,1,0,0,99,129,10,9,2,2,0,0,0,0
6044,balanced,106044,50,True,28,28,118,118,8,5,3,3,206,666,31,28,43,43,0,0,0,0
6045,balanced,106045,21,False,1,7,0,7,1,0,1,1,53,58,6,5,0,0,0,0,0,0
6046,balanced,106046,50,True,16,16,0,21,5,2,3,3,183,386,23,20,16,16,0,0,0,0
6047,balanced,106047,27,False,1,7,0,8,1,1,0,0,83,109,8,7,1,1,0,0,0,0
6048,balanced,106048,50,True,1,5,2,7,0,0,0,0,71,74,2,2,0,0,0,0,0,0
6049,balanced,106049,50,True,27,27,82,109,5,3,2,2,174,561,30,28,36,36,0,0,0,0
6050,balanced,106050,15,False,1,5,0,7,1,0,1,1,32,40,4,3,1,1,0,0,0,0
6051,balanced,106051,50,True,23,23,57,57,7,3,4,4,217,522,29,27,25,25,0,0,0,0
6052,balanced,106052,50,True,13,13,6,15,5,2,3,3,160,315,18,16,14,14,0,0,0,0
6053,balanced,106053,50,True,19,19,4,28,8,4,4,4,195,427,28,25,22,22,0,0,0,0
6054,balanced,106054,50,True,4,7,2,13,4,2,2,2,129,199,15,14,5,5,0,0,0,0
6055,balanced,106055,37,False,1,7,0,8,1,0,1,1,114,152,9,8,2,2,0,0,0,0
6056,balanced,106056,50,True,20,21,45,52,11,6,5,5,226,511,26,23,22,22,0,0,0,0
6057,balanced,106057,50,True,19,19,7,28,7,5,2,2,167,356,25,22,22,22,0,0,0,0
6058,balanced,106058,50,True,7,7,0,7,2,1,1,1,142,225,16,15,6,6,0,0,0,0
6059,balanced,106059,50,True,18,18,42,42,5,1,4,4,192,459,24,22,19,19,0,0,0,0
6060,balanced,106060,50,True,1,6,17,17,0,0,0,0,80,107,3,3,2,2,0,0,0,0
6061,balanced,106061,50,True,31,31,108,139,10,6,4,4,216,687,35,32,44,44,0,0,0,0
6062,balanced,106062,50,True,27,27,55,103,13,6,7,7,194,582,34,31,39,39,0,0,0,0
6063,balanced,106063,12,False,1,5,0,7,0,0,0,0,28,28,3,2,0,0,0,0,0,0
6064,balanced,106064,50,True,7,8,8,13,5,1,4,4,199,317,18,17,7,7,0,0,0,0
6065,balanced,106065,13,False,1,6,0,7,0,0,0,0,23,31,4,3,1,1,0,0,0,0
6066,balanced,106066,50,True,10,10,5,13,4,2,2,2,183,290,17,16,5,5,0,0,0,0
6067,balanced,106067,19,False,1,6,0,7,0,0,0,0,39,52,5,4,0,0,0,0,0,0
6068,balanced,106068,50,True,7,8,1,12,0,0,0,0,145,217,15,13,6,6,0,0,0,0
6069,balanced,106069,9,False,1,5,0,7,0,0,0,0,18,20,2,1,0,0,0,0,0,0
6070,balanced,106070,50,True,17,17,2,24,4,2,2,2,238,408,24,22,12,12,0,0,0,0
6071,balanced,106071,50,True,11,11,2,11,4,3,1,1,159,261,19,18,5,5,0,0,0,0
6072,balanced,106072,50,True,28,28,40,68,12,10,2,2,167,424,32,29,33,33,0,0,0,0
6073,balanced,106073,13,False,1,5,0,7,0,0,0,0,20,22,3,2,1,1,0,0,0,0
6074,balanced,106074,50,True,41,41,161,319,11,10,1,1,199,1060,40,37,92,92,0,0,0,0
6075,balanced,106075,29,False,1,7,0,7,1,0,1,1,66,86,6,5,3,3,0,0,0,0
6076,balanced,106076,50,True,28,28,40,70,7,5,2,2,192,554,31,28,38,38,0,0,0,0
6077,balanced,106077,50,True,20,20,15,35,9,5,4,4,180,381,26,24,19,19,0,0,0,0
6078,balanced,106078,31,False,1,6,0,7,1,0,1,1,73,97,7,6,2,2,0,0,0,0
6079,balanced,106079,31,False,1,6,0,9,0,0,0,0,63,92,8,7,2,2,0,0,0,0
6080,balanced,106080,50,True,26,26,92,92,10,5,5,5,198,599,31,29,32,32,0,0,0,0
6081,balanced,106081,50,True,18,19,26,26,5,3,2,2,232,439,25,23,11,11,0,0,0,0
6082,balanced,106082,50,True,5,7,2,9,2,1,1,1,141,210,15,13,5,5,0,0,0,0
6083,balanced,106083,24,False,1,7,0,7,1,1,0,0,67,77,7,6,1,1,0,0,0,0
6084,balanced,106084,50,True,23,23,50,73,9,6,3,3,221,511,28,25,25,25,0,0,0,0
6085,balanced,106085,21,False,1,6,0,7,0,0,0,0,47,59,5,4,1,1,0,0,0,0
6086,balanced,106086,39,False,1,6,0,11,0,0,0,0,89,124,10,9,3,3,0,0,0,0
6087,balanced,106087,50,True,6,7,0,8,4,2,2,2,125,215,17,15,6,6,0,0,0,0
6088,balanced,106088,13,False,1,5,0,7,0,0,0,0,28,30,3,2,1,1,0,0,0,0
6089,balanced,106089,50,True,29,29,116,145,12,6,6,6,196,730,35,32,45,45,0,0,0,0
6090,balanced,106090,31,False,1,8,0,10,3,1,2,2,82,114,10,9,4,4,0,0,0,0
6091,balanced,106091,50,True,9,10,2,13,8,5,3,3,221,338,21,19,7,7,0,0,0,0
6092,balanced,106092,50,True,15,15,21,24,8,4,4,4,186,367,22,20,13,13,0,0,0,0
6093,balanced,106093,50,True,18,18,9,35,8,7,1,1,163,339,24,22,17,17,0,0,0,0
6094,balanced,106094,50,True,11,12,8,12,5,4,1,1,203,295,19,18,7,7,0,0,0,0
6095,balanced,106095,50,True,29,29,54,140,8,4,4,4,183,616,34,31,45,45,0,0,0,0
6096,balanced,106096,17,False,0,6,0,7,1,0,1,1,35,39,4,4,0,0,0,0,0,0
6097,balanced,106097,50,True,2,8,0,9,0,0,0,0,152,202,13,12,4,4,0,0,0,0
6098,balanced,106098,29,False,1,7,0,7,1,1,0,0,75,89,7,6,2,2,0,0,0,0
6099,balanced,106099,39,False,0,6,0,7,2,2,0,0,93,114,8,8,1,1,0,0,0,0
6100,balanced,106100,50,True,15,15,8,23,7,1,6,6,182,398,24,21,13,13,0,0,0,0
6101,balanced,106101,30,False,1,6,0,7,0,0,0,0,66,82,8,7,1,1,0,0,0,0
6102,balanced,106102,23,False,1,7,0,7,1,1,0,0,59,67,6,5,1,1,0,0,0,0
6103,balanced,106103,28,False,1,6,0,7,0,0,0,0,57,79,7,6,3,3,0,0,0,0
6104,balanced,106104,50,True,7,8,13,13,6,6,0,0,140,218,18,18,5,5,0,0,0,0
6105,balanced,106105,50,True,12,12,8,14,7,5,2,2,198,318,21,19,8,8,0,0,0,0
6106,balanced,106106,50,True,16,17,30,30,4,3,1,1,165,359,23,20,15,15,0,0,0,0
6107,balanced,106107,50,True,1,6,16,18,1,0,1,1,69,87,3,3,2,2,0,0,0,0
6108,balanced,106108,25,False,1,6,0,7,1,0,1,1,47,71,7,6,2,2,0,0,0,0
6109,balanced,106109,50,True,5,8,7,9,4,2,2,2,169,260,15,15,5,5,0,0,0,0
6110,balanced,106110,50,True,8,8,9,14,1,0,1,1,143,257,17,15,9,9,0,0,0,0
6111,balanced,106111,12,False,1,5,0,7,0,0,0,0,23,23,3,2,0,0,0,0,0,0
6112,balanced,106112,50,True,10,10,1,12,6,4,2,2,206,321,23,20,6,6,0,0,0,0
6113,balanced,106113,36,False,1,7,0,8,0,0,0,0,101,133,9,8,3,3,0,0,0,0
6114,balanced,106114,50,True,12,12,12,21,10,1,9,9,200,389,24,23,10,10,0,0,0,0
6115,balanced,106115,44,False,1,6,0,7,1,0,1,1,108,154,11,10,4,4,0,0,0,0
6116,balanced,106116,32,False,1,7,0,7,1,0,1,1,87,125,9,8,2,2,0,0,0,0
6117,balanced,106117,11,False,0,5,0,7,0,0,0,0,19,21,2,2,0,0,0,0,0,0
6118,balanced,106118,14,False,0,6,0,7,1,0,1,1,34,38,3,3,0,0,0,0,0,0
6119,balanced,106119,50,True,20,20,6,31,14,8,6,6,186,377,29,26,15,15,0,0,0,0
6120,balanced,106120,50,True,27,27,36,89,7,4,3,3,178,584,30,28,41,41,0,0,0,0
6121,balanced,106121,50,True,6,7,0,8,1,0,1,1,144,217,13,13,5,5,0,0,0,0
6122,balanced,106122,18,False,1,6,0,7,2,1,1,1,43,50,5,4,1,1,0,0,0,0
6123,balanced,106123,20,False,0,5,0,7,0,0,0,0,43,43,3,3,0,0,0,0,0,0
6124,balanced,106124,50,True,1,7,2,9,2,1,1,1,92,111,6,6,0,0,0,0,0,0
6125,balanced,106125,50,True,19,19,2,39,2,1,1,1,198,396,23,21,16,16,0,0,0,0
6126,balanced,106126,50,True,6,8,4,10,2,1,1,1,140,226,17,16,5,5,0,0,0,0
6127,balanced,106127,36,False,1,6,0,7,0,0,0,0,95,120,8,7,2,2,0,0,0,0
6128,balanced,106128,50,True,21,21,37,38,11,7,4,4,189,433,28,25,23,23,0,0,0,0
6129,balanced,106129,11,False,1,5,0,7,0,0,0,0,19,24,3,2,0,0,0,0,0,0
6130,balanced,106130,50,True,1,5,9,11,1,1,0,0,77,98,4,4,1,1,0,0,0,0
6131,balanced,106131,25,False,0,5,0,10,0,0,0,0,46,59,6,6,1,1,0,0,0,0
6132,balanced,106132,40,False,1,7,0,7,0,0,0,0,96,129,10,9,3,3,0,0,0,0
6133,balanced,106133,50,True,23,23,43,66,3,1,2,2,217,588,26,24,33,33,0,0,0,0
6134,balanced,106134,18,False,1,6,0,7,0,0,0,0,43,57,5,4,1,1,0,0,0,0
6135,balanced,106135,17,False,1,6,0,7,0,0,0,0,46,48,5,4,1,1,0,0,0,0
6136,balanced,106136,50,True,23,23,67,90,5,4,1,1,193,517,27,25,36,36,0,0,0,0
6137,balanced,106137,50,True,1,8,4,8,1,0,1,1,120,156,9,9,1,1,0,0,0,0
6138,balanced,106138,50,True,30,30,19,106,8,7,1,1,169,558,31,28,47,47,0,0,0,0
6139,balanced,106139,20,False,1,6,0,7,0,0,0,0,44,57,4,3,1,1,0,0,0,0
6140,balanced,106140,50,True,14,14,10,24,6,3,3,3,213,382,20,18,12,12,0,0,0,0
6141,balanced,106141,15,False,1,5,0,7,0,0,0,0,25,37,4,3,0,0,0,0,0,0
6142,balanced,106142,50,True,18,18,21,39,3,2,1,1,178,400,25,22,20,20,0,0,0,0
6143,balanced,106143,50,True,7,7,2,14,1,0,1,1,124,223,15,13,8,8,0,0,0,0
6144,balanced,106144,50,True,1,6,8,8,0,0,0,0,76,103,6,6,1,1,0,0,0,0
6145,balanced,106145,50,True,19,20,31,31,10,3,7,7,217,489,29,26,19,19,0,0,0,0
6146,balanced,106146,50,True,6,9,1,14,6,3,3,3,168,269,18,17,6,6,0,0,0,0
6147,balanced,106147,50,True,30,30,209,209,8,6,2,2,210,792,32,29,48,48,0,0,0,0
6148,balanced,106148,50,True,21,21,17,41,7,3,4,4,193,463,27,24,28,28,0,0,0,0
6149,balanced,106149,50,True,30,30,6,93,12,9,3,3,206,533,34,31,40,40,0,0,0,0
6150,balanced,106150,50,True,11,12,8,17,6,2,4,4,221,370,24,21,11,11,0,0,0,0
6151,balanced,106151,50,True,11,12,11,18,8,3,5,5,207,316,22,21,7,7,0,0,0,0
6152,balanced,106152,50,True,8,9,6,12,4,3,1,1,161,250,16,15,6,6,0,0,0,0
6153,balanced,106153,17,False,1,5,0,7,0,0,0,0,38,52,4,3,1,1,0,0,0,0
6154,balanced,106154,31,False,1,7,0,7,2,1,1,1,83,105,8,7,2,2,0,0,0,0
6155,balanced,106155,50,True,14,14,6,23,8,2,6,6,196,376,25,23,10,10,0,0,0,0
6156,balanced,106156,50,True,15,15,21,21,6,4,2,2,224,364,22,20,6,6,0,0,0,0
6157,balanced,106157,50,True,1,5,17,17,1,0,1,1,66,84,3,3,1,1,0,0,0,0
6158,balanced,106158,22,False,1,5,0,7,0,0,0,0,41,61,6,5,2,2,0,0,0,0
6159,balanced,106159,35,False,1,5,0,7,0,0,0,0,64,91,8,7,1,1,0,0,0,0
6160,balanced,106160,50,True,21,21,42,42,8,3,5,5,230,519,28,25,20,20,0,0,0,0
6161,balanced,106161,25,False,1,7,0,7,1,0,1,1,68,97,6,5,1,1,0,0,0,0
6162,balanced,106162,50,True,20,20,1,32,6,5,1,1,203,371,25,22,18,18,0,0,0,0
6163,balanced,106163,50,True,27,27,25,78,8,3,5,5,220,607,31,29,35,35,0,0,0,0
6164,balanced,106164,50,True,22,22,23,45,10,6,4,4,195,433,27,24,26,26,0,0,0,0
6165,balanced,106165,23,False,1,6,0,7,0,0,0,0,56,69,5,4,1,1,0,0,0,0
6166,balanced,106166,50,True,16,16,24,24,8,4,4,4,235,416,25,22,10,10,0,0,0,0
6167,balanced,106167,50,True,32,32,54,176,6,6,0,0,216,730,32,29,65,65,0,0,0,0
6168,balanced,106168,50,True,27,27,69,98,12,7,5,5,204,638,32,29,42,42,0,0,0,0
6169,balanced,106169,50,True,12,12,23,23,1,0,1,1,226,358,16,15,8,8,0,0,0,0
6170,balanced,106170,50,True,1,8,9,9,2,0,2,2,123,170,9,9,2,2,0,0,0,0
6171,balanced,106171,50,True,12,12,2,20,12,5,7,7,179,326,23,20,8,8,0,0,0,0
6172,balanced,106172,50,True,1,7,15,15,1,0,1,1,88,117,6,6,1,1,0,0,0,0
6173,balanced,106173,50,True,29,29,17,74,9,8,1,1,204,519,31,28,40,40,0,0,0,0
6174,balanced,106174,24,False,1,6,0,7,0,0,0,0,59,75,7,6,1,1,0,0,0,0
6175,balanced,106175,30,False,1,7,0,11,2,0,2,2,74,105,8,7,2,2,0,0,0,0
6176,balanced,106176,50,True,16,16,3,35,6,1,5,5,191,386,25,23,17,17,0,0,0,0
6177,balanced,106177,50,True,1,6,12,12,0,0,0,0,76,87,3,3,1,1,0,0,0,0
6178,balanced,106178,50,True,1,5,14,14,0,0,0,0,71,103,4,4,3,3,0,0,0,0
6179,balanced,106179,50,True,14,14,13,16,11,6,5,5,212,376,22,20,9,9,0,0,0,0
6180,balanced,106180,50,True,13,13,21,21,2,1,1,1,146,299,18,17,12,12,0,0,0,0
6181,balanced,106181,50,True,17,18,28,28,13,5,8,8,213,464,28,25,19,19,0,0,0,0
6182,balanced,106182,41,False,1,5,0,9,2,2,0,0,73,107,13,12,2,2,0,0,0,0
6183,balanced,106183,50,True,19,19,10,29,9,5,4,4,218,444,27,24,19,19,0,0,0,0
6184,balanced,106184,50,True,15,15,26,26,8,6,2,2,213,366,22,20,10,10,0,0,0,0
6185,balanced,106185,50,True,12,12,6,18,9,3,6,6,251,414,21,19,8,8,0,0,0,0
6186,balanced,106186,50,True,30,30,199,229,6,3,3,3,213,834,32,30,56,56,0,0,0,0
6187,balanced,106187,50,True,21,21,38,59,10,7,3,3,222,486,27,24,25,25,0,0,0,0
6188,balanced,106188,20,False,1,5,0,7,0,0,0,0,36,48,5,4,1,1,0,0,0,0
6189,balanced,106189,50,True,5,8,0,10,3,2,1,1,175,234,15,13,4,4,0,0,0,0
6190,balanced,106190,50,True,1,5,9,12,0,0,0,0,61,82,3,3,1,1,0,0,0,0
6191,balanced,106191,30,False,1,7,0,8,0,0,0,0,68,86,7,6,2,2,0,0,0,0
6192,balanced,106192,50,True,21,21,24,45,11,7,4,4,202,416,30,27,19,19,0,0,0,0
6193,balanced,106193,50,True,20,20,23,43,9,6,3,3,184,416,27,25,23,23,0,0,0,0
6194,balanced,106194,50,True,1,7,5,10,0,0,0,0,91,118,7,7,1,1,0,0,0,0
6195,balanced,106195,15,False,1,6,0,7,0,0,0,0,38,39,4,3,1,1,0,0,0,0
6196,balanced,106196,50,True,5,8,0,9,2,2,0,0,158,214,16,14,4,4,0,0,0,0
6197,balanced,106197,50,True,13,13,5,18,7,4,3,3,197,341,21,20,9,9,0,0,0,0
6198,balanced,106198,31,False,1,7,0,7,2,1,1,1,86,120,8,7,3,3,0,0,0,0
6199,balanced,106199,15,False,1,6,0,7,1,0,1,1,29,38,4,3,0,0,0,0,0,0
6200,balanced,106200,17,False,1,7,0,7,0,0,0,0,49,52,4,3,1,1,0,0,0,0
6201,balanced,106201,50,True,6,7,4,10,4,2,2,2,145,236,17,15,4,4,0,0,0,0
6202,balanced,106202,36,False,1,7,0,7,1,0,1,1,96,125,9,8,2,2,0,0,0,0
6203,balanced,106203,26,False,1,8,0,7,1,0,1,1,69,102,8,7,1,1,0,0,0,0
6204,balanced,106204,50,True,1,5,8,8,0,0,0,0,56,65,2,2,0,0,0,0,0,0
6205,balanced,106205,50,True,1,6,9,9,1,1,0,0,73,90,5,5,1,1,0,0,0,0
6206,balanced,106206,50,True,1,5,4,8,0,0,0,0,59,75,4,4,1,1,0,0,0,0
6207,balanced,106207,50,True,13,13,6,18,6,2,4,4,196,346,20,19,10,10,0,0,0,0
6208,balanced,106208,50,True,1,10,2,11,3,0,3,3,157,215,11,11,2,2,0,0,0,0
6209,balanced,106209,33,False,1,7,0,7,1,0,1,1,82,119,8,7,3,3,0,0,0,0
6210,balanced,106210,23,False,1,6,0,7,0,0,0,0,53,74,6,5,0,0,0,0,0,0
6211,balanced,106211,50,True,11,11,5,12,5,4,1,1,146,257,20,18,8,8,0,0,0,0
6212,balanced,106212,50,True,4,8,0,11,2,1,1,1,170,242,15,13,4,4,0,0,0,0
6213,balanced,106213,22,False,1,7,0,7,1,0,1,1,54,76,6,5,1,1,0,0,0,0
6214,balanced,106214,16,False,1,6,0,7,0,0,0,0,33,40,4,3,1,1,0,0,0,0
6215,balanced,106215,50,True,25,25,11,43,14,8,6,6,220,455,32,29,24,24,0,0,0,0
6216,balanced,106216,47,False,1,8,0,13,4,2,2,2,138,192,16,15,2,2,0,0,0,0
6217,balanced,106217,50,True,36,36,307,307,10,8,2,2,235,1033,37,34,62,62,0,0,0,0
6218,balanced,106218,20,False,1,6,0,7,1,0,1,1,47,52,4,3,1,1,0,0,0,0
6219,balanced,106219,50,True,23,23,68,68,9,6,3,3,183,529,30,27,27,27,0,0,0,0
6220,balanced,106220,50,True,14,14,4,16,6,2,4,4,236,386,22,21,10,10,0,0,0,0
6221,balanced,106221,12,False,0,5,0,7,0,0,0,0,28,24,2,2,1,1,0,0,0,0
6222,balanced,106222,19,False,0,5,0,7,0,0,0,0,32,43,4,4,0,0,0,0,0,0
6223,balanced,106223,36,False,1,7,0,10,0,0,0,0,89,112,8,7,2,2,0,0,0,0
6224,balanced,106224,50,True,1,5,5,7,0,0,0,0,59,65,2,2,1,1,0,0,0,0
6225,balanced,106225,42,False,1,7,0,7,1,0,1,1,115,167,12,11,3,3,0,0,0,0
6226,balanced,106226,23,False,1,5,0,7,0,0,0,0,48,59,5,4,1,1,0,0,0,0
6227,balanced,106227,50,True,1,7,4,14,1,1,0,0,111,154,10,10,3,3,0,0,0,0
6228,balanced,106228,16,False,0,7,0,8,1,1,0,0,48,31,3,3,1,1,0,0,0,0
6229,balanced,106229,15,False,1,5,0,7,0,0,0,0,35,43,4,3,0,0,0,0,0,0
6230,balanced,106230,32,False,0,6,0,7,1,0,1,1,73,101,7,7,2,2,0,0,0,0
6231,balanced,106231,50,True,9,11,9,11,6,1,5,5,250,377,18,17,4,4,0,0,0,0
6232,balanced,106232,50,True,12,13,20,20,4,2,2,2,178,323,19,17,7,7,0,0,0,0
6233,balanced,106233,13,False,1,5,0,7,0,0,0,0,33,34,3,2,0,0,0,0,0,0
6234,balanced,106234,22,False,1,7,0,7,1,0,1,1,72,79,6,5,1,1,0,0,0,0
6235,balanced,106235,50,True,15,15,15,22,8,5,3,3,201,360,23,20,10,10,0,0,0,0
6236,balanced,106236,34,False,1,6,0,7,1,0,1,1,84,113,8,7,1,1,0,0,0,0
6237,balanced,106237,28,False,0,7,0,7,0,0,0,0,71,89,8,8,1,1,0,0,0,0
6238,balanced,106238,23,False,1,5,0,7,0,0,0,0,41,52,5,4,2,2,0,0,0,0
6239,balanced,106239,47,False,1,6,0,7,2,0,2,2,110,161,11,10,3,3,0,0,0,0
6240,balanced,106240,50,True,35,35,58,192,8,6,2,2,198,765,37,34,72,72,0,0,0,0
6241,balanced,106241,50,True,7,9,7,8,4,2,2,2,195,290,16,15,4,4,0,0,0,0
6242,balanced,106242,50,True,1,6,8,10,1,1,0,0,103,123,8,8,2,2,0,0,0,0
6243,balanced,106243,38,False,1,9,0,7,2,0,2,2,120,150,10,9,1,1,0,0,0,0
6244,balanced,106244,26,False,1,7,0,7,2,1,1,1,66,79,6,5,2,2,0,0,0,0
6245,balanced,106245,50,True,7,8,0,14,2,0,2,2,165,262,17,16,7,7,0,0,0,0
6246,balanced,106246,23,False,1,5,0,7,0,0,0,0,41,59,6,5,1,1,0,0,0,0
6247,balanced,106247,20,False,1,6,0,7,1,0,1,1,41,58,5,4,0,0,0,0,0,0
6248,balanced,106248,50,True,16,16,8,24,8,5,3,3,174,320,24,22,12,12,0,0,0,0
6249,balanced,106249,50,True,1,6,5,10,1,0,1,1,78,101,7,7,0,0,0,0,0,0
6250,balanced,106250,40,False,1,6,0,7,3,3,0,0,94,119,11,10,2,2,0,0,0,0
6251,balanced,106251,50,True,10,10,0,11,4,1,3,3,175,298,19,17,9,9,0,0,0,0
6252,balanced,106252,22,False,1,7,0,7,0,0,0,0,66,68,5,4,1,1,0,0,0,0
6253,balanced,106253,50,True,23,23,41,64,10,6,4,4,233,537,28,26,28,28,0,0,0,0
6254,balanced,106254,50,True,12,13,17,21,9,6,3,3,224,342,24,22,8,8,0,0,0,0
6255,balanced,106255,50,True,6,7,5,10,2,1,1,1,157,217,13,12,4,4,0,0,0,0
6256,balanced,106256,25,False,1,6,0,7,0,0,0,0,55,73,7,6,1,1,0,0,0,0
6257,balanced,106257,50,True,23,23,104,104,11,5,6,6,246,631,30,28,29,29,0,0,0,0
6258,balanced,106258,13,False,1,5,0,7,0,0,0,0,26,31,3,2,1,1,0,0,0,0
6259,balanced,106259,26,False,1,6,0,8,1,0,1,1,49,69,7,6,2,2,0,0,0,0
6260,balanced,106260,22,False,1,6,0,7,0,0,0,0,50,54,5,4,1,1,0,0,0,0
6261,balanced,106261,12,False,0,5,0,7,0,0,0,0,20,21,2,2,1,1,0,0,0,0
6262,balanced,106262,28,False,0,6,0,7,0,0,0,0,69,88,5,5,1,1,0,0,0,0
6263,balanced,106263,21,False,1,7,0,9,0,0,0,0,52,65,6,5,2,2,0,0,0,0
6264,balanced,106264,50,True,19,19,24,43,6,3,3,3,196,417,25,22,19,19,0,0,0,0
6265,balanced,106265,14,False,1,5,0,7,0,0,0,0,20,26,4,3,0,0,0,0,0,0
6266,balanced,106266,50,True,15,15,10,18,8,4,4,4,170,323,23,21,10,10,0,0,0,0
6267,balanced,106267,50,True,13,14,1,13,7,3,4,4,167,308,24,22,8,8,0,0,0,0
6268,balanced,106268,50,True,23,23,12,46,8,7,1,1,216,440,27,25,23,23,0,0,0,0
6269,balanced,106269,50,True,30,30,144,174,9,6,3,3,212,750,33,30,51,51,0,0,0,0
6270,balanced,106270,50,True,25,25,48,73,8,5,3,3,198,556,30,27,31,31,0,0,0,0
6271,balanced,106271,50,True,1,5,13,13,0,0,0,0,84,123,7,7,3,3,0,0,0,0
6272,balanced,106272,50,True,23,23,46,69,10,6,4,4,200,514,29,26,27,27,0,0,0,0
6273,balanced,106273,50,True,1,5,11,13,0,0,0,0,75,113,6,6,3,3,0,0,0,0
6274,balanced,106274,36,False,1,6,0,8,0,0,0,0,77,110,8,7,2,2,0,0,0,0
6275,balanced,106275,50,True,1,7,12,12,0,0,0,0,95,119,6,6,2,2,0,0,0,0
6276,balanced,106276,50,True,1,7,10,10,0,0,0,0,98,124,7,7,1,1,0,0,0,0
6277,balanced,106277,50,True,23,23,2,70,7,6,1,1,190,465,26,23,30,30,0,0,0,0
6278,balanced,106278,50,True,12,13,5,16,5,1,4,4,192,357,21,19,10,10,0,0,0,0
6279,balanced,106279,50,True,19,19,28,47,7,5,2,2,170,387,23,21,18,18,0,0,0,0
6280,balanced,106280,11,False,1,5,0,7,0,0,0,0,17,21,3,2,0,0,0,0,0,0
6281,balanced,106281,20,False,1,5,0,7,0,0,0,0,33,39,5,4,0,0,0,0,0,0
6282,balanced,106282,26,False,0,7,0,7,1,0,1,1,49,76,6,6,2,2,0,0,0,0
6283,balanced,106283,50,True,1,6,9,9,1,0,1,1,71,83,3,3,1,1,0,0,0,0
6284,balanced,106284,50,True,34,34,87,154,11,8,3,3,218,822,36,33,65,65,0,0,0,0
6285,balanced,106285,50,True,14,14,2,18,5,3,2,2,179,314,22,19,7,7,0,0,0,0
6286,balanced,106286,50,True,29,29,96,125,10,6,4,4,213,681,33,30,46,46,0,0,0,0
6287,balanced,106287,42,False,0,7,0,7,1,1,0,0,127,158,10,10,1,1,0,0,0,0
6288,balanced,106288,50,True,10,11,6,12,6,2,4,4,151,275,19,17,8,8,0,0,0,0
6289,balanced,106289,50,True,5,6,2,10,0,0,0,0,128,196,12,11,5,5,0,0,0,0
6290,balanced,106290,17,False,1,6,0,7,1,1,0,0,45,45,4,3,1,1,0,0,0,0
6291,balanced,106291,13,False,1,6,0,7,0,0,0,0,24,32,4,3,0,0,0,0,0,0
6292,balanced,106292,24,False,0,7,0,9,1,1,0,0,70,68,6,6,1,1,0,0,0,0
6293,balanced,106293,50,True,9,10,0,13,3,2,1,1,179,282,18,16,6,6,0,0,0,0
6294,balanced,106294,50,True,10,10,7,11,2,2,0,0,145,244,16,15,7,7,0,0,0,0
6295,balanced,106295,50,True,2,8,2,8,2,2,0,0,150,181,13,13,2,2,0,0,0,0
6296,balanced,106296,32,False,1,6,0,7,1,1,0,0,86,104,9,8,1,1,0,0,0,0
6297,balanced,106297,50,True,9,9,3,12,3,3,0,0,163,247,17,15,9,9,0,0,0,0
6298,balanced,106298,50,True,16,16,31,31,8,4,4,4,212,401,23,21,11,11,0,0,0,0
6299,balanced,106299,50,True,1,8,8,9,2,1,1,1,136,175,9,9,3,3,0,0,0,0
6300,balanced,106300,50,True,27,27,87,114,7,4,3,3,198,641,30,27,41,41,0,0,0,0
6301,balanced,106301,12,False,1,5,0,7,0,0,0,0,23,24,3,2,0,0,0,0,0,0
6302,balanced,106302,50,True,28,29,93,93,15,12,3,3,217,535,33,30,30,30,0,0,0,0
6303,balanced,106303,50,True,6,7,0,8,1,0,1,1,169,247,16,14,5,5,0,0,0,0
6304,balanced,106304,50,True,13,13,15,15,6,1,5,5,257,411,21,19,7,7,0,0,0,0
6305,balanced,106305,50,True,11,11,8,13,11,6,5,5,224,353,22,20,6,6,0,0,0,0
6306,balanced,106306,16,False,1,6,0,7,0,0,0,0,35,41,4,3,2,2,0,0,0,0
6307,balanced,106307,17,False,0,6,0,7,1,0,1,1,31,40,3,3,0,0,0,0,0,0
6308,balanced,106308,50,True,16,16,8,24,10,4,6,6,203,416,25,23,13,13,0,0,0,0
6309,balanced,106309,50,True,1,6,15,15,1,0,1,1,73,98,4,4,2,2,0,0,0,0
6310,balanced,106310,9,False,1,5,0,7,0,0,0,0,18,18,2,1,0,0,0,0,0,0
6311,balanced,106311,11,False,0,5,0,7,0,0,0,0,25,23,2,2,0,0,0,0,0,0
6312,balanced,106312,33,False,1,7,0,8,0,0,0,0,93,129,10,9,2,2,0,0,0,0
6313,balanced,106313,50,True,15,15,13,18,6,3,3,3,188,354,23,21,8,8,0,0,0,0
6314,balanced,106314,50,True,9,9,1,11,1,0,1,1,167,274,20,19,7,7,0,0,0,0
6315,balanced,106315,50,True,16,16,12,17,8,3,5,5,254,428,24,23,12,12,0,0,0,0
6316,balanced,106316,16,False,0,6,0,8,0,0,0,0,47,44,3,3,0,0,0,0,0,0
6317,balanced,106317,50,True,11,11,4,15,4,2,2,2,199,325,19,18,10,10,0,0,0,0
6318,balanced,106318,50,True,6,8,0,8,4,3,1,1,175,245,14,13,5,5,0,0,0,0
6319,balanced,106319,50,True,10,10,12,12,7,3,4,4,207,327,19,18,5,5,0,0,0,0
6320,balanced,106320,50,True,3,7,2,8,1,1,0,0,145,197,14,13,3,3,0,0,0,0
6321,balanced,106321,50,True,13,13,9,22,6,4,2,2,219,339,22,20,9,9,0,0,0,0
6322,balanced,106322,50,True,1,6,7,8,1,0,1,1,69,82,3,3,1,1,0,0,0,0
6323,balanced,106323,20,False,0,7,0,7,0,0,0,0,61,63,6,6,0,0,0,0,0,0
6324,balanced,106324,50,True,1,5,12,12,0,0,0,0,67,82,3,3,1,1,0,0,0,0
6325,balanced,106325,50,True,18,18,14,32,7,5,2,2,170,368,25,22,17,17,0,0,0,0
6326,balanced,106326,28,False,0,7,0,7,2,0,2,2,74,93,5,5,1,1,0,0,0,0
6327,balanced,106327,50,True,5,8,1,8,1,1,0,0,160,240,17,15,7,7,0,0,0,0
6328,balanced,106328,44,False,1,7,0,9,0,0,0,0,105,146,12,11,3,3,0,0,0,0
6329,balanced,106329,33,False,1,7,0,10,0,0,0,0,88,110,8,7,2,2,0,0,0,0
6330,balanced,106330,23,False,1,8,0,7,2,1,1,1,69,77,7,6,0,0,0,0,0,0
6331,balanced,106331,50,True,6,9,0,11,7,3,4,4,171,271,19,17,9,9,0,0,0,0
6332,balanced,106332,50,True,13,13,20,20,7,4,3,3,160,321,22,20,11,11,0,0,0,0
6333,balanced,106333,50,True,14,14,0,19,6,2,4,4,180,329,21,19,8,8,0,0,0,0
6334,balanced,106334,50,True,5,7,3,12,1,1,0,0,157,223,13,12,4,4,0,0,0,0
6335,balanced,106335,50,True,1,5,10,11,0,0,0,0,56,66,2,2,0,0,0,0,0,0
6336,balanced,106336,27,False,1,6,0,7,0,0,0,0,57,65,6,5,1,1,0,0,0,0
6337,balanced,106337,50,True,10,10,8,18,3,0,3,3,169,316,19,17,11,11,0,0,0,0
6338,balanced,106338,25,False,0,5,0,7,0,0,0,0,52,67,6,6,0,0,0,0,0,0
6339,balanced,106339,50,True,10,12,0,13,9,5,4,4,223,355,23,20,7,7,0,0,0,0
6340,balanced,106340,50,True,1,6,5,7,0,0,0,0,85,89,3,3,1,1,0,0,0,0
6341,balanced,106341,50,True,23,23,48,48,12,7,5,5,224,491,30,27,22,22,0,0,0,0
6342,balanced,106342,19,False,0,5,0,8,0,0,0,0,41,45,4,4,0,0,0,0,0,0
6343,balanced,106343,28,False,1,6,0,7,0,0,0,0,55,72,7,6,1,1,0,0,0,0
6344,balanced,106344,50,True,38,38,88,204,11,9,2,2,197,842,38,35,82,82,0,0,0,0
6345,balanced,106345,50,True,26,26,135,135,9,6,3,3,232,675,28,25,35,35,0,0,0,0
6346,balanced,106346,50,True,11,11,3,18,2,0,2,2,149,277,19,17,9,9,0,0,0,0
6347,balanced,106347,50,True,1,6,8,9,0,0,0,0,80,98,4,4,1,1,0,0,0,0
6348,balanced,106348,11,False,1,5,0,7,0,0,0,0,21,24,3,2,0,0,0,0,0,0
6349,balanced,106349,50,True,13,14,5,22,8,2,6,6,172,373,24,21,17,17,0,0,0,0
6350,balanced,106350,31,False,0,6,0,7,1,0,1,1,66,93,7,7,2,2,0,0,0,0
6351,balanced,106351,50,True,16,16,19,35,6,4,2,2,232,416,23,20,14,14,0,0,0,0
6352,balanced,106352,27,False,1,6,0,7,2,0,2,2,54,88,7,6,2,2,0,0,0,0
6353,balanced,106353,31,False,0,7,0,7,2,1,1,1,96,114,8,8,0,0,0,0,0,0
6354,balanced,106354,50,True,16,17,3,23,6,1,5,5,275,480,25,22,14,14,0,0,0,0
6355,balanced,106355,50,True,19,19,1,38,9,6,3,3,212,424,25,22,20,20,0,0,0,0
6356,balanced,106356,16,False,1,5,0,7,0,0,0,0,31,38,4,3,1,1,0,0,0,0
6357,balanced,106357,50,True,22,22,83,105,6,4,2,2,183,571,26,24,36,36,0,0,0,0
6358,balanced,106358,38,False,1,9,0,10,2,1,1,1,148,187,10,9,3,3,0,0,0,0
6359,balanced,106359,50,True,1,5,8,9,0,0,0,0,55,64,2,2,0,0,0,0,0,0
6360,balanced,106360,50,True,9,9,3,12,4,4,0,0,161,258,19,17,6,6,0,0,0,0
6361,balanced,106361,21,False,1,7,0,7,0,0,0,0,58,57,5,4,1,1,0,0,0,0
6362,balanced,106362,15,False,1,6,0,7,1,0,1,1,38,44,4,3,0,0,0,0,0,0
6363,balanced,106363,50,True,8,10,6,16,8,4,4,4,186,294,21,19,8,8,0,0,0,0
6364,balanced,106364,24,False,1,5,0,7,0,0,0,0,51,76,6,5,2,2,0,0,0,0
6365,balanced,106365,50,True,7,7,0,9,3,1,2,2,164,251,16,15,4,4,0,0,0,0
6366,balanced,106366,50,True,28,28,28,83,11,7,4,4,222,591,33,30,35,35,0,0,0,0
6367,balanced,106367,50,True,18,18,5,23,3,2,1,1,219,419,25,22,16,16,0,0,0,0
6368,balanced,106368,50,True,27,27,3,56,11,8,3,3,205,460,32,29,32,32,0,0,0,0
6369,balanced,106369,50,True,16,16,23,23,10,5,5,5,208,400,26,24,9,9,0,0,0,0
6370,balanced,106370,39,False,1,8,0,7,2,2,0,0,113,140,9,8,1,1,0,0,0,0
6371,balanced,106371,17,False,0,6,0,7,0,0,0,0,49,45,3,3,1,1,0,0,0,0
6372,balanced,106372,50,True,26,26,102,102,6,4,2,2,218,619,30,27,32,32,0,0,0,0
6373,balanced,106373,50,True,17,17,2,21,7,4,3,3,183,364,26,23,14,14,0,0,0,0
6374,balanced,106374,29,False,0,7,0,7,2,0,2,2,65,94,7,7,3,3,0,0,0,0
6375,balanced,106375,50,True,26,26,29,69,4,3,1,1,187,505,29,26,39,39,0,0,0,0
6376,balanced,106376,35,False,1,7,0,8,0,0,0,0,101,125,8,7,3,3,0,0,0,0
6377,balanced,106377,25,False,1,7,0,9,0,0,0,0,56,73,8,7,2,2,0,0,0,0
6378,balanced,106378,28,False,1,6,0,7,0,0,0,0,61,72,5,4,3,3,0,0,0,0
6379,balanced,106379,50,True,11,11,4,15,7,3,4,4,201,330,20,18,7,7,0,0,0,0
6380,balanced,106380,50,True,18,19,31,35,9,4,5,5,210,472,25,23,24,24,0,0,0,0
6381,balanced,106381,38,False,1,7,0,8,2,1,1,1,116,154,11,10,1,1,0,0,0,0
6382,balanced,106382,50,True,15,15,9,17,8,2,6,6,209,370,24,22,6,6,0,0,0,0
6383,balanced,106383,50,True,31,31,126,126,17,10,7,7,181,620,37,34,41,41,0,0,0,0
6384,balanced,106384,50,True,27,27,62,89,8,5,3,3,232,598,30,28,31,31,0,0,0,0
6385,balanced,106385,30,False,1,6,0,7,0,0,0,0,73,98,7,6,1,1,0,0,0,0
6386,balanced,106386,27,False,1,8,0,9,0,0,0,0,77,94,8,7,2,2,0,0,0,0
6387,balanced,106387,29,False,1,7,0,7,2,2,0,0,75,102,9,8,2,2,0,0,0,0
6388,balanced,106388,50,True,6,8,3,9,1,0,1,1,130,222,16,15,5,5,0,0,0,0
6389,balanced,106389,50,True,9,9,12,12,2,0,2,2,181,287,17,16,7,7,0,0,0,0
6390,balanced,106390,50,True,26,26,126,126,7,3,4,4,240,674,29,27,32,32,0,0,0,0
6391,balanced,106391,50,True,22,22,56,56,8,5,3,3,189,435,26,24,21,21,0,0,0,0
6392,balanced,106392,50,True,26,27,121,121,6,3,3,3,235,724,30,27,44,44,0,0,0,0
6393,balanced,106393,50,True,19,19,48,49,7,5,2,2,206,468,24,21,23,23,0,0,0,0
6394,balanced,106394,50,True,13,13,9,22,5,1,4,4,164,338,21,19,9,9,0,0,0,0
6395,balanced,106395,50,True,21,21,13,54,4,1,3,3,181,493,27,24,34,34,0,0,0,0
6396,balanced,106396,50,True,18,19,30,33,9,6,3,3,248,464,25,22,19,19,0,0,0,0
6397,balanced,106397,13,False,1,5,0,7,0,0,0,0,21,25,3,2,1,1,0,0,0,0
6398,balanced,106398,50,True,26,26,43,69,12,6,6,6,249,623,30,28,31,31,0,0,0,0
6399,balanced,106399,50,True,28,28,68,123,8,6,2,2,204,621,32,30,40,40,0,0,0,0
6400,balanced,106400,50,True,8,9,6,13,5,4,1,1,210,316,18,16,6,6,0,0,0,0
6401,balanced,106401,50,True,1,5,5,11,0,0,0,0,65,68,2,2,0,0,0,0,0,0
6402,balanced,106402,50,True,18,19,50,50,8,1,7,7,214,536,27,24,23,23,0,0,0,0
6403,balanced,106403,31,False,1,8,0,16,1,1,0,0,90,114,7,6,4,4,0,0,0,0
6404,balanced,106404,50,True,10,11,9,15,6,4,2,2,169,280,18,16,7,7,0,0,0,0
6405,balanced,106405,21,False,1,7,0,7,2,1,1,1,52,69,6,5,1,1,0,0,0,0
6406,balanced,106406,50,True,7,8,4,12,3,2,1,1,168,245,18,17,3,3,0,0,0,0
6407,balanced,106407,50,True,16,16,22,22,14,7,7,7,214,368,25,24,11,11,0,0,0,0
6408,balanced,106408,24,False,1,5,0,8,0,0,0,0,42,61,7,6,2,2,0,0,0,0
6409,balanced,106409,50,True,11,11,6,16,5,2,3,3,179,301,19,17,6,6,0,0,0,0
6410,balanced,106410,50,True,16,16,20,25,8,4,4,4,192,389,25,23,13,13,0,0,0,0
6411,balanced,106411,50,True,26,26,21,96,6,3,3,3,198,602,29,26,43,43,0,0,0,0
6412,balanced,106412,50,True,1,6,4,7,0,0,0,0,77,88,4,4,0,0,0,0,0,0
6413,balanced,106413,50,True,27,27,50,77,8,5,3,3,175,497,32,29,39,39,0,0,0,0
6414,balanced,106414,50,True,19,19,37,37,10,5,5,5,231,439,28,26,16,16,0,0,0,0
6415,balanced,106415,50,True,1,6,14,14,1,0,1,1,78,119,6,6,3,3,0,0,0,0
6416,balanced,106416,50,True,7,8,6,11,3,0,3,3,174,272,15,13,6,6,0,0,0,0
6417,balanced,106417,22,False,0,6,0,7,0,0,0,0,54,52,4,4,0,0,0,0,0,0
6418,balanced,106418,50,True,6,9,0,12,3,1,2,2,172,260,18,16,6,6,0,0,0,0
6419,balanced,106419,50,True,14,14,18,22,6,2,4,4,188,378,24,21,15,15,0,0,0,0
6420,balanced,106420,50,True,9,9,2,9,3,2,1,1,170,258,16,14,5,5,0,0,0,0
6421,balanced,106421,50,True,17,17,22,39,5,4,1,1,166,342,22,19,18,18,0,0,0,0
6422,balanced,106422,50,True,25,25,70,95,8,4,4,4,234,647,30,27,34,34,0,0,0,0
6423,balanced,106423,31,False,0,7,0,7,3,2,1,1,76,99,5,5,2,2,0,0,0,0
6424,balanced,106424,50,True,18,18,10,31,5,5,0,0,174,331,22,20,18,18,0,0,0,0
6425,balanced,106425,14,False,0,6,0,7,0,0,0,0,41,37,3,3,0,0,0,0,0,0
6426,balanced,106426,50,True,13,13,11,14,6,3,3,3,155,300,20,18,10,10,0,0,0,0
6427,balanced,106427,50,True,14,15,25,27,4,3,1,1,192,341,21,19,13,13,0,0,0,0
6428,balanced,106428,50,True,1,7,11,11,2,1,1,1,97,123,6,6,2,2,0,0,0,0
6429,balanced,106429,20,False,1,6,0,7,1,0,1,1,48,67,6,5,1,1,0,0,0,0
6430,balanced,106430,26,False,1,5,0,7,0,0,0,0,49,67,6,5,1,1,0,0,0,0
6431,balanced,106431,13,False,0,5,0,7,0,0,0,0,32,27,2,2,0,0,0,0,0,0
6432,balanced,106432,50,True,38,38,9,222,10,8,2,2,174,842,39,36,89,89,0,0,0,0
6433,balanced,106433,50,True,1,8,9,9,1,1,0,0,102,113,6,6,1,1,0,0,0,0
6434,balanced,106434,22,False,1,6,0,10,0,0,0,0,47,67,6,5,2,2,0,0,0,0
6435,balanced,106435,50,True,19,19,18,27,6,4,2,2,179,378,25,23,18,18,0,0,0,0
6436,balanced,106436,29,False,1,8,0,8,1,1,0,0,93,98,8,7,2,2,0,0,0,0
6437,balanced,106437,26,False,1,6,0,7,0,0,0,0,57,76,7,6,2,2,0,0,0,0
6438,balanced,106438,50,True,11,11,15,15,4,3,1,1,143,263,18,16,8,8,0,0,0,0
6439,balanced,106439,27,False,0,7,0,11,0,0,0,0,64,82,7,7,3,3,0,0,0,0
6440,balanced,106440,50,True,1,5,8,8,0,0,0,0,67,81,3,3,1,1,0,0,0,0
6441,balanced,106441,50,True,10,10,13,13,6,3,3,3,185,307,19,18,6,6,0,0,0,0
6442,balanced,106442,26,False,0,7,0,7,1,0,1,1,73,91,6,6,1,1,0,0,0,0
6443,balanced,106443,50,True,31,31,47,83,8,6,2,2,217,607,32,29,44,44,0,0,0,0
6444,balanced,106444,50,True,19,19,31,31,4,3,1,1,183,395,23,21,15,15,0,0,0,0
6445,balanced,106445,27,False,1,7,0,7,0,0,0,0,72,101,9,8,2,2,0,0,0,0
6446,balanced,106446,10,False,1,5,0,7,0,0,0,0,13,18,3,2,0,0,0,0,0,0
6447,balanced,106447,32,False,1,8,0,7,1,0,1,1,92,116,9,8,1,1,0,0,0,0
6448,balanced,106448,25,False,1,5,0,8,1,0,1,1,43,68,7,6,1,1,0,0,0,0
6449,balanced,106449,15,False,1,5,0,7,1,0,1,1,26,39,4,3,1,1,0,0,0,0
6450,balanced,106450,24,False,1,5,0,7,1,0,1,1,41,66,6,5,1,1,0,0,0,0
6451,balanced,106451,23,False,1,6,0,7,0,0,0,0,59,71,5,4,1,1,0,0,0,0
6452,balanced,106452,25,False,1,7,0,7,0,0,0,0,66,77,6,5,1,1,0,0,0,0
6453,balanced,106453,11,False,1,5,0,7,0,0,0,0,25,25,3,2,0,0,0,0,0,0
6454,balanced,106454,29,False,1,7,0,10,0,0,0,0,72,99,9,8,3,3,0,0,0,0
6455,balanced,106455,50,True,1,7,5,9,0,0,0,0,95,108,6,6,0,0,0,0,0,0
6456,balanced,106456,50,True,10,10,13,17,6,3,3,3,172,280,19,18,6,6,0,0,0,0
6457,balanced,106457,26,False,0,7,0,7,1,0,1,1,66,77,6,6,1,1,0,0,0,0
6458,balanced,106458,50,True,13,13,20,20,6,2,4,4,193,337,22,20,5,5,0,0,0,0
6459,balanced,106459,50,True,1,6,9,10,1,1,0,0,88,109,6,6,3,3,0,0,0,0
6460,balanced,106460,50,True,1,7,13,14,2,1,1,1,95,127,5,5,1,1,0,0,0,0
6461,balanced,106461,27,False,0,5,0,8,0,0,0,0,53,68,6,6,1,1,0,0,0,0
6462,balanced,106462,24,False,0,6,0,7,0,0,0,0,53,64,5,5,1,1,0,0,0,0
6463,balanced,106463,50,True,21,21,34,75,10,5,5,5,176,473,29,26,30,30,0,0,0,0
6464,balanced,106464,50,True,27,27,31,84,7,5,2,2,252,534,32,30,31,31,0,0,0,0
6465,balanced,106465,50,True,11,11,6,18,5,2,3,3,170,325,22,20,10,10,0,0,0,0
6466,balanced,106466,50,True,1,6,12,12,1,0,1,1,78,106,5,5,1,1,0,0,0,0
6467,balanced,106467,50,True,1,5,16,17,0,0,0,0,68,103,5,5,2,2,0,0,0,0
6468,balanced,106468,50,True,24,24,15,86,5,3,2,2,168,483,30,27,35,35,0,0,0,0
6469,balanced,106469,50,True,23,23,52,52,8,5,3,3,198,459,28,25,28,28,0,0,0,0
6470,balanced,106470,50,True,6,8,1,9,2,1,1,1,171,236,14,14,4,4,0,0,0,0
6471,balanced,106471,39,False,0,6,0,7,1,1,0,0,91,122,8,8,2,2,0,0,0,0
6472,balanced,106472,50,True,1,5,7,7,0,0,0,0,67,81,4,4,1,1,0,0,0,0
6473,balanced,106473,22,False,1,6,0,7,0,0,0,0,42,51,5,4,1,1,0,0,0,0
6474,balanced,106474,50,True,16,16,8,15,6,2,4,4,190,385,24,22,13,13,0,0,0,0
6475,balanced,106475,31,False,1,6,0,7,0,0,0,0,64,83,8,7,2,2,0,0,0,0
6476,balanced,106476,50,True,15,15,24,24,7,3,4,4,195,385,22,20,11,11,0,0,0,0
6477,balanced,106477,21,False,0,6,0,7,1,0,1,1,45,61,5,5,1,1,0,0,0,0
6478,balanced,106478,50,True,8,10,0,11,5,2,3,3,181,296,19,18,6,6,0,0,0,0
6479,balanced,106479,15,False,1,7,0,7,1,0,1,1,43,54,4,3,0,0,0,0,0,0
6480,balanced,106480,50,True,11,11,12,14,2,1,1,1,163,295,19,17,8,8,0,0,0,0
6481,balanced,106481,37,False,1,9,0,7,1,1,0,0,109,115,11,10,2,2,0,0,0,0
6482,balanced,106482,50,True,32,32,1,153,8,5,3,3,197,702,34,31,66,66,0,0,0,0
6483,balanced,106483,50,True,17,17,15,32,8,6,2,2,192,361,24,21,15,15,0,0,0,0
6484,balanced,106484,50,True,12,12,17,17,4,3,1,1,164,299,20,18,8,8,0,0,0,0
6485,balanced,106485,45,False,1,7,0,9,0,0,0,0,138,180,12,11,2,2,0,0,0,0
6486,balanced,106486,50,True,27,27,25,52,12,7,5,5,198,482,33,30,30,30,0,0,0,0
6487,balanced,106487,50,True,6,6,3,8,2,1,1,1,147,217,14,13,6,6,0,0,0,0
6488,balanced,106488,50,True,19,19,9,35,4,3,1,1,201,417,24,22,18,18,0,0,0,0
6489,balanced,106489,50,True,1,8,5,10,1,0,1,1,100,117,7,7,1,1,0,0,0,0
6490,balanced,106490,50,True,7,8,3,15,3,1,2,2,141,238,17,15,6,6,0,0,0,0
6491,balanced,106491,50,True,1,7,3,7,1,0,1,1,118,153,9,9,1,1,0,0,0,0
6492,balanced,106492,50,True,12,12,14,16,5,4,1,1,152,302,21,19,12,12,0,0,0,0
6493,balanced,106493,39,False,1,6,0,11,1,1,0,0,81,109,10,9,4,4,0,0,0,0
6494,balanced,106494,50,True,3,9,0,9,0,0,0,0,159,200,15,14,4,4,0,0,0,0
6495,balanced,106495,50,True,1,7,9,9,2,1,1,1,98,121,6,6,2,2,0,0,0,0
6496,balanced,106496,50,True,14,14,0,21,4,4,0,0,187,324,21,18,14,14,0,0,0,0
6497,balanced,106497,50,True,20,20,38,38,6,4,2,2,211,448,25,23,22,22,0,0,0,0
6498,balanced,106498,50,True,1,6,10,10,0,0,0,0,75,78,2,2,0,0,0,0,0,0
6499,balanced,106499,50,True,22,22,8,51,10,4,6,6,211,468,31,28,22,22,0,0,0,0
6500,balanced,106500,50,True,7,8,8,9,3,1,2,2,147,237,16,15,5,5,0,0,0,0
6501,balanced,106501,30,False,1,8,0,7,2,1,1,1,91,110,8,7,2,2,0,0,0,0
6502,balanced,106502,17,False,0,5,0,7,0,0,0,0,31,34,3,3,1,1,0,0,0,0
6503,balanced,106503,20,False,1,6,0,7,0,0,0,0,60,64,4,3,1,1,0,0,0,0
6504,balanced,106504,50,True,24,24,21,92,9,7,2,2,187,491,29,26,37,37,0,0,0,0
6505,balanced,106505,17,False,1,6,0,7,1,1,0,0,40,47,5,4,1,1,0,0,0,0
6506,balanced,106506,23,False,0,6,0,7,2,1,1,1,52,61,5,5,1,1,0,0,0,0
6507,balanced,106507,50,True,21,21,14,55,7,6,1,1,207,425,25,23,25,25,0,0,0,0
6508,balanced,106508,23,False,1,5,0,7,0,0,0,0,48,60,5,4,1,1,0,0,0,0
6509,balanced,106509,50,True,17,17,7,24,10,5,5,5,211,403,26,23,15,15,0,0,0,0
6510,balanced,106510,23,False,1,6,0,7,1,0,1,1,43,59,4,3,1,1,0,0,0,0
6511,balanced,106511,50,True,26,26,24,82,11,6,5,5,198,590,33,30,41,41,0,0,0,0
6512,balanced,106512,50,True,18,18,21,22,8,3,5,5,280,461,26,24,8,8,0,0,0,0
6513,balanced,106513,36,False,0,6,0,9,0,0,0,0,76,93,7,7,1,1,0,0,0,0
6514,balanced,106514,50,True,24,24,64,64,10,5,5,5,186,535,30,27,32,32,0,0,0,0
6515,balanced,106515,42,False,1,7,0,8,1,1,0,0,92,138,12,11,3,3,0,0,0,0
6516,balanced,106516,50,True,16,16,17,26,7,2,5,5,202,405,25,22,12,12,0,0,0,0
6517,balanced,106517,18,False,1,5,0,7,0,0,0,0,34,49,4,3,1,1,0,0,0,0
6518,balanced,106518,50,True,9,10,10,10,4,0,4,4,163,294,20,18,6,6,0,0,0,0
6519,balanced,106519,50,True,10,10,20,20,8,4,4,4,187,294,20,19,6,6,0,0,0,0
6520,balanced,106520,26,False,0,6,0,7,0,0,0,0,53,58,4,4,1,1,0,0,0,0
6521,balanced,106521,18,False,1,5,0,7,0,0,0,0,31,47,5,4,1,1,0,0,0,0
6522,balanced,106522,26,False,0,5,0,7,0,0,0,0,35,48,4,4,0,0,0,0,0,0
6523,balanced,106523,50,True,23,23,16,61,8,4,4,4,183,465,29,26,26,26,0,0,0,0
6524,balanced,106524,50,True,28,28,34,89,11,6,5,5,213,640,33,31,41,41,0,0,0,0
6525,balanced,106525,50,True,21,21,18,46,6,4,2,2,206,454,27,24,21,21,0,0,0,0
6526,balanced,106526,30,False,1,7,0,7,0,0,0,0,74,94,8,7,1,1,0,0,0,0
6527,balanced,106527,50,True,18,18,4,24,6,4,2,2,204,399,25,22,17,17,0,0,0,0
6528,balanced,106528,50,True,13,13,15,19,5,4,1,1,171,321,21,18,9,9,0,0,0,0
6529,balanced,106529,50,True,27,27,133,133,3,2,1,1,241,713,29,27,30,30,0,0,0,0
6530,balanced,106530,27,False,1,7,0,9,1,0,1,1,63,88,7,6,3,3,0,0,0,0
6531,balanced,106531,21,False,1,6,0,7,0,0,0,0,54,69,5,4,1,1,0,0,0,0
6532,balanced,106532,50,True,34,34,62,161,8,6,2,2,183,706,36,33,58,58,0,0,0,0
6533,balanced,106533,50,True,28,28,77,77,7,7,0,0,207,552,31,28,33,33,0,0,0,0
6534,balanced,106534,27,False,1,7,0,7,1,1,0,0,78,100,7,6,2,2,0,0,0,0
6535,balanced,106535,19,False,1,5,0,7,2,1,1,1,38,45,5,4,1,1,0,0,0,0
6536,balanced,106536,24,False,0,6,0,7,0,0,0,0,48,67,6,6,1,1,0,0,0,0
6537,balanced,106537,50,True,35,35,184,253,10,10,0,0,218,836,35,33,61,61,0,0,0,0
6538,balanced,106538,13,False,1,5,0,7,0,0,0,0,31,27,3,2,1,1,0,0,0,0
6539,balanced,106539,25,False,1,6,0,7,1,1,0,0,54,78,7,6,2,2,0,0,0,0
6540,balanced,106540,25,False,1,6,0,12,0,0,0,0,62,86,7,6,1,1,0,0,0,0
6541,balanced,106541,50,True,27,27,15,93,7,3,4,4,216,620,32,29,40,40,0,0,0,0
6542,balanced,106542,50,True,22,22,44,57,6,4,2,2,243,534,28,25,24,24,0,0,0,0
6543,balanced,106543,34,False,0,5,0,7,0,0,0,0,53,64,5,5,1,1,0,0,0,0
6544,balanced,106544,50,True,29,29,193,222,4,1,3,3,222,861,31,29,56,56,0,0,0,0
6545,balanced,106545,50,True,2,8,1,7,0,0,0,0,144,181,11,11,4,4,0,0,0,0
6546,balanced,106546,50,True,15,15,27,42,7,4,3,3,211,417,23,21,16,16,0,0,0,0
6547,balanced,106547,50,True,19,19,0,37,6,2,4,4,183,406,27,24,21,21,0,0,0,0
6548,balanced,106548,50,True,1,5,4,9,0,0,0,0,72,99,6,6,1,1,0,0,0,0
6549,balanced,106549,36,False,1,7,0,10,1,1,0,0,110,147,10,9,1,1,0,0,0,0
6550,balanced,106550,50,True,15,15,37,37,8,4,4,4,243,452,24,22,17,17,0,0,0,0
6551,balanced,106551,26,False,0,6,0,7,1,0,1,1,53,66,5,5,0,0,0,0,0,0
6552,balanced,106552,50,True,6,7,0,7,3,1,2,2,165,247,16,14,5,5,0,0,0,0
6553,balanced,106553,50,True,14,14,11,25,4,2,2,2,156,297,20,19,10,10,0,0,0,0
6554,balanced,106554,50,True,23,23,70,93,5,2,3,3,223,593,27,25,31,31,0,0,0,0
6555,balanced,106555,50,True,19,19,57,57,11,5,6,6,233,531,27,25,19,19,0,0,0,0
6556,balanced,106556,50,True,15,15,16,27,6,2,4,4,197,388,23,21,12,12,0,0,0,0
6557,balanced,106557,50,True,24,24,53,59,6,5,1,1,171,489,27,24,29,29,0,0,0,0
6558,balanced,106558,50,True,14,15,25,25,11,2,9,9,179,416,25,22,15,15,0,0,0,0
6559,balanced,106559,21,False,1,6,0,7,1,0,1,1,46,65,6,5,1,1,0,0,0,0
6560,balanced,106560,42,False,1,6,0,7,1,0,1,1,110,155,12,11,2,2,0,0,0,0
6561,balanced,106561,50,True,27,27,54,72,10,6,4,4,201,555,31,28,33,33,0,0,0,0
6562,balanced,106562,50,True,10,11,2,16,2,1,1,1,144,277,19,16,9,9,0,0,0,0
6563,balanced,106563,41,False,1,8,0,8,2,1,1,1,113,157,11,10,2,2,0,0,0,0
6564,balanced,106564,30,False,1,7,0,7,2,1,1,1,74,104,9,8,1,1,0,0,0,0
6565,balanced,106565,16,False,0,6,0,7,0,0,0,0,27,29,3,3,0,0,0,0,0,0
6566,balanced,106566,28,False,1,7,0,7,1,0,1,1,76,91,8,7,2,2,0,0,0,0
6567,balanced,106567,50,True,31,31,67,157,5,5,0,0,193,675,32,29,58,58,0,0,0,0
6568,balanced,106568,50,True,1,5,12,13,0,0,0,0,62,74,2,2,0,0,0,0,0,0
6569,balanced,106569,21,False,1,5,0,10,0,0,0,0,38,52,6,5,1,1,0,0,0,0
6570,balanced,106570,22,False,0,5,0,7,1,0,1,1,46,54,3,3,0,0,0,0,0,0
6571,balanced,106571,49,False,0,7,0,7,0,0,0,0,81,88,5,5,1,1,0,0,0,0
6572,balanced,106572,46,False,1,7,0,10,1,0,1,1,87,142,12,11,4,4,0,0,0,0
6573,balanced,106573,50,True,24,24,111,111,12,7,5,5,217,613,30,28,28,28,0,0,0,0
6574,balanced,106574,50,True,17,17,15,32,7,4,3,3,176,401,27,24,20,20,0,0,0,0
6575,balanced,106575,23,False,1,5,0,7,0,0,0,0,52,63,5,4,1,1,0,0,0,0
6576,balanced,106576,23,False,0,5,0,7,0,0,0,0,53,65,4,4,1,1,0,0,0,0
6577,balanced,106577,50,True,17,17,3,36,4,3,1,1,159,346,24,21,19,19,0,0,0,0
6578,balanced,106578,50,True,24,24,26,73,9,1,8,8,205,590,32,29,37,37,0,0,0,0
6579,balanced,106579,37,False,1,7,0,7,1,0,1,1,115,144,11,10,1,1,0,0,0,0
6580,balanced,106580,50,True,21,22,2,33,8,6,2,2,202,453,27,24,25,25,0,0,0,0
6581,balanced,106581,23,False,0,7,0,7,1,0,1,1,53,56,4,4,2,2,0,0,0,0
6582,balanced,106582,50,True,10,10,7,14,6,5,1,1,146,222,17,15,6,6,0,0,0,0
6583,balanced,106583,24,False,1,7,0,7,1,0,1,1,55,73,6,5,2,2,0,0,0,0
6584,balanced,106584,25,False,1,7,0,8,0,0,0,0,63,78,5,4,3,3,0,0,0,0
6585,balanced,106585,50,True,29,29,16,128,7,5,2,2,190,599,31,28,54,54,0,0,0,0
6586,balanced,106586,50,True,34,34,19,86,14,8,6,6,211,612,40,37,47,47,0,0,0,0
6587,balanced,106587,47,False,1,6,0,11,1,0,1,1,116,168,12,11,3,3,0,0,0,0
6588,balanced,106588,14,False,0,6,0,7,0,0,0,0,35,38,3,3,0,0,0,0,0,0
6589,balanced,106589,50,True,28,28,30,111,6,2,4,4,201,668,32,29,54,54,0,0,0,0
6590,balanced,106590,50,True,14,14,22,36,4,3,1,1,158,326,21,19,16,16,0,0,0,0
6591,balanced,106591,12,False,0,5,0,7,1,0,1,1,30,29,2,2,0,0,0,0,0,0
6592,balanced,106592,50,True,25,25,30,59,9,6,3,3,199,493,28,25,30,30,0,0,0,0
6593,balanced,106593,30,False,1,7,0,7,1,0,1,1,63,95,11,10,2,2,0,0,0,0
6594,balanced,106594,50,True,20,21,1,31,12,5,7,7,243,450,27,24,14,14,0,0,0,0
6595,balanced,106595,50,True,19,19,4,33,8,6,2,2,211,423,25,22,17,17,0,0,0,0
6596,balanced,106596,19,False,0,5,0,7,0,0,0,0,33,40,4,4,1,1,0,0,0,0
6597,balanced,106597,50,True,23,23,11,56,5,4,1,1,191,464,28,25,32,32,0,0,0,0
6598,balanced,106598,44,False,1,6,0,10,0,0,0,0,94,144,11,10,3,3,0,0,0,0
6599,balanced,106599,50,True,1,7,9,9,0,0,0,0,105,122,4,4,1,1,0,0,0,0
6600,balanced,106600,50,True,11,13,7,20,5,1,4,4,185,300,20,19,7,7,0,0,0,0
6601,balanced,106601,50,True,16,16,11,27,7,2,5,5,216,418,23,21,17,17,0,0,0,0
6602,balanced,106602,50,True,1,7,12,12,0,0,0,0,102,142,9,9,1,1,0,0,0,0
6603,balanced,106603,50,True,1,5,11,11,1,0,1,1,79,110,5,5,3,3,0,0,0,0
6604,balanced,106604,50,True,11,12,0,14,5,2,3,3,171,303,21,19,6,6,0,0,0,0
6605,balanced,106605,50,True,5,7,0,10,3,2,1,1,133,201,16,15,6,6,0,0,0,0
6606,balanced,106606,50,True,16,16,36,36,4,4,0,0,197,415,23,21,18,18,0,0,0,0
6607,balanced,106607,50,True,20,20,6,45,13,7,6,6,192,405,27,25,21,21,0,0,0,0
6608,balanced,106608,50,True,7,7,4,11,3,2,1,1,145,209,15,13,3,3,0,0,0,0
6609,balanced,106609,50,True,29,29,103,132,6,4,2,2,207,678,31,29,39,39,0,0,0,0
6610,balanced,106610,49,False,1,7,0,7,2,2,0,0,138,179,11,10,2,2,0,0,0,0
6611,balanced,106611,22,False,1,7,0,7,0,0,0,0,58,60,5,4,0,0,0,0,0,0
6612,balanced,106612,50,True,9,10,3,13,8,3,5,5,194,329,20,18,7,7,0,0,0,0
6613,balanced,106613,29,False,1,9,0,8,2,1,1,1,90,115,8,7,2,2,0,0,0,0
6614,balanced,106614,50,True,1,5,11,12,0,0,0,0,65,81,3,3,1,1,0,0,0,0
6615,balanced,106615,50,True,18,18,33,51,4,2,2,2,206,437,25,22,19,19,0,0,0,0
6616,balanced,106616,19,False,0,6,0,7,1,1,0,0,51,47,3,3,0,0,0,0,0,0
6617,balanced,106617,27,False,1,7,0,7,2,1,1,1,66,92,9,8,1,1,0,0,0,0
6618,balanced,106618,50,True,20,20,34,54,9,6,3,3,194,415,26,23,18,18,0,0,0,0
6619,balanced,106619,16,False,1,5,0,7,0,0,0,0,34,45,4,3,1,1,0,0,0,0
6620,balanced,106620,16,False,1,6,0,7,1,1,0,0,37,50,4,3,0,0,0,0,0,0
6621,balanced,106621,50,True,26,26,98,98,8,5,3,3,185,585,30,27,33,33,0,0,0,0
6622,balanced,106622,50,True,20,20,26,47,8,4,4,4,201,465,28,25,25,25,0,0,0,0
6623,balanced,106623,50,True,25,25,31,105,12,5,7,7,187,563,32,29,39,39,0,0,0,0
6624,balanced,106624,50,True,22,22,48,48,9,7,2,2,213,451,28,25,19,19,0,0,0,0
6625,balanced,106625,50,True,10,11,7,18,3,2,1,1,175,290,18,17,8,8,0,0,0,0
6626,balanced,106626,50,True,10,10,4,14,7,3,4,4,204,318,20,18,7,7,0,0,0,0
6627,balanced,106627,50,True,1,8,0,8,3,1,2,2,165,231,15,14,3,3,0,0,0,0
6628,balanced,106628,50,True,19,19,16,40,8,6,2,2,271,491,24,22,20,20,0,0,0,0
6629,balanced,106629,22,False,0,5,0,7,0,0,0,0,30,29,3,3,0,0,0,0,0,0
6630,balanced,106630,50,True,22,22,29,72,9,4,5,5,178,502,28,26,29,29,0,0,0,0
6631,balanced,106631,27,False,0,6,0,9,1,0,1,1,69,85,6,6,1,1,0,0,0,0
6632,balanced,106632,50,True,2,8,2,9,3,2,1,1,159,199,16,16,2,2,0,0,0,0
6633,balanced,106633,13,False,1,5,0,7,0,0,0,0,30,35,3,2,1,1,0,0,0,0
6634,balanced,106634,50,True,17,17,48,48,2,1,1,1,220,439,21,20,15,15,0,0,0,0
6635,balanced,106635,50,True,15,16,18,26,10,4,6,6,180,402,25,22,15,15,0,0,0,0
6636,balanced,106636,50,True,14,14,31,31,3,2,1,1,219,392,21,20,11,11,0,0,0,0
6637,balanced,106637,50,True,14,14,2,17,8,6,2,2,171,272,22,20,6,6,0,0,0,0
6638,balanced,106638,50,True,23,23,50,50,11,9,2,2,233,482,29,26,20,20,0,0,0,0
6639,balanced,106639,50,True,1,5,11,13,0,0,0,0,61,72,2,2,0,0,0,0,0,0
6640,balanced,106640,24,False,1,5,0,7,0,0,0,0,55,72,5,4,0,0,0,0,0,0
6641,balanced,106641,50,True,18,18,20,38,3,3,0,0,181,372,21,19,16,16,0,0,0,0
6642,balanced,106642,50,True,23,23,63,86,9,5,4,4,215,526,29,27,29,29,0,0,0,0
6643,balanced,106643,50,True,18,18,22,23,11,5,6,6,223,456,27,24,17,17,0,0,0,0
6644,balanced,106644,19,False,1,5,0,7,0,0,0,0,32,46,5,4,0,0,0,0,0,0
6645,balanced,106645,50,True,34,34,15,90,12,9,3,3,210,627,36,33,53,53,0,0,0,0
6646,balanced,106646,50,True,1,6,8,8,0,0,0,0,63,73,3,3,0,0,0,0,0,0
6647,balanced,106647,50,True,11,12,5,16,3,1,2,2,190,346,22,19,8,8,0,0,0,0
6648,balanced,106648,50,True,19,19,22,36,3,3,0,0,187,389,24,21,19,19,0,0,0,0
6649,balanced,106649,50,True,10,10,14,14,1,1,0,0,177,272,16,15,7,7,0,0,0,0
6650,balanced,106650,50,True,4,7,0,7,1,0,1,1,139,211,15,13,4,4,0,0,0,0
6651,balanced,106651,50,True,1,6,9,9,0,0,0,0,85,126,9,9,3,3,0,0,0,0
6652,balanced,106652,14,False,0,6,0,7,1,0,1,1,30,35,3,3,0,0,0,0,0,0
6653,balanced,106653,50,True,8,9,3,9,7,5,2,2,167,234,17,16,5,5,0,0,0,0
6654,balanced,106654,50,True,15,15,17,30,2,1,1,1,204,350,20,18,12,12,0,0,0,0
6655,balanced,106655,50,True,1,5,11,11,0,0,0,0,77,103,6,6,1,1,0,0,0,0
6656,balanced,106656,35,False,1,6,0,11,1,0,1,1,80,115,9,8,3,3,0,0,0,0
6657,balanced,106657,50,True,26,26,58,84,8,6,2,2,192,562,30,27,37,37,0,0,0,0
6658,balanced,106658,50,True,17,17,9,26,9,3,6,6,199,404,25,23,17,17,0,0,0,0
6659,balanced,106659,50,True,1,6,2,8,0,0,0,0,92,116,5,5,1,1,0,0,0,0
6660,balanced,106660,50,True,1,5,13,14,0,0,0,0,70,79,3,3,0,0,0,0,0,0
6661,balanced,106661,50,True,12,12,10,16,9,3,6,6,235,405,22,19,9,9,0,0,0,0
6662,balanced,106662,50,True,7,8,0,14,2,1,1,1,143,239,18,16,8,8,0,0,0,0
6663,balanced,106663,50,True,23,23,57,80,9,5,4,4,210,557,28,26,30,30,0,0,0,0
6664,balanced,106664,50,True,15,15,25,26,9,5,4,4,189,358,25,22,12,12,0,0,0,0
6665,balanced,106665,50,True,31,31,70,131,8,5,3,3,196,680,33,30,51,51,0,0,0,0
6666,balanced,106666,34,False,1,5,0,9,1,1,0,0,70,93,10,9,2,2,0,0,0,0
6667,balanced,106667,21,False,1,5,0,7,0,0,0,0,38,54,5,4,2,2,0,0,0,0
6668,balanced,106668,50,True,17,17,5,26,6,2,4,4,200,430,25,22,18,18,0,0,0,0
6669,balanced,106669,50,True,14,16,7,23,11,4,7,7,188,377,25,22,14,14,0,0,0,0
6670,balanced,106670,50,True,26,26,85,111,13,7,6,6,210,594,30,28,30,30,0,0,0,0
6671,balanced,106671,50,True,1,6,17,17,1,0,1,1,79,108,5,5,1,1,0,0,0,0
6672,balanced,106672,17,False,1,6,0,11,1,0,1,1,42,56,5,4,1,1,0,0,0,0
6673,balanced,106673,17,False,0,6,0,7,0,0,0,0,41,48,4,4,0,0,0,0,0,0
6674,balanced,106674,50,True,30,30,147,177,11,5,6,6,198,740,33,31,48,48,0,0,0,0
6675,balanced,106675,50,True,5,7,1,7,2,0,2,2,139,213,13,12,5,5,0,0,0,0
6676,balanced,106676,30,False,0,7,0,7,0,0,0,0,61,85,7,7,2,2,0,0,0,0
6677,balanced,106677,50,True,1,5,7,8,0,0,0,0,87,126,5,5,1,1,0,0,0,0
6678,balanced,106678,28,False,1,6,0,11,0,0,0,0,70,86,8,7,1,1,0,0,0,0
6679,balanced,106679,24,False,1,6,0,10,1,1,0,0,53,73,7,6,1,1,0,0,0,0
6680,balanced,106680,50,True,20,20,49,49,7,6,1,1,196,426,24,22,20,20,0,0,0,0
6681,balanced,106681,26,False,1,6,0,7,0,0,0,0,61,77,6,5,1,1,0,0,0,0
6682,balanced,106682,22,False,0,6,0,7,0,0,0,0,51,58,4,4,0,0,0,0,0,0
6683,balanced,106683,50,True,4,7,0,7,1,0,1,1,125,194,13,12,5,5,0,0,0,0
6684,balanced,106684,50,True,15,15,20,35,6,4,2,2,198,363,24,22,11,11,0,0,0,0
6685,balanced,106685,20,False,0,5,0,7,0,0,0,0,30,38,4,4,1,1,0,0,0,0
6686,balanced,106686,50,True,5,7,2,11,2,2,0,0,148,193,15,14,4,4,0,0,0,0
6687,balanced,106687,50,True,14,15,1,20,8,4,4,4,240,362,23,20,7,7,0,0,0,0
6688,balanced,106688,50,True,18,18,33,33,9,5,4,4,206,426,25,22,19,19,0,0,0,0
6689,balanced,106689,11,False,1,5,0,7,0,0,0,0,17,23,3,2,1,1,0,0,0,0
6690,balanced,106690,50,True,15,15,22,22,4,2,2,2,184,364,20,18,14,14,0,0,0,0
6691,balanced,106691,50,True,28,28,78,78,9,7,2,2,230,603,31,28,35,35,0,0,0,0
6692,balanced,106692,50,True,6,7,10,13,1,1,0,0,152,244,15,15,4,4,0,0,0,0
6693,balanced,106693,43,False,1,7,0,7,2,1,1,1,114,164,12,11,0,0,0,0,0,0
6694,balanced,106694,50,True,14,14,16,31,7,2,5,5,199,395,23,21,12,12,0,0,0,0
6695,balanced,106695,50,True,14,14,19,19,6,3,3,3,173,342,20,19,10,10,0,0,0,0
6696,balanced,106696,50,True,1,5,5,7,0,0,0,0,71,88,5,5,1,1,0,0,0,0
6697,balanced,106697,50,True,1,5,13,14,0,0,0,0,66,76,2,2,1,1,0,0,0,0
6698,balanced,106698,20,False,1,5,0,7,0,0,0,0,35,47,6,5,1,1,0,0,0,0
6699,balanced,106699,50,True,18,19,37,37,8,5,3,3,220,454,27,24,21,21,0,0,0,0
6700,balanced,106700,50,True,1,6,7,8,0,0,0,0,75,86,4,4,1,1,0,0,0,0
6701,balanced,106701,50,True,14,14,8,16,8,5,3,3,186,314,23,21,8,8,0,0,0,0
6702,balanced,106702,50,True,26,26,14,65,8,7,1,1,239,533,31,29,35,35,0,0,0,0
6703,balanced,106703,50,True,13,13,21,21,8,5,3,3,176,314,23,21,11,11,0,0,0,0
6704,balanced,106704,50,True,6,7,9,9,2,0,2,2,150,234,14,14,5,5,0,0,0,0
6705,balanced,106705,50,True,1,6,13,13,1,1,0,0,88,109,6,6,1,1,0,0,0,0
6706,balanced,106706,50,True,27,27,58,72,11,9,2,2,192,497,30,27,36,36,0,0,0,0
6707,balanced,106707,50,True,1,6,9,10,2,1,1,1,88,115,6,6,2,2,0,0,0,0
6708,balanced,106708,50,True,10,10,0,16,6,3,3,3,196,311,18,16,9,9,0,0,0,0
6709,balanced,106709,50,True,34,34,108,142,15,12,3,3,207,652,37,34,48,48,0,0,0,0
6710,balanced,106710,25,False,1,6,0,7,0,0,0,0,47,61,6,5,1,1,0,0,0,0
6711,balanced,106711,27,False,1,6,0,7,0,0,0,0,66,88,6,5,3,3,0,0,0,0
6712,balanced,106712,50,True,10,10,13,18,6,3,3,3,158,269,19,18,5,5,0,0,0,0
6713,balanced,106713,50,True,10,10,8,24,6,2,4,4,192,308,20,17,7,7,0,0,0,0
6714,balanced,106714,50,True,14,14,28,28,7,4,3,3,205,347,20,20,8,8,0,0,0,0
6715,balanced,106715,50,True,9,10,2,12,2,0,2,2,154,255,19,17,9,9,0,0,0,0
6716,balanced,106716,50,True,11,11,8,17,5,2,3,3,253,376,21,19,6,6,0,0,0,0
6717,balanced,106717,50,True,9,9,10,11,5,3,2,2,181,281,17,15,6,6,0,0,0,0
6718,balanced,106718,50,True,20,20,54,54,7,3,4,4,200,513,27,25,22,22,0,0,0,0
6719,balanced,106719,39,False,0,6,0,7,1,1,0,0,80,114,9,9,3,3,0,0,0,0
6720,balanced,106720,50,True,11,11,3,14,4,2,2,2,165,285,19,18,9,9,0,0,0,0
6721,balanced,106721,26,False,0,6,0,10,1,0,1,1,56,73,5,5,1,1,0,0,0,0
6722,balanced,106722,50,True,21,21,51,51,6,5,1,1,229,456,24,22,13,13,0,0,0,0
6723,balanced,106723,18,False,1,6,0,7,2,0,2,2,34,55,5,4,1,1,0,0,0,0
6724,balanced,106724,18,False,1,6,0,7,1,0,1,1,36,51,4,3,2,2,0,0,0,0
6725,balanced,106725,50,True,25,25,94,94,8,6,2,2,196,567,29,26,32,32,0,0,0,0
6726,balanced,106726,44,False,1,7,0,7,1,0,1,1,102,152,12,11,2,2,0,0,0,0
6727,balanced,106727,50,True,2,7,0,11,0,0,0,0,124,175,12,12,3,3,0,0,0,0
6728,balanced,106728,50,True,31,31,38,105,8,5,3,3,206,690,33,30,54,54,0,0,0,0
6729,balanced,106729,50,True,11,11,14,14,3,2,1,1,177,310,18,16,9,9,0,0,0,0
6730,balanced,106730,50,True,21,21,8,37,9,5,4,4,176,406,30,27,23,23,0,0,0,0
6731,balanced,106731,20,False,1,6,0,7,1,0,1,1,42,61,5,4,1,1,0,0,0,0
6732,balanced,106732,50,True,15,15,12,15,5,3,2,2,202,346,21,20,10,10,0,0,0,0
6733,balanced,106733,50,True,11,12,7,16,13,4,9,9,195,360,24,21,8,8,0,0,0,0
6734,balanced,106734,50,True,18,18,6,24,6,3,3,3,184,366,25,22,14,14,0,0,0,0
6735,balanced,106735,33,False,1,6,0,7,0,0,0,0,67,100,9,8,3,3,0,0,0,0
6736,balanced,106736,25,False,0,7,0,7,0,0,0,0,63,54,3,3,0,0,0,0,0,0
6737,balanced,106737,50,True,19,19,44,44,7,4,3,3,173,401,24,22,15,15,0,0,0,0
6738,balanced,106738,17,False,1,6,0,7,0,0,0,0,38,47,4,3,0,0,0,0,0,0
6739,balanced,106739,37,False,1,6,0,11,1,1,0,0,76,121,10,9,3,3,0,0,0,0
6740,balanced,106740,50,True,9,9,6,15,2,0,2,2,129,252,18,16,10,10,0,0,0,0
6741,balanced,106741,50,True,26,26,6,81,8,5,3,3,185,526,30,27,41,41,0,0,0,0
6742,balanced,106742,29,False,0,8,0,7,3,2,1,1,87,120,8,8,1,1,0,0,0,0
6743,balanced,106743,50,True,22,22,76,76,8,6,2,2,197,541,27,25,29,29,0,0,0,0
6744,balanced,106744,50,True,1,6,13,13,0,0,0,0,71,91,4,4,2,2,0,0,0,0
6745,balanced,106745,50,True,10,10,6,20,5,3,2,2,175,307,19,17,9,9,0,0,0,0
6746,balanced,106746,20,False,1,6,0,7,0,0,0,0,43,55,5,4,1,1,0,0,0,0
6747,balanced,106747,36,False,1,6,0,9,0,0,0,0,77,109,9,8,2,2,0,0,0,0
6748,balanced,106748,50,True,1,5,14,14,0,0,0,0,65,91,3,3,1,1,0,0,0,0
6749,balanced,106749,36,False,0,5,0,7,0,0,0,0,67,94,6,6,3,3,0,0,0,0
6750,balanced,106750,50,True,9,9,20,20,2,1,1,1,161,263,19,18,6,6,0,0,0,0
6751,balanced,106751,50,True,1,5,12,13,0,0,0,0,67,78,2,2,0,0,0,0,0,0
6752,balanced,106752,50,True,10,11,9,11,9,3,6,6,209,341,19,18,3,3,0,0,0,0
6753,balanced,106753,50,True,18,18,20,38,11,4,7,7,191,424,29,26,18,18,0,0,0,0
6754,balanced,106754,14,False,0,5,0,7,0,0,0,0,26,26,3,3,1,1,0,0,0,0
6755,balanced,106755,30,False,1,5,0,7,1,1,0,0,58,87,7,6,2,2,0,0,0,0
6756,balanced,106756,50,True,25,25,53,53,10,7,3,3,192,487,30,27,34,34,0,0,0,0
6757,balanced,106757,14,False,1,5,0,7,0,0,0,0,19,28,4,3,0,0,0,0,0,0
6758,balanced,106758,50,True,24,24,45,69,11,10,1,1,198,451,27,24,29,29,0,0,0,0
6759,balanced,106759,49,False,1,8,0,8,6,4,2,2,130,176,15,14,2,2,0,0,0,0
6760,balanced,106760,22,False,0,5,0,7,0,0,0,0,29,44,4,4,1,1,0,0,0,0
6761,balanced,106761,50,True,20,20,33,53,12,5,7,7,191,469,30,27,22,22,0,0,0,0
6762,balanced,106762,50,True,9,9,5,11,5,3,2,2,170,289,19,17,7,7,0,0,0,0
6763,balanced,106763,26,False,1,6,0,7,1,0,1,1,58,81,7,6,3,3,0,0,0,0
6764,balanced,106764,50,True,29,29,108,108,10,6,4,4,200,690,35,32,45,45,0,0,0,0
6765,balanced,106765,50,True,11,11,10,21,4,1,3,3,180,333,19,17,10,10,0,0,0,0
6766,balanced,106766,50,True,32,32,30,93,13,10,3,3,187,601,35,32,50,50,0,0,0,0
6767,balanced,106767,50,True,7,8,4,11,4,2,2,2,182,263,17,17,4,4,0,0,0,0
6768,balanced,106768,28,False,1,5,0,7,0,0,0,0,51,69,7,6,2,2,0,0,0,0
6769,balanced,106769,50,True,12,13,0,14,5,4,1,1,175,290,21,20,8,8,0,0,0,0
6770,balanced,106770,30,False,0,5,0,9,1,1,0,0,63,86,6,6,2,2,0,0,0,0
6771,balanced,106771,30,False,1,6,0,9,1,1,0,0,69,101,7,6,2,2,0,0,0,0
6772,balanced,106772,50,True,19,19,24,33,8,4,4,4,194,415,25,22,18,18,0,0,0,0
6773,balanced,106773,22,False,1,6,0,7,3,1,2,2,49,67,6,5,1,1,0,0,0,0
6774,balanced,106774,50,True,29,29,30,96,9,6,3,3,192,616,32,29,46,46,0,0,0,0
6775,balanced,106775,50,True,19,20,45,50,7,3,4,4,193,484,26,23,22,22,0,0,0,0
6776,balanced,106776,50,True,15,15,23,23,13,6,7,7,167,354,27,25,13,13,0,0,0,0
6777,balanced,106777,25,False,1,7,0,7,2,1,1,1,73,94,8,7,1,1,0,0,0,0
6778,balanced,106778,36,False,1,7,0,7,1,0,1,1,74,110,10,9,2,2,0,0,0,0
6779,balanced,106779,27,False,1,6,0,7,1,0,1,1,56,76,7,6,2,2,0,0,0,0
6780,balanced,106780,50,True,19,19,5,42,9,3,6,6,229,468,26,23,16,16,0,0,0,0
6781,balanced,106781,50,True,21,21,47,47,10,7,3,3,187,413,28,25,17,17,0,0,0,0
6782,balanced,106782,37,False,1,7,0,7,1,1,0,0,78,98,7,6,4,4,0,0,0,0
6783,balanced,106783,50,True,24,24,7,54,8,3,5,5,226,562,29,27,31,31,0,0,0,0
6784,balanced,106784,50,True,12,13,5,17,6,3,3,3,200,339,21,18,11,11,0,0,0,0
6785,balanced,106785,36,False,1,6,0,7,1,1,0,0,79,124,9,8,3,3,0,0,0,0
6786,balanced,106786,50,True,8,10,4,12,3,1,2,2,190,297,17,15,6,6,0,0,0,0
6787,balanced,106787,16,False,0,5,0,7,0,0,0,0,38,35,3,3,0,0,0,0,0,0
6788,balanced,106788,40,False,1,7,0,8,1,0,1,1,86,134,10,9,4,4,0,0,0,0
6789,balanced,106789,50,True,29,29,73,102,13,8,5,5,187,596,33,30,48,48,0,0,0,0
6790,balanced,106790,50,True,1,6,10,10,2,2,0,0,90,114,6,6,2,2,0,0,0,0
6791,balanced,106791,50,True,14,14,13,27,4,3,1,1,181,336,20,18,14,14,0,0,0,0
6792,balanced,106792,50,True,2,8,1,11,2,0,2,2,137,210,14,13,5,5,0,0,0,0
6793,balanced,106793,50,True,1,6,6,11,1,0,1,1,91,133,7,7,2,2,0,0,0,0
6794,balanced,106794,50,True,1,7,7,7,1,0,1,1,87,116,8,8,2,2,0,0,0,0
6795,balanced,106795,50,True,36,36,40,153,11,10,1,1,171,677,36,33,69,69,0,0,0,0
6796,balanced,106796,50,True,11,11,16,16,4,1,3,3,154,304,21,19,10,10,0,0,0,0
6797,balanced,106797,22,False,1,5,0,7,2,0,2,2,36,60,6,5,1,1,0,0,0,0
6798,balanced,106798,50,True,1,5,3,7,0,0,0,0,71,85,4,4,1,1,0,0,0,0
6799,balanced,106799,50,True,8,10,2,12,5,4,1,1,173,254,19,17,6,6,0,0,0,0
6800,balanced,106800,50,True,17,17,7,24,4,3,1,1,181,354,23,20,17,17,0,0,0,0
6801,balanced,106801,50,True,13,13,0,15,3,1,2,2,152,312,22,19,9,9,0,0,0,0
6802,balanced,106802,50,True,1,6,19,19,0,0,0,0,61,84,3,3,1,1,0,0,0,0
6803,balanced,106803,19,False,0,5,0,7,0,0,0,0,36,46,4,4,1,1,0,0,0,0
6804,balanced,106804,50,True,19,19,30,49,5,4,1,1,213,409,24,22,18,18,0,0,0,0
6805,balanced,106805,50,True,25,25,13,62,8,7,1,1,183,459,30,28,30,30,0,0,0,0
6806,balanced,106806,50,True,30,30,32,91,9,7,2,2,187,606,32,29,47,47,0,0,0,0
6807,balanced,106807,23,False,1,6,0,7,0,0,0,0,51,58,6,5,1,1,0,0,0,0
6808,balanced,106808,50,True,5,8,2,10,3,3,0,0,187,248,16,15,5,5,0,0,0,0
6809,balanced,106809,38,False,1,6,0,7,0,0,0,0,97,134,11,10,3,3,0,0,0,0
6810,balanced,106810,50,True,16,16,6,24,8,6,2,2,186,325,23,20,15,15,0,0,0,0
6811,balanced,106811,33,False,0,7,0,8,1,0,1,1,78,88,7,7,0,0,0,0,0,0
6812,balanced,106812,50,True,4,6,0,9,2,1,1,1,114,184,14,13,4,4,0,0,0,0
6813,balanced,106813,15,False,1,6,0,7,0,0,0,0,39,39,4,3,1,1,0,0,0,0
6814,balanced,106814,50,True,1,5,16,16,0,0,0,0,73,93,4,4,1,1,0,0,0,0
6815,balanced,106815,19,False,1,7,0,7,2,0,2,2,49,67,6,5,1,1,0,0,0,0
6816,balanced,106816,50,True,1,6,6,10,0,0,0,0,124,173,11,11,3,3,0,0,0,0
6817,balanced,106817,50,True,1,7,7,10,3,1,2,2,95,138,8,8,2,2,0,0,0,0
6818,balanced,106818,50,True,6,7,0,9,1,0,1,1,158,236,16,15,6,6,0,0,0,0
6819,balanced,106819,50,True,29,29,14,71,8,6,2,2,202,531,31,28,39,39,0,0,0,0
6820,balanced,106820,29,False,1,7,0,7,3,3,0,0,79,93,8,7,1,1,0,0,0,0
6821,balanced,106821,50,True,11,11,6,17,8,5,3,3,211,327,21,19,10,10,0,0,0,0
6822,balanced,106822,50,True,1,7,12,12,1,0,1,1,91,117,6,6,1,1,0,0,0,0
6823,balanced,106823,50,True,15,15,13,28,7,3,4,4,171,363,25,22,12,12,0,0,0,0
6824,balanced,106824,50,True,5,9,3,10,7,3,4,4,196,283,18,18,4,4,0,0,0,0
6825,balanced,106825,50,True,18,18,19,37,3,1,2,2,172,368,22,20,17,17,0,0,0,0
6826,balanced,106826,50,True,12,13,6,16,4,2,2,2,156,303,24,22,9,9,0,0,0,0
6827,balanced,106827,50,True,1,5,13,13,1,0,1,1,80,107,6,6,1,1,0,0,0,0
6828,balanced,106828,36,False,1,6,0,8,1,0,1,1,88,122,9,8,2,2,0,0,0,0
6829,balanced,106829,50,True,34,34,108,175,13,10,3,3,211,766,37,34,60,60,0,0,0,0
6830,balanced,106830,45,False,1,6,0,12,2,2,0,0,104,153,12,11,3,3,0,0,0,0
6831,balanced,106831,50,True,24,24,29,53,14,10,4,4,205,486,31,28,29,29,0,0,0,0
6832,balanced,106832,50,True,19,19,36,55,8,3,5,5,200,470,27,25,21,21,0,0,0,0
6833,balanced,106833,50,True,1,6,4,7,0,0,0,0,67,84,5,5,1,1,0,0,0,0
6834,balanced,106834,50,True,28,28,99,99,11,7,4,4,224,588,32,30,28,28,0,0,0,0
6835,balanced,106835,23,False,1,7,0,7,0,0,0,0,74,85,6,5,0,0,0,0,0,0
6836,balanced,106836,50,True,1,6,2,9,3,1,2,2,110,143,11,11,2,2,0,0,0,0
6837,balanced,106837,23,False,1,5,0,7,0,0,0,0,35,60,6,5,1,1,0,0,0,0
6838,balanced,106838,24,False,0,6,0,7,1,1,0,0,69,82,6,6,1,1,0,0,0,0
6839,balanced,106839,25,False,1,6,0,7,1,1,0,0,61,76,7,6,2,2,0,0,0,0
6840,balanced,106840,50,True,33,33,24,150,8,6,2,2,188,680,34,31,61,61,0,0,0,0
6841,balanced,106841,12,False,1,5,0,7,0,0,0,0,28,26,3,2,0,0,0,0,0,0
6842,balanced,106842,50,True,3,8,3,8,5,1,4,4,135,209,15,15,5,5,0,0,0,0
6843,balanced,106843,50,True,7,8,0,9,4,1,3,3,155,245,18,17,5,5,0,0,0,0
6844,balanced,106844,50,True,1,7,7,8,2,0,2,2,117,148,6,6,0,0,0,0,0,0
6845,balanced,106845,50,True,1,5,2,7,0,0,0,0,58,70,4,4,0,0,0,0,0,0
6846,balanced,106846,18,False,0,6,0,7,2,1,1,1,43,55,4,4,1,1,0,0,0,0
6847,balanced,106847,27,False,0,5,0,7,0,0,0,0,55,70,5,5,2,2,0,0,0,0
6848,balanced,106848,32,False,0,6,0,7,2,0,2,2,76,112,7,7,1,1,0,0,0,0
6849,balanced,106849,26,False,1,7,0,7,0,0,0,0,62,81,8,7,1,1,0,0,0,0
6850,balanced,106850,25,False,1,6,0,7,1,1,0,0,46,72,7,6,2,2,0,0,0,0
6851,balanced,106851,42,False,1,7,0,7,1,1,0,0,127,166,12,11,3,3,0,0,0,0
6852,balanced,106852,50,True,6,7,4,9,1,1,0,0,133,224,17,15,7,7,0,0,0,0
6853,balanced,106853,50,True,17,17,23,29,9,4,5,5,212,423,25,23,12,12,0,0,0,0
6854,balanced,106854,50,True,1,7,8,9,1,1,0,0,103,142,9,9,1,1,0,0,0,0
6855,balanced,106855,24,False,0,6,0,7,0,0,0,0,49,64,6,6,1,1,0,0,0,0
6856,balanced,106856,50,True,24,24,31,55,14,9,5,5,167,422,32,29,29,29,0,0,0,0
6857,balanced,106857,32,False,1,8,0,7,0,0,0,0,107,129,9,8,3,3,0,0,0,0
6858,balanced,106858,50,True,35,35,6,171,8,6,2,2,174,736,36,33,76,76,0,0,0,0
6859,balanced,106859,50,True,5,6,0,7,3,2,1,1,132,198,12,11,5,5,0,0,0,0
6860,balanced,106860,50,True,16,16,22,22,6,1,5,5,199,400,24,21,10,10,0,0,0,0
6861,balanced,106861,50,True,7,8,6,10,2,1,1,1,185,270,16,15,3,3,0,0,0,0
6862,balanced,106862,50,True,1,7,14,14,1,0,1,1,81,101,4,4,2,2,0,0,0,0
6863,balanced,106863,50,True,1,5,12,13,0,0,0,0,59,70,2,2,0,0,0,0,0,0
6864,balanced,106864,38,False,1,9,0,12,3,2,1,1,115,129,10,9,2,2,0,0,0,0
6865,balanced,106865,50,True,10,10,4,17,4,4,0,0,162,257,20,17,5,5,0,0,0,0
6866,balanced,106866,30,False,1,6,0,7,1,1,0,0,81,101,7,6,1,1,0,0,0,0
6867,balanced,106867,50,True,8,9,0,14,4,2,2,2,173,256,17,15,7,7,0,0,0,0
6868,balanced,106868,50,True,25,25,4,76,9,3,6,6,223,571,33,30,29,29,0,0,0,0
6869,balanced,106869,50,True,11,11,10,17,6,4,2,2,158,279,21,19,8,8,0,0,0,0
6870,balanced,106870,50,True,16,16,2,19,8,4,4,4,207,362,25,22,12,12,0,0,0,0
6871,balanced,106871,50,True,12,12,17,17,3,1,2,2,155,292,19,17,9,9,0,0,0,0
6872,balanced,106872,50,True,15,15,14,22,10,6,4,4,219,367,25,22,11,11,0,0,0,0
6873,balanced,106873,26,False,0,6,0,7,0,0,0,0,64,75,5,5,1,1,0,0,0,0
6874,balanced,106874,49,False,1,7,0,10,4,2,2,2,121,180,15,14,3,3,0,0,0,0
6875,balanced,106875,50,True,17,17,34,34,5,2,3,3,189,377,23,21,11,11,0,0,0,0
6876,balanced,106876,50,True,13,13,20,20,5,2,3,3,204,345,21,20,8,8,0,0,0,0
6877,balanced,106877,50,True,13,14,3,18,7,5,2,2,200,339,22,19,10,10,0,0,0,0
6878,balanced,106878,50,True,24,24,89,89,7,5,2,2,212,553,29,27,28,28,0,0,0,0
6879,balanced,106879,50,True,28,28,22,77,9,8,1,1,228,472,30,27,29,29,0,0,0,0
6880,balanced,106880,50,True,35,35,61,195,8,6,2,2,207,763,36,33,71,71,0,0,0,0
6881,balanced,106881,21,False,1,5,0,7,1,0,1,1,35,61,6,5,2,2,0,0,0,0
6882,balanced,106882,25,False,1,8,0,10,2,1,1,1,71,85,7,6,2,2,0,0,0,0
6883,balanced,106883,50,True,1,6,7,7,1,0,1,1,70,92,4,4,0,0,0,0,0,0
6884,balanced,106884,50,True,17,17,29,46,8,1,7,7,212,482,27,25,22,22,0,0,0,0
6885,balanced,106885,50,True,19,19,11,30,12,5,7,7,188,407,28,25,19,19,0,0,0,0
6886,balanced,106886,40,False,1,6,0,7,1,0,1,1,85,135,11,10,2,2,0,0,0,0
6887,balanced,106887,50,True,16,17,5,33,3,2,1,1,168,372,22,19,20,20,0,0,0,0
6888,balanced,106888,38,False,1,7,0,10,0,0,0,0,111,132,9,8,3,3,0,0,0,0
6889,balanced,106889,50,True,2,7,0,11,0,0,0,0,142,207,15,14,3,3,0,0,0,0
6890,balanced,106890,50,True,1,7,6,7,1,0,1,1,90,122,8,8,2,2,0,0,0,0
6891,balanced,106891,28,False,1,7,0,7,1,1,0,0,66,96,9,8,3,3,0,0,0,0
6892,balanced,106892,22,False,1,5,0,7,0,0,0,0,47,62,6,5,1,1,0,0,0,0
6893,balanced,106893,22,False,0,6,0,7,1,1,0,0,59,60,3,3,1,1,0,0,0,0
6894,balanced,106894,50,True,1,8,2,8,1,0,1,1,134,201,14,14,3,3,0,0,0,0
6895,balanced,106895,50,True,9,9,5,23,6,5,1,1,126,212,18,15,5,5,0,0,0,0
6896,balanced,106896,50,True,18,18,11,41,9,6,3,3,172,397,26,23,23,23,0,0,0,0
6897,balanced,106897,25,False,0,6,0,7,1,1,0,0,55,74,6,6,1,1,0,0,0,0
6898,balanced,106898,50,True,20,20,29,49,14,6,8,8,219,484,29,26,20,20,0,0,0,0
6899,balanced,106899,50,True,17,17,47,47,4,2,2,2,162,393,23,21,17,17,0,0,0,0
6900,balanced,106900,24,False,0,5,0,7,0,0,0,0,35,36,2,2,0,0,0,0,0,0
6901,balanced,106901,48,False,1,7,0,12,1,1,0,0,119,172,14,13,3,3,0,0,0,0
6902,balanced,106902,50,True,9,10,6,14,5,1,4,4,197,330,20,19,7,7,0,0,0,0
6903,balanced,106903,50,True,17,17,0,24,7,2,5,5,169,377,26,23,18,18,0,0,0,0
6904,balanced,106904,50,True,23,23,28,73,8,2,6,6,205,566,30,27,39,39,0,0,0,0
6905,balanced,106905,18,False,1,5,0,7,0,0,0,0,37,42,4,3,2,2,0,0,0,0
6906,balanced,106906,17,False,1,6,0,7,1,0,1,1,37,45,4,3,0,0,0,0,0,0
6907,balanced,106907,50,True,20,20,16,36,13,8,5,5,220,449,28,25,18,18,0,0,0,0
6908,balanced,106908,17,False,0,5,0,7,0,0,0,0,38,38,3,3,0,0,0,0,0,0
6909,balanced,106909,34,False,1,7,0,7,2,0,2,2,89,125,9,8,3,3,0,0,0,0
6910,balanced,106910,50,True,21,21,54,54,10,8,2,2,213,480,27,24,20,20,0,0,0,0
6911,balanced,106911,27,False,0,5,0,7,0,0,0,0,50,72,6,6,2,2,0,0,0,0
6912,balanced,106912,29,False,1,8,0,7,0,0,0,0,93,122,9,8,1,1,0,0,0,0
6913,balanced,106913,39,False,1,7,0,7,0,0,0,0,106,143,11,10,4,4,0,0,0,0
6914,balanced,106914,50,True,31,31,30,120,9,6,3,3,205,666,35,32,53,53,0,0,0,0
6915,balanced,106915,50,True,11,11,14,16,5,2,3,3,203,349,20,18,9,9,0,0,0,0
6916,balanced,106916,41,False,1,5,0,7,1,1,0,0,96,120,10,9,2,2,0,0,0,0
6917,balanced,106917,50,True,1,5,9,9,0,0,0,0,64,73,2,2,1,1,0,0,0,0
6918,balanced,106918,23,False,1,7,0,7,3,2,1,1,68,75,7,6,1,1,0,0,0,0
6919,balanced,106919,50,True,9,10,0,14,5,1,4,4,206,321,20,18,7,7,0,0,0,0
6920,balanced,106920,50,True,28,28,128,156,7,3,4,4,231,766,34,31,44,44,0,0,0,0
6921,balanced,106921,22,False,1,6,0,7,1,1,0,0,49,54,6,5,1,1,0,0,0,0
6922,balanced,106922,46,False,1,11,0,15,4,3,1,1,195,210,13,12,3,3,0,0,0,0
6923,balanced,106923,21,False,1,6,0,7,0,0,0,0,57,67,5,4,0,0,0,0,0,0
6924,balanced,106924,50,True,26,26,3,88,5,4,1,1,193,542,28,25,42,42,0,0,0,0
6925,balanced,106925,35,False,0,6,0,7,0,0,0,0,86,112,8,8,1,1,0,0,0,0
6926,balanced,106926,50,True,21,21,57,78,8,4,4,4,174,485,26,24,30,30,0,0,0,0
6927,balanced,106927,50,True,15,15,7,22,6,3,3,3,234,385,22,21,10,10,0,0,0,0
6928,balanced,106928,28,False,0,7,0,7,1,1,0,0,62,72,7,7,1,1,0,0,0,0
6929,balanced,106929,50,True,21,21,12,36,10,7,3,3,159,350,28,25,25,25,0,0,0,0
6930,balanced,106930,50,True,34,34,133,234,10,9,1,1,204,777,33,30,63,63,0,0,0,0
6931,balanced,106931,24,False,1,5,0,7,1,0,1,1,47,68,6,5,2,2,0,0,0,0
6932,balanced,106932,30,False,1,5,0,7,0,0,0,0,62,80,7,6,1,1,0,0,0,0
6933,balanced,106933,50,True,34,34,75,124,9,8,1,1,235,716,35,32,43,43,0,0,0,0
6934,balanced,106934,20,False,1,6,0,7,2,1,1,1,49,71,5,4,1,1,0,0,0,0
6935,balanced,106935,26,False,0,6,0,7,2,0,2,2,64,82,6,6,0,0,0,0,0,0
6936,balanced,106936,50,True,2,7,0,14,1,0,1,1,131,170,12,12,3,3,0,0,0,0
6937,balanced,106937,18,False,1,6,0,7,1,1,0,0,37,34,5,4,1,1,0,0,0,0
6938,balanced,106938,50,True,1,5,14,14,0,0,0,0,73,103,5,5,1,1,0,0,0,0
6939,balanced,106939,50,True,31,31,118,179,12,6,6,6,188,765,36,33,55,55,0,0,0,0
6940,balanced,106940,16,False,1,5,0,7,0,0,0,0,38,41,3,2,1,1,0,0,0,0
6941,balanced,106941,50,True,21,21,20,41,12,8,4,4,218,450,29,26,20,20,0,0,0,0
6942,balanced,106942,50,True,12,12,0,12,2,2,0,0,181,314,21,19,9,9,0,0,0,0
6943,balanced,106943,50,True,1,6,2,7,3,1,2,2,112,167,11,11,2,2,0,0,0,0
6944,balanced,106944,14,False,1,6,0,7,0,0,0,0,37,37,3,2,0,0,0,0,0,0
6945,balanced,106945,43,False,1,7,0,7,1,1,0,0,105,140,11,10,3,3,0,0,0,0
6946,balanced,106946,50,True,42,42,192,356,12,12,0,0,208,1017,41,38,87,87,0,0,0,0
6947,balanced,106947,50,True,20,20,30,30,13,9,4,4,239,464,29,26,13,13,0,0,0,0
6948,balanced,106948,44,False,1,7,0,7,1,0,1,1,128,174,13,12,4,4,0,0,0,0
6949,balanced,106949,22,False,0,5,0,8,1,1,0,0,46,51,4,4,1,1,0,0,0,0
6950,balanced,106950,50,True,6,7,0,12,2,0,2,2,160,261,16,15,5,5,0,0,0,0
6951,balanced,106951,50,True,21,21,3,30,13,5,8,8,217,480,30,28,21,21,0,0,0,0
6952,balanced,106952,50,True,39,39,101,251,10,8,2,2,186,919,39,36,93,93,0,0,0,0
6953,balanced,106953,22,False,1,7,0,15,0,0,0,0,67,75,5,4,3,3,0,0,0,0
6954,balanced,106954,50,True,1,6,12,12,0,0,0,0,72,80,3,3,1,1,0,0,0,0
6955,balanced,106955,34,False,1,8,0,10,0,0,0,0,91,124,9,8,4,4,0,0,0,0
6956,balanced,106956,50,True,1,6,7,8,1,0,1,1,75,100,4,4,2,2,0,0,0,0
6957,balanced,106957,22,False,1,5,0,7,0,0,0,0,42,56,5,4,1,1,0,0,0,0
6958,balanced,106958,50,True,5,7,1,13,1,1,0,0,166,241,16,14,5,5,0,0,0,0
6959,balanced,106959,50,True,1,5,15,16,0,0,0,0,58,70,2,2,1,1,0,0,0,0
6960,balanced,106960,50,True,14,14,10,24,7,3,4,4,157,322,22,19,11,11,0,0,0,0
6961,balanced,106961,41,False,1,8,0,7,2,1,1,1,136,182,12,11,3,3,0,0,0,0
6962,balanced,106962,28,False,1,6,0,8,2,0,2,2,56,86,8,7,3,3,0,0,0,0
6963,balanced,106963,50,True,12,12,14,26,8,3,5,5,198,357,22,20,11,11,0,0,0,0
6964,balanced,106964,35,False,1,6,0,7,1,1,0,0,77,122,10,9,3,3,0,0,0,0
6965,balanced,106965,24,False,1,6,0,7,0,0,0,0,51,66,7,6,1,1,0,0,0,0
6966,balanced,106966,12,False,1,5,0,7,0,0,0,0,21,23,3,2,0,0,0,0,0,0
6967,balanced,106967,24,False,1,6,0,7,2,1,1,1,47,68,7,6,2,2,0,0,0,0
6968,balanced,106968,26,False,1,5,0,7,1,1,0,0,45,65,6,5,1,1,0,0,0,0
6969,balanced,106969,50,True,14,14,13,27,3,0,3,3,189,371,22,20,12,12,0,0,0,0
6970,balanced,106970,50,True,10,10,6,9,2,1,1,1,191,299,19,17,7,7,0,0,0,0
6971,balanced,106971,23,False,0,5,0,7,0,0,0,0,30,29,2,2,0,0,0,0,0,0
6972,balanced,106972,50,True,42,42,203,286,10,10,0,0,196,970,40,37,96,96,0,0,0,0
6973,balanced,106973,37,False,1,7,0,8,2,1,1,1,112,159,11,10,2,2,0,0,0,0
6974,balanced,106974,14,False,0,5,0,7,0,0,0,0,27,28,3,3,1,1,0,0,0,0
6975,balanced,106975,50,True,1,6,2,7,2,1,1,1,102,149,11,11,5,5,0,0,0,0
6976,balanced,106976,50,True,25,25,9,58,8,4,4,4,217,518,31,28,28,28,0,0,0,0
6977,balanced,106977,50,True,1,5,8,9,0,0,0,0,70,86,3,3,1,1,0,0,0,0
6978,balanced,106978,43,False,0,6,0,7,2,0,2,2,107,143,10,10,3,3,0,0,0,0
6979,balanced,106979,32,False,1,6,0,9,0,0,0,0,67,99,9,8,2,2,0,0,0,0
6980,balanced,106980,34,False,0,8,0,7,1,1,0,0,113,143,8,8,1,1,0,0,0,0
6981,balanced,106981,50,True,22,22,43,43,13,8,5,5,208,444,29,26,17,17,0,0,0,0
6982,balanced,106982,34,False,1,7,0,14,0,0,0,0,87,110,9,8,3,3,0,0,0,0
6983,balanced,106983,17,False,1,5,0,8,0,0,0,0,31,43,5,4,1,1,0,0,0,0
6984,balanced,106984,50,True,23,23,0,68,4,2,2,2,193,489,27,24,28,28,0,0,0,0
6985,balanced,106985,50,True,30,30,113,172,5,5,0,0,211,695,31,28,52,52,0,0,0,0
6986,balanced,106986,12,False,0,5,0,7,0,0,0,0,27,23,2,2,0,0,0,0,0,0
6987,balanced,106987,50,True,8,10,2,13,6,4,2,2,178,244,18,16,5,5,0,0,0,0
6988,balanced,106988,50,True,16,16,22,22,6,4,2,2,144,320,23,21,13,13,0,0,0,0
6989,balanced,106989,50,True,11,11,9,11,3,3,0,0,147,263,18,16,9,9,0,0,0,0
6990,balanced,106990,50,True,1,6,17,17,2,1,1,1,71,105,6,6,1,1,0,0,0,0
6991,balanced,106991,50,True,31,31,138,138,10,9,1,1,205,681,33,30,49,49,0,0,0,0
6992,balanced,106992,50,True,23,23,25,48,16,10,6,6,192,417,30,27,19,19,0,0,0,0
6993,balanced,106993,50,True,16,16,10,30,3,1,2,2,177,391,24,21,16,16,0,0,0,0
6994,balanced,106994,50,True,29,29,155,184,8,5,3,3,238,796,32,30,46,46,0,0,0,0
6995,balanced,106995,50,True,1,5,13,14,0,0,0,0,64,80,3,3,1,1,0,0,0,0
6996,balanced,106996,21,False,1,5,0,7,1,0,1,1,38,46,4,3,0,0,0,0,0,0
6997,balanced,106997,50,True,1,7,7,7,2,0,2,2,135,198,12,12,3,3,0,0,0,0
6998,balanced,106998,30,False,1,7,0,7,1,0,1,1,79,101,8,7,2,2,0,0,0,0
6999,balanced,106999,20,False,0,6,0,7,0,0,0,0,49,58,5,5,2,2,0,0,0,0
7000,balanced,107000,28,False,1,8,0,7,0,0,0,0,91,104,9,8,2,2,0,0,0,0
