version,strategy,game_number,seed,turns_survived,survived_target,final_people,max_people,final_food,max_food,total_hunts,successful_hunts,hunt_failures,hunt_deaths,tech_upgrades,prayer_spent,sacrifices
A-original,random,1,100001,10,False,1,5,0,7,3,2,1,1,1,2,1
A-original,random,2,100002,2,False,3,5,0,7,1,0,1,1,0,0,0
A-original,random,3,100003,8,False,0,5,10,10,1,0,1,1,1,0,3
A-original,random,4,100004,7,False,0,5,0,7,3,2,1,1,1,2,2
A-original,random,5,100005,5,False,3,5,0,7,2,1,1,1,1,2,0
A-original,random,6,100006,6,False,1,5,0,7,2,1,1,1,1,0,0
A-original,random,7,100007,6,False,0,5,0,7,2,1,1,1,2,0,1
A-original,random,8,100008,20,True,3,5,2,24,9,6,3,3,2,2,5
A-original,random,9,100009,20,False,0,5,0,13,8,5,3,3,2,2,2
A-original,random,10,100010,20,True,1,6,1,16,6,4,2,2,2,0,5
A-original,random,11,100011,20,True,5,9,0,25,14,10,4,4,0,8,5
A-original,random,12,100012,10,False,1,5,0,15,3,3,0,0,2,4,3
A-original,random,13,100013,14,False,3,5,0,12,7,5,2,2,2,6,2
A-original,random,14,100014,10,False,0,5,23,23,2,1,1,1,1,0,4
A-original,random,15,100015,20,True,1,7,0,12,10,8,2,2,3,6,1
A-original,random,16,100016,13,False,0,5,11,11,2,2,0,0,2,2,2
A-original,random,17,100017,16,False,0,6,0,7,6,5,1,1,4,0,3
A-original,random,18,100018,2,False,3,5,0,7,1,0,1,1,0,0,0
A-original,random,19,100019,5,False,1,5,0,7,1,0,1,1,0,0,1
A-original,random,20,100020,7,False,1,5,0,7,3,1,2,2,0,2,0
A-original,random,21,100021,20,True,1,5,28,29,12,8,4,4,1,6,4
A-original,random,22,100022,5,False,1,5,0,7,3,1,2,2,1,0,1
A-original,random,23,100023,6,False,1,5,0,7,2,0,2,2,1,0,0
A-original,random,24,100024,14,False,0,5,0,7,3,2,1,1,0,2,2
A-original,random,25,100025,11,False,1,6,0,7,2,1,1,1,0,2,0
A-original,random,26,100026,6,False,3,5,0,16,0,0,0,0,0,0,1
A-original,random,27,100027,15,False,0,5,16,22,8,4,4,4,1,6,3
A-original,random,28,100028,6,False,1,5,0,7,1,1,0,0,0,2,2
A-original,random,29,100029,3,False,1,5,0,7,1,0,1,1,1,2,1
A-original,random,30,100030,8,False,0,5,0,7,1,0,1,1,1,0,1
A-original,random,31,100031,7,False,1,5,0,7,3,1,2,2,1,0,1
A-original,random,32,100032,8,False,1,5,0,7,3,2,1,1,0,4,1
A-original,random,33,100033,5,False,3,5,0,7,1,0,1,1,0,0,0
A-original,random,34,100034,20,True,1,5,5,14,3,2,1,1,1,4,2
A-original,random,35,100035,18,False,0,6,15,16,7,6,1,1,2,4,2
A-original,random,36,100036,3,False,3,5,0,7,1,0,1,1,0,0,1
A-original,random,37,100037,14,False,0,5,19,22,4,1,3,3,1,2,2
A-original,random,38,100038,5,False,3,5,0,7,2,2,0,0,1,0,2
A-original,random,39,100039,13,False,0,5,0,7,5,3,2,2,0,2,2
A-original,random,40,100040,20,True,2,5,3,28,4,3,1,1,3,6,5
A-original,random,41,100041,5,False,0,5,0,7,2,1,1,1,0,0,2
A-original,random,42,100042,20,True,1,5,30,31,5,4,1,1,2,4,5
A-original,random,43,100043,13,False,0,5,11,11,3,1,2,2,0,2,1
A-original,random,44,100044,7,False,1,5,0,7,1,0,1,1,1,0,1
A-original,random,45,100045,11,False,1,5,0,7,3,3,0,0,3,2,2
A-original,random,46,100046,15,False,0,5,38,38,6,4,2,2,1,6,5
A-original,random,47,100047,20,True,1,5,5,18,9,6,3,3,4,6,6
A-original,random,48,100048,20,True,3,7,0,12,10,9,1,1,1,8,3
A-original,random,49,100049,8,False,0,5,0,9,3,2,1,1,2,0,2
A-original,random,50,100050,17,False,0,5,0,7,6,5,1,1,5,8,3
A-original,random,51,100051,10,False,0,5,48,48,4,2,2,2,0,2,5
A-original,random,52,100052,6,False,1,5,0,7,1,0,1,1,0,4,0
A-original,random,53,100053,4,False,1,5,0,7,3,0,3,3,0,0,0
A-original,random,54,100054,15,False,0,6,9,10,7,5,2,2,4,4,2
A-original,random,55,100055,7,False,1,5,0,9,2,1,1,1,0,0,1
A-original,random,56,100056,13,False,0,5,9,9,6,2,4,4,0,2,1
A-original,random,57,100057,7,False,0,5,10,18,5,2,3,3,0,0,2
A-original,random,58,100058,19,False,0,5,22,24,8,6,2,2,2,4,4
A-original,random,59,100059,5,False,0,5,12,12,2,0,2,2,1,0,2
A-original,random,60,100060,16,False,0,6,0,14,8,5,3,3,2,6,1
A-original,random,61,100061,5,False,1,5,0,7,2,0,2,2,0,2,0
A-original,random,62,100062,6,False,3,6,0,7,1,1,0,0,0,0,1
A-original,random,63,100063,2,False,3,5,0,7,1,0,1,1,0,0,0
A-original,random,64,100064,6,False,1,5,0,7,4,2,2,2,1,0,1
A-original,random,65,100065,19,False,0,5,26,28,5,4,1,1,3,2,3
A-original,random,66,100066,7,False,0,5,0,7,4,1,3,3,1,0,0
A-original,random,67,100067,11,False,0,5,17,19,3,3,0,0,4,2,5
A-original,random,68,100068,9,False,0,5,8,10,4,3,1,1,1,0,4
A-original,random,69,100069,6,False,0,5,10,10,3,1,2,2,1,0,2
A-original,random,70,100070,6,False,3,5,0,7,1,0,1,1,0,0,2
A-original,random,71,100071,20,True,1,5,14,22,7,3,4,4,3,8,4
A-original,random,72,100072,18,False,0,6,18,18,6,5,1,1,2,8,5
A-original,random,73,100073,2,False,3,5,0,7,0,0,0,0,1,0,1
A-original,random,74,100074,17,False,0,5,5,8,5,3,2,2,1,4,0
A-original,random,75,100075,5,False,3,5,0,7,0,0,0,0,1,0,1
A-original,random,76,100076,7,False,1,5,0,7,2,2,0,0,2,0,2
A-original,random,77,100077,12,False,0,5,0,7,4,1,3,3,1,2,1
A-original,random,78,100078,7,False,1,5,0,7,3,2,1,1,0,0,0
A-original,random,79,100079,15,False,1,7,0,14,8,6,2,2,2,2,1
A-original,random,80,100080,8,False,0,5,5,7,6,2,4,4,1,0,0
A-original,random,81,100081,4,False,1,5,0,7,2,0,2,2,0,0,0
A-original,random,82,100082,8,False,1,5,0,8,4,3,1,1,1,2,2
A-original,random,83,100083,10,False,0,5,10,10,4,2,2,2,0,2,1
A-original,random,84,100084,8,False,1,5,0,13,2,0,2,2,1,0,2
A-original,random,85,100085,4,False,3,5,0,7,1,1,0,0,1,0,1
A-original,random,86,100086,15,False,0,5,17,20,6,5,1,1,1,8,5
A-original,random,87,100087,15,False,1,5,0,15,5,5,0,0,2,8,2
A-original,random,88,100088,20,True,2,6,0,7,9,8,1,1,2,10,2
A-original,random,89,100089,6,False,1,5,0,7,2,1,1,1,1,0,1
A-original,random,90,100090,4,False,1,5,0,7,2,1,1,1,1,2,2
A-original,random,91,100091,20,True,1,6,14,17,4,2,2,2,2,4,4
A-original,random,92,100092,6,False,0,5,0,12,1,1,0,0,3,0,4
A-original,random,93,100093,11,False,1,6,0,9,6,5,1,1,2,0,2
A-original,random,94,100094,9,False,0,6,0,12,4,3,1,1,2,2,3
A-original,random,95,100095,20,True,1,5,2,16,3,1,2,2,2,10,4
A-original,random,96,100096,6,False,1,5,0,7,3,1,2,2,1,0,1
A-original,random,97,100097,7,False,0,5,9,9,2,0,2,2,2,2,3
A-original,random,98,100098,7,False,1,5,0,7,1,0,1,1,0,0,0
A-original,random,99,100099,16,False,0,5,14,14,7,5,2,2,3,6,4
A-original,random,100,100100,16,False,0,5,34,35,7,4,3,3,0,6,4
A-original,random,101,100101,6,False,0,5,0,7,1,0,1,1,2,0,2
A-original,random,102,100102,8,False,1,5,0,7,0,0,0,0,0,4,0
A-original,random,103,100103,10,False,1,5,0,11,3,1,2,2,2,2,2
A-original,random,104,100104,5,False,1,5,0,7,1,0,1,1,1,0,1
A-original,random,105,100105,5,False,1,5,0,7,0,0,0,0,2,0,2
A-original,random,106,100106,10,False,0,6,0,7,3,1,2,2,1,2,2
A-original,random,107,100107,14,False,1,7,0,9,9,8,1,1,2,0,0
A-original,random,108,100108,9,False,1,5,0,7,3,3,0,0,0,0,0
A-original,random,109,100109,5,False,3,5,0,7,2,1,1,1,1,0,0
A-original,random,110,100110,8,False,3,5,0,7,4,3,1,1,1,2,0
A-original,random,111,100111,10,False,1,5,0,12,4,1,3,3,1,0,0
A-original,random,112,100112,20,False,0,7,0,12,10,5,5,5,2,6,3
A-original,random,113,100113,11,False,1,6,0,7,4,3,1,1,2,4,2
A-original,random,114,100114,12,False,1,7,0,8,5,3,2,2,2,4,3
A-original,random,115,100115,8,False,0,5,0,11,2,1,1,1,0,0,2
A-original,random,116,100116,10,False,1,6,0,7,5,3,2,2,2,2,0
A-original,random,117,100117,20,True,2,6,0,13,12,10,2,2,1,10,2
A-original,random,118,100118,8,False,0,5,0,7,3,0,3,3,1,0,0
A-original,random,119,100119,5,False,0,5,18,18,4,2,2,2,2,0,3
A-original,random,120,100120,20,True,3,5,20,27,8,7,1,1,3,12,6
A-original,random,121,100121,4,False,1,5,0,7,1,0,1,1,1,0,1
A-original,random,122,100122,12,False,0,5,10,10,6,3,3,3,0,0,1
A-original,random,123,100123,14,False,0,5,27,30,5,4,1,1,1,2,4
A-original,random,124,100124,12,False,1,5,0,7,3,3,0,0,2,6,0
A-original,random,125,100125,20,True,1,5,12,14,7,5,2,2,2,2,3
A-original,random,126,100126,15,False,0,5,11,11,1,1,0,0,2,6,4
A-original,random,127,100127,7,False,1,5,0,7,2,2,0,0,1,2,1
A-original,random,128,100128,11,False,1,5,0,11,3,2,1,1,0,2,1
A-original,random,129,100129,9,False,0,5,0,7,3,2,1,1,2,2,2
A-original,random,130,100130,17,False,0,5,0,13,5,2,3,3,2,8,4
A-original,random,131,100131,4,False,3,5,0,11,2,1,1,1,0,2,0
A-original,random,132,100132,7,False,1,5,0,8,3,3,0,0,3,2,2
A-original,random,133,100133,14,False,1,5,0,10,6,5,1,1,0,0,1
A-original,random,134,100134,10,False,0,5,15,18,6,4,2,2,4,0,3
A-original,random,135,100135,10,False,1,5,0,8,5,3,2,2,2,2,2
A-original,random,136,100136,19,False,0,5,19,19,12,11,1,1,2,6,5
A-original,random,137,100137,6,False,1,5,0,7,3,2,1,1,0,0,0
A-original,random,138,100138,16,False,3,7,0,13,6,5,1,1,1,8,1
A-original,random,139,100139,3,False,3,5,0,7,1,0,1,1,0,0,0
A-original,random,140,100140,5,False,1,5,0,7,1,0,1,1,0,2,0
A-original,random,141,100141,11,False,0,5,8,8,4,3,1,1,1,2,1
A-original,random,142,100142,15,False,1,7,0,13,5,3,2,2,2,4,4
A-original,random,143,100143,19,False,1,5,0,18,6,4,2,2,2,6,2
A-original,random,144,100144,12,False,0,5,0,7,2,1,1,1,1,2,1
A-original,random,145,100145,10,False,3,6,0,9,4,4,0,0,0,2,0
A-original,random,146,100146,3,False,3,5,0,7,0,0,0,0,1,0,2
A-original,random,147,100147,5,False,1,5,0,7,2,1,1,1,2,0,1
A-original,random,148,100148,16,False,1,6,0,16,7,5,2,2,0,4,1
A-original,random,149,100149,6,False,1,5,0,7,1,0,1,1,2,0,2
A-original,random,150,100150,20,True,1,5,2,11,6,5,1,1,3,6,3
A-original,random,151,100151,8,False,1,5,0,7,2,1,1,1,0,2,0
A-original,random,152,100152,6,False,1,5,0,7,1,1,0,0,1,2,1
A-original,random,153,100153,20,True,1,5,0,23,8,5,3,3,2,6,3
A-original,random,154,100154,8,False,0,5,0,10,3,2,1,1,2,4,3
A-original,random,155,100155,20,True,6,6,8,16,10,8,2,2,1,10,2
A-original,random,156,100156,20,True,3,5,6,17,8,6,2,2,3,8,1
A-original,random,157,100157,5,False,3,5,0,7,1,1,0,0,1,0,1
A-original,random,158,100158,7,False,1,5,0,7,1,1,0,0,1,0,1
A-original,random,159,100159,8,False,0,5,12,15,5,3,2,2,3,0,3
A-original,random,160,100160,9,False,0,5,0,17,4,2,2,2,1,2,3
A-original,random,161,100161,20,False,0,6,0,16,9,5,4,4,3,4,2
A-original,random,162,100162,8,False,1,5,0,7,5,3,2,2,1,0,0
A-original,random,163,100163,13,False,0,5,27,27,4,4,0,0,2,2,5
A-original,random,164,100164,6,False,0,5,16,17,4,2,2,2,3,2,4
A-original,random,165,100165,17,False,0,7,0,8,5,5,0,0,3,6,3
A-original,random,166,100166,7,False,3,7,0,12,5,4,1,1,1,4,2
A-original,random,167,100167,7,False,1,5,0,8,4,2,2,2,0,2,0
A-original,random,168,100168,10,False,3,6,0,8,5,3,2,2,0,0,0
A-original,random,169,100169,8,False,0,5,0,7,3,1,2,2,1,0,1
A-original,random,170,100170,9,False,0,5,0,12,6,3,3,3,2,0,1
A-original,random,171,100171,6,False,3,5,0,7,3,2,1,1,0,2,0
A-original,random,172,100172,20,True,3,6,11,29,5,3,2,2,2,6,4
A-original,random,173,100173,20,True,5,5,9,39,9,7,2,2,0,4,3
A-original,random,174,100174,8,False,0,5,20,21,4,2,2,2,2,0,3
A-original,random,175,100175,16,False,1,5,0,8,7,5,2,2,0,6,0
A-original,random,176,100176,6,False,3,6,0,8,3,3,0,0,0,2,1
A-original,random,177,100177,3,False,1,5,0,7,2,0,2,2,0,2,0
A-original,random,178,100178,7,False,3,5,0,7,3,2,1,1,0,0,0
A-original,random,179,100179,2,False,3,5,0,7,1,0,1,1,0,0,0
A-original,random,180,100180,10,False,0,5,1,7,4,2,2,2,4,2,3
A-original,random,181,100181,4,False,5,6,0,7,1,1,0,0,0,2,0
A-original,random,182,100182,12,False,0,6,0,7,3,2,1,1,0,4,1
A-original,random,183,100183,5,False,1,5,0,7,3,1,2,2,1,0,1
A-original,random,184,100184,8,False,0,5,6,7,2,1,1,1,2,4,2
A-original,random,185,100185,13,False,0,6,7,9,6,4,2,2,1,4,2
A-original,random,186,100186,8,False,1,6,0,10,2,2,0,0,3,0,4
A-original,random,187,100187,20,True,3,5,17,26,9,8,1,1,2,4,2
A-original,random,188,100188,15,False,0,5,0,7,3,3,0,0,2,4,1
A-original,random,189,100189,12,False,0,5,7,9,4,3,1,1,3,0,4
A-original,random,190,100190,11,False,0,5,0,13,5,2,3,3,2,4,1
A-original,random,191,100191,20,True,4,5,3,19,9,8,1,1,2,6,3
A-original,random,192,100192,9,False,0,5,0,7,3,1,2,2,0,0,0
A-original,random,193,100193,6,False,3,5,0,10,4,2,2,2,0,0,1
A-original,random,194,100194,9,False,0,5,23,24,5,3,2,2,1,2,3
A-original,random,195,100195,20,False,0,5,12,28,3,2,1,1,2,12,3
A-original,random,196,100196,20,True,5,6,6,25,12,10,2,2,4,12,2
A-original,random,197,100197,8,False,3,5,0,7,1,1,0,0,0,2,0
A-original,random,198,100198,8,False,1,5,0,14,2,1,1,1,0,2,1
A-original,random,199,100199,20,True,1,6,0,12,5,3,2,2,0,12,2
A-original,random,200,100200,16,False,0,5,0,8,5,3,2,2,1,2,3
A-original,random,201,100201,13,False,0,5,3,8,4,2,2,2,4,0,4
A-original,random,202,100202,5,False,0,5,0,7,4,1,3,3,0,0,2
A-original,random,203,100203,11,False,3,5,0,8,6,5,1,1,2,2,0
A-original,random,204,100204,7,False,1,5,0,8,2,2,0,0,0,2,2
A-original,random,205,100205,12,False,0,5,10,14,5,2,3,3,3,2,3
A-original,random,206,100206,7,False,0,5,0,7,2,1,1,1,3,0,1
A-original,random,207,100207,4,False,0,5,0,7,2,0,2,2,1,0,1
A-original,random,208,100208,20,True,1,6,16,16,6,5,1,1,1,4,4
A-original,random,209,100209,16,False,1,5,0,8,6,3,3,3,1,0,3
A-original,random,210,100210,8,False,5,7,0,11,6,5,1,1,1,0,1
A-original,random,211,100211,18,False,0,5,0,13,8,4,4,4,0,6,3
A-original,random,212,100212,14,False,0,5,0,7,6,6,0,0,1,4,3
A-original,random,213,100213,20,True,4,5,9,12,10,9,1,1,3,6,3
A-original,random,214,100214,17,False,0,5,11,13,5,3,2,2,3,2,4
A-original,random,215,100215,9,False,0,5,31,31,5,3,2,2,0,2,5
A-original,random,216,100216,8,False,1,5,0,8,4,2,2,2,2,0,2
A-original,random,217,100217,11,False,0,6,0,9,6,5,1,1,1,2,0
A-original,random,218,100218,16,False,1,6,0,13,6,5,1,1,3,8,4
A-original,random,219,100219,20,True,4,7,4,20,12,10,2,2,3,10,3
A-original,random,220,100220,12,False,0,5,8,12,3,1,2,2,0,2,2
A-original,random,221,100221,15,False,0,6,2,17,7,4,3,3,3,4,3
A-original,random,222,100222,9,False,0,6,0,7,5,4,1,1,3,0,3
A-original,random,223,100223,2,False,3,5,0,7,1,0,1,1,0,0,0
A-original,random,224,100224,3,False,1,5,0,7,0,0,0,0,2,0,3
A-original,random,225,100225,16,False,0,6,3,7,3,2,1,1,1,2,2
A-original,random,226,100226,3,False,3,5,0,7,1,0,1,1,0,0,0
A-original,random,227,100227,5,False,1,5,0,7,1,0,1,1,0,0,0
A-original,random,228,100228,13,False,0,5,1,8,1,0,1,1,0,6,2
A-original,random,229,100229,4,False,1,5,0,7,2,0,2,2,1,2,1
A-original,random,230,100230,9,False,0,5,0,8,2,1,1,1,3,0,2
A-original,random,231,100231,11,False,0,5,20,24,5,4,1,1,1,0,4
A-original,random,232,100232,7,False,1,5,0,8,2,1,1,1,1,0,2
A-original,random,233,100233,10,False,0,5,0,11,2,2,0,0,1,2,2
A-original,random,234,100234,20,True,1,5,14,27,6,3,3,3,2,2,3
A-original,random,235,100235,7,False,1,5,0,7,2,1,1,1,2,2,2
A-original,random,236,100236,5,False,3,6,0,9,2,1,1,1,0,2,0
A-original,random,237,100237,8,False,5,6,0,15,3,3,0,0,0,2,1
A-original,random,238,100238,20,True,3,5,23,30,10,8,2,2,2,10,5
A-original,random,239,100239,10,False,0,5,3,9,4,2,2,2,2,0,3
A-original,random,240,100240,9,False,1,5,0,7,2,2,0,0,2,0,2
A-original,random,241,100241,20,True,2,5,7,11,5,4,1,1,3,2,4
A-original,random,242,100242,16,False,0,5,0,7,9,7,2,2,2,6,0
A-original,random,243,100243,7,False,0,5,18,28,3,1,2,2,2,0,4
A-original,random,244,100244,15,False,0,5,21,21,12,6,6,6,0,2,1
A-original,random,245,100245,8,False,3,6,0,7,3,2,1,1,2,0,2
A-original,random,246,100246,10,False,1,5,0,7,1,1,0,0,0,0,0
A-original,random,247,100247,3,False,3,5,0,7,0,0,0,0,0,0,1
A-original,random,248,100248,16,False,0,5,0,17,9,7,2,2,3,2,3
A-original,random,249,100249,20,True,2,6,2,25,13,8,5,5,4,4,3
A-original,random,250,100250,20,True,2,5,11,14,8,6,2,2,1,2,3
A-original,random,251,100251,13,False,0,5,0,8,3,0,3,3,1,4,1
A-original,random,252,100252,6,False,3,5,0,8,4,2,2,2,0,0,1
A-original,random,253,100253,3,False,3,5,0,7,0,0,0,0,0,0,0
A-original,random,254,100254,2,False,3,5,0,7,1,0,1,1,0,0,0
A-original,random,255,100255,8,False,3,5,0,12,4,3,1,1,2,0,0
A-original,random,256,100256,12,False,0,6,32,32,5,5,0,0,1,0,6
A-original,random,257,100257,16,False,0,6,0,17,6,5,1,1,4,4,4
A-original,random,258,100258,16,False,3,6,0,17,10,7,3,3,2,4,3
A-original,random,259,100259,20,True,1,6,0,7,7,6,1,1,2,4,2
A-original,random,260,100260,7,False,3,5,0,8,5,4,1,1,1,0,0
A-original,random,261,100261,9,False,1,5,0,7,1,1,0,0,1,4,1
A-original,random,262,100262,13,False,0,5,20,21,4,2,2,2,0,2,2
A-original,random,263,100263,20,True,3,5,31,35,8,7,1,1,2,10,3
A-original,random,264,100264,10,False,1,5,0,8,1,0,1,1,0,0,1
A-original,random,265,100265,5,False,1,5,0,7,2,1,1,1,2,2,1
A-original,random,266,100266,4,False,1,5,0,7,3,1,2,2,1,4,1
A-original,random,267,100267,11,False,0,5,0,7,5,3,2,2,1,2,2
A-original,random,268,100268,18,False,1,6,0,14,6,3,3,3,2,4,1
A-original,random,269,100269,12,False,0,5,0,7,2,1,1,1,0,2,0
A-original,random,270,100270,20,True,1,5,29,30,9,8,1,1,3,4,2
A-original,random,271,100271,7,False,1,5,0,7,2,1,1,1,0,2,0
A-original,random,272,100272,6,False,1,5,0,9,3,2,1,1,0,4,0
A-original,random,273,100273,2,False,3,5,0,7,0,0,0,0,1,0,1
A-original,random,274,100274,10,False,0,5,0,11,3,1,2,2,1,2,1
A-original,random,275,100275,2,False,3,5,0,7,1,0,1,1,0,0,0
A-original,random,276,100276,9,False,3,6,0,14,4,3,1,1,0,0,1
A-original,random,277,100277,9,False,1,5,0,9,3,1,2,2,1,2,1
A-original,random,278,100278,5,False,1,5,0,7,1,0,1,1,1,0,0
A-original,random,279,100279,15,False,0,5,8,9,2,1,1,1,1,4,2
A-original,random,280,100280,7,False,3,6,0,9,2,2,0,0,2,0,2
A-original,random,281,100281,5,False,0,5,0,7,2,1,1,1,1,2,1
A-original,random,282,100282,20,True,3,5,18,20,5,5,0,0,5,12,7
A-original,random,283,100283,20,True,1,6,19,20,6,5,1,1,3,10,4
A-original,random,284,100284,9,False,0,5,0,7,1,0,1,1,0,4,0
A-original,random,285,100285,11,False,0,5,13,15,4,1,3,3,1,4,2
A-original,random,286,100286,4,False,0,5,0,7,1,0,1,1,2,0,2
A-original,random,287,100287,6,False,1,5,0,7,2,1,1,1,0,2,1
A-original,random,288,100288,4,False,3,5,0,7,2,1,1,1,0,0,0
A-original,random,289,100289,8,False,3,6,0,7,2,2,0,0,0,4,0
A-original,random,290,100290,6,False,1,5,0,7,3,2,1,1,1,0,0
A-original,random,291,100291,6,False,0,5,13,14,3,0,3,3,1,0,2
A-original,random,292,100292,8,False,1,6,0,10,5,3,2,2,0,2,0
A-original,random,293,100293,7,False,1,5,0,7,1,0,1,1,1,6,0
A-original,random,294,100294,11,False,1,5,0,7,1,0,1,1,1,0,2
A-original,random,295,100295,6,False,1,5,0,7,1,0,1,1,1,0,0
A-original,random,296,100296,4,False,1,5,0,7,2,0,2,2,1,2,1
A-original,random,297,100297,20,True,3,6,13,32,7,4,3,3,3,10,4
A-original,random,298,100298,5,False,1,5,0,7,1,0,1,1,1,0,1
A-original,random,299,100299,5,False,3,5,0,10,1,0,1,1,1,2,1
A-original,random,300,100300,12,False,1,5,0,8,3,3,0,0,1,2,1
A-original,random,301,100301,14,False,0,5,18,18,5,2,3,3,0,2,3
A-original,random,302,100302,11,False,1,5,0,9,3,2,1,1,1,2,2
A-original,random,303,100303,7,False,0,5,34,35,3,1,2,2,0,0,3
A-original,random,304,100304,20,True,2,5,14,29,11,8,3,3,2,2,3
A-original,random,305,100305,13,False,0,5,21,23,4,2,2,2,2,0,4
A-original,random,306,100306,10,False,1,5,0,7,6,3,3,3,1,4,0
A-original,random,307,100307,14,False,0,5,8,12,5,4,1,1,4,2,4
A-original,random,308,100308,6,False,1,5,0,7,1,0,1,1,1,0,1
A-original,random,309,100309,13,False,3,7,0,10,4,3,1,1,1,2,1
A-original,random,310,100310,6,False,1,5,0,9,2,1,1,1,1,2,1
A-original,random,311,100311,8,False,1,5,0,7,1,0,1,1,0,0,1
A-original,random,312,100312,8,False,0,5,0,7,4,2,2,2,1,2,1
A-original,random,313,100313,8,False,0,5,0,7,3,1,2,2,1,0,1
A-original,random,314,100314,8,False,0,6,0,7,3,1,2,2,1,0,1
A-original,random,315,100315,11,False,0,5,25,26,5,2,3,3,1,0,2
A-original,random,316,100316,11,False,3,6,0,8,6,5,1,1,2,0,2
A-original,random,317,100317,9,False,0,5,12,14,3,1,2,2,2,0,3
A-original,random,318,100318,5,False,3,5,0,7,1,1,0,0,0,0,0
A-original,random,319,100319,8,False,3,5,0,7,3,2,1,1,0,2,0
A-original,random,320,100320,13,False,1,7,0,10,4,4,0,0,1,4,2
A-original,random,321,100321,10,False,0,5,0,8,4,2,2,2,0,0,0
A-original,random,322,100322,10,False,3,5,0,7,4,3,1,1,2,0,0
A-original,random,323,100323,10,False,0,6,22,22,4,2,2,2,0,0,4
A-original,random,324,100324,19,False,0,5,47,48,9,8,1,1,1,2,5
A-original,random,325,100325,14,False,1,5,0,13,5,4,1,1,3,4,3
A-original,random,326,100326,2,False,3,5,0,7,1,0,1,1,0,0,0
A-original,random,327,100327,11,False,3,5,0,16,7,6,1,1,1,2,3
A-original,random,328,100328,19,False,0,5,0,11,9,6,3,3,2,4,3
A-original,random,329,100329,8,False,0,5,0,7,1,0,1,1,1,0,0
A-original,random,330,100330,17,False,0,5,5,17,2,1,1,1,4,0,4
A-original,random,331,100331,17,False,0,5,1,15,8,6,2,2,3,4,3
A-original,random,332,100332,4,False,1,5,0,7,2,1,1,1,1,2,1
A-original,random,333,100333,19,False,1,7,0,10,7,5,2,2,1,6,1
A-original,random,334,100334,12,False,0,5,0,9,6,4,2,2,2,0,1
A-original,random,335,100335,17,False,0,5,0,7,4,3,1,1,2,4,2
A-original,random,336,100336,20,False,0,6,0,8,4,4,0,0,4,6,4
A-original,random,337,100337,4,False,3,5,0,7,1,0,1,1,0,0,0
A-original,random,338,100338,20,True,4,7,12,21,8,5,3,3,2,4,4
A-original,random,339,100339,19,False,0,5,20,20,8,6,2,2,2,10,2
A-original,random,340,100340,4,False,3,5,0,7,1,1,0,0,0,2,1
A-original,random,341,100341,7,False,0,5,0,9,2,0,2,2,1,2,2
A-original,random,342,100342,14,False,0,5,0,14,4,2,2,2,1,6,3
A-original,random,343,100343,9,False,1,5,0,7,3,3,0,0,1,2,2
A-original,random,344,100344,6,False,0,5,0,7,2,0,2,2,0,0,0
A-original,random,345,100345,9,False,1,5,0,7,2,2,0,0,0,0,2
A-original,random,346,100346,7,False,1,5,0,7,3,2,1,1,0,4,1
A-original,random,347,100347,20,True,1,6,17,17,13,9,4,4,3,2,4
A-original,random,348,100348,4,False,3,5,0,7,1,1,0,0,1,0,0
A-original,random,349,100349,8,False,0,5,0,7,2,1,1,1,1,2,0
A-original,random,350,100350,6,False,3,6,0,10,3,2,1,1,0,2,0
A-original,random,351,100351,6,False,0,5,7,10,5,1,4,4,0,2,1
A-original,random,352,100352,7,False,0,5,0,7,3,0,3,3,0,0,0
A-original,random,353,100353,5,False,0,5,0,7,3,1,2,2,3,0,2
A-original,random,354,100354,7,False,1,5,0,7,3,3,0,0,2,2,1
A-original,random,355,100355,20,True,1,5,0,15,8,5,3,3,1,10,1
A-original,random,356,100356,11,False,0,5,0,8,6,3,3,3,0,0,1
A-original,random,357,100357,20,True,3,6,0,10,4,2,2,2,4,4,5
A-original,random,358,100358,10,False,0,5,3,7,4,3,1,1,1,2,4
A-original,random,359,100359,11,False,0,5,10,11,2,1,1,1,2,2,2
A-original,random,360,100360,4,False,3,5,0,7,2,1,1,1,1,2,1
A-original,random,361,100361,2,False,3,5,0,7,1,0,1,1,0,0,0
A-original,random,362,100362,7,False,3,5,0,8,2,2,0,0,0,0,0
A-original,random,363,100363,20,True,3,5,5,15,11,8,3,3,4,6,3
A-original,random,364,100364,11,False,0,5,0,11,5,3,2,2,1,0,1
A-original,random,365,100365,6,False,1,5,0,7,4,2,2,2,1,2,0
A-original,random,366,100366,3,False,3,5,0,7,1,0,1,1,0,0,0
A-original,random,367,100367,14,False,1,5,0,7,2,2,0,0,1,4,1
A-original,random,368,100368,20,True,3,8,11,20,10,7,3,3,1,8,4
A-original,random,369,100369,17,False,1,5,0,13,5,4,1,1,1,4,4
A-original,random,370,100370,7,False,0,6,0,7,3,1,2,2,1,2,0
A-original,random,371,100371,15,False,0,5,4,7,6,4,2,2,1,0,1
A-original,random,372,100372,7,False,0,5,0,7,3,0,3,3,1,0,0
A-original,random,373,100373,8,False,0,5,17,21,5,3,2,2,1,0,3
A-original,random,374,100374,20,True,2,5,3,17,9,6,3,3,2,10,3
A-original,random,375,100375,13,False,0,5,0,9,4,2,2,2,1,4,2
A-original,random,376,100376,12,False,0,5,1,9,2,0,2,2,1,4,1
A-original,random,377,100377,9,False,0,5,0,7,3,2,1,1,3,2,1
A-original,random,378,100378,20,True,2,5,8,15,9,6,3,3,2,4,2
A-original,random,379,100379,16,False,0,5,16,16,5,3,2,2,2,2,4
A-original,random,380,100380,20,True,6,6,3,27,10,9,1,1,1,14,5
A-original,random,381,100381,16,False,1,5,0,11,6,3,3,3,0,6,2
A-original,random,382,100382,20,True,1,5,7,17,7,3,4,4,3,4,2
A-original,random,383,100383,8,False,1,5,0,7,2,1,1,1,0,0,1
A-original,random,384,100384,11,False,0,5,47,47,4,3,1,1,1,0,4
A-original,random,385,100385,14,False,1,5,0,10,8,7,1,1,2,2,1
A-original,random,386,100386,6,False,1,5,0,7,1,1,0,0,1,2,1
A-original,random,387,100387,7,False,1,5,0,7,2,2,0,0,1,2,1
A-original,random,388,100388,19,False,1,5,0,16,9,6,3,3,4,4,4
A-original,random,389,100389,2,False,3,5,0,7,1,0,1,1,0,0,0
A-original,random,390,100390,2,False,3,5,0,7,1,0,1,1,0,0,0
A-original,random,391,100391,12,False,0,5,0,18,2,0,2,2,2,0,2
A-original,random,392,100392,6,False,1,5,0,7,2,1,1,1,1,2,1
A-original,random,393,100393,20,True,1,6,0,8,7,6,1,1,1,8,0
A-original,random,394,100394,12,False,0,5,3,7,3,2,1,1,1,4,2
A-original,random,395,100395,11,False,0,5,0,17,2,2,0,0,1,0,4
A-original,random,396,100396,13,False,0,5,9,18,6,2,4,4,1,2,3
A-original,random,397,100397,13,False,3,5,0,23,7,5,2,2,2,0,2
A-original,random,398,100398,17,False,0,5,13,15,6,3,3,3,1,2,4
A-original,random,399,100399,6,False,5,6,0,14,1,1,0,0,0,0,1
A-original,random,400,100400,10,False,0,5,0,7,2,2,0,0,3,0,2
A-original,random,401,100401,7,False,0,5,0,7,4,3,1,1,1,2,3
A-original,random,402,100402,20,True,1,5,8,12,2,1,1,1,4,2,4
A-original,random,403,100403,6,False,3,6,0,7,4,3,1,1,0,2,1
A-original,random,404,100404,15,False,0,5,10,10,4,2,2,2,1,6,2
A-original,random,405,100405,7,False,3,6,0,13,2,1,1,1,0,0,1
A-original,random,406,100406,4,False,1,5,0,7,2,0,2,2,1,2,1
A-original,random,407,100407,6,False,3,5,0,11,2,1,1,1,0,0,0
A-original,random,408,100408,4,False,0,5,0,7,2,0,2,2,0,0,1
A-original,random,409,100409,3,False,3,5,0,7,1,0,1,1,0,2,0
A-original,random,410,100410,11,False,3,5,0,17,4,2,2,2,1,2,1
A-original,random,411,100411,5,False,1,5,0,7,2,0,2,2,0,2,0
A-original,random,412,100412,18,False,0,5,0,21,7,6,1,1,3,8,4
A-original,random,413,100413,6,False,0,5,0,7,2,1,1,1,2,0,2
A-original,random,414,100414,14,False,0,5,0,13,4,2,2,2,2,4,3
A-original,random,415,100415,14,False,0,5,7,9,8,4,4,4,3,0,2
A-original,random,416,100416,6,False,1,5,0,7,2,1,1,1,1,0,2
A-original,random,417,100417,12,False,1,5,0,17,4,2,2,2,0,4,1
A-original,random,418,100418,8,False,0,5,0,7,2,1,1,1,1,2,0
A-original,random,419,100419,9,False,0,5,0,7,5,3,2,2,0,2,0
A-original,random,420,100420,12,False,0,5,2,15,4,3,1,1,3,4,4
A-original,random,421,100421,6,False,0,5,0,7,1,1,0,0,0,4,3
A-original,random,422,100422,9,False,0,6,9,9,4,2,2,2,1,0,2
A-original,random,423,100423,4,False,3,5,0,7,1,1,0,0,1,2,1
A-original,random,424,100424,12,False,1,5,0,8,5,4,1,1,1,2,1
A-original,random,425,100425,4,False,0,5,0,7,2,0,2,2,1,0,0
A-original,random,426,100426,2,False,3,5,0,7,0,0,0,0,1,0,1
A-original,random,427,100427,2,False,3,5,0,7,1,0,1,1,0,0,0
A-original,random,428,100428,17,False,1,7,0,16,10,8,2,2,3,8,2
A-original,random,429,100429,5,False,3,5,0,7,0,0,0,0,0,0,1
A-original,random,430,100430,16,False,1,6,0,14,6,4,2,2,2,4,0
A-original,random,431,100431,20,True,2,6,2,15,8,6,2,2,4,4,4
A-original,random,432,100432,2,False,3,5,0,7,0,0,0,0,1,0,1
A-original,random,433,100433,3,False,3,5,0,7,1,0,1,1,0,0,0
A-original,random,434,100434,6,False,3,5,0,17,1,1,0,0,0,0,2
A-original,random,435,100435,9,False,0,5,0,11,2,0,2,2,1,0,0
A-original,random,436,100436,10,False,0,5,0,7,2,0,2,2,0,2,0
A-original,random,437,100437,11,False,0,5,0,15,5,3,2,2,1,0,4
A-original,random,438,100438,16,False,3,6,0,12,6,6,0,0,3,2,5
A-original,random,439,100439,10,False,1,6,0,13,5,2,3,3,2,2,1
A-original,random,440,100440,4,False,1,5,0,7,2,0,2,2,0,2,0
A-original,random,441,100441,20,True,1,5,20,23,9,7,2,2,1,2,4
A-original,random,442,100442,16,False,0,6,0,11,6,4,2,2,3,8,2
A-original,random,443,100443,5,False,3,6,0,7,4,3,1,1,0,2,0
A-original,random,444,100444,9,False,1,5,0,8,0,0,0,0,1,2,4
A-original,random,445,100445,15,False,0,5,18,18,7,5,2,2,2,2,3
A-original,random,446,100446,8,False,0,5,0,7,3,2,1,1,1,2,2
A-original,random,447,100447,8,False,0,5,0,12,4,3,1,1,3,2,3
A-original,random,448,100448,15,False,1,5,0,14,5,5,0,0,3,2,3
A-original,random,449,100449,6,False,0,5,11,11,2,0,2,2,2,2,3
A-original,random,450,100450,13,False,0,5,11,11,7,5,2,2,1,2,3
A-original,random,451,100451,8,False,1,5,0,7,3,2,1,1,0,2,0
A-original,random,452,100452,8,False,0,5,24,27,2,1,1,1,3,0,4
A-original,random,453,100453,18,False,0,5,15,15,8,7,1,1,3,4,3
A-original,random,454,100454,11,False,0,5,4,14,3,1,2,2,2,4,2
A-original,random,455,100455,7,False,0,5,0,8,4,2,2,2,1,0,0
A-original,random,456,100456,8,False,1,5,0,7,4,2,2,2,0,0,0
A-original,random,457,100457,5,False,3,5,0,7,1,0,1,1,0,0,0
A-original,random,458,100458,14,False,1,5,0,22,6,2,4,4,0,2,2
A-original,random,459,100459,3,False,3,5,0,7,2,1,1,1,0,2,0
A-original,random,460,100460,20,True,1,5,1,15,5,3,2,2,3,2,3
A-original,random,461,100461,5,False,3,5,0,7,0,0,0,0,0,0,0
A-original,random,462,100462,7,False,1,5,0,8,2,1,1,1,1,4,1
A-original,random,463,100463,13,False,1,5,0,10,3,2,1,1,1,4,1
A-original,random,464,100464,10,False,1,5,0,7,5,3,2,2,1,2,1
A-original,random,465,100465,19,False,1,5,0,10,10,8,2,2,1,8,1
A-original,random,466,100466,5,False,0,5,0,7,1,0,1,1,2,0,2
A-original,random,467,100467,8,False,0,6,23,24,4,3,1,1,1,4,4
A-original,random,468,100468,10,False,0,6,7,11,5,2,3,3,2,2,3
A-original,random,469,100469,11,False,1,5,0,16,3,3,0,0,0,0,3
A-original,random,470,100470,9,False,1,5,0,7,5,2,3,3,1,4,2
A-original,random,471,100471,8,False,0,5,0,7,3,2,1,1,1,2,1
A-original,random,472,100472,10,False,1,5,0,10,8,6,2,2,2,2,1
A-original,random,473,100473,16,False,0,7,10,10,9,6,3,3,1,6,1
A-original,random,474,100474,8,False,1,5,0,10,3,2,1,1,2,4,3
A-original,random,475,100475,7,False,0,5,0,7,5,3,2,2,1,2,1
A-original,random,476,100476,5,False,0,5,0,7,4,2,2,2,0,0,0
A-original,random,477,100477,14,False,1,5,0,12,3,3,0,0,0,2,1
A-original,random,478,100478,7,False,3,5,0,7,4,4,0,0,0,0,2
A-original,random,479,100479,5,False,0,5,0,7,3,1,2,2,0,2,1
A-original,random,480,100480,13,False,0,5,16,16,6,4,2,2,0,2,3
A-original,random,481,100481,14,False,1,7,0,10,8,7,1,1,3,4,5
A-original,random,482,100482,20,True,3,5,15,36,7,4,3,3,0,2,3
A-original,random,483,100483,7,False,1,5,0,7,2,1,1,1,0,0,0
A-original,random,484,100484,10,False,1,5,0,9,4,3,1,1,1,2,0
A-original,random,485,100485,7,False,3,6,0,7,3,2,1,1,1,2,0
A-original,random,486,100486,13,False,1,5,0,14,4,2,2,2,0,4,2
A-original,random,487,100487,8,False,1,6,0,8,5,4,1,1,0,2,1
A-original,random,488,100488,20,False,0,5,15,16,10,6,4,4,3,4,3
A-original,random,489,100489,10,False,0,6,1,8,4,1,3,3,0,2,1
A-original,random,490,100490,16,False,0,5,0,7,6,6,0,0,4,8,2
A-original,random,491,100491,4,False,0,5,6,7,3,0,3,3,1,0,2
A-original,random,492,100492,20,True,1,6,25,25,11,8,3,3,2,2,3
A-original,random,493,100493,5,False,3,5,0,7,1,1,0,0,0,2,0
A-original,random,494,100494,17,False,0,5,20,20,4,3,1,1,2,10,5
A-original,random,495,100495,13,False,0,5,0,9,5,3,2,2,3,10,1
A-original,random,496,100496,4,False,3,5,0,9,1,1,0,0,1,0,2
A-original,random,497,100497,5,False,3,5,0,7,0,0,0,0,0,0,0
A-original,random,498,100498,13,False,0,5,0,8,5,3,2,2,1,2,2
A-original,random,499,100499,6,False,0,5,0,8,4,1,3,3,1,0,1
A-original,random,500,100500,17,False,0,5,0,12,8,6,2,2,3,4,2
A-original,random,501,100501,19,False,0,5,15,17,7,2,5,5,1,6,1
A-original,random,502,100502,12,False,0,5,0,7,5,1,4,4,1,2,0
A-original,random,503,100503,7,False,1,5,0,8,2,1,1,1,1,0,1
A-original,random,504,100504,11,False,1,5,0,14,3,1,2,2,1,2,1
A-original,random,505,100505,12,False,0,5,8,12,3,1,2,2,3,4,3
A-original,random,506,100506,20,True,1,5,25,28,8,8,0,0,3,4,5
A-original,random,507,100507,2,False,3,5,0,7,0,0,0,0,1,0,1
A-original,random,508,100508,20,True,3,5,26,28,9,6,3,3,1,8,3
A-original,random,509,100509,19,False,0,5,28,28,5,3,2,2,2,4,4
A-original,random,510,100510,9,False,0,5,0,7,4,2,2,2,1,2,3
A-original,random,511,100511,2,False,3,5,0,7,0,0,0,0,1,0,1
A-original,random,512,100512,17,False,0,5,0,21,8,6,2,2,2,6,3
A-original,random,513,100513,20,True,1,5,18,22,8,7,1,1,4,6,4
A-original,random,514,100514,15,False,1,5,0,12,3,2,1,1,1,2,2
A-original,random,515,100515,9,False,1,5,0,12,4,2,2,2,1,0,1
A-original,random,516,100516,18,False,0,6,15,15,8,5,3,3,4,8,2
A-original,random,517,100517,10,False,0,5,13,13,4,3,1,1,2,0,2
A-original,random,518,100518,14,False,0,5,0,9,6,4,2,2,1,2,3
A-original,random,519,100519,8,False,0,5,30,30,5,3,2,2,1,2,3
A-original,random,520,100520,9,False,1,5,0,7,3,2,1,1,1,2,0
A-original,random,521,100521,5,False,3,5,0,7,2,2,0,0,1,0,1
A-original,random,522,100522,5,False,0,5,0,7,3,1,2,2,2,0,3
A-original,random,523,100523,14,False,0,5,14,15,4,2,2,2,1,2,5
A-original,random,524,100524,19,False,0,8,0,7,6,6,0,0,4,8,3
A-original,random,525,100525,6,False,1,5,0,7,2,1,1,1,1,0,1
A-original,random,526,100526,3,False,3,5,0,7,2,1,1,1,0,2,0
A-original,random,527,100527,12,False,0,5,4,7,5,2,3,3,2,4,2
A-original,random,528,100528,11,False,0,5,1,7,5,3,2,2,2,4,3
A-original,random,529,100529,9,False,3,5,0,7,0,0,0,0,0,4,0
A-original,random,530,100530,17,False,0,6,12,15,10,7,3,3,4,2,3
A-original,random,531,100531,20,True,5,5,5,26,5,3,2,2,1,12,3
A-original,random,532,100532,13,False,1,6,0,10,5,2,3,3,1,2,1
A-original,random,533,100533,18,False,0,5,2,14,11,9,2,2,5,12,2
A-original,random,534,100534,14,False,0,5,10,17,6,2,4,4,1,2,1
A-original,random,535,100535,6,False,1,5,0,7,3,1,2,2,1,2,0
A-original,random,536,100536,10,False,1,5,0,12,3,1,2,2,1,2,2
A-original,random,537,100537,20,True,2,5,16,25,9,7,2,2,1,6,4
A-original,random,538,100538,6,False,0,5,0,7,3,0,3,3,0,0,0
A-original,random,539,100539,5,False,1,5,0,7,1,0,1,1,1,0,0
A-original,random,540,100540,10,False,1,5,0,7,3,2,1,1,2,4,2
A-original,random,541,100541,10,False,0,6,0,7,5,4,1,1,0,2,3
A-original,random,542,100542,9,False,0,5,10,14,6,3,3,3,1,0,2
A-original,random,543,100543,5,False,3,5,0,7,1,1,0,0,0,0,0
A-original,random,544,100544,20,True,2,6,0,16,9,5,4,4,2,2,4
A-original,random,545,100545,13,False,0,5,0,12,4,3,1,1,3,0,3
A-original,random,546,100546,20,True,1,5,22,26,5,3,2,2,2,6,4
A-original,random,547,100547,5,False,1,5,0,7,1,1,0,0,1,2,3
A-original,random,548,100548,11,False,0,6,0,19,4,1,3,3,1,0,1
A-original,random,549,100549,10,False,0,5,16,17,3,2,1,1,1,0,4
A-original,random,550,100550,14,False,1,5,0,10,5,4,1,1,1,6,3
A-original,random,551,100551,15,False,0,5,8,10,4,2,2,2,1,4,3
A-original,random,552,100552,11,False,1,5,0,11,5,2,3,3,0,4,1
A-original,random,553,100553,11,False,0,5,2,7,2,1,1,1,3,4,3
A-original,random,554,100554,20,True,2,6,13,13,7,6,1,1,3,4,1
A-original,random,555,100555,20,True,5,10,0,27,13,10,3,3,3,6,4
A-original,random,556,100556,2,False,3,5,0,7,1,0,1,1,0,0,0
A-original,random,557,100557,18,False,1,5,0,15,6,5,1,1,2,2,3
A-original,random,558,100558,6,False,0,5,0,7,4,1,3,3,0,0,1
A-original,random,559,100559,12,False,0,5,0,7,4,2,2,2,1,0,0
A-original,random,560,100560,9,False,0,5,5,13,3,1,2,2,1,0,4
A-original,random,561,100561,4,False,0,5,0,7,0,0,0,0,2,0,3
A-original,random,562,100562,19,False,0,5,31,32,6,3,3,3,1,2,5
A-original,random,563,100563,5,False,1,5,0,7,1,0,1,1,0,2,0
A-original,random,564,100564,12,False,0,5,3,7,5,3,2,2,3,6,3
A-original,random,565,100565,3,False,3,5,0,7,0,0,0,0,0,2,0
A-original,random,566,100566,12,False,0,5,0,9,5,4,1,1,2,0,1
A-original,random,567,100567,13,False,0,5,0,7,5,3,2,2,1,4,2
A-original,random,568,100568,5,False,3,6,0,7,3,2,1,1,0,2,0
A-original,random,569,100569,6,False,0,5,2,7,3,1,2,2,1,0,1
A-original,random,570,100570,9,False,1,5,0,8,2,2,0,0,3,0,2
A-original,random,571,100571,7,False,0,5,11,16,3,1,2,2,3,2,4
A-original,random,572,100572,14,False,1,5,0,7,4,4,0,0,2,4,2
A-original,random,573,100573,6,False,0,5,10,10,3,1,2,2,0,0,2
A-original,random,574,100574,14,False,0,5,2,7,4,3,1,1,2,0,2
A-original,random,575,100575,2,False,3,5,0,7,1,0,1,1,0,0,0
A-original,random,576,100576,17,False,0,5,5,17,6,3,3,3,3,4,4
A-original,random,577,100577,9,False,1,6,0,10,4,2,2,2,1,0,0
A-original,random,578,100578,12,False,5,7,0,23,4,3,1,1,0,6,2
A-original,random,579,100579,12,False,0,5,0,20,4,1,3,3,1,4,2
A-original,random,580,100580,20,True,3,5,6,18,5,4,1,1,3,6,3
A-original,random,581,100581,20,True,8,8,0,19,13,11,2,2,4,2,2
A-original,random,582,100582,8,False,0,5,8,10,6,3,3,3,3,2,2
A-original,random,583,100583,15,False,1,5,0,9,8,6,2,2,1,8,1
A-original,random,584,100584,9,False,1,6,0,8,5,3,2,2,1,2,1
A-original,random,585,100585,9,False,3,5,0,15,7,5,2,2,1,4,1
A-original,random,586,100586,13,False,0,5,14,18,11,8,3,3,3,4,3
A-original,random,587,100587,4,False,1,5,0,7,1,0,1,1,1,0,2
A-original,random,588,100588,6,False,1,5,0,7,0,0,0,0,2,0,2
A-original,random,589,100589,17,False,0,6,22,22,3,3,0,0,1,6,3
A-original,random,590,100590,20,True,1,5,17,18,10,7,3,3,3,6,3
A-original,random,591,100591,14,False,1,5,0,25,6,4,2,2,1,2,3
A-original,random,592,100592,2,False,3,5,0,7,0,0,0,0,1,0,1
A-original,random,593,100593,13,False,1,5,0,10,3,1,2,2,1,4,2
A-original,random,594,100594,20,True,3,5,0,22,4,4,0,0,1,4,4
A-original,random,595,100595,5,False,1,5,0,7,2,1,1,1,2,0,1
A-original,random,596,100596,20,True,1,5,8,9,4,4,0,0,4,2,1
A-original,random,597,100597,20,True,1,5,13,13,7,6,1,1,0,4,2
A-original,random,598,100598,11,False,1,6,0,7,9,6,3,3,0,0,0
A-original,random,599,100599,16,False,1,6,0,13,4,3,1,1,1,6,5
A-original,random,600,100600,9,False,0,5,0,7,3,2,1,1,1,2,2
A-original,random,601,100601,12,False,1,7,0,15,2,1,1,1,0,0,2
A-original,random,602,100602,20,False,0,5,15,22,7,3,4,4,2,4,2
A-original,random,603,100603,19,False,0,5,12,13,4,3,1,1,3,8,4
A-original,random,604,100604,5,False,3,5,0,7,1,1,0,0,0,0,0
A-original,random,605,100605,14,False,0,6,0,10,1,0,1,1,1,0,1
A-original,random,606,100606,3,False,3,5,0,7,1,0,1,1,0,0,0
A-original,random,607,100607,5,False,1,5,0,7,2,2,0,0,2,2,2
A-original,random,608,100608,15,False,0,5,18,18,7,6,1,1,2,2,2
A-original,random,609,100609,20,True,1,7,20,21,13,9,4,4,2,8,6
A-original,random,610,100610,3,False,3,5,0,7,0,0,0,0,1,0,1
A-original,random,611,100611,13,False,0,6,15,15,4,3,1,1,0,0,2
A-original,random,612,100612,6,False,1,5,0,7,3,1,2,2,1,2,1
A-original,random,613,100613,5,False,1,5,0,7,3,1,2,2,0,0,0
A-original,random,614,100614,12,False,0,5,16,17,6,3,3,3,0,2,0
A-original,random,615,100615,2,False,3,5,0,7,1,0,1,1,0,0,0
A-original,random,616,100616,12,False,0,5,24,27,8,7,1,1,4,0,5
A-original,random,617,100617,9,False,0,5,1,7,3,2,1,1,2,4,2
A-original,random,618,100618,20,True,1,6,4,11,4,3,1,1,2,6,3
A-original,random,619,100619,9,False,1,5,0,7,7,4,3,3,0,2,1
A-original,random,620,100620,10,False,0,5,15,15,5,4,1,1,1,2,2
A-original,random,621,100621,8,False,0,5,14,14,7,4,3,3,2,0,2
A-original,random,622,100622,5,False,0,5,0,7,4,1,3,3,1,0,0
A-original,random,623,100623,20,True,1,7,0,16,8,6,2,2,2,10,4
A-original,random,624,100624,5,False,3,5,0,7,3,2,1,1,1,4,0
A-original,random,625,100625,3,False,1,5,0,7,1,0,1,1,0,0,2
A-original,random,626,100626,20,True,3,5,6,27,4,4,0,0,3,0,6
A-original,random,627,100627,5,False,0,5,0,7,2,1,1,1,0,0,2
A-original,random,628,100628,11,False,0,5,0,7,5,3,2,2,1,0,0
A-original,random,629,100629,2,False,3,5,0,7,1,0,1,1,0,0,0
A-original,random,630,100630,17,False,0,5,27,28,5,4,1,1,1,6,5
A-original,random,631,100631,20,True,2,8,1,13,15,10,5,5,1,10,4
A-original,random,632,100632,10,False,0,5,0,7,3,2,1,1,0,0,1
A-original,random,633,100633,20,True,2,6,2,10,5,4,1,1,3,4,3
A-original,random,634,100634,8,False,1,5,0,8,2,2,0,0,1,0,3
A-original,random,635,100635,14,False,1,6,0,8,5,3,2,2,1,4,1
A-original,random,636,100636,11,False,3,7,0,9,6,4,2,2,1,0,1
A-original,random,637,100637,20,True,3,5,3,11,8,7,1,1,3,6,4
A-original,random,638,100638,20,True,3,5,0,12,7,6,1,1,4,10,4
A-original,random,639,100639,7,False,0,5,0,7,1,0,1,1,1,0,2
A-original,random,640,100640,6,False,1,5,0,7,3,1,2,2,2,0,1
A-original,random,641,100641,8,False,1,6,0,7,2,1,1,1,0,2,1
A-original,random,642,100642,20,True,2,5,35,37,10,8,2,2,3,4,5
A-original,random,643,100643,7,False,0,5,0,7,1,0,1,1,0,0,1
A-original,random,644,100644,17,False,0,7,9,15,9,6,3,3,3,2,4
A-original,random,645,100645,9,False,0,5,9,16,3,1,2,2,1,0,4
A-original,random,646,100646,14,False,1,8,0,13,8,6,2,2,2,4,1
A-original,random,647,100647,15,False,0,5,23,23,6,4,2,2,2,2,4
A-original,random,648,100648,5,False,3,6,0,7,2,2,0,0,0,2,1
A-original,random,649,100649,5,False,1,5,0,7,2,1,1,1,1,0,2
A-original,random,650,100650,4,False,1,5,0,7,3,1,2,2,1,0,1
A-original,random,651,100651,6,False,3,6,0,15,2,1,1,1,0,2,1
A-original,random,652,100652,5,False,1,5,0,7,2,0,2,2,0,0,0
A-original,random,653,100653,6,False,1,5,0,7,2,1,1,1,1,0,0
A-original,random,654,100654,12,False,0,6,0,14,6,2,4,4,1,4,1
A-original,random,655,100655,9,False,0,5,0,7,5,3,2,2,1,0,0
A-original,random,656,100656,20,True,1,5,19,19,6,5,1,1,2,6,5
A-original,random,657,100657,14,False,1,5,0,10,5,3,2,2,0,4,1
A-original,random,658,100658,8,False,0,5,0,7,1,1,0,0,2,0,1
A-original,random,659,100659,8,False,0,5,0,7,2,1,1,1,0,2,1
A-original,random,660,100660,19,False,0,6,0,16,7,5,2,2,2,12,5
A-original,random,661,100661,15,False,1,5,0,7,5,2,3,3,2,6,1
A-original,random,662,100662,20,True,1,5,4,16,8,6,2,2,4,4,4
A-original,random,663,100663,7,False,3,6,0,7,6,4,2,2,0,0,1
A-original,random,664,100664,11,False,0,5,0,7,5,3,2,2,1,6,1
A-original,random,665,100665,20,True,3,7,0,18,12,8,4,4,1,6,4
A-original,random,666,100666,2,False,3,5,0,7,1,1,0,0,0,2,1
A-original,random,667,100667,10,False,0,5,0,7,2,0,2,2,1,0,0
A-original,random,668,100668,20,True,1,5,28,31,5,3,2,2,1,8,2
A-original,random,669,100669,6,False,0,5,0,7,2,2,0,0,2,0,2
A-original,random,670,100670,15,False,0,5,19,19,4,2,2,2,1,0,4
A-original,random,671,100671,5,False,3,5,0,7,2,1,1,1,0,0,0
A-original,random,672,100672,14,False,1,5,0,7,4,2,2,2,1,2,1
A-original,random,673,100673,6,False,3,5,0,14,1,1,0,0,3,0,2
A-original,random,674,100674,9,False,0,5,1,7,2,2,0,0,2,2,3
A-original,random,675,100675,20,True,1,5,21,21,10,8,2,2,0,4,2
A-original,random,676,100676,7,False,0,5,0,7,4,2,2,2,2,0,1
A-original,random,677,100677,13,False,0,6,0,12,6,4,2,2,1,0,2
A-original,random,678,100678,12,False,3,5,0,11,9,7,2,2,1,2,2
A-original,random,679,100679,18,False,0,5,13,13,4,3,1,1,2,4,3
A-original,random,680,100680,20,True,3,5,14,28,10,6,4,4,1,8,2
A-original,random,681,100681,2,False,3,5,0,7,0,0,0,0,1,0,1
A-original,random,682,100682,7,False,1,5,0,7,1,0,1,1,0,2,0
A-original,random,683,100683,16,False,1,5,0,10,6,3,3,3,2,4,3
A-original,random,684,100684,4,False,3,5,0,7,0,0,0,0,0,2,1
A-original,random,685,100685,20,True,3,5,17,17,7,7,0,0,2,4,3
A-original,random,686,100686,10,False,0,5,7,9,4,1,3,3,1,2,1
A-original,random,687,100687,20,True,1,6,1,7,6,4,2,2,1,4,1
A-original,random,688,100688,6,False,3,5,0,7,3,2,1,1,0,0,0
A-original,random,689,100689,3,False,3,5,0,7,1,0,1,1,0,0,0
A-original,random,690,100690,12,False,0,5,2,7,4,2,2,2,2,0,2
A-original,random,691,100691,12,False,0,5,0,17,6,3,3,3,1,0,4
A-original,random,692,100692,6,False,3,5,0,7,3,1,2,2,1,0,0
A-original,random,693,100693,10,False,3,6,0,13,2,2,0,0,1,0,3
A-original,random,694,100694,18,False,0,6,13,14,10,7,3,3,2,4,4
A-original,random,695,100695,2,False,3,5,0,7,1,0,1,1,0,0,0
A-original,random,696,100696,10,False,0,5,0,7,5,4,1,1,2,2,1
A-original,random,697,100697,10,False,1,5,0,7,0,0,0,0,2,2,0
A-original,random,698,100698,2,False,3,5,0,7,1,1,0,0,1,0,1
A-original,random,699,100699,8,False,0,5,0,9,3,1,2,2,2,0,1
A-original,random,700,100700,6,False,3,6,0,7,2,2,0,0,2,0,1
A-original,random,701,100701,2,False,3,5,0,7,1,0,1,1,0,0,0
A-original,random,702,100702,19,False,1,5,0,16,8,5,3,3,2,6,3
A-original,random,703,100703,10,False,3,5,0,8,4,3,1,1,1,0,0
A-original,random,704,100704,8,False,1,6,0,7,4,3,1,1,1,2,1
A-original,random,705,100705,17,False,0,5,32,32,8,6,2,2,1,4,2
A-original,random,706,100706,20,True,1,5,9,10,8,5,3,3,2,8,2
A-original,random,707,100707,17,False,0,5,13,13,6,5,1,1,2,2,4
A-original,random,708,100708,14,False,1,5,0,8,5,5,0,0,2,4,0
A-original,random,709,100709,11,False,1,5,0,7,3,3,0,0,1,8,1
A-original,random,710,100710,6,False,1,5,0,7,2,0,2,2,0,0,0
A-original,random,711,100711,13,False,0,5,1,9,5,4,1,1,4,4,3
A-original,random,712,100712,6,False,1,5,0,7,1,0,1,1,0,2,1
A-original,random,713,100713,9,False,0,5,0,8,3,0,3,3,0,0,2
A-original,random,714,100714,11,False,1,5,0,7,7,4,3,3,1,2,0
A-original,random,715,100715,9,False,0,5,0,10,4,2,2,2,1,2,0
A-original,random,716,100716,6,False,0,5,3,7,5,2,3,3,1,0,3
A-original,random,717,100717,20,True,3,6,2,8,10,8,2,2,3,6,2
A-original,random,718,100718,20,True,2,6,1,29,14,10,4,4,3,6,4
A-original,random,719,100719,8,False,1,5,0,14,2,0,2,2,1,0,2
A-original,random,720,100720,15,False,0,6,0,8,8,6,2,2,3,2,2
A-original,random,721,100721,15,False,0,5,27,27,5,3,2,2,3,2,3
A-original,random,722,100722,9,False,0,5,10,10,1,1,0,0,1,2,1
A-original,random,723,100723,6,False,0,5,0,7,3,2,1,1,2,2,2
A-original,random,724,100724,11,False,0,5,8,16,5,3,2,2,3,4,3
A-original,random,725,100725,19,False,5,8,0,11,12,9,3,3,3,10,2
A-original,random,726,100726,20,True,4,5,7,24,9,8,1,1,3,8,4
A-original,random,727,100727,10,False,1,5,0,7,2,1,1,1,1,0,0
A-original,random,728,100728,6,False,1,5,0,7,1,0,1,1,1,0,2
A-original,random,729,100729,7,False,0,5,2,9,2,1,1,1,3,0,5
A-original,random,730,100730,20,True,2,6,12,23,9,6,3,3,1,4,2
A-original,random,731,100731,20,True,3,6,3,13,8,6,2,2,4,6,4
A-original,random,732,100732,8,False,0,5,12,12,2,1,1,1,2,2,2
A-original,random,733,100733,5,False,1,5,0,7,2,2,0,0,1,0,2
A-original,random,734,100734,20,True,1,5,14,19,12,10,2,2,5,8,5
A-original,random,735,100735,20,True,1,5,5,9,9,8,1,1,2,6,3
A-original,random,736,100736,5,False,1,5,0,7,2,0,2,2,0,0,0
A-original,random,737,100737,18,False,0,6,0,17,8,5,3,3,2,4,5
A-original,random,738,100738,10,False,1,6,0,10,5,2,3,3,2,2,3
A-original,random,739,100739,7,False,3,5,0,7,3,3,0,0,1,2,0
A-original,random,740,100740,11,False,0,5,0,11,7,3,4,4,1,6,1
A-original,random,741,100741,2,False,3,5,0,7,1,0,1,1,0,0,0
A-original,random,742,100742,14,False,1,6,0,15,5,4,1,1,2,4,3
A-original,random,743,100743,20,True,3,7,0,13,9,6,3,3,2,6,3
A-original,random,744,100744,20,True,6,8,6,22,13,11,2,2,3,12,3
A-original,random,745,100745,13,False,0,5,0,14,5,2,3,3,1,2,2
A-original,random,746,100746,6,False,1,5,0,7,2,1,1,1,0,0,1
A-original,random,747,100747,18,False,0,5,23,23,7,5,2,2,2,8,2
A-original,random,748,100748,8,False,0,5,0,7,2,0,2,2,1,0,0
A-original,random,749,100749,20,True,2,5,1,16,8,3,5,5,0,4,3
A-original,random,750,100750,7,False,3,5,0,7,3,3,0,0,2,0,1
A-original,random,751,100751,20,False,0,5,8,8,8,6,2,2,1,4,3
A-original,random,752,100752,9,False,0,5,0,7,4,2,2,2,1,2,1
A-original,random,753,100753,17,False,0,6,15,15,9,7,2,2,2,2,2
A-original,random,754,100754,15,False,0,5,0,7,6,4,2,2,2,2,2
A-original,random,755,100755,5,False,3,6,0,7,1,1,0,0,1,0,1
A-original,random,756,100756,5,False,0,5,0,7,2,0,2,2,2,0,2
A-original,random,757,100757,7,False,0,5,20,20,3,1,2,2,1,0,2
A-original,random,758,100758,14,False,1,5,0,7,6,3,3,3,1,4,1
A-original,random,759,100759,4,False,0,5,0,7,2,0,2,2,0,0,1
A-original,random,760,100760,5,False,1,5,0,7,1,0,1,1,0,2,0
A-original,random,761,100761,8,False,3,6,0,7,1,1,0,0,0,0,0
A-original,random,762,100762,13,False,0,5,23,23,8,7,1,1,4,4,5
A-original,random,763,100763,10,False,0,6,0,12,5,4,1,1,1,0,2
A-original,random,764,100764,7,False,1,5,0,7,2,2,0,0,1,2,2
A-original,random,765,100765,2,False,3,5,0,7,0,0,0,0,1,0,1
A-original,random,766,100766,4,False,3,5,0,7,2,1,1,1,0,2,0
A-original,random,767,100767,6,False,1,5,0,7,0,0,0,0,1,0,3
A-original,random,768,100768,10,False,0,5,0,7,6,3,3,3,1,2,0
A-original,random,769,100769,10,False,3,6,0,13,5,3,2,2,2,2,1
A-original,random,770,100770,18,False,0,5,8,15,8,6,2,2,2,2,3
A-original,random,771,100771,3,False,3,5,0,7,0,0,0,0,1,0,2
A-original,random,772,100772,10,False,1,5,0,8,4,2,2,2,1,2,2
A-original,random,773,100773,7,False,3,6,0,10,3,2,1,1,0,0,0
A-original,random,774,100774,5,False,3,5,0,7,0,0,0,0,0,0,0
A-original,random,775,100775,20,True,4,7,12,12,12,10,2,2,4,6,3
A-original,random,776,100776,11,False,1,5,0,10,5,3,2,2,2,4,1
A-original,random,777,100777,9,False,1,5,0,10,4,3,1,1,1,2,1
A-original,random,778,100778,20,True,4,5,16,25,8,7,1,1,1,6,4
A-original,random,779,100779,2,False,3,5,0,7,1,0,1,1,0,0,0
A-original,random,780,100780,9,False,1,5,0,15,3,2,1,1,1,0,2
A-original,random,781,100781,9,False,0,5,20,20,4,2,2,2,1,2,3
A-original,random,782,100782,13,False,0,7,4,7,6,6,0,0,4,0,6
A-original,random,783,100783,6,False,1,5,0,7,3,1,2,2,0,4,0
A-original,random,784,100784,6,False,0,5,4,7,3,1,2,2,2,2,3
A-original,random,785,100785,13,False,1,5,0,16,5,3,2,2,2,2,3
A-original,random,786,100786,6,False,3,5,0,7,2,2,0,0,3,2,2
A-original,random,787,100787,20,True,2,5,0,26,9,5,4,4,2,6,2
A-original,random,788,100788,5,False,0,5,10,10,3,1,2,2,1,0,3
A-original,random,789,100789,13,False,0,5,0,7,4,2,2,2,1,0,1
A-original,random,790,100790,20,True,2,5,5,25,5,4,1,1,2,8,5
A-original,random,791,100791,20,True,1,5,0,14,4,3,1,1,2,4,2
A-original,random,792,100792,19,False,1,6,0,11,10,8,2,2,2,8,2
A-original,random,793,100793,12,False,0,5,0,9,3,1,2,2,2,0,3
A-original,random,794,100794,14,False,0,5,0,15,4,2,2,2,2,0,2
A-original,random,795,100795,13,False,1,6,0,9,5,3,2,2,1,0,1
A-original,random,796,100796,6,False,1,5,0,9,3,2,1,1,1,2,1
A-original,random,797,100797,8,False,0,5,9,9,4,2,2,2,2,2,2
A-original,random,798,100798,4,False,1,5,0,7,2,0,2,2,0,0,0
A-original,random,799,100799,8,False,0,5,0,7,7,3,4,4,1,2,0
A-original,random,800,100800,8,False,0,5,0,7,3,0,3,3,1,2,1
A-original,random,801,100801,8,False,1,5,0,8,2,1,1,1,2,0,1
A-original,random,802,100802,9,False,0,5,0,15,3,1,2,2,3,2,4
A-original,random,803,100803,15,False,0,5,9,11,8,4,4,4,2,0,1
A-original,random,804,100804,17,False,0,5,46,46,9,8,1,1,2,2,7
A-original,random,805,100805,3,False,3,5,0,7,0,0,0,0,0,0,1
A-original,random,806,100806,5,False,1,5,0,7,1,1,0,0,2,4,2
A-original,random,807,100807,14,False,0,5,13,14,5,2,3,3,2,4,2
A-original,random,808,100808,20,True,1,5,22,22,7,5,2,2,4,4,4
A-original,random,809,100809,12,False,0,5,2,7,4,2,2,2,2,0,2
A-original,random,810,100810,5,False,3,5,0,10,2,1,1,1,0,0,1
A-original,random,811,100811,20,True,5,6,9,38,8,5,3,3,3,10,3
A-original,random,812,100812,6,False,0,5,24,27,4,2,2,2,1,2,4
A-original,random,813,100813,10,False,1,5,0,10,7,5,2,2,1,6,1
A-original,random,814,100814,7,False,3,7,0,13,2,1,1,1,1,0,2
A-original,random,815,100815,18,False,0,5,0,15,6,3,3,3,4,8,3
A-original,random,816,100816,7,False,0,5,0,7,3,1,2,2,1,2,2
A-original,random,817,100817,20,True,1,6,11,12,7,5,2,2,1,4,1
A-original,random,818,100818,20,True,1,5,19,19,11,9,2,2,2,8,2
A-original,random,819,100819,12,False,3,5,0,11,4,4,0,0,3,4,3
A-original,random,820,100820,12,False,1,5,0,7,6,5,1,1,2,4,2
A-original,random,821,100821,8,False,0,5,0,16,4,1,3,3,1,0,1
A-original,random,822,100822,20,True,4,7,1,20,7,7,0,0,0,4,3
A-original,random,823,100823,5,False,0,5,0,7,3,0,3,3,1,0,1
A-original,random,824,100824,8,False,1,5,0,9,3,2,1,1,0,4,0
A-original,random,825,100825,20,True,3,5,4,7,8,8,0,0,1,4,1
A-original,random,826,100826,10,False,0,5,12,25,3,1,2,2,0,2,5
A-original,random,827,100827,2,False,3,5,0,7,1,0,1,1,0,0,0
A-original,random,828,100828,15,False,0,5,4,13,9,5,4,4,1,6,2
A-original,random,829,100829,9,False,0,5,0,7,6,4,2,2,1,2,0
A-original,random,830,100830,8,False,1,5,0,7,1,0,1,1,0,0,0
A-original,random,831,100831,20,True,4,6,0,15,10,7,3,3,2,4,1
A-original,random,832,100832,7,False,1,5,0,7,3,2,1,1,0,0,0
A-original,random,833,100833,20,True,4,5,3,19,10,6,4,4,1,8,1
A-original,random,834,100834,17,False,0,5,21,24,6,5,1,1,2,4,3
A-original,random,835,100835,5,False,1,5,0,7,1,0,1,1,0,0,0
A-original,random,836,100836,20,True,3,6,0,31,9,6,3,3,2,8,3
A-original,random,837,100837,8,False,1,5,0,8,2,1,1,1,1,2,2
A-original,random,838,100838,6,False,3,6,0,13,3,3,0,0,1,2,1
A-original,random,839,100839,11,False,1,5,0,11,2,1,1,1,0,0,2
A-original,random,840,100840,19,False,0,6,0,15,10,6,4,4,1,4,3
A-original,random,841,100841,5,False,1,5,0,7,1,0,1,1,1,0,1
A-original,random,842,100842,16,False,0,5,0,7,6,3,3,3,2,2,1
A-original,random,843,100843,19,False,0,5,0,15,8,4,4,4,1,4,1
A-original,random,844,100844,7,False,1,5,0,7,1,0,1,1,0,2,0
A-original,random,845,100845,14,False,0,5,16,20,3,2,1,1,1,2,4
A-original,random,846,100846,8,False,0,5,8,11,5,2,3,3,1,2,2
A-original,random,847,100847,6,False,0,5,0,7,2,0,2,2,1,2,2
A-original,random,848,100848,7,False,0,5,15,15,3,3,0,0,1,2,3
A-original,random,849,100849,4,False,3,5,0,8,1,1,0,0,0,0,1
A-original,random,850,100850,9,False,0,5,0,7,2,1,1,1,1,0,0
A-original,random,851,100851,5,False,5,6,0,16,2,2,0,0,0,0,1
A-original,random,852,100852,14,False,1,6,0,7,6,5,1,1,1,2,2
A-original,random,853,100853,7,False,1,5,0,7,1,1,0,0,0,2,1
A-original,random,854,100854,9,False,0,5,12,15,6,3,3,3,3,0,2
A-original,random,855,100855,6,False,1,5,0,8,2,1,1,1,1,0,1
A-original,random,856,100856,20,True,3,5,14,17,6,5,1,1,1,4,5
A-original,random,857,100857,10,False,0,5,1,12,5,3,2,2,1,0,2
A-original,random,858,100858,8,False,1,5,0,7,1,1,0,0,2,0,2
A-original,random,859,100859,20,True,3,5,5,12,10,6,4,4,2,4,2
A-original,random,860,100860,13,False,0,5,9,20,4,3,1,1,2,0,4
A-original,random,861,100861,7,False,1,5,0,7,2,0,2,2,0,2,0
A-original,random,862,100862,11,False,3,6,0,23,4,2,2,2,1,2,1
A-original,random,863,100863,11,False,0,5,0,7,6,4,2,2,2,0,1
A-original,random,864,100864,10,False,1,5,0,13,2,1,1,1,1,0,2
A-original,random,865,100865,12,False,0,5,22,25,2,1,1,1,2,2,4
A-original,random,866,100866,10,False,0,5,0,12,3,1,2,2,3,4,2
A-original,random,867,100867,14,False,0,6,0,25,8,5,3,3,0,2,2
A-original,random,868,100868,12,False,0,5,21,21,6,5,1,1,1,4,2
A-original,random,869,100869,11,False,0,6,0,15,6,3,3,3,1,2,2
A-original,random,870,100870,20,True,3,6,9,16,6,5,1,1,2,6,2
A-original,random,871,100871,20,True,1,5,9,11,6,5,1,1,2,10,1
A-original,random,872,100872,11,False,1,5,0,7,2,2,0,0,1,4,0
A-original,random,873,100873,20,True,1,5,9,12,3,2,1,1,1,6,2
A-original,random,874,100874,20,True,1,5,0,8,8,7,1,1,3,8,3
A-original,random,875,100875,17,False,0,5,35,36,11,8,3,3,1,0,3
A-original,random,876,100876,20,True,1,5,12,16,4,3,1,1,2,8,5
A-original,random,877,100877,7,False,1,5,0,7,4,3,1,1,2,0,2
A-original,random,878,100878,6,False,1,5,0,8,3,2,1,1,1,0,2
A-original,random,879,100879,6,False,3,5,0,10,3,2,1,1,2,2,0
A-original,random,880,100880,11,False,0,5,7,9,5,1,4,4,2,2,2
A-original,random,881,100881,8,False,0,5,18,18,4,2,2,2,2,0,4
A-original,random,882,100882,10,False,0,6,17,17,6,4,2,2,4,4,4
A-original,random,883,100883,20,True,2,9,0,13,12,10,2,2,5,8,5
A-original,random,884,100884,2,False,0,5,26,26,2,0,2,2,0,0,3
A-original,random,885,100885,4,False,3,5,0,7,1,1,0,0,1,0,1
A-original,random,886,100886,8,False,0,6,0,8,3,1,2,2,1,0,1
A-original,random,887,100887,19,False,0,5,1,7,13,11,2,2,2,6,1
A-original,random,888,100888,10,False,0,5,0,7,3,2,1,1,1,2,1
A-original,random,889,100889,9,False,0,5,0,7,5,3,2,2,1,0,3
A-original,random,890,100890,8,False,0,5,0,10,2,1,1,1,2,0,2
A-original,random,891,100891,7,False,1,5,0,7,3,1,2,2,1,0,0
A-original,random,892,100892,10,False,0,5,0,10,5,4,1,1,2,4,1
A-original,random,893,100893,18,False,0,5,2,13,7,6,1,1,2,6,1
A-original,random,894,100894,8,False,1,5,0,7,4,2,2,2,1,0,2
A-original,random,895,100895,4,False,3,5,0,7,1,1,0,0,0,2,1
A-original,random,896,100896,7,False,0,5,0,7,2,0,2,2,1,0,0
A-original,random,897,100897,12,False,0,5,0,15,5,2,3,3,2,0,0
A-original,random,898,100898,20,True,4,5,0,33,11,10,1,1,5,6,3
A-original,random,899,100899,5,False,3,6,0,7,2,2,0,0,0,2,1
A-original,random,900,100900,13,False,1,6,0,14,5,4,1,1,0,4,1
A-original,random,901,100901,6,False,3,5,0,10,2,2,0,0,3,2,2
A-original,random,902,100902,2,False,3,5,0,7,1,0,1,1,0,2,0
A-original,random,903,100903,20,True,1,5,28,30,9,8,1,1,2,8,7
A-original,random,904,100904,20,True,4,6,5,17,11,10,1,1,7,10,5
A-original,random,905,100905,6,False,0,5,0,7,4,1,3,3,0,2,1
A-original,random,906,100906,7,False,0,5,0,7,4,2,2,2,1,2,0
A-original,random,907,100907,13,False,1,5,0,7,5,3,2,2,1,6,2
A-original,random,908,100908,20,True,2,5,0,17,10,7,3,3,2,10,1
A-original,random,909,100909,5,False,1,5,0,7,1,0,1,1,0,0,0
A-original,random,910,100910,5,False,1,5,0,7,3,1,2,2,0,2,0
A-original,random,911,100911,8,False,0,5,0,7,4,2,2,2,0,0,0
A-original,random,912,100912,20,True,3,5,18,24,7,4,3,3,2,2,2
A-original,random,913,100913,5,False,1,5,0,7,2,0,2,2,1,0,0
A-original,random,914,100914,5,False,3,5,0,7,1,1,0,0,0,0,0
A-original,random,915,100915,20,True,1,5,3,15,8,6,2,2,4,2,7
A-original,random,916,100916,9,False,1,5,0,7,0,0,0,0,1,2,2
A-original,random,917,100917,7,False,0,5,0,7,3,0,3,3,1,0,0
A-original,random,918,100918,2,False,3,5,0,7,1,0,1,1,0,0,0
A-original,random,919,100919,7,False,0,5,10,10,2,1,1,1,2,2,3
A-original,random,920,100920,6,False,1,5,0,7,1,0,1,1,1,2,2
A-original,random,921,100921,13,False,0,5,3,7,5,4,1,1,2,0,3
A-original,random,922,100922,4,False,0,5,0,7,3,0,3,3,1,0,0
A-original,random,923,100923,19,False,0,6,0,13,6,5,1,1,2,6,4
A-original,random,924,100924,9,False,1,5,0,7,4,2,2,2,0,0,0
A-original,random,925,100925,10,False,0,5,13,13,1,1,0,0,1,2,2
A-original,random,926,100926,14,False,1,7,0,8,4,3,1,1,0,0,2
A-original,random,927,100927,10,False,0,6,4,9,5,2,3,3,0,2,1
A-original,random,928,100928,6,False,1,5,0,7,2,1,1,1,0,0,0
A-original,random,929,100929,20,True,3,5,0,18,8,6,2,2,1,6,4
A-original,random,930,100930,10,False,3,6,0,17,3,3,0,0,1,2,1
A-original,random,931,100931,20,True,3,5,24,24,12,10,2,2,2,2,4
A-original,random,932,100932,9,False,1,6,0,11,4,3,1,1,1,2,0
A-original,random,933,100933,16,False,0,5,15,15,3,3,0,0,1,6,3
A-original,random,934,100934,11,False,0,6,0,14,3,2,1,1,2,6,3
A-original,random,935,100935,20,True,1,5,24,37,6,3,3,3,1,6,4
A-original,random,936,100936,20,True,6,7,0,24,10,8,2,2,1,4,4
A-original,random,937,100937,2,False,3,5,0,7,2,1,1,1,0,0,0
A-original,random,938,100938,5,False,1,5,0,7,1,0,1,1,1,2,1
A-original,random,939,100939,8,False,0,5,0,7,2,0,2,2,1,2,0
A-original,random,940,100940,20,True,2,6,0,26,5,4,1,1,1,4,3
A-original,random,941,100941,5,False,3,5,0,8,3,3,0,0,0,0,1
A-original,random,942,100942,12,False,0,5,3,12,4,2,2,2,2,2,3
A-original,random,943,100943,6,False,1,6,0,9,2,1,1,1,2,0,3
A-original,random,944,100944,20,False,0,7,0,13,5,2,3,3,2,8,2
A-original,random,945,100945,9,False,1,5,0,10,5,4,1,1,2,0,2
A-original,random,946,100946,7,False,0,5,0,7,2,0,2,2,0,0,0
A-original,random,947,100947,9,False,0,5,0,7,4,3,1,1,0,2,1
A-original,random,948,100948,17,False,0,5,13,17,7,3,4,4,2,2,1
A-original,random,949,100949,15,False,0,5,0,12,3,2,1,1,2,4,1
A-original,random,950,100950,17,False,0,5,38,38,6,5,1,1,2,4,4
A-original,random,951,100951,14,False,1,5,0,11,6,3,3,3,0,2,1
A-original,random,952,100952,20,True,4,6,0,21,6,3,3,3,3,12,4
A-original,random,953,100953,2,False,3,5,0,7,1,0,1,1,0,0,0
A-original,random,954,100954,3,False,3,5,0,7,1,0,1,1,0,0,0
A-original,random,955,100955,13,False,0,5,0,11,5,2,3,3,2,4,3
A-original,random,956,100956,2,False,3,5,0,7,1,0,1,1,0,0,0
A-original,random,957,100957,5,False,3,6,0,7,2,2,0,0,1,0,3
A-original,random,958,100958,18,False,0,5,12,12,4,3,1,1,3,2,4
A-original,random,959,100959,6,False,1,5,0,7,4,1,3,3,0,2,0
A-original,random,960,100960,7,False,0,5,10,10,3,0,3,3,0,2,1
A-original,random,961,100961,16,False,1,5,0,13,4,2,2,2,1,6,3
A-original,random,962,100962,6,False,3,6,0,11,1,1,0,0,0,0,1
A-original,random,963,100963,7,False,1,5,0,7,2,0,2,2,0,2,0
A-original,random,964,100964,10,False,0,5,0,7,3,1,2,2,1,2,0
A-original,random,965,100965,11,False,3,5,0,10,5,3,2,2,0,0,3
A-original,random,966,100966,11,False,0,5,0,7,4,3,1,1,0,2,0
A-original,random,967,100967,20,True,6,6,10,15,13,12,1,1,5,8,4
A-original,random,968,100968,11,False,1,5,0,7,5,5,0,0,1,2,1
A-original,random,969,100969,16,False,0,5,0,20,5,4,1,1,3,2,4
A-original,random,970,100970,15,False,0,5,1,13,8,5,3,3,2,4,3
A-original,random,971,100971,5,False,1,5,0,7,4,2,2,2,1,0,1
A-original,random,972,100972,5,False,1,5,0,8,3,1,2,2,0,0,1
A-original,random,973,100973,12,False,0,5,5,10,7,2,5,5,1,0,3
A-original,random,974,100974,12,False,0,7,9,9,8,5,3,3,4,2,3
A-original,random,975,100975,12,False,1,5,0,7,3,3,0,0,0,4,1
A-original,random,976,100976,17,False,3,5,0,16,7,5,2,2,2,8,2
A-original,random,977,100977,19,False,0,6,5,8,5,3,2,2,3,2,1
A-original,random,978,100978,14,False,0,5,11,12,8,5,3,3,0,0,3
A-original,random,979,100979,5,False,1,5,0,7,2,2,0,0,2,4,4
A-original,random,980,100980,8,False,1,6,0,11,1,1,0,0,3,2,2
A-original,random,981,100981,20,True,1,5,8,13,9,5,4,4,1,4,2
A-original,random,982,100982,5,False,3,5,0,7,3,2,1,1,0,2,0
A-original,random,983,100983,13,False,0,5,0,11,5,4,1,1,2,6,0
A-original,random,984,100984,20,True,2,5,4,19,12,7,5,5,2,4,1
A-original,random,985,100985,20,True,3,5,0,15,9,6,3,3,2,4,1
A-original,random,986,100986,9,False,1,5,0,7,3,2,1,1,0,2,1
A-original,random,987,100987,8,False,1,5,0,14,4,1,3,3,1,4,0
A-original,random,988,100988,9,False,0,5,0,7,5,2,3,3,1,0,1
A-original,random,989,100989,6,False,3,5,0,7,0,0,0,0,1,2,0
A-original,random,990,100990,17,False,1,5,0,9,4,4,0,0,2,6,5
A-original,random,991,100991,7,False,1,5,0,7,0,0,0,0,0,0,1
A-original,random,992,100992,7,False,0,5,15,17,4,1,3,3,1,0,2
A-original,random,993,100993,4,False,5,6,0,7,2,2,0,0,0,0,0
A-original,random,994,100994,2,False,3,5,0,7,1,0,1,1,0,0,0
A-original,random,995,100995,20,True,3,6,0,27,8,4,4,4,2,6,4
A-original,random,996,100996,6,False,0,5,11,15,1,0,1,1,1,2,4
A-original,random,997,100997,7,False,0,6,0,9,3,1,2,2,1,0,2
A-original,random,998,100998,11,False,0,5,24,28,4,1,3,3,1,2,3
A-original,random,999,100999,2,False,3,5,0,7,1,0,1,1,0,0,0
A-original,random,1000,101000,8,False,1,5,0,9,3,1,2,2,1,0,1
A-original,food,1001,101001,20,True,1,5,27,31,9,5,4,4,0,0,0
A-original,food,1002,101002,20,True,1,5,60,62,14,10,4,4,0,0,0
A-original,food,1003,101003,20,True,1,5,26,26,9,5,4,4,0,0,0
A-original,food,1004,101004,20,True,2,5,98,98,20,17,3,3,0,0,0
A-original,food,1005,101005,20,True,2,5,63,63,20,17,3,3,0,0,0
A-original,food,1006,101006,20,True,1,5,91,93,20,16,4,4,0,0,0
A-original,food,1007,101007,20,True,1,5,21,21,12,8,4,4,0,0,0
A-original,food,1008,101008,20,True,1,5,75,76,18,14,4,4,0,0,0
A-original,food,1009,101009,20,True,1,5,67,67,13,9,4,4,0,0,0
A-original,food,1010,101010,20,True,1,5,59,64,12,8,4,4,0,0,0
A-original,food,1011,101011,20,True,1,5,64,65,15,11,4,4,0,0,0
A-original,food,1012,101012,20,True,1,5,41,45,14,10,4,4,0,0,0
A-original,food,1013,101013,20,True,1,5,5,9,4,0,4,4,0,0,0
A-original,food,1014,101014,20,True,1,5,66,69,13,9,4,4,0,0,0
A-original,food,1015,101015,20,True,1,5,64,66,16,12,4,4,0,0,0
A-original,food,1016,101016,20,True,1,5,64,69,13,9,4,4,0,0,0
A-original,food,1017,101017,20,True,1,5,26,30,11,7,4,4,0,0,0
A-original,food,1018,101018,20,True,1,5,38,45,11,7,4,4,0,0,0
A-original,food,1019,101019,20,True,1,5,101,101,20,16,4,4,0,0,0
A-original,food,1020,101020,20,True,1,5,57,57,13,9,4,4,0,0,0
A-original,food,1021,101021,20,True,1,5,73,83,15,11,4,4,0,0,0
A-original,food,1022,101022,20,True,1,5,72,73,15,11,4,4,0,0,0
A-original,food,1023,101023,20,True,1,5,112,114,19,15,4,4,0,0,0
A-original,food,1024,101024,20,True,1,5,9,9,4,0,4,4,0,0,0
A-original,food,1025,101025,20,True,2,5,103,103,20,17,3,3,0,0,0
A-original,food,1026,101026,20,True,1,5,59,60,15,11,4,4,0,0,0
A-original,food,1027,101027,20,True,2,5,119,119,20,17,3,3,0,0,0
A-original,food,1028,101028,20,True,1,5,28,29,12,8,4,4,0,0,0
A-original,food,1029,101029,20,True,1,5,78,79,14,10,4,4,0,0,0
A-original,food,1030,101030,20,True,1,5,35,38,13,9,4,4,0,0,0
A-original,food,1031,101031,20,True,1,5,66,66,14,10,4,4,0,0,0
A-original,food,1032,101032,20,True,1,5,80,80,16,12,4,4,0,0,0
A-original,food,1033,101033,20,True,1,5,34,34,10,6,4,4,0,0,0
A-original,food,1034,101034,20,True,1,5,19,21,7,3,4,4,0,0,0
A-original,food,1035,101035,20,True,2,5,98,100,20,17,3,3,0,0,0
A-original,food,1036,101036,20,True,1,5,40,40,16,12,4,4,0,0,0
A-original,food,1037,101037,20,True,1,5,79,80,20,16,4,4,0,0,0
A-original,food,1038,101038,20,True,1,5,81,81,17,13,4,4,0,0,0
A-original,food,1039,101039,20,True,1,5,17,21,5,1,4,4,0,0,0
A-original,food,1040,101040,20,True,1,5,60,60,17,13,4,4,0,0,0
A-original,food,1041,101041,20,True,1,5,47,47,17,13,4,4,0,0,0
A-original,food,1042,101042,20,True,1,5,14,22,7,3,4,4,0,0,0
A-original,food,1043,101043,20,True,1,5,20,21,9,5,4,4,0,0,0
A-original,food,1044,101044,20,True,1,5,35,35,11,7,4,4,0,0,0
A-original,food,1045,101045,20,True,1,5,37,38,13,9,4,4,0,0,0
A-original,food,1046,101046,20,True,1,5,47,48,16,12,4,4,0,0,0
A-original,food,1047,101047,20,True,1,5,29,30,10,6,4,4,0,0,0
A-original,food,1048,101048,20,True,1,5,18,19,8,4,4,4,0,0,0
A-original,food,1049,101049,20,True,1,5,54,55,15,11,4,4,0,0,0
A-original,food,1050,101050,20,True,1,5,2,7,5,1,4,4,0,0,0
A-original,food,1051,101051,20,True,1,5,35,38,10,6,4,4,0,0,0
A-original,food,1052,101052,20,True,1,5,54,54,16,12,4,4,0,0,0
A-original,food,1053,101053,20,True,1,5,62,62,16,12,4,4,0,0,0
A-original,food,1054,101054,20,True,1,5,88,88,20,16,4,4,0,0,0
A-original,food,1055,101055,20,True,1,5,66,66,13,9,4,4,0,0,0
A-original,food,1056,101056,20,True,2,5,113,113,20,17,3,3,0,0,0
A-original,food,1057,101057,20,True,2,5,105,105,20,17,3,3,0,0,0
A-original,food,1058,101058,20,True,1,5,65,65,12,8,4,4,0,0,0
A-original,food,1059,101059,20,True,1,5,64,66,14,10,4,4,0,0,0
A-original,food,1060,101060,20,True,1,5,92,92,18,14,4,4,0,0,0
A-original,food,1061,101061,20,True,1,5,83,83,20,16,4,4,0,0,0
A-original,food,1062,101062,20,True,1,5,43,44,12,8,4,4,0,0,0
A-original,food,1063,101063,20,True,1,5,42,49,12,8,4,4,0,0,0
A-original,food,1064,101064,20,True,1,5,50,54,12,8,4,4,0,0,0
A-original,food,1065,101065,20,True,1,5,12,23,7,3,4,4,0,0,0
A-original,food,1066,101066,20,True,1,5,38,38,10,6,4,4,0,0,0
A-original,food,1067,101067,20,True,2,5,97,97,20,17,3,3,0,0,0
A-original,food,1068,101068,20,True,1,5,93,93,18,14,4,4,0,0,0
A-original,food,1069,101069,20,True,1,5,56,59,11,7,4,4,0,0,0
A-original,food,1070,101070,20,True,1,5,75,75,17,13,4,4,0,0,0
A-original,food,1071,101071,20,True,1,5,74,76,15,11,4,4,0,0,0
A-original,food,1072,101072,20,True,1,5,80,81,17,13,4,4,0,0,0
A-original,food,1073,101073,20,True,1,5,35,37,11,7,4,4,0,0,0
A-original,food,1074,101074,20,True,1,5,96,97,17,13,4,4,0,0,0
A-original,food,1075,101075,20,True,1,5,47,49,15,11,4,4,0,0,0
A-original,food,1076,101076,20,True,1,5,63,64,12,8,4,4,0,0,0
A-original,food,1077,101077,20,True,1,5,82,82,19,15,4,4,0,0,0
A-original,food,1078,101078,20,True,1,5,33,33,14,10,4,4,0,0,0
A-original,food,1079,101079,20,True,1,5,40,43,12,8,4,4,0,0,0
A-original,food,1080,101080,20,True,1,5,67,67,13,9,4,4,0,0,0
A-original,food,1081,101081,20,True,1,5,45,48,15,11,4,4,0,0,0
A-original,food,1082,101082,20,True,1,5,68,68,16,12,4,4,0,0,0
A-original,food,1083,101083,20,True,1,5,13,18,6,2,4,4,0,0,0
A-original,food,1084,101084,20,True,1,5,51,52,13,9,4,4,0,0,0
A-original,food,1085,101085,20,True,1,5,40,49,12,8,4,4,0,0,0
A-original,food,1086,101086,20,True,1,5,63,63,15,11,4,4,0,0,0
A-original,food,1087,101087,20,True,1,5,10,10,5,1,4,4,0,0,0
A-original,food,1088,101088,20,True,1,5,19,20,11,7,4,4,0,0,0
A-original,food,1089,101089,20,True,1,5,61,62,12,8,4,4,0,0,0
A-original,food,1090,101090,20,True,1,5,38,39,10,6,4,4,0,0,0
A-original,food,1091,101091,20,True,1,5,49,50,13,9,4,4,0,0,0
A-original,food,1092,101092,20,True,1,5,46,47,14,10,4,4,0,0,0
A-original,food,1093,101093,20,True,1,5,68,69,15,11,4,4,0,0,0
A-original,food,1094,101094,20,True,1,5,39,39,11,7,4,4,0,0,0
A-original,food,1095,101095,20,True,1,5,21,27,9,5,4,4,0,0,0
A-original,food,1096,101096,20,True,1,5,69,69,15,11,4,4,0,0,0
A-original,food,1097,101097,20,True,1,5,27,30,11,7,4,4,0,0,0
A-original,food,1098,101098,20,True,1,5,109,109,19,15,4,4,0,0,0
A-original,food,1099,101099,20,True,1,5,44,44,14,10,4,4,0,0,0
A-original,food,1100,101100,20,True,1,5,67,71,13,9,4,4,0,0,0
A-original,food,1101,101101,20,True,1,5,25,26,10,6,4,4,0,0,0
A-original,food,1102,101102,20,True,1,5,5,7,4,0,4,4,0,0,0
A-original,food,1103,101103,20,True,1,5,62,62,15,11,4,4,0,0,0
A-original,food,1104,101104,20,True,1,5,86,86,15,11,4,4,0,0,0
A-original,food,1105,101105,20,True,1,5,75,76,19,15,4,4,0,0,0
A-original,food,1106,101106,20,True,2,5,82,82,20,17,3,3,0,0,0
A-original,food,1107,101107,20,True,1,5,51,51,17,13,4,4,0,0,0
A-original,food,1108,101108,20,True,1,5,47,47,11,7,4,4,0,0,0
A-original,food,1109,101109,20,True,1,5,72,73,16,12,4,4,0,0,0
A-original,food,1110,101110,20,True,1,5,51,51,16,12,4,4,0,0,0
A-original,food,1111,101111,20,True,1,5,62,62,12,8,4,4,0,0,0
A-original,food,1112,101112,20,True,1,5,55,55,10,6,4,4,0,0,0
A-original,food,1113,101113,20,True,1,5,62,62,17,13,4,4,0,0,0
A-original,food,1114,101114,20,True,1,5,21,26,10,6,4,4,0,0,0
A-original,food,1115,101115,20,True,1,5,61,65,16,12,4,4,0,0,0
A-original,food,1116,101116,20,True,1,5,65,68,12,8,4,4,0,0,0
A-original,food,1117,101117,20,True,1,5,76,76,16,12,4,4,0,0,0
A-original,food,1118,101118,20,True,1,5,61,61,11,7,4,4,0,0,0
A-original,food,1119,101119,20,True,1,5,11,13,8,4,4,4,0,0,0
A-original,food,1120,101120,20,True,1,5,49,56,11,7,4,4,0,0,0
A-original,food,1121,101121,20,True,1,5,21,23,7,3,4,4,0,0,0
A-original,food,1122,101122,20,True,1,5,31,38,11,7,4,4,0,0,0
A-original,food,1123,101123,20,True,2,5,110,110,20,17,3,3,0,0,0
A-original,food,1124,101124,20,True,1,5,34,41,10,6,4,4,0,0,0
A-original,food,1125,101125,20,True,1,5,61,61,16,12,4,4,0,0,0
A-original,food,1126,101126,20,True,1,5,40,47,14,10,4,4,0,0,0
A-original,food,1127,101127,20,True,1,5,25,26,9,5,4,4,0,0,0
A-original,food,1128,101128,20,True,1,5,68,72,14,10,4,4,0,0,0
A-original,food,1129,101129,20,True,1,5,103,103,18,14,4,4,0,0,0
A-original,food,1130,101130,20,True,1,5,67,70,16,12,4,4,0,0,0
A-original,food,1131,101131,20,True,1,5,34,34,11,7,4,4,0,0,0
A-original,food,1132,101132,20,True,1,5,41,43,12,8,4,4,0,0,0
A-original,food,1133,101133,20,True,1,5,90,91,17,13,4,4,0,0,0
A-original,food,1134,101134,20,True,2,5,120,120,20,17,3,3,0,0,0
A-original,food,1135,101135,20,True,1,5,13,15,7,3,4,4,0,0,0
A-original,food,1136,101136,20,True,1,5,54,61,13,9,4,4,0,0,0
A-original,food,1137,101137,20,True,1,5,48,48,13,9,4,4,0,0,0
A-original,food,1138,101138,20,True,1,5,11,21,7,3,4,4,0,0,0
A-original,food,1139,101139,20,True,1,5,47,49,14,10,4,4,0,0,0
A-original,food,1140,101140,20,True,1,5,43,46,13,9,4,4,0,0,0
A-original,food,1141,101141,20,True,1,5,60,62,16,12,4,4,0,0,0
A-original,food,1142,101142,20,True,1,5,48,52,14,10,4,4,0,0,0
A-original,food,1143,101143,20,True,1,5,93,94,17,13,4,4,0,0,0
A-original,food,1144,101144,20,True,1,5,23,24,8,4,4,4,0,0,0
A-original,food,1145,101145,20,True,1,5,23,23,8,4,4,4,0,0,0
A-original,food,1146,101146,20,True,1,5,70,70,20,16,4,4,0,0,0
A-original,food,1147,101147,20,True,1,5,45,46,13,9,4,4,0,0,0
A-original,food,1148,101148,20,True,1,5,21,21,6,2,4,4,0,0,0
A-original,food,1149,101149,20,True,1,5,11,14,6,2,4,4,0,0,0
A-original,food,1150,101150,20,True,1,5,48,50,13,9,4,4,0,0,0
A-original,food,1151,101151,20,True,1,5,50,57,12,8,4,4,0,0,0
A-original,food,1152,101152,20,True,1,5,62,62,17,13,4,4,0,0,0
A-original,food,1153,101153,20,True,1,5,34,34,11,7,4,4,0,0,0
A-original,food,1154,101154,20,True,1,5,68,68,13,9,4,4,0,0,0
A-original,food,1155,101155,20,True,1,5,50,50,11,7,4,4,0,0,0
A-original,food,1156,101156,20,True,1,5,52,54,12,8,4,4,0,0,0
A-original,food,1157,101157,20,True,1,5,99,99,20,16,4,4,0,0,0
A-original,food,1158,101158,20,True,1,5,105,108,19,15,4,4,0,0,0
A-original,food,1159,101159,20,True,1,5,48,49,13,9,4,4,0,0,0
A-original,food,1160,101160,20,True,1,5,71,72,20,16,4,4,0,0,0
A-original,food,1161,101161,20,True,1,5,27,27,9,5,4,4,0,0,0
A-original,food,1162,101162,20,True,1,5,82,86,15,11,4,4,0,0,0
A-original,food,1163,101163,13,False,0,5,0,10,5,1,4,4,0,0,0
A-original,food,1164,101164,20,True,1,5,86,92,15,11,4,4,0,0,0
A-original,food,1165,101165,20,True,2,5,103,103,20,17,3,3,0,0,0
A-original,food,1166,101166,20,True,2,5,98,98,20,17,3,3,0,0,0
A-original,food,1167,101167,20,True,1,5,86,87,17,13,4,4,0,0,0
A-original,food,1168,101168,20,True,1,5,65,68,14,10,4,4,0,0,0
A-original,food,1169,101169,20,True,1,5,58,62,12,8,4,4,0,0,0
A-original,food,1170,101170,20,True,1,5,36,40,13,9,4,4,0,0,0
A-original,food,1171,101171,20,True,1,5,62,63,15,11,4,4,0,0,0
A-original,food,1172,101172,20,True,1,5,38,39,16,12,4,4,0,0,0
A-original,food,1173,101173,20,True,1,5,83,83,16,12,4,4,0,0,0
A-original,food,1174,101174,20,True,1,5,24,26,9,5,4,4,0,0,0
A-original,food,1175,101175,20,True,1,5,31,31,8,4,4,4,0,0,0
A-original,food,1176,101176,20,True,1,5,71,71,20,16,4,4,0,0,0
A-original,food,1177,101177,20,True,1,5,4,9,6,2,4,4,0,0,0
A-original,food,1178,101178,20,True,1,5,45,45,13,9,4,4,0,0,0
A-original,food,1179,101179,20,True,1,5,45,46,15,11,4,4,0,0,0
A-original,food,1180,101180,20,True,2,5,88,88,20,17,3,3,0,0,0
A-original,food,1181,101181,20,True,1,5,97,99,19,15,4,4,0,0,0
A-original,food,1182,101182,20,True,1,5,60,63,14,10,4,4,0,0,0
A-original,food,1183,101183,20,True,1,5,53,54,16,12,4,4,0,0,0
A-original,food,1184,101184,20,True,1,5,59,59,15,11,4,4,0,0,0
A-original,food,1185,101185,20,True,1,5,38,40,9,5,4,4,0,0,0
A-original,food,1186,101186,20,True,1,5,25,26,7,3,4,4,0,0,0
A-original,food,1187,101187,20,True,1,5,23,26,7,3,4,4,0,0,0
A-original,food,1188,101188,20,True,1,5,58,58,13,9,4,4,0,0,0
A-original,food,1189,101189,20,True,1,5,72,72,17,13,4,4,0,0,0
A-original,food,1190,101190,20,True,1,5,57,58,15,11,4,4,0,0,0
A-original,food,1191,101191,20,True,1,5,89,89,15,11,4,4,0,0,0
A-original,food,1192,101192,20,True,2,5,63,63,20,17,3,3,0,0,0
A-original,food,1193,101193,20,True,1,5,13,16,7,3,4,4,0,0,0
A-original,food,1194,101194,20,True,1,5,11,13,6,2,4,4,0,0,0
A-original,food,1195,101195,20,True,1,5,33,35,12,8,4,4,0,0,0
A-original,food,1196,101196,20,True,1,5,62,65,13,9,4,4,0,0,0
A-original,food,1197,101197,20,True,1,5,54,54,12,8,4,4,0,0,0
A-original,food,1198,101198,20,True,1,5,56,57,12,8,4,4,0,0,0
A-original,food,1199,101199,20,True,1,5,5,10,5,1,4,4,0,0,0
A-original,food,1200,101200,20,True,1,5,39,40,11,7,4,4,0,0,0
A-original,food,1201,101201,20,True,1,5,44,44,12,8,4,4,0,0,0
A-original,food,1202,101202,20,True,1,5,47,47,9,5,4,4,0,0,0
A-original,food,1203,101203,20,True,1,5,96,96,19,15,4,4,0,0,0
A-original,food,1204,101204,20,True,1,5,71,72,14,10,4,4,0,0,0
A-original,food,1205,101205,20,True,1,5,61,61,18,14,4,4,0,0,0
A-original,food,1206,101206,20,True,1,5,47,48,11,7,4,4,0,0,0
A-original,food,1207,101207,20,True,1,5,24,24,7,3,4,4,0,0,0
A-original,food,1208,101208,20,True,1,5,76,78,15,11,4,4,0,0,0
A-original,food,1209,101209,20,True,1,5,46,48,11,7,4,4,0,0,0
A-original,food,1210,101210,20,True,1,5,42,42,10,6,4,4,0,0,0
A-original,food,1211,101211,20,True,1,5,28,30,9,5,4,4,0,0,0
A-original,food,1212,101212,20,True,1,5,49,49,12,8,4,4,0,0,0
A-original,food,1213,101213,20,True,1,5,83,85,16,12,4,4,0,0,0
A-original,food,1214,101214,20,True,1,5,65,65,17,13,4,4,0,0,0
A-original,food,1215,101215,20,True,1,5,17,18,11,7,4,4,0,0,0
A-original,food,1216,101216,20,True,1,5,27,31,13,9,4,4,0,0,0
A-original,food,1217,101217,20,True,1,5,85,87,18,14,4,4,0,0,0
A-original,food,1218,101218,20,True,2,5,108,108,20,17,3,3,0,0,0
A-original,food,1219,101219,20,True,1,5,24,25,9,5,4,4,0,0,0
A-original,food,1220,101220,20,True,1,5,30,38,11,7,4,4,0,0,0
A-original,food,1221,101221,20,True,1,5,94,99,15,11,4,4,0,0,0
A-original,food,1222,101222,20,True,1,5,29,30,11,7,4,4,0,0,0
A-original,food,1223,101223,20,True,1,5,66,68,12,8,4,4,0,0,0
A-original,food,1224,101224,20,True,1,5,77,77,14,10,4,4,0,0,0
A-original,food,1225,101225,20,True,1,5,26,26,15,11,4,4,0,0,0
A-original,food,1226,101226,20,True,1,5,56,56,13,9,4,4,0,0,0
A-original,food,1227,101227,20,True,1,5,70,70,15,11,4,4,0,0,0
A-original,food,1228,101228,20,True,1,5,9,13,6,2,4,4,0,0,0
A-original,food,1229,101229,20,True,2,5,105,105,20,17,3,3,0,0,0
A-original,food,1230,101230,20,True,1,5,62,62,13,9,4,4,0,0,0
A-original,food,1231,101231,20,True,1,5,31,37,10,6,4,4,0,0,0
A-original,food,1232,101232,20,True,1,5,47,48,14,10,4,4,0,0,0
A-original,food,1233,101233,20,True,1,5,66,70,13,9,4,4,0,0,0
A-original,food,1234,101234,20,True,2,5,99,99,20,17,3,3,0,0,0
A-original,food,1235,101235,20,True,1,5,37,39,10,6,4,4,0,0,0
A-original,food,1236,101236,20,True,1,5,37,42,10,6,4,4,0,0,0
A-original,food,1237,101237,20,True,1,5,92,95,17,13,4,4,0,0,0
A-original,food,1238,101238,20,True,1,5,50,50,12,8,4,4,0,0,0
A-original,food,1239,101239,20,True,1,5,67,68,13,9,4,4,0,0,0
A-original,food,1240,101240,20,True,1,5,76,76,17,13,4,4,0,0,0
A-original,food,1241,101241,20,True,1,5,77,77,20,16,4,4,0,0,0
A-original,food,1242,101242,20,True,1,5,35,36,9,5,4,4,0,0,0
A-original,food,1243,101243,20,True,1,5,85,88,18,14,4,4,0,0,0
A-original,food,1244,101244,20,True,1,5,25,27,9,5,4,4,0,0,0
A-original,food,1245,101245,20,True,1,5,59,63,10,6,4,4,0,0,0
A-original,food,1246,101246,20,True,1,5,45,46,13,9,4,4,0,0,0
A-original,food,1247,101247,20,True,1,5,45,46,11,7,4,4,0,0,0
A-original,food,1248,101248,20,True,1,5,85,85,19,15,4,4,0,0,0
A-original,food,1249,101249,20,True,2,5,78,78,20,17,3,3,0,0,0
A-original,food,1250,101250,20,True,1,5,73,73,14,10,4,4,0,0,0
A-original,food,1251,101251,20,True,1,5,24,24,7,3,4,4,0,0,0
A-original,food,1252,101252,20,True,1,5,45,47,14,10,4,4,0,0,0
A-original,food,1253,101253,20,True,1,5,57,58,15,11,4,4,0,0,0
A-original,food,1254,101254,20,True,1,5,65,67,17,13,4,4,0,0,0
A-original,food,1255,101255,20,True,1,5,85,85,12,8,4,4,0,0,0
A-original,food,1256,101256,20,True,1,5,67,67,17,13,4,4,0,0,0
A-original,food,1257,101257,20,True,1,5,62,62,12,8,4,4,0,0,0
A-original,food,1258,101258,20,True,1,5,57,57,10,6,4,4,0,0,0
A-original,food,1259,101259,20,True,1,5,40,41,13,9,4,4,0,0,0
A-original,food,1260,101260,20,True,1,5,34,35,11,7,4,4,0,0,0
A-original,food,1261,101261,20,True,1,5,61,62,13,9,4,4,0,0,0
A-original,food,1262,101262,20,True,1,5,42,50,13,9,4,4,0,0,0
A-original,food,1263,101263,20,True,1,5,34,35,11,7,4,4,0,0,0
A-original,food,1264,101264,20,True,1,5,38,43,12,8,4,4,0,0,0
A-original,food,1265,101265,20,True,1,5,47,47,19,15,4,4,0,0,0
A-original,food,1266,101266,20,True,1,5,42,45,12,8,4,4,0,0,0
A-original,food,1267,101267,20,True,1,5,84,84,19,15,4,4,0,0,0
A-original,food,1268,101268,20,True,1,5,69,69,19,15,4,4,0,0,0
A-original,food,1269,101269,20,True,1,5,91,94,18,14,4,4,0,0,0
A-original,food,1270,101270,20,True,1,5,29,29,8,4,4,4,0,0,0
A-original,food,1271,101271,20,True,1,5,52,53,14,10,4,4,0,0,0
A-original,food,1272,101272,20,True,1,5,64,64,16,12,4,4,0,0,0
A-original,food,1273,101273,20,True,1,5,50,54,15,11,4,4,0,0,0
A-original,food,1274,101274,20,True,1,5,59,59,16,12,4,4,0,0,0
A-original,food,1275,101275,20,True,1,5,78,79,14,10,4,4,0,0,0
A-original,food,1276,101276,20,True,1,5,38,41,12,8,4,4,0,0,0
A-original,food,1277,101277,20,True,1,5,64,65,16,12,4,4,0,0,0
A-original,food,1278,101278,20,True,1,5,57,57,13,9,4,4,0,0,0
A-original,food,1279,101279,20,True,1,5,103,103,17,13,4,4,0,0,0
A-original,food,1280,101280,20,True,1,5,41,46,10,6,4,4,0,0,0
A-original,food,1281,101281,20,True,1,5,35,36,11,7,4,4,0,0,0
A-original,food,1282,101282,20,True,1,5,86,86,20,16,4,4,0,0,0
A-original,food,1283,101283,20,True,1,5,43,44,11,7,4,4,0,0,0
A-original,food,1284,101284,20,True,1,5,38,41,11,7,4,4,0,0,0
A-original,food,1285,101285,20,True,1,5,47,47,12,8,4,4,0,0,0
A-original,food,1286,101286,20,True,1,5,66,66,15,11,4,4,0,0,0
A-original,food,1287,101287,20,True,1,5,19,19,6,2,4,4,0,0,0
A-original,food,1288,101288,20,True,1,5,81,81,19,15,4,4,0,0,0
A-original,food,1289,101289,20,True,2,5,126,126,20,17,3,3,0,0,0
A-original,food,1290,101290,20,True,1,5,23,24,8,4,4,4,0,0,0
A-original,food,1291,101291,20,True,1,5,58,58,10,6,4,4,0,0,0
A-original,food,1292,101292,20,True,1,5,102,102,16,12,4,4,0,0,0
A-original,food,1293,101293,20,True,1,5,83,84,16,12,4,4,0,0,0
A-original,food,1294,101294,20,True,1,5,33,35,9,5,4,4,0,0,0
A-original,food,1295,101295,20,True,1,5,42,42,15,11,4,4,0,0,0
A-original,food,1296,101296,20,True,1,5,31,35,9,5,4,4,0,0,0
A-original,food,1297,101297,20,True,1,5,107,109,18,14,4,4,0,0,0
A-original,food,1298,101298,20,True,1,5,76,78,15,11,4,4,0,0,0
A-original,food,1299,101299,20,True,1,5,64,64,16,12,4,4,0,0,0
A-original,food,1300,101300,20,True,1,5,97,98,19,15,4,4,0,0,0
A-original,food,1301,101301,20,True,1,5,36,38,11,7,4,4,0,0,0
A-original,food,1302,101302,20,True,1,5,58,59,12,8,4,4,0,0,0
A-original,food,1303,101303,20,True,1,5,72,72,15,11,4,4,0,0,0
A-original,food,1304,101304,20,True,1,5,52,53,16,12,4,4,0,0,0
A-original,food,1305,101305,20,True,1,5,55,56,15,11,4,4,0,0,0
A-original,food,1306,101306,20,True,1,5,63,68,15,11,4,4,0,0,0
A-original,food,1307,101307,20,True,1,5,81,81,17,13,4,4,0,0,0
A-original,food,1308,101308,20,True,1,5,35,38,10,6,4,4,0,0,0
A-original,food,1309,101309,20,True,1,5,50,51,14,10,4,4,0,0,0
A-original,food,1310,101310,20,True,1,5,76,76,17,13,4,4,0,0,0
A-original,food,1311,101311,20,True,1,5,57,58,12,8,4,4,0,0,0
A-original,food,1312,101312,20,True,2,5,93,93,20,17,3,3,0,0,0
A-original,food,1313,101313,20,True,1,5,68,68,19,15,4,4,0,0,0
A-original,food,1314,101314,20,True,2,5,74,74,20,17,3,3,0,0,0
A-original,food,1315,101315,20,True,1,5,50,53,15,11,4,4,0,0,0
A-original,food,1316,101316,20,True,1,5,42,46,15,11,4,4,0,0,0
A-original,food,1317,101317,20,True,1,5,59,59,10,6,4,4,0,0,0
A-original,food,1318,101318,20,True,1,5,19,22,5,1,4,4,0,0,0
A-original,food,1319,101319,20,True,1,5,46,46,11,7,4,4,0,0,0
A-original,food,1320,101320,20,True,1,5,38,39,19,15,4,4,0,0,0
A-original,food,1321,101321,20,True,1,5,27,29,10,6,4,4,0,0,0
A-original,food,1322,101322,20,True,1,5,28,29,15,11,4,4,0,0,0
A-original,food,1323,101323,20,True,1,5,83,84,17,13,4,4,0,0,0
A-original,food,1324,101324,20,True,1,5,88,88,18,14,4,4,0,0,0
A-original,food,1325,101325,20,True,1,5,85,85,19,15,4,4,0,0,0
A-original,food,1326,101326,20,True,1,5,31,37,12,8,4,4,0,0,0
A-original,food,1327,101327,20,True,2,5,62,62,20,17,3,3,0,0,0
A-original,food,1328,101328,20,True,1,5,69,70,18,14,4,4,0,0,0
A-original,food,1329,101329,20,True,1,5,60,60,13,9,4,4,0,0,0
A-original,food,1330,101330,20,True,2,5,68,68,17,14,3,3,0,0,0
A-original,food,1331,101331,20,True,1,5,37,37,11,7,4,4,0,0,0
A-original,food,1332,101332,20,True,1,5,66,66,15,11,4,4,0,0,0
A-original,food,1333,101333,20,True,1,5,56,56,10,6,4,4,0,0,0
A-original,food,1334,101334,20,True,1,5,54,54,12,8,4,4,0,0,0
A-original,food,1335,101335,20,True,1,5,54,55,14,10,4,4,0,0,0
A-original,food,1336,101336,20,True,2,5,102,102,20,17,3,3,0,0,0
A-original,food,1337,101337,20,True,1,5,60,61,13,9,4,4,0,0,0
A-original,food,1338,101338,20,True,1,5,108,109,19,15,4,4,0,0,0
A-original,food,1339,101339,20,True,1,5,16,20,6,2,4,4,0,0,0
A-original,food,1340,101340,20,True,1,5,80,86,14,10,4,4,0,0,0
A-original,food,1341,101341,20,True,1,5,79,83,16,12,4,4,0,0,0
A-original,food,1342,101342,20,True,1,5,76,77,17,13,4,4,0,0,0
A-original,food,1343,101343,20,True,1,5,60,66,15,11,4,4,0,0,0
A-original,food,1344,101344,20,True,1,5,107,107,20,16,4,4,0,0,0
A-original,food,1345,101345,20,True,1,5,46,48,16,12,4,4,0,0,0
A-original,food,1346,101346,20,True,1,5,37,39,18,14,4,4,0,0,0
A-original,food,1347,101347,20,True,1,5,54,58,13,9,4,4,0,0,0
A-original,food,1348,101348,20,True,1,5,62,63,16,12,4,4,0,0,0
A-original,food,1349,101349,20,True,1,5,11,11,6,2,4,4,0,0,0
A-original,food,1350,101350,20,True,2,5,102,102,20,17,3,3,0,0,0
A-original,food,1351,101351,20,True,1,5,41,41,10,6,4,4,0,0,0
A-original,food,1352,101352,20,True,1,5,78,78,19,15,4,4,0,0,0
A-original,food,1353,101353,20,True,1,5,48,48,12,8,4,4,0,0,0
A-original,food,1354,101354,20,True,1,5,48,53,10,6,4,4,0,0,0
A-original,food,1355,101355,20,True,1,5,71,72,18,14,4,4,0,0,0
A-original,food,1356,101356,20,True,1,5,86,87,19,15,4,4,0,0,0
A-original,food,1357,101357,20,True,1,5,59,59,13,9,4,4,0,0,0
A-original,food,1358,101358,20,True,1,5,69,70,12,8,4,4,0,0,0
A-original,food,1359,101359,20,True,1,5,44,47,15,11,4,4,0,0,0
A-original,food,1360,101360,20,True,1,5,66,70,13,9,4,4,0,0,0
A-original,food,1361,101361,20,True,1,5,78,78,19,15,4,4,0,0,0
A-original,food,1362,101362,20,True,1,5,45,50,12,8,4,4,0,0,0
A-original,food,1363,101363,20,True,1,5,79,79,15,11,4,4,0,0,0
A-original,food,1364,101364,20,True,1,5,60,60,19,15,4,4,0,0,0
A-original,food,1365,101365,20,True,1,5,47,47,11,7,4,4,0,0,0
A-original,food,1366,101366,20,True,1,5,64,64,13,9,4,4,0,0,0
A-original,food,1367,101367,20,True,1,5,26,26,13,9,4,4,0,0,0
A-original,food,1368,101368,20,True,1,5,73,73,13,9,4,4,0,0,0
A-original,food,1369,101369,20,True,1,5,52,54,11,7,4,4,0,0,0
A-original,food,1370,101370,20,True,1,5,39,42,12,8,4,4,0,0,0
A-original,food,1371,101371,20,True,1,5,45,47,14,10,4,4,0,0,0
A-original,food,1372,101372,20,True,1,5,55,62,12,8,4,4,0,0,0
A-original,food,1373,101373,20,True,1,5,56,56,16,12,4,4,0,0,0
A-original,food,1374,101374,20,True,1,5,86,86,19,15,4,4,0,0,0
A-original,food,1375,101375,20,True,1,5,49,52,13,9,4,4,0,0,0
A-original,food,1376,101376,20,True,1,5,23,23,6,2,4,4,0,0,0
A-original,food,1377,101377,20,True,1,5,48,49,10,6,4,4,0,0,0
A-original,food,1378,101378,20,True,1,5,45,46,12,8,4,4,0,0,0
A-original,food,1379,101379,20,True,1,5,39,41,15,11,4,4,0,0,0
A-original,food,1380,101380,20,True,2,5,76,76,20,17,3,3,0,0,0
A-original,food,1381,101381,20,True,1,5,82,82,16,12,4,4,0,0,0
A-original,food,1382,101382,20,True,1,5,75,75,16,12,4,4,0,0,0
A-original,food,1383,101383,20,True,1,5,37,39,11,7,4,4,0,0,0
A-original,food,1384,101384,20,True,1,5,42,42,13,9,4,4,0,0,0
A-original,food,1385,101385,20,True,1,5,15,17,8,4,4,4,0,0,0
A-original,food,1386,101386,20,True,1,5,63,63,18,14,4,4,0,0,0
A-original,food,1387,101387,20,True,1,5,37,38,11,7,4,4,0,0,0
A-original,food,1388,101388,20,True,1,5,65,67,14,10,4,4,0,0,0
A-original,food,1389,101389,20,True,1,5,60,63,13,9,4,4,0,0,0
A-original,food,1390,101390,20,True,1,5,24,32,10,6,4,4,0,0,0
A-original,food,1391,101391,20,True,2,5,80,80,20,17,3,3,0,0,0
A-original,food,1392,101392,20,True,1,5,46,46,13,9,4,4,0,0,0
A-original,food,1393,101393,20,True,1,5,86,87,17,13,4,4,0,0,0
A-original,food,1394,101394,20,True,1,5,29,32,12,8,4,4,0,0,0
A-original,food,1395,101395,20,True,1,5,8,15,8,4,4,4,0,0,0
A-original,food,1396,101396,20,True,1,5,97,99,18,14,4,4,0,0,0
A-original,food,1397,101397,20,True,1,5,52,56,15,11,4,4,0,0,0
A-original,food,1398,101398,20,True,1,5,35,36,10,6,4,4,0,0,0
A-original,food,1399,101399,20,True,1,5,51,52,10,6,4,4,0,0,0
A-original,food,1400,101400,20,True,1,5,15,19,12,8,4,4,0,0,0
A-original,food,1401,101401,20,True,1,5,29,39,12,8,4,4,0,0,0
A-original,food,1402,101402,20,True,1,5,43,47,14,10,4,4,0,0,0
A-original,food,1403,101403,20,True,1,5,97,97,20,16,4,4,0,0,0
A-original,food,1404,101404,20,True,1,5,84,86,16,12,4,4,0,0,0
A-original,food,1405,101405,20,True,1,5,59,59,13,9,4,4,0,0,0
A-original,food,1406,101406,20,True,1,5,47,50,12,8,4,4,0,0,0
A-original,food,1407,101407,20,True,1,5,76,76,14,10,4,4,0,0,0
A-original,food,1408,101408,20,True,1,5,34,36,12,8,4,4,0,0,0
A-original,food,1409,101409,20,True,1,5,40,40,15,11,4,4,0,0,0
A-original,food,1410,101410,20,True,1,5,62,67,15,11,4,4,0,0,0
A-original,food,1411,101411,20,True,1,5,78,78,14,10,4,4,0,0,0
A-original,food,1412,101412,20,True,1,5,54,64,13,9,4,4,0,0,0
A-original,food,1413,101413,20,True,1,5,45,47,15,11,4,4,0,0,0
A-original,food,1414,101414,20,True,1,5,10,11,6,2,4,4,0,0,0
A-original,food,1415,101415,20,True,1,5,42,43,11,7,4,4,0,0,0
A-original,food,1416,101416,20,True,1,5,52,53,15,11,4,4,0,0,0
A-original,food,1417,101417,20,True,1,5,48,49,12,8,4,4,0,0,0
A-original,food,1418,101418,20,True,1,5,30,31,10,6,4,4,0,0,0
A-original,food,1419,101419,20,True,1,5,48,52,12,8,4,4,0,0,0
A-original,food,1420,101420,20,True,1,5,55,56,16,12,4,4,0,0,0
A-original,food,1421,101421,20,True,1,5,66,66,20,16,4,4,0,0,0
A-original,food,1422,101422,20,True,1,5,46,46,13,9,4,4,0,0,0
A-original,food,1423,101423,20,True,1,5,66,66,11,7,4,4,0,0,0
A-original,food,1424,101424,20,True,1,5,52,53,13,9,4,4,0,0,0
A-original,food,1425,101425,20,True,1,5,80,80,15,11,4,4,0,0,0
A-original,food,1426,101426,20,True,1,5,42,42,10,6,4,4,0,0,0
A-original,food,1427,101427,20,True,1,5,2,11,5,1,4,4,0,0,0
A-original,food,1428,101428,20,True,1,5,25,27,15,11,4,4,0,0,0
A-original,food,1429,101429,20,True,1,5,50,50,11,7,4,4,0,0,0
A-original,food,1430,101430,20,True,2,5,131,131,20,17,3,3,0,0,0
A-original,food,1431,101431,20,True,1,5,42,47,13,9,4,4,0,0,0
A-original,food,1432,101432,20,True,1,5,61,61,12,8,4,4,0,0,0
A-original,food,1433,101433,20,True,1,5,32,32,9,5,4,4,0,0,0
A-original,food,1434,101434,20,True,1,5,70,70,14,10,4,4,0,0,0
A-original,food,1435,101435,20,True,1,5,58,58,13,9,4,4,0,0,0
A-original,food,1436,101436,20,True,1,5,84,86,18,14,4,4,0,0,0
A-original,food,1437,101437,20,True,1,5,43,49,11,7,4,4,0,0,0
A-original,food,1438,101438,20,True,1,5,34,37,10,6,4,4,0,0,0
A-original,food,1439,101439,20,True,1,5,68,69,16,12,4,4,0,0,0
A-original,food,1440,101440,20,True,2,5,90,90,20,17,3,3,0,0,0
A-original,food,1441,101441,20,True,1,5,23,25,10,6,4,4,0,0,0
A-original,food,1442,101442,20,True,3,5,137,140,20,18,2,2,0,0,0
A-original,food,1443,101443,20,True,1,5,85,85,17,13,4,4,0,0,0
A-original,food,1444,101444,20,True,1,5,79,79,16,12,4,4,0,0,0
A-original,food,1445,101445,20,True,1,5,74,74,15,11,4,4,0,0,0
A-original,food,1446,101446,20,True,1,5,48,49,11,7,4,4,0,0,0
A-original,food,1447,101447,20,True,1,5,19,20,10,6,4,4,0,0,0
A-original,food,1448,101448,20,True,1,5,71,71,14,10,4,4,0,0,0
A-original,food,1449,101449,20,True,2,5,113,113,20,17,3,3,0,0,0
A-original,food,1450,101450,20,True,1,5,69,69,13,9,4,4,0,0,0
A-original,food,1451,101451,20,True,1,5,32,32,11,7,4,4,0,0,0
A-original,food,1452,101452,20,True,1,5,29,32,10,6,4,4,0,0,0
A-original,food,1453,101453,20,True,1,5,14,19,7,3,4,4,0,0,0
A-original,food,1454,101454,20,True,2,5,96,96,20,17,3,3,0,0,0
A-original,food,1455,101455,20,True,1,5,12,13,6,2,4,4,0,0,0
A-original,food,1456,101456,20,True,1,5,56,57,11,7,4,4,0,0,0
A-original,food,1457,101457,20,True,1,5,11,14,8,4,4,4,0,0,0
A-original,food,1458,101458,20,True,1,5,45,47,14,10,4,4,0,0,0
A-original,food,1459,101459,20,True,2,5,73,73,20,17,3,3,0,0,0
A-original,food,1460,101460,20,True,1,5,53,53,14,10,4,4,0,0,0
A-original,food,1461,101461,20,True,1,5,46,46,11,7,4,4,0,0,0
A-original,food,1462,101462,20,True,2,5,90,90,20,17,3,3,0,0,0
A-original,food,1463,101463,20,True,1,5,70,75,15,11,4,4,0,0,0
A-original,food,1464,101464,20,True,1,5,32,32,8,4,4,4,0,0,0
A-original,food,1465,101465,20,True,1,5,70,70,15,11,4,4,0,0,0
A-original,food,1466,101466,20,True,1,5,31,31,13,9,4,4,0,0,0
A-original,food,1467,101467,20,True,1,5,76,76,13,9,4,4,0,0,0
A-original,food,1468,101468,20,True,1,5,47,49,11,7,4,4,0,0,0
A-original,food,1469,101469,20,True,1,5,40,44,13,9,4,4,0,0,0
A-original,food,1470,101470,20,True,1,5,65,65,16,12,4,4,0,0,0
A-original,food,1471,101471,20,True,1,5,113,123,18,14,4,4,0,0,0
A-original,food,1472,101472,20,True,1,5,94,94,20,16,4,4,0,0,0
A-original,food,1473,101473,20,True,2,5,69,69,20,17,3,3,0,0,0
A-original,food,1474,101474,20,True,1,5,96,96,20,16,4,4,0,0,0
A-original,food,1475,101475,20,True,1,5,7,7,6,2,4,4,0,0,0
A-original,food,1476,101476,20,True,1,5,47,47,14,10,4,4,0,0,0
A-original,food,1477,101477,20,True,1,5,49,51,13,9,4,4,0,0,0
A-original,food,1478,101478,20,True,1,5,57,57,12,8,4,4,0,0,0
A-original,food,1479,101479,20,True,1,5,34,34,12,8,4,4,0,0,0
A-original,food,1480,101480,20,True,1,5,37,38,12,8,4,4,0,0,0
A-original,food,1481,101481,20,True,1,5,50,51,19,15,4,4,0,0,0
A-original,food,1482,101482,20,True,1,5,43,43,16,12,4,4,0,0,0
A-original,food,1483,101483,20,True,1,5,33,33,13,9,4,4,0,0,0
A-original,food,1484,101484,20,True,1,5,45,45,17,13,4,4,0,0,0
A-original,food,1485,101485,20,True,1,5,46,46,11,7,4,4,0,0,0
A-original,food,1486,101486,20,True,1,5,52,53,14,10,4,4,0,0,0
A-original,food,1487,101487,20,True,1,5,45,46,13,9,4,4,0,0,0
A-original,food,1488,101488,20,True,1,5,49,49,12,8,4,4,0,0,0
A-original,food,1489,101489,20,True,1,5,32,33,11,7,4,4,0,0,0
A-original,food,1490,101490,20,True,1,5,92,92,20,16,4,4,0,0,0
A-original,food,1491,101491,20,True,1,5,54,56,13,9,4,4,0,0,0
A-original,food,1492,101492,20,True,1,5,11,14,5,1,4,4,0,0,0
A-original,food,1493,101493,20,True,1,5,22,22,8,4,4,4,0,0,0
A-original,food,1494,101494,20,True,1,5,71,71,15,11,4,4,0,0,0
A-original,food,1495,101495,20,True,1,5,77,77,17,13,4,4,0,0,0
A-original,food,1496,101496,20,True,1,5,28,32,13,9,4,4,0,0,0
A-original,food,1497,101497,20,True,1,5,28,29,8,4,4,4,0,0,0
A-original,food,1498,101498,20,True,1,5,26,31,9,5,4,4,0,0,0
A-original,food,1499,101499,20,True,1,5,52,52,12,8,4,4,0,0,0
A-original,food,1500,101500,20,True,1,5,28,29,9,5,4,4,0,0,0
A-original,food,1501,101501,20,True,1,5,80,81,17,13,4,4,0,0,0
A-original,food,1502,101502,20,True,1,5,33,36,11,7,4,4,0,0,0
A-original,food,1503,101503,20,True,1,5,46,47,11,7,4,4,0,0,0
A-original,food,1504,101504,20,True,1,5,45,48,12,8,4,4,0,0,0
A-original,food,1505,101505,20,True,1,5,91,91,18,14,4,4,0,0,0
A-original,food,1506,101506,20,True,1,5,99,103,18,14,4,4,0,0,0
A-original,food,1507,101507,20,True,1,5,27,27,9,5,4,4,0,0,0
A-original,food,1508,101508,20,True,1,5,31,32,13,9,4,4,0,0,0
A-original,food,1509,101509,20,True,1,5,27,27,10,6,4,4,0,0,0
A-original,food,1510,101510,20,True,1,5,22,23,8,4,4,4,0,0,0
A-original,food,1511,101511,20,True,1,5,53,54,15,11,4,4,0,0,0
A-original,food,1512,101512,20,True,1,5,53,53,14,10,4,4,0,0,0
A-original,food,1513,101513,20,True,1,5,91,91,20,16,4,4,0,0,0
A-original,food,1514,101514,20,True,1,5,70,72,16,12,4,4,0,0,0
A-original,food,1515,101515,20,True,1,5,49,50,16,12,4,4,0,0,0
A-original,food,1516,101516,20,True,1,5,61,61,15,11,4,4,0,0,0
A-original,food,1517,101517,20,True,1,5,75,79,17,13,4,4,0,0,0
A-original,food,1518,101518,20,True,1,5,50,51,11,7,4,4,0,0,0
A-original,food,1519,101519,20,True,1,5,79,86,19,15,4,4,0,0,0
A-original,food,1520,101520,20,True,1,5,37,45,11,7,4,4,0,0,0
A-original,food,1521,101521,20,True,1,5,35,36,11,7,4,4,0,0,0
A-original,food,1522,101522,20,True,1,5,15,17,8,4,4,4,0,0,0
A-original,food,1523,101523,20,True,1,5,54,54,10,6,4,4,0,0,0
A-original,food,1524,101524,20,True,1,5,86,89,18,14,4,4,0,0,0
A-original,food,1525,101525,20,True,1,5,61,63,15,11,4,4,0,0,0
A-original,food,1526,101526,20,True,1,5,25,33,11,7,4,4,0,0,0
A-original,food,1527,101527,20,True,1,5,64,64,14,10,4,4,0,0,0
A-original,food,1528,101528,20,True,1,5,28,28,6,2,4,4,0,0,0
A-original,food,1529,101529,20,True,1,5,67,68,15,11,4,4,0,0,0
A-original,food,1530,101530,20,True,1,5,57,58,13,9,4,4,0,0,0
A-original,food,1531,101531,20,True,1,5,58,59,15,11,4,4,0,0,0
A-original,food,1532,101532,20,True,1,5,22,24,9,5,4,4,0,0,0
A-original,food,1533,101533,20,True,1,5,78,78,18,14,4,4,0,0,0
A-original,food,1534,101534,20,True,1,5,57,57,14,10,4,4,0,0,0
A-original,food,1535,101535,20,True,1,5,49,51,13,9,4,4,0,0,0
A-original,food,1536,101536,20,True,1,5,66,66,14,10,4,4,0,0,0
A-original,food,1537,101537,20,True,1,5,36,36,10,6,4,4,0,0,0
A-original,food,1538,101538,20,True,1,5,7,11,5,1,4,4,0,0,0
A-original,food,1539,101539,20,True,1,5,11,15,8,4,4,4,0,0,0
A-original,food,1540,101540,20,True,1,5,83,83,15,11,4,4,0,0,0
A-original,food,1541,101541,20,True,1,5,61,61,15,11,4,4,0,0,0
A-original,food,1542,101542,20,True,1,5,40,40,16,12,4,4,0,0,0
A-original,food,1543,101543,20,True,1,5,50,52,16,12,4,4,0,0,0
A-original,food,1544,101544,20,True,1,5,33,37,10,6,4,4,0,0,0
A-original,food,1545,101545,20,True,1,5,55,56,15,11,4,4,0,0,0
A-original,food,1546,101546,20,True,1,5,68,68,15,11,4,4,0,0,0
A-original,food,1547,101547,20,True,1,5,74,75,15,11,4,4,0,0,0
A-original,food,1548,101548,20,True,1,5,63,63,15,11,4,4,0,0,0
A-original,food,1549,101549,20,True,1,5,44,46,15,11,4,4,0,0,0
A-original,food,1550,101550,20,True,1,5,33,34,13,9,4,4,0,0,0
A-original,food,1551,101551,20,True,1,5,68,72,16,12,4,4,0,0,0
A-original,food,1552,101552,20,True,1,5,36,36,11,7,4,4,0,0,0
A-original,food,1553,101553,20,True,1,5,43,43,16,12,4,4,0,0,0
A-original,food,1554,101554,20,True,1,5,41,41,9,5,4,4,0,0,0
A-original,food,1555,101555,20,True,1,5,59,60,15,11,4,4,0,0,0
A-original,food,1556,101556,20,True,1,5,67,69,11,7,4,4,0,0,0
A-original,food,1557,101557,20,True,1,5,91,98,18,14,4,4,0,0,0
A-original,food,1558,101558,20,True,1,5,31,31,17,13,4,4,0,0,0
A-original,food,1559,101559,20,True,1,5,64,64,15,11,4,4,0,0,0
A-original,food,1560,101560,20,True,1,5,71,75,15,11,4,4,0,0,0
A-original,food,1561,101561,20,True,1,5,30,31,11,7,4,4,0,0,0
A-original,food,1562,101562,20,True,1,5,76,76,16,12,4,4,0,0,0
A-original,food,1563,101563,20,True,1,5,56,60,13,9,4,4,0,0,0
A-original,food,1564,101564,20,True,1,5,47,48,14,10,4,4,0,0,0
A-original,food,1565,101565,20,True,1,5,20,21,6,2,4,4,0,0,0
A-original,food,1566,101566,20,True,1,5,40,42,12,8,4,4,0,0,0
A-original,food,1567,101567,20,True,2,5,96,96,20,17,3,3,0,0,0
A-original,food,1568,101568,20,True,1,5,47,47,10,6,4,4,0,0,0
A-original,food,1569,101569,20,True,1,5,116,116,19,15,4,4,0,0,0
A-original,food,1570,101570,20,True,1,5,51,51,13,9,4,4,0,0,0
A-original,food,1571,101571,20,True,1,5,38,38,9,5,4,4,0,0,0
A-original,food,1572,101572,20,True,1,5,53,54,11,7,4,4,0,0,0
A-original,food,1573,101573,20,True,1,5,38,38,12,8,4,4,0,0,0
A-original,food,1574,101574,20,True,1,5,99,100,17,13,4,4,0,0,0
A-original,food,1575,101575,20,True,1,5,59,61,15,11,4,4,0,0,0
A-original,food,1576,101576,20,True,1,5,77,79,15,11,4,4,0,0,0
A-original,food,1577,101577,20,True,2,5,82,82,20,17,3,3,0,0,0
A-original,food,1578,101578,20,True,1,5,9,12,8,4,4,4,0,0,0
A-original,food,1579,101579,20,True,1,5,58,61,14,10,4,4,0,0,0
A-original,food,1580,101580,20,True,1,5,33,33,8,4,4,4,0,0,0
A-original,food,1581,101581,20,True,1,5,63,70,12,8,4,4,0,0,0
A-original,food,1582,101582,20,True,1,5,38,38,10,6,4,4,0,0,0
A-original,food,1583,101583,20,True,1,5,93,93,18,14,4,4,0,0,0
A-original,food,1584,101584,20,True,1,5,56,57,13,9,4,4,0,0,0
A-original,food,1585,101585,20,True,1,5,34,41,10,6,4,4,0,0,0
A-original,food,1586,101586,20,True,1,5,49,51,14,10,4,4,0,0,0
A-original,food,1587,101587,20,True,1,5,30,30,9,5,4,4,0,0,0
A-original,food,1588,101588,20,True,1,5,68,69,14,10,4,4,0,0,0
A-original,food,1589,101589,20,True,1,5,79,80,13,9,4,4,0,0,0
A-original,food,1590,101590,20,True,1,5,54,54,14,10,4,4,0,0,0
A-original,food,1591,101591,20,True,1,5,28,28,11,7,4,4,0,0,0
A-original,food,1592,101592,20,True,1,5,74,75,16,12,4,4,0,0,0
A-original,food,1593,101593,20,True,1,5,47,50,10,6,4,4,0,0,0
A-original,food,1594,101594,20,True,1,5,83,85,14,10,4,4,0,0,0
A-original,food,1595,101595,20,True,1,5,62,62,14,10,4,4,0,0,0
A-original,food,1596,101596,20,True,1,5,64,66,16,12,4,4,0,0,0
A-original,food,1597,101597,20,True,1,5,59,61,13,9,4,4,0,0,0
A-original,food,1598,101598,20,True,1,5,69,70,19,15,4,4,0,0,0
A-original,food,1599,101599,20,True,1,5,11,12,6,2,4,4,0,0,0
A-original,food,1600,101600,20,True,1,5,41,42,10,6,4,4,0,0,0
A-original,food,1601,101601,20,True,1,5,59,61,18,14,4,4,0,0,0
A-original,food,1602,101602,20,True,1,5,24,28,12,8,4,4,0,0,0
A-original,food,1603,101603,20,True,1,5,54,56,16,12,4,4,0,0,0
A-original,food,1604,101604,20,True,1,5,6,9,5,1,4,4,0,0,0
A-original,food,1605,101605,20,True,1,5,73,75,18,14,4,4,0,0,0
A-original,food,1606,101606,20,True,1,5,62,62,10,6,4,4,0,0,0
A-original,food,1607,101607,20,True,1,5,52,55,14,10,4,4,0,0,0
A-original,food,1608,101608,20,True,1,5,40,42,11,7,4,4,0,0,0
A-original,food,1609,101609,20,True,1,5,47,52,13,9,4,4,0,0,0
A-original,food,1610,101610,20,True,1,5,33,37,13,9,4,4,0,0,0
A-original,food,1611,101611,20,True,1,5,65,65,14,10,4,4,0,0,0
A-original,food,1612,101612,20,True,1,5,63,63,12,8,4,4,0,0,0
A-original,food,1613,101613,20,True,1,5,90,90,18,14,4,4,0,0,0
A-original,food,1614,101614,20,True,1,5,22,23,8,4,4,4,0,0,0
A-original,food,1615,101615,20,True,1,5,50,54,12,8,4,4,0,0,0
A-original,food,1616,101616,20,True,1,5,52,57,10,6,4,4,0,0,0
A-original,food,1617,101617,20,True,1,5,50,51,11,7,4,4,0,0,0
A-original,food,1618,101618,20,True,1,5,86,87,14,10,4,4,0,0,0
A-original,food,1619,101619,20,True,1,5,102,105,15,11,4,4,0,0,0
A-original,food,1620,101620,20,True,1,5,62,66,13,9,4,4,0,0,0
A-original,food,1621,101621,20,True,1,5,51,53,12,8,4,4,0,0,0
A-original,food,1622,101622,20,True,1,5,53,54,14,10,4,4,0,0,0
A-original,food,1623,101623,20,True,1,5,66,66,16,12,4,4,0,0,0
A-original,food,1624,101624,20,True,1,5,5,8,4,0,4,4,0,0,0
A-original,food,1625,101625,20,True,1,5,52,53,12,8,4,4,0,0,0
A-original,food,1626,101626,20,True,1,5,86,87,18,14,4,4,0,0,0
A-original,food,1627,101627,20,True,1,5,99,99,15,11,4,4,0,0,0
A-original,food,1628,101628,20,True,1,5,80,84,14,10,4,4,0,0,0
A-original,food,1629,101629,20,True,1,5,68,68,15,11,4,4,0,0,0
A-original,food,1630,101630,20,True,2,5,53,53,20,17,3,3,0,0,0
A-original,food,1631,101631,20,True,1,5,17,19,7,3,4,4,0,0,0
A-original,food,1632,101632,20,True,1,5,59,62,11,7,4,4,0,0,0
A-original,food,1633,101633,20,True,1,5,86,86,15,11,4,4,0,0,0
A-original,food,1634,101634,20,True,1,5,77,78,15,11,4,4,0,0,0
A-original,food,1635,101635,20,True,1,5,11,12,5,1,4,4,0,0,0
A-original,food,1636,101636,20,True,1,5,108,108,18,14,4,4,0,0,0
A-original,food,1637,101637,20,True,1,5,52,57,12,8,4,4,0,0,0
A-original,food,1638,101638,20,True,1,5,47,50,13,9,4,4,0,0,0
A-original,food,1639,101639,20,True,1,5,24,26,13,9,4,4,0,0,0
A-original,food,1640,101640,20,True,1,5,30,33,14,10,4,4,0,0,0
A-original,food,1641,101641,20,True,1,5,13,13,6,2,4,4,0,0,0
A-original,food,1642,101642,20,True,1,5,60,60,17,13,4,4,0,0,0
A-original,food,1643,101643,20,True,1,5,72,73,18,14,4,4,0,0,0
A-original,food,1644,101644,20,True,1,5,64,64,12,8,4,4,0,0,0
A-original,food,1645,101645,20,True,1,5,96,97,19,15,4,4,0,0,0
A-original,food,1646,101646,20,True,1,5,92,94,16,12,4,4,0,0,0
A-original,food,1647,101647,20,True,1,5,59,59,14,10,4,4,0,0,0
A-original,food,1648,101648,20,True,1,5,50,53,14,10,4,4,0,0,0
A-original,food,1649,101649,20,True,2,5,95,95,20,17,3,3,0,0,0
A-original,food,1650,101650,20,True,1,5,53,53,13,9,4,4,0,0,0
A-original,food,1651,101651,20,True,1,5,51,52,12,8,4,4,0,0,0
A-original,food,1652,101652,20,True,1,5,46,49,13,9,4,4,0,0,0
A-original,food,1653,101653,20,True,1,5,15,16,7,3,4,4,0,0,0
A-original,food,1654,101654,14,False,0,5,0,8,5,1,4,4,0,0,0
A-original,food,1655,101655,20,True,1,5,49,52,13,9,4,4,0,0,0
A-original,food,1656,101656,20,True,1,5,60,62,11,7,4,4,0,0,0
A-original,food,1657,101657,20,True,1,5,50,52,12,8,4,4,0,0,0
A-original,food,1658,101658,20,True,1,5,77,77,16,12,4,4,0,0,0
A-original,food,1659,101659,20,True,2,5,100,100,20,17,3,3,0,0,0
A-original,food,1660,101660,20,True,1,5,35,35,11,7,4,4,0,0,0
A-original,food,1661,101661,20,True,1,5,52,53,12,8,4,4,0,0,0
A-original,food,1662,101662,20,True,1,5,48,48,11,7,4,4,0,0,0
A-original,food,1663,101663,20,True,1,5,42,42,11,7,4,4,0,0,0
A-original,food,1664,101664,20,True,1,5,40,40,10,6,4,4,0,0,0
A-original,food,1665,101665,20,True,1,5,82,83,19,15,4,4,0,0,0
A-original,food,1666,101666,20,True,1,5,46,46,9,5,4,4,0,0,0
A-original,food,1667,101667,20,True,1,5,49,49,13,9,4,4,0,0,0
A-original,food,1668,101668,20,True,1,5,70,70,17,13,4,4,0,0,0
A-original,food,1669,101669,20,True,1,5,37,40,10,6,4,4,0,0,0
A-original,food,1670,101670,20,True,1,5,68,71,13,9,4,4,0,0,0
A-original,food,1671,101671,20,True,1,5,64,65,16,12,4,4,0,0,0
A-original,food,1672,101672,20,True,1,5,21,25,8,4,4,4,0,0,0
A-original,food,1673,101673,20,True,1,5,86,87,18,14,4,4,0,0,0
A-original,food,1674,101674,20,True,1,5,42,43,12,8,4,4,0,0,0
A-original,food,1675,101675,20,True,1,5,89,90,15,11,4,4,0,0,0
A-original,food,1676,101676,20,True,1,5,66,70,13,9,4,4,0,0,0
A-original,food,1677,101677,20,True,1,5,34,35,9,5,4,4,0,0,0
A-original,food,1678,101678,20,True,1,5,30,31,13,9,4,4,0,0,0
A-original,food,1679,101679,20,True,1,5,17,20,7,3,4,4,0,0,0
A-original,food,1680,101680,20,True,1,5,45,48,14,10,4,4,0,0,0
A-original,food,1681,101681,20,True,1,5,63,63,15,11,4,4,0,0,0
A-original,food,1682,101682,20,True,1,5,77,81,17,13,4,4,0,0,0
A-original,food,1683,101683,20,True,1,5,113,113,18,14,4,4,0,0,0
A-original,food,1684,101684,20,True,1,5,58,58,16,12,4,4,0,0,0
A-original,food,1685,101685,20,True,2,5,91,91,20,17,3,3,0,0,0
A-original,food,1686,101686,20,True,1,5,53,54,13,9,4,4,0,0,0
A-original,food,1687,101687,20,True,1,5,22,25,8,4,4,4,0,0,0
A-original,food,1688,101688,20,True,1,5,34,34,8,4,4,4,0,0,0
A-original,food,1689,101689,20,True,2,5,110,110,20,17,3,3,0,0,0
A-original,food,1690,101690,20,True,2,5,76,76,20,17,3,3,0,0,0
A-original,food,1691,101691,20,True,1,5,75,76,20,16,4,4,0,0,0
A-original,food,1692,101692,20,True,1,5,82,83,20,16,4,4,0,0,0
A-original,food,1693,101693,20,True,1,5,22,23,8,4,4,4,0,0,0
A-original,food,1694,101694,20,True,1,5,60,60,15,11,4,4,0,0,0
A-original,food,1695,101695,20,True,1,5,40,43,14,10,4,4,0,0,0
A-original,food,1696,101696,20,True,2,5,97,97,20,17,3,3,0,0,0
A-original,food,1697,101697,20,True,1,5,33,36,11,7,4,4,0,0,0
A-original,food,1698,101698,20,True,1,5,85,87,16,12,4,4,0,0,0
A-original,food,1699,101699,20,True,1,5,56,58,11,7,4,4,0,0,0
A-original,food,1700,101700,20,True,1,5,54,58,16,12,4,4,0,0,0
A-original,food,1701,101701,20,True,1,5,33,44,9,5,4,4,0,0,0
A-original,food,1702,101702,20,True,1,5,40,40,11,7,4,4,0,0,0
A-original,food,1703,101703,20,True,1,5,63,63,15,11,4,4,0,0,0
A-original,food,1704,101704,20,True,1,5,8,8,5,1,4,4,0,0,0
A-original,food,1705,101705,20,True,1,5,54,54,14,10,4,4,0,0,0
A-original,food,1706,101706,20,True,1,5,51,54,10,6,4,4,0,0,0
A-original,food,1707,101707,20,True,1,5,18,20,10,6,4,4,0,0,0
A-original,food,1708,101708,20,True,1,5,80,80,16,12,4,4,0,0,0
A-original,food,1709,101709,20,True,1,5,96,96,17,13,4,4,0,0,0
A-original,food,1710,101710,20,True,1,5,19,21,11,7,4,4,0,0,0
A-original,food,1711,101711,20,True,1,5,13,19,8,4,4,4,0,0,0
A-original,food,1712,101712,20,True,1,5,16,17,7,3,4,4,0,0,0
A-original,food,1713,101713,20,True,1,5,47,47,17,13,4,4,0,0,0
A-original,food,1714,101714,20,True,1,5,50,54,10,6,4,4,0,0,0
A-original,food,1715,101715,20,True,1,5,62,66,13,9,4,4,0,0,0
A-original,food,1716,101716,20,True,1,5,71,72,15,11,4,4,0,0,0
A-original,food,1717,101717,20,True,1,5,60,61,14,10,4,4,0,0,0
A-original,food,1718,101718,20,True,1,5,51,52,11,7,4,4,0,0,0
A-original,food,1719,101719,20,True,1,5,75,77,18,14,4,4,0,0,0
A-original,food,1720,101720,20,True,1,5,27,28,7,3,4,4,0,0,0
A-original,food,1721,101721,20,True,1,5,107,109,16,12,4,4,0,0,0
A-original,food,1722,101722,20,True,1,5,72,72,13,9,4,4,0,0,0
A-original,food,1723,101723,20,True,2,5,92,92,20,17,3,3,0,0,0
A-original,food,1724,101724,20,True,1,5,51,52,12,8,4,4,0,0,0
A-original,food,1725,101725,20,True,1,5,75,75,19,15,4,4,0,0,0
A-original,food,1726,101726,20,True,1,5,42,43,11,7,4,4,0,0,0
A-original,food,1727,101727,20,True,1,5,58,66,13,9,4,4,0,0,0
A-original,food,1728,101728,20,True,1,5,72,72,18,14,4,4,0,0,0
A-original,food,1729,101729,20,True,1,5,50,52,14,10,4,4,0,0,0
A-original,food,1730,101730,20,True,1,5,18,20,7,3,4,4,0,0,0
A-original,food,1731,101731,20,True,1,5,32,32,9,5,4,4,0,0,0
A-original,food,1732,101732,20,True,1,5,90,97,16,12,4,4,0,0,0
A-original,food,1733,101733,20,True,1,5,116,118,19,15,4,4,0,0,0
A-original,food,1734,101734,20,True,2,5,103,105,20,17,3,3,0,0,0
A-original,food,1735,101735,20,True,1,5,59,61,13,9,4,4,0,0,0
A-original,food,1736,101736,20,True,1,5,57,63,12,8,4,4,0,0,0
A-original,food,1737,101737,20,True,1,5,55,56,13,9,4,4,0,0,0
A-original,food,1738,101738,20,True,1,5,93,93,19,15,4,4,0,0,0
A-original,food,1739,101739,20,True,1,5,56,61,15,11,4,4,0,0,0
A-original,food,1740,101740,20,True,1,5,46,50,10,6,4,4,0,0,0
A-original,food,1741,101741,20,True,1,5,54,55,14,10,4,4,0,0,0
A-original,food,1742,101742,20,True,1,5,88,88,12,8,4,4,0,0,0
A-original,food,1743,101743,20,True,1,5,64,65,13,9,4,4,0,0,0
A-original,food,1744,101744,20,True,1,5,58,58,14,10,4,4,0,0,0
A-original,food,1745,101745,20,True,1,5,73,74,16,12,4,4,0,0,0
A-original,food,1746,101746,20,True,1,5,76,78,17,13,4,4,0,0,0
A-original,food,1747,101747,20,True,1,5,63,64,18,14,4,4,0,0,0
A-original,food,1748,101748,20,True,1,5,56,57,13,9,4,4,0,0,0
A-original,food,1749,101749,20,True,1,5,89,89,19,15,4,4,0,0,0
A-original,food,1750,101750,20,True,1,5,35,40,10,6,4,4,0,0,0
A-original,food,1751,101751,20,True,1,5,74,74,13,9,4,4,0,0,0
A-original,food,1752,101752,20,True,1,5,51,53,11,7,4,4,0,0,0
A-original,food,1753,101753,20,True,1,5,72,72,14,10,4,4,0,0,0
A-original,food,1754,101754,20,True,1,5,79,79,16,12,4,4,0,0,0
A-original,food,1755,101755,20,True,1,5,80,81,19,15,4,4,0,0,0
A-original,food,1756,101756,20,True,1,5,28,28,10,6,4,4,0,0,0
A-original,food,1757,101757,20,True,1,5,15,15,5,1,4,4,0,0,0
A-original,food,1758,101758,20,True,1,5,38,38,11,7,4,4,0,0,0
A-original,food,1759,101759,20,True,1,5,47,48,15,11,4,4,0,0,0
A-original,food,1760,101760,20,True,1,5,53,53,15,11,4,4,0,0,0
A-original,food,1761,101761,20,True,1,5,58,58,13,9,4,4,0,0,0
A-original,food,1762,101762,20,True,1,5,83,84,19,15,4,4,0,0,0
A-original,food,1763,101763,20,True,1,5,71,71,17,13,4,4,0,0,0
A-original,food,1764,101764,20,True,1,5,37,43,12,8,4,4,0,0,0
A-original,food,1765,101765,20,True,1,5,71,71,16,12,4,4,0,0,0
A-original,food,1766,101766,20,True,1,5,7,11,5,1,4,4,0,0,0
A-original,food,1767,101767,20,True,1,5,48,49,15,11,4,4,0,0,0
A-original,food,1768,101768,20,True,1,5,14,16,5,1,4,4,0,0,0
A-original,food,1769,101769,20,True,1,5,81,82,19,15,4,4,0,0,0
A-original,food,1770,101770,20,True,1,5,48,48,13,9,4,4,0,0,0
A-original,food,1771,101771,20,True,1,5,64,67,15,11,4,4,0,0,0
A-original,food,1772,101772,20,True,1,5,29,29,8,4,4,4,0,0,0
A-original,food,1773,101773,20,True,1,5,53,54,14,10,4,4,0,0,0
A-original,food,1774,101774,20,True,1,5,44,45,11,7,4,4,0,0,0
A-original,food,1775,101775,20,True,1,5,21,21,6,2,4,4,0,0,0
A-original,food,1776,101776,20,True,2,5,85,85,20,17,3,3,0,0,0
A-original,food,1777,101777,20,True,1,5,27,29,10,6,4,4,0,0,0
A-original,food,1778,101778,20,True,1,5,88,88,20,16,4,4,0,0,0
A-original,food,1779,101779,20,True,1,5,68,68,15,11,4,4,0,0,0
A-original,food,1780,101780,20,True,2,5,74,74,20,17,3,3,0,0,0
A-original,food,1781,101781,20,True,1,5,100,100,19,15,4,4,0,0,0
A-original,food,1782,101782,20,True,1,5,43,44,10,6,4,4,0,0,0
A-original,food,1783,101783,20,True,1,5,17,21,9,5,4,4,0,0,0
A-original,food,1784,101784,20,True,1,5,77,78,16,12,4,4,0,0,0
A-original,food,1785,101785,20,True,1,5,89,89,15,11,4,4,0,0,0
A-original,food,1786,101786,20,True,1,5,65,66,13,9,4,4,0,0,0
A-original,food,1787,101787,20,True,1,5,23,24,6,2,4,4,0,0,0
A-original,food,1788,101788,20,True,2,5,108,108,20,17,3,3,0,0,0
A-original,food,1789,101789,20,True,1,5,46,47,13,9,4,4,0,0,0
A-original,food,1790,101790,20,True,1,5,48,51,13,9,4,4,0,0,0
A-original,food,1791,101791,20,True,1,5,49,50,15,11,4,4,0,0,0
A-original,food,1792,101792,20,True,1,5,38,41,10,6,4,4,0,0,0
A-original,food,1793,101793,20,True,1,5,49,49,15,11,4,4,0,0,0
A-original,food,1794,101794,20,True,1,5,66,67,11,7,4,4,0,0,0
A-original,food,1795,101795,20,True,1,5,78,79,14,10,4,4,0,0,0
A-original,food,1796,101796,20,True,1,5,22,22,10,6,4,4,0,0,0
A-original,food,1797,101797,20,True,1,5,45,45,17,13,4,4,0,0,0
A-original,food,1798,101798,20,True,1,5,37,37,14,10,4,4,0,0,0
A-original,food,1799,101799,20,True,1,5,54,57,14,10,4,4,0,0,0
A-original,food,1800,101800,20,True,1,5,67,68,15,11,4,4,0,0,0
A-original,food,1801,101801,20,True,1,5,70,74,16,12,4,4,0,0,0
A-original,food,1802,101802,20,True,1,5,66,67,14,10,4,4,0,0,0
A-original,food,1803,101803,20,True,1,5,31,34,10,6,4,4,0,0,0
A-original,food,1804,101804,20,True,1,5,41,42,11,7,4,4,0,0,0
A-original,food,1805,101805,20,True,1,5,91,92,14,10,4,4,0,0,0
A-original,food,1806,101806,20,True,1,5,49,49,15,11,4,4,0,0,0
A-original,food,1807,101807,20,True,1,5,77,77,16,12,4,4,0,0,0
A-original,food,1808,101808,20,True,2,5,75,75,20,17,3,3,0,0,0
A-original,food,1809,101809,20,True,1,5,24,26,11,7,4,4,0,0,0
A-original,food,1810,101810,20,True,1,5,72,72,15,11,4,4,0,0,0
A-original,food,1811,101811,20,True,1,5,53,57,15,11,4,4,0,0,0
A-original,food,1812,101812,20,True,1,5,41,43,14,10,4,4,0,0,0
A-original,food,1813,101813,20,True,1,5,86,87,17,13,4,4,0,0,0
A-original,food,1814,101814,20,True,1,5,51,55,16,12,4,4,0,0,0
A-original,food,1815,101815,20,True,1,5,32,32,11,7,4,4,0,0,0
A-original,food,1816,101816,20,True,1,5,27,27,7,3,4,4,0,0,0
A-original,food,1817,101817,20,True,1,5,55,55,12,8,4,4,0,0,0
A-original,food,1818,101818,20,True,1,5,38,38,10,6,4,4,0,0,0
A-original,food,1819,101819,20,True,1,5,52,54,14,10,4,4,0,0,0
A-original,food,1820,101820,20,True,1,5,33,36,11,7,4,4,0,0,0
A-original,food,1821,101821,20,True,1,5,69,70,16,12,4,4,0,0,0
A-original,food,1822,101822,20,True,1,5,56,59,15,11,4,4,0,0,0
A-original,food,1823,101823,20,True,1,5,10,16,6,2,4,4,0,0,0
A-original,food,1824,101824,20,True,1,5,23,31,9,5,4,4,0,0,0
A-original,food,1825,101825,20,True,1,5,68,68,10,6,4,4,0,0,0
A-original,food,1826,101826,20,True,1,5,61,61,14,10,4,4,0,0,0
A-original,food,1827,101827,20,True,1,5,27,27,11,7,4,4,0,0,0
A-original,food,1828,101828,20,True,1,5,55,55,16,12,4,4,0,0,0
A-original,food,1829,101829,20,True,1,5,38,45,12,8,4,4,0,0,0
A-original,food,1830,101830,20,True,1,5,60,61,14,10,4,4,0,0,0
A-original,food,1831,101831,20,True,1,5,33,37,10,6,4,4,0,0,0
A-original,food,1832,101832,20,True,1,5,54,54,10,6,4,4,0,0,0
A-original,food,1833,101833,20,True,1,5,64,66,12,8,4,4,0,0,0
A-original,food,1834,101834,20,True,2,5,90,90,20,17,3,3,0,0,0
A-original,food,1835,101835,20,True,1,5,39,41,13,9,4,4,0,0,0
A-original,food,1836,101836,20,True,1,5,43,43,14,10,4,4,0,0,0
A-original,food,1837,101837,20,True,1,5,37,41,10,6,4,4,0,0,0
A-original,food,1838,101838,20,True,1,5,63,64,14,10,4,4,0,0,0
A-original,food,1839,101839,20,True,1,5,33,37,14,10,4,4,0,0,0
A-original,food,1840,101840,20,True,1,5,79,79,14,10,4,4,0,0,0
A-original,food,1841,101841,20,True,1,5,46,46,11,7,4,4,0,0,0
A-original,food,1842,101842,20,True,1,5,4,9,4,0,4,4,0,0,0
A-original,food,1843,101843,20,True,1,5,64,65,17,13,4,4,0,0,0
A-original,food,1844,101844,20,True,1,5,55,55,13,9,4,4,0,0,0
A-original,food,1845,101845,20,True,1,5,40,41,12,8,4,4,0,0,0
A-original,food,1846,101846,20,True,1,5,22,24,10,6,4,4,0,0,0
A-original,food,1847,101847,20,True,1,5,71,71,12,8,4,4,0,0,0
A-original,food,1848,101848,20,True,2,5,116,116,20,17,3,3,0,0,0
A-original,food,1849,101849,20,True,1,5,68,69,13,9,4,4,0,0,0
A-original,food,1850,101850,20,True,1,5,34,34,14,10,4,4,0,0,0
A-original,food,1851,101851,20,True,1,5,27,28,13,9,4,4,0,0,0
A-original,food,1852,101852,20,True,2,5,69,69,20,17,3,3,0,0,0
A-original,food,1853,101853,20,True,1,5,28,33,10,6,4,4,0,0,0
A-original,food,1854,101854,20,True,1,5,80,82,18,14,4,4,0,0,0
A-original,food,1855,101855,20,True,1,5,36,36,11,7,4,4,0,0,0
A-original,food,1856,101856,20,True,1,5,25,26,8,4,4,4,0,0,0
A-original,food,1857,101857,20,True,1,5,20,23,9,5,4,4,0,0,0
A-original,food,1858,101858,20,True,1,5,43,43,16,12,4,4,0,0,0
A-original,food,1859,101859,20,True,1,5,30,31,10,6,4,4,0,0,0
A-original,food,1860,101860,20,True,1,5,28,28,10,6,4,4,0,0,0
A-original,food,1861,101861,20,True,1,5,30,31,9,5,4,4,0,0,0
A-original,food,1862,101862,20,True,1,5,13,17,5,1,4,4,0,0,0
A-original,food,1863,101863,20,True,1,5,35,43,10,6,4,4,0,0,0
A-original,food,1864,101864,20,True,1,5,99,100,20,16,4,4,0,0,0
A-original,food,1865,101865,20,True,1,5,37,38,8,4,4,4,0,0,0
A-original,food,1866,101866,20,True,1,5,21,21,7,3,4,4,0,0,0
A-original,food,1867,101867,20,True,1,5,46,48,10,6,4,4,0,0,0
A-original,food,1868,101868,20,True,1,5,36,36,15,11,4,4,0,0,0
A-original,food,1869,101869,20,True,1,5,80,81,18,14,4,4,0,0,0
A-original,food,1870,101870,20,True,1,5,65,65,16,12,4,4,0,0,0
A-original,food,1871,101871,20,True,1,5,20,21,8,4,4,4,0,0,0
A-original,food,1872,101872,20,True,1,5,70,72,15,11,4,4,0,0,0
A-original,food,1873,101873,20,True,1,5,63,64,17,13,4,4,0,0,0
A-original,food,1874,101874,20,True,1,5,27,30,13,9,4,4,0,0,0
A-original,food,1875,101875,20,True,1,5,20,20,7,3,4,4,0,0,0
A-original,food,1876,101876,20,True,1,5,94,95,20,16,4,4,0,0,0
A-original,food,1877,101877,20,True,1,5,81,82,16,12,4,4,0,0,0
A-original,food,1878,101878,20,True,1,5,54,54,15,11,4,4,0,0,0
A-original,food,1879,101879,20,True,1,5,54,56,14,10,4,4,0,0,0
A-original,food,1880,101880,20,True,1,5,16,16,5,1,4,4,0,0,0
A-original,food,1881,101881,20,True,1,5,24,27,8,4,4,4,0,0,0
A-original,food,1882,101882,20,True,1,5,61,61,13,9,4,4,0,0,0
A-original,food,1883,101883,20,True,1,5,78,81,15,11,4,4,0,0,0
A-original,food,1884,101884,20,True,1,5,37,40,11,7,4,4,0,0,0
A-original,food,1885,101885,20,True,1,5,57,57,18,14,4,4,0,0,0
A-original,food,1886,101886,20,True,1,5,36,40,10,6,4,4,0,0,0
A-original,food,1887,101887,20,True,1,5,31,32,10,6,4,4,0,0,0
A-original,food,1888,101888,20,True,1,5,63,63,14,10,4,4,0,0,0
A-original,food,1889,101889,20,True,1,5,14,19,8,4,4,4,0,0,0
A-original,food,1890,101890,20,True,1,5,36,36,8,4,4,4,0,0,0
A-original,food,1891,101891,20,True,1,5,73,74,16,12,4,4,0,0,0
A-original,food,1892,101892,20,True,1,5,93,95,19,15,4,4,0,0,0
A-original,food,1893,101893,20,True,1,5,32,34,11,7,4,4,0,0,0
A-original,food,1894,101894,20,True,1,5,122,122,20,16,4,4,0,0,0
A-original,food,1895,101895,20,True,1,5,40,44,11,7,4,4,0,0,0
A-original,food,1896,101896,20,True,1,5,22,23,13,9,4,4,0,0,0
A-original,food,1897,101897,20,True,1,5,33,34,12,8,4,4,0,0,0
A-original,food,1898,101898,20,True,1,5,37,37,10,6,4,4,0,0,0
A-original,food,1899,101899,20,True,1,5,45,45,12,8,4,4,0,0,0
A-original,food,1900,101900,20,True,1,5,67,69,16,12,4,4,0,0,0
A-original,food,1901,101901,20,True,1,5,68,71,16,12,4,4,0,0,0
A-original,food,1902,101902,20,True,1,5,76,78,17,13,4,4,0,0,0
A-original,food,1903,101903,20,True,1,5,61,61,13,9,4,4,0,0,0
A-original,food,1904,101904,20,True,1,5,98,101,18,14,4,4,0,0,0
A-original,food,1905,101905,20,True,2,5,84,84,20,17,3,3,0,0,0
A-original,food,1906,101906,20,True,1,5,56,56,12,8,4,4,0,0,0
A-original,food,1907,101907,20,True,1,5,33,33,12,8,4,4,0,0,0
A-original,food,1908,101908,20,True,1,5,28,30,7,3,4,4,0,0,0
A-original,food,1909,101909,20,True,1,5,25,25,12,8,4,4,0,0,0
A-original,food,1910,101910,20,True,1,5,46,49,12,8,4,4,0,0,0
A-original,food,1911,101911,20,True,1,5,59,60,15,11,4,4,0,0,0
A-original,food,1912,101912,20,True,1,5,49,58,13,9,4,4,0,0,0
A-original,food,1913,101913,20,True,1,5,17,17,6,2,4,4,0,0,0
A-original,food,1914,101914,20,True,1,5,74,82,16,12,4,4,0,0,0
A-original,food,1915,101915,20,True,1,5,72,72,15,11,4,4,0,0,0
A-original,food,1916,101916,20,True,1,5,102,102,19,15,4,4,0,0,0
A-original,food,1917,101917,20,True,1,5,34,38,11,7,4,4,0,0,0
A-original,food,1918,101918,20,True,1,5,74,75,15,11,4,4,0,0,0
A-original,food,1919,101919,20,True,1,5,47,48,10,6,4,4,0,0,0
A-original,food,1920,101920,20,True,1,5,61,63,15,11,4,4,0,0,0
A-original,food,1921,101921,20,True,1,5,63,64,19,15,4,4,0,0,0
A-original,food,1922,101922,20,True,1,5,10,12,9,5,4,4,0,0,0
A-original,food,1923,101923,20,True,1,5,54,57,14,10,4,4,0,0,0
A-original,food,1924,101924,20,True,2,5,89,89,20,17,3,3,0,0,0
A-original,food,1925,101925,20,True,1,5,28,28,11,7,4,4,0,0,0
A-original,food,1926,101926,20,True,1,5,31,33,8,4,4,4,0,0,0
A-original,food,1927,101927,20,True,1,5,60,61,15,11,4,4,0,0,0
A-original,food,1928,101928,20,True,1,5,37,40,16,12,4,4,0,0,0
A-original,food,1929,101929,20,True,1,5,72,72,18,14,4,4,0,0,0
A-original,food,1930,101930,20,True,1,5,56,58,13,9,4,4,0,0,0
A-original,food,1931,101931,20,True,1,5,22,27,8,4,4,4,0,0,0
A-original,food,1932,101932,20,True,1,5,25,28,9,5,4,4,0,0,0
A-original,food,1933,101933,20,True,1,5,19,20,6,2,4,4,0,0,0
A-original,food,1934,101934,20,True,1,5,57,58,15,11,4,4,0,0,0
A-original,food,1935,101935,20,True,1,5,63,63,12,8,4,4,0,0,0
A-original,food,1936,101936,20,True,1,5,39,41,12,8,4,4,0,0,0
A-original,food,1937,101937,20,True,1,5,13,15,9,5,4,4,0,0,0
A-original,food,1938,101938,20,True,1,5,60,60,12,8,4,4,0,0,0
A-original,food,1939,101939,20,True,1,5,44,44,9,5,4,4,0,0,0
A-original,food,1940,101940,20,True,1,5,24,24,10,6,4,4,0,0,0
A-original,food,1941,101941,20,True,1,5,109,109,18,14,4,4,0,0,0
A-original,food,1942,101942,20,True,1,5,16,19,10,6,4,4,0,0,0
A-original,food,1943,101943,20,True,1,5,40,41,14,10,4,4,0,0,0
A-original,food,1944,101944,20,True,1,5,25,28,9,5,4,4,0,0,0
A-original,food,1945,101945,20,True,1,5,38,39,11,7,4,4,0,0,0
A-original,food,1946,101946,20,True,1,5,40,40,13,9,4,4,0,0,0
A-original,food,1947,101947,20,True,1,5,86,88,17,13,4,4,0,0,0
A-original,food,1948,101948,20,True,1,5,33,34,9,5,4,4,0,0,0
A-original,food,1949,101949,20,True,1,5,64,68,15,11,4,4,0,0,0
A-original,food,1950,101950,20,True,1,5,18,26,9,5,4,4,0,0,0
A-original,food,1951,101951,20,True,1,5,42,43,10,6,4,4,0,0,0
A-original,food,1952,101952,20,True,1,5,52,52,13,9,4,4,0,0,0
A-original,food,1953,101953,20,True,1,5,58,61,17,13,4,4,0,0,0
A-original,food,1954,101954,20,True,1,5,55,55,16,12,4,4,0,0,0
A-original,food,1955,101955,20,True,1,5,69,73,15,11,4,4,0,0,0
A-original,food,1956,101956,20,True,1,5,24,25,10,6,4,4,0,0,0
A-original,food,1957,101957,20,True,1,5,25,26,7,3,4,4,0,0,0
A-original,food,1958,101958,20,True,1,5,48,48,15,11,4,4,0,0,0
A-original,food,1959,101959,20,True,2,5,80,80,20,17,3,3,0,0,0
A-original,food,1960,101960,20,True,1,5,80,81,15,11,4,4,0,0,0
A-original,food,1961,101961,20,True,1,5,83,85,19,15,4,4,0,0,0
A-original,food,1962,101962,20,True,1,5,90,91,17,13,4,4,0,0,0
A-original,food,1963,101963,20,True,1,5,45,46,10,6,4,4,0,0,0
A-original,food,1964,101964,20,True,1,5,55,56,12,8,4,4,0,0,0
A-original,food,1965,101965,20,True,1,5,66,68,12,8,4,4,0,0,0
A-original,food,1966,101966,20,True,1,5,51,54,15,11,4,4,0,0,0
A-original,food,1967,101967,20,True,1,5,47,47,11,7,4,4,0,0,0
A-original,food,1968,101968,20,True,1,5,59,59,16,12,4,4,0,0,0
A-original,food,1969,101969,20,True,1,5,52,52,13,9,4,4,0,0,0
A-original,food,1970,101970,20,True,1,5,68,70,14,10,4,4,0,0,0
A-original,food,1971,101971,20,True,1,5,51,51,13,9,4,4,0,0,0
A-original,food,1972,101972,20,True,1,5,107,108,19,15,4,4,0,0,0
A-original,food,1973,101973,20,True,1,5,59,59,16,12,4,4,0,0,0
A-original,food,1974,101974,20,True,1,5,86,86,17,13,4,4,0,0,0
A-original,food,1975,101975,20,True,1,5,51,53,13,9,4,4,0,0,0
A-original,food,1976,101976,20,True,1,5,55,56,15,11,4,4,0,0,0
A-original,food,1977,101977,20,True,1,5,19,19,10,6,4,4,0,0,0
A-original,food,1978,101978,20,True,2,5,77,77,20,17,3,3,0,0,0
A-original,food,1979,101979,20,True,1,5,107,111,19,15,4,4,0,0,0
A-original,food,1980,101980,20,True,1,5,72,72,15,11,4,4,0,0,0
A-original,food,1981,101981,20,True,1,5,46,47,11,7,4,4,0,0,0
A-original,food,1982,101982,20,True,1,5,86,87,15,11,4,4,0,0,0
A-original,food,1983,101983,20,True,1,5,27,28,9,5,4,4,0,0,0
A-original,food,1984,101984,20,True,1,5,32,34,10,6,4,4,0,0,0
A-original,food,1985,101985,20,True,1,5,44,46,12,8,4,4,0,0,0
A-original,food,1986,101986,20,True,1,5,85,85,16,12,4,4,0,0,0
A-original,food,1987,101987,20,True,1,5,37,42,12,8,4,4,0,0,0
A-original,food,1988,101988,20,True,1,5,23,27,8,4,4,4,0,0,0
A-original,food,1989,101989,20,True,1,5,78,79,20,16,4,4,0,0,0
A-original,food,1990,101990,20,True,1,5,49,49,13,9,4,4,0,0,0
A-original,food,1991,101991,20,True,1,5,34,35,10,6,4,4,0,0,0
A-original,food,1992,101992,20,True,1,5,57,64,15,11,4,4,0,0,0
A-original,food,1993,101993,20,True,1,5,50,51,12,8,4,4,0,0,0
A-original,food,1994,101994,20,True,1,5,58,60,11,7,4,4,0,0,0
A-original,food,1995,101995,20,True,2,5,71,71,20,17,3,3,0,0,0
A-original,food,1996,101996,20,True,1,5,57,57,14,10,4,4,0,0,0
A-original,food,1997,101997,20,True,1,5,47,49,13,9,4,4,0,0,0
A-original,food,1998,101998,20,True,1,5,18,20,5,1,4,4,0,0,0
A-original,food,1999,101999,20,True,1,5,45,45,13,9,4,4,0,0,0
A-original,food,2000,102000,20,True,2,5,99,99,20,17,3,3,0,0,0
A-original,hunt,2001,102001,19,False,0,5,47,48,19,14,5,5,0,0,0
A-original,hunt,2002,102002,16,False,0,5,58,58,16,11,5,5,0,0,0
A-original,hunt,2003,102003,12,False,0,5,37,42,12,7,5,5,0,0,0
A-original,hunt,2004,102004,11,False,0,5,24,28,11,6,5,5,0,0,0
A-original,hunt,2005,102005,16,False,0,5,60,60,16,11,5,5,0,0,0
A-original,hunt,2006,102006,19,False,0,5,53,53,18,13,5,5,0,0,0
A-original,hunt,2007,102007,20,True,1,5,89,90,20,16,4,4,0,0,0
A-original,hunt,2008,102008,15,False,0,5,57,57,15,10,5,5,0,0,0
A-original,hunt,2009,102009,16,False,0,5,59,59,16,11,5,5,0,0,0
A-original,hunt,2010,102010,14,False,0,5,61,65,14,9,5,5,0,0,0
A-original,hunt,2011,102011,17,False,0,5,59,59,17,12,5,5,0,0,0
A-original,hunt,2012,102012,17,False,0,5,54,54,17,12,5,5,0,0,0
A-original,hunt,2013,102013,20,True,1,5,73,73,20,16,4,4,0,0,0
A-original,hunt,2014,102014,11,False,0,5,40,41,11,6,5,5,0,0,0
A-original,hunt,2015,102015,12,False,0,5,36,40,12,7,5,5,0,0,0
A-original,hunt,2016,102016,20,True,2,5,83,83,20,17,3,3,0,0,0
A-original,hunt,2017,102017,20,True,1,5,70,70,20,16,4,4,0,0,0
A-original,hunt,2018,102018,16,False,0,5,53,53,16,11,5,5,0,0,0
A-original,hunt,2019,102019,13,False,0,5,24,24,13,8,5,5,0,0,0
A-original,hunt,2020,102020,16,False,0,5,79,85,16,11,5,5,0,0,0
A-original,hunt,2021,102021,15,False,0,5,51,51,15,10,5,5,0,0,0
A-original,hunt,2022,102022,20,True,1,5,94,94,20,16,4,4,0,0,0
A-original,hunt,2023,102023,19,False,0,5,80,80,19,14,5,5,0,0,0
A-original,hunt,2024,102024,20,True,1,5,92,92,20,16,4,4,0,0,0
A-original,hunt,2025,102025,19,False,0,5,113,115,19,14,5,5,0,0,0
A-original,hunt,2026,102026,13,False,0,5,47,47,13,8,5,5,0,0,0
A-original,hunt,2027,102027,13,False,0,5,59,62,13,8,5,5,0,0,0
A-original,hunt,2028,102028,20,True,1,5,56,56,20,16,4,4,0,0,0
A-original,hunt,2029,102029,14,False,0,5,35,36,14,9,5,5,0,0,0
A-original,hunt,2030,102030,14,False,0,5,60,61,14,9,5,5,0,0,0
A-original,hunt,2031,102031,20,True,3,5,110,110,20,18,2,2,0,0,0
A-original,hunt,2032,102032,20,True,2,5,86,86,20,17,3,3,0,0,0
A-original,hunt,2033,102033,10,False,0,5,33,34,10,5,5,5,0,0,0
A-original,hunt,2034,102034,16,False,0,5,70,70,16,11,5,5,0,0,0
A-original,hunt,2035,102035,20,False,0,5,80,80,20,15,5,5,0,0,0
A-original,hunt,2036,102036,9,False,0,5,23,24,9,4,5,5,0,0,0
A-original,hunt,2037,102037,16,False,0,5,97,97,16,11,5,5,0,0,0
A-original,hunt,2038,102038,9,False,0,5,25,27,9,4,5,5,0,0,0
A-original,hunt,2039,102039,10,False,0,5,27,30,10,5,5,5,0,0,0
A-original,hunt,2040,102040,13,False,0,5,76,77,13,8,5,5,0,0,0
A-original,hunt,2041,102041,17,False,0,5,36,36,17,12,5,5,0,0,0
A-original,hunt,2042,102042,20,True,1,5,102,105,20,16,4,4,0,0,0
A-original,hunt,2043,102043,20,True,2,5,76,76,20,17,3,3,0,0,0
A-original,hunt,2044,102044,15,False,0,5,80,83,15,10,5,5,0,0,0
A-original,hunt,2045,102045,15,False,0,5,45,48,15,10,5,5,0,0,0
A-original,hunt,2046,102046,14,False,0,5,38,43,14,9,5,5,0,0,0
A-original,hunt,2047,102047,20,True,1,5,74,74,20,16,4,4,0,0,0
A-original,hunt,2048,102048,20,True,1,5,92,92,20,16,4,4,0,0,0
A-original,hunt,2049,102049,20,True,1,5,77,77,20,16,4,4,0,0,0
A-original,hunt,2050,102050,20,True,2,5,120,120,20,17,3,3,0,0,0
A-original,hunt,2051,102051,15,False,0,5,61,65,15,10,5,5,0,0,0
A-original,hunt,2052,102052,20,True,3,5,94,95,20,18,2,2,0,0,0
A-original,hunt,2053,102053,14,False,0,5,43,44,14,9,5,5,0,0,0
A-original,hunt,2054,102054,16,False,0,5,45,45,16,11,5,5,0,0,0
A-original,hunt,2055,102055,20,False,0,5,56,56,20,15,5,5,0,0,0
A-original,hunt,2056,102056,20,True,1,5,93,93,20,16,4,4,0,0,0
A-original,hunt,2057,102057,14,False,0,5,64,65,14,9,5,5,0,0,0
A-original,hunt,2058,102058,11,False,0,5,46,49,11,6,5,5,0,0,0
A-original,hunt,2059,102059,13,False,0,5,45,47,13,8,5,5,0,0,0
A-original,hunt,2060,102060,18,False,0,5,66,66,18,13,5,5,0,0,0
A-original,hunt,2061,102061,16,False,0,5,55,55,16,11,5,5,0,0,0
A-original,hunt,2062,102062,17,False,0,5,41,41,17,12,5,5,0,0,0
A-original,hunt,2063,102063,20,True,1,5,86,86,20,16,4,4,0,0,0
A-original,hunt,2064,102064,20,True,4,5,136,136,20,19,1,1,0,0,0
A-original,hunt,2065,102065,16,False,0,5,79,79,16,11,5,5,0,0,0
A-original,hunt,2066,102066,18,False,0,5,75,75,18,13,5,5,0,0,0
A-original,hunt,2067,102067,20,True,2,5,113,113,20,17,3,3,0,0,0
A-original,hunt,2068,102068,20,True,2,5,109,109,20,17,3,3,0,0,0
A-original,hunt,2069,102069,13,False,0,5,38,38,13,8,5,5,0,0,0
A-original,hunt,2070,102070,20,True,3,5,141,141,20,18,2,2,0,0,0
A-original,hunt,2071,102071,20,False,0,5,76,76,20,15,5,5,0,0,0
A-original,hunt,2072,102072,13,False,0,5,54,54,13,8,5,5,0,0,0
A-original,hunt,2073,102073,16,False,0,5,43,43,16,11,5,5,0,0,0
A-original,hunt,2074,102074,20,False,0,5,87,88,20,15,5,5,0,0,0
A-original,hunt,2075,102075,19,False,0,5,80,80,19,14,5,5,0,0,0
A-original,hunt,2076,102076,17,False,0,5,34,34,17,12,5,5,0,0,0
A-original,hunt,2077,102077,17,False,0,5,44,44,17,12,5,5,0,0,0
A-original,hunt,2078,102078,19,False,0,5,78,79,19,14,5,5,0,0,0
A-original,hunt,2079,102079,20,True,2,5,90,90,20,17,3,3,0,0,0
A-original,hunt,2080,102080,14,False,0,5,45,45,14,9,5,5,0,0,0
A-original,hunt,2081,102081,17,False,0,5,72,72,17,12,5,5,0,0,0
A-original,hunt,2082,102082,13,False,0,5,51,58,13,8,5,5,0,0,0
A-original,hunt,2083,102083,20,True,1,5,102,103,20,16,4,4,0,0,0
A-original,hunt,2084,102084,17,False,0,5,63,63,17,12,5,5,0,0,0
A-original,hunt,2085,102085,13,False,0,5,36,36,13,8,5,5,0,0,0
A-original,hunt,2086,102086,15,False,0,5,39,39,13,8,5,5,0,0,0
A-original,hunt,2087,102087,14,False,0,5,80,80,14,9,5,5,0,0,0
A-original,hunt,2088,102088,12,False,0,5,62,63,12,7,5,5,0,0,0
A-original,hunt,2089,102089,15,False,0,5,65,66,15,10,5,5,0,0,0
A-original,hunt,2090,102090,13,False,0,5,37,37,13,8,5,5,0,0,0
A-original,hunt,2091,102091,20,True,1,5,69,69,20,16,4,4,0,0,0
A-original,hunt,2092,102092,11,False,0,5,38,39,11,6,5,5,0,0,0
A-original,hunt,2093,102093,20,False,0,5,96,96,20,15,5,5,0,0,0
A-original,hunt,2094,102094,19,False,0,5,85,85,19,14,5,5,0,0,0
A-original,hunt,2095,102095,16,False,0,5,67,67,16,11,5,5,0,0,0
A-original,hunt,2096,102096,20,True,1,5,58,58,20,16,4,4,0,0,0
A-original,hunt,2097,102097,18,False,0,5,91,91,18,13,5,5,0,0,0
A-original,hunt,2098,102098,16,False,0,5,51,52,16,11,5,5,0,0,0
A-original,hunt,2099,102099,18,False,0,5,60,60,18,13,5,5,0,0,0
A-original,hunt,2100,102100,8,False,0,5,4,9,8,3,5,5,0,0,0
A-original,hunt,2101,102101,18,False,0,5,58,58,18,13,5,5,0,0,0
A-original,hunt,2102,102102,10,False,0,5,32,32,10,5,5,5,0,0,0
A-original,hunt,2103,102103,19,False,0,5,74,74,19,14,5,5,0,0,0
A-original,hunt,2104,102104,18,False,0,5,76,76,18,13,5,5,0,0,0
A-original,hunt,2105,102105,20,False,0,5,64,64,20,15,5,5,0,0,0
A-original,hunt,2106,102106,20,True,3,5,82,82,20,18,2,2,0,0,0
A-original,hunt,2107,102107,16,False,0,5,61,62,16,11,5,5,0,0,0
A-original,hunt,2108,102108,12,False,0,5,43,44,12,7,5,5,0,0,0
A-original,hunt,2109,102109,20,True,2,5,106,106,20,17,3,3,0,0,0
A-original,hunt,2110,102110,19,False,0,5,73,74,19,14,5,5,0,0,0
A-original,hunt,2111,102111,18,False,0,5,68,68,18,13,5,5,0,0,0
A-original,hunt,2112,102112,14,False,0,5,34,35,14,9,5,5,0,0,0
A-original,hunt,2113,102113,14,False,0,5,65,73,14,9,5,5,0,0,0
A-original,hunt,2114,102114,20,True,1,5,107,107,20,16,4,4,0,0,0
A-original,hunt,2115,102115,12,False,0,5,60,63,12,7,5,5,0,0,0
A-original,hunt,2116,102116,20,True,1,5,55,55,20,16,4,4,0,0,0
A-original,hunt,2117,102117,17,False,0,5,61,61,17,12,5,5,0,0,0
A-original,hunt,2118,102118,15,False,0,5,81,84,15,10,5,5,0,0,0
A-original,hunt,2119,102119,12,False,0,5,42,42,12,7,5,5,0,0,0
A-original,hunt,2120,102120,20,True,1,5,89,89,20,16,4,4,0,0,0
A-original,hunt,2121,102121,13,False,0,5,29,31,13,8,5,5,0,0,0
A-original,hunt,2122,102122,14,False,0,5,38,40,14,9,5,5,0,0,0
A-original,hunt,2123,102123,20,True,2,5,76,76,20,17,3,3,0,0,0
A-original,hunt,2124,102124,12,False,0,5,33,33,12,7,5,5,0,0,0
A-original,hunt,2125,102125,12,False,0,5,62,68,12,7,5,5,0,0,0
A-original,hunt,2126,102126,16,False,0,5,50,53,16,11,5,5,0,0,0
A-original,hunt,2127,102127,16,False,0,5,75,80,16,11,5,5,0,0,0
A-original,hunt,2128,102128,14,False,0,5,62,68,14,9,5,5,0,0,0
A-original,hunt,2129,102129,11,False,0,5,48,51,11,6,5,5,0,0,0
A-original,hunt,2130,102130,20,False,0,5,73,73,20,15,5,5,0,0,0
A-original,hunt,2131,102131,20,True,3,5,92,92,20,18,2,2,0,0,0
A-original,hunt,2132,102132,20,True,1,5,59,59,19,15,4,4,0,0,0
A-original,hunt,2133,102133,19,False,0,5,90,90,19,14,5,5,0,0,0
A-original,hunt,2134,102134,20,True,1,5,117,117,20,16,4,4,0,0,0
A-original,hunt,2135,102135,18,False,0,5,76,76,18,13,5,5,0,0,0
A-original,hunt,2136,102136,14,False,0,5,17,17,13,8,5,5,0,0,0
A-original,hunt,2137,102137,12,False,0,5,54,55,12,7,5,5,0,0,0
A-original,hunt,2138,102138,13,False,0,5,54,54,13,8,5,5,0,0,0
A-original,hunt,2139,102139,19,False,0,5,86,86,19,14,5,5,0,0,0
A-original,hunt,2140,102140,20,True,2,5,109,109,20,17,3,3,0,0,0
A-original,hunt,2141,102141,8,False,0,5,17,20,8,3,5,5,0,0,0
A-original,hunt,2142,102142,14,False,0,5,51,53,14,9,5,5,0,0,0
A-original,hunt,2143,102143,18,False,0,5,45,45,18,13,5,5,0,0,0
A-original,hunt,2144,102144,20,True,1,5,77,77,20,16,4,4,0,0,0
A-original,hunt,2145,102145,15,False,0,5,49,49,15,10,5,5,0,0,0
A-original,hunt,2146,102146,15,False,0,5,57,60,15,10,5,5,0,0,0
A-original,hunt,2147,102147,16,False,0,5,84,84,16,11,5,5,0,0,0
A-original,hunt,2148,102148,12,False,0,5,40,45,12,7,5,5,0,0,0
A-original,hunt,2149,102149,16,False,0,5,59,59,16,11,5,5,0,0,0
A-original,hunt,2150,102150,20,True,1,5,86,86,20,16,4,4,0,0,0
A-original,hunt,2151,102151,17,False,0,5,45,45,17,12,5,5,0,0,0
A-original,hunt,2152,102152,19,False,0,5,65,65,19,14,5,5,0,0,0
A-original,hunt,2153,102153,12,False,0,5,58,61,12,7,5,5,0,0,0
A-original,hunt,2154,102154,13,False,0,5,28,34,13,8,5,5,0,0,0
A-original,hunt,2155,102155,16,False,0,5,43,43,16,11,5,5,0,0,0
A-original,hunt,2156,102156,20,True,1,5,93,94,19,15,4,4,0,0,0
A-original,hunt,2157,102157,14,False,0,5,50,57,14,9,5,5,0,0,0
A-original,hunt,2158,102158,11,False,0,5,42,43,11,6,5,5,0,0,0
A-original,hunt,2159,102159,11,False,0,5,24,25,11,6,5,5,0,0,0
A-original,hunt,2160,102160,12,False,0,5,21,22,12,7,5,5,0,0,0
A-original,hunt,2161,102161,20,True,2,5,106,106,20,17,3,3,0,0,0
A-original,hunt,2162,102162,15,False,0,5,74,77,15,10,5,5,0,0,0
A-original,hunt,2163,102163,10,False,0,5,28,34,10,5,5,5,0,0,0
A-original,hunt,2164,102164,20,True,1,5,64,64,20,16,4,4,0,0,0
A-original,hunt,2165,102165,20,True,1,5,114,114,20,16,4,4,0,0,0
A-original,hunt,2166,102166,17,False,0,5,63,63,17,12,5,5,0,0,0
A-original,hunt,2167,102167,20,True,1,5,75,75,20,16,4,4,0,0,0
A-original,hunt,2168,102168,10,False,0,5,32,35,10,5,5,5,0,0,0
A-original,hunt,2169,102169,20,True,1,5,112,112,20,16,4,4,0,0,0
A-original,hunt,2170,102170,12,False,0,5,57,57,12,7,5,5,0,0,0
A-original,hunt,2171,102171,16,False,0,5,50,50,16,11,5,5,0,0,0
A-original,hunt,2172,102172,20,True,3,5,120,120,20,18,2,2,0,0,0
A-original,hunt,2173,102173,18,False,0,5,75,75,18,13,5,5,0,0,0
A-original,hunt,2174,102174,13,False,0,5,44,44,13,8,5,5,0,0,0
A-original,hunt,2175,102175,20,False,0,5,67,68,20,15,5,5,0,0,0
A-original,hunt,2176,102176,18,False,0,5,65,65,18,13,5,5,0,0,0
A-original,hunt,2177,102177,20,True,1,5,86,86,20,16,4,4,0,0,0
A-original,hunt,2178,102178,20,True,1,5,92,93,20,16,4,4,0,0,0
A-original,hunt,2179,102179,14,False,0,5,30,30,14,9,5,5,0,0,0
A-original,hunt,2180,102180,10,False,0,5,31,34,10,5,5,5,0,0,0
A-original,hunt,2181,102181,20,False,0,5,85,85,20,15,5,5,0,0,0
A-original,hunt,2182,102182,11,False,0,5,32,33,11,6,5,5,0,0,0
A-original,hunt,2183,102183,20,True,1,5,90,91,20,16,4,4,0,0,0
A-original,hunt,2184,102184,14,False,0,5,66,67,14,9,5,5,0,0,0
A-original,hunt,2185,102185,20,True,2,5,82,83,20,17,3,3,0,0,0
A-original,hunt,2186,102186,20,True,1,5,74,74,20,16,4,4,0,0,0
A-original,hunt,2187,102187,20,True,2,5,100,100,20,17,3,3,0,0,0
A-original,hunt,2188,102188,20,True,1,5,78,78,20,16,4,4,0,0,0
A-original,hunt,2189,102189,20,False,0,5,93,93,20,15,5,5,0,0,0
A-original,hunt,2190,102190,11,False,0,5,48,53,11,6,5,5,0,0,0
A-original,hunt,2191,102191,15,False,0,5,81,81,15,10,5,5,0,0,0
A-original,hunt,2192,102192,15,False,0,5,73,76,15,10,5,5,0,0,0
A-original,hunt,2193,102193,20,True,1,5,95,95,20,16,4,4,0,0,0
A-original,hunt,2194,102194,19,False,0,5,70,70,19,14,5,5,0,0,0
A-original,hunt,2195,102195,11,False,0,5,16,22,11,6,5,5,0,0,0
A-original,hunt,2196,102196,20,True,2,5,115,115,20,17,3,3,0,0,0
A-original,hunt,2197,102197,12,False,0,5,39,41,12,7,5,5,0,0,0
A-original,hunt,2198,102198,14,False,0,5,46,46,14,9,5,5,0,0,0
A-original,hunt,2199,102199,13,False,0,5,28,34,13,8,5,5,0,0,0
A-original,hunt,2200,102200,14,False,0,5,54,54,14,9,5,5,0,0,0
A-original,hunt,2201,102201,19,False,0,5,78,78,19,14,5,5,0,0,0
A-original,hunt,2202,102202,17,False,0,5,51,51,17,12,5,5,0,0,0
A-original,hunt,2203,102203,17,False,0,5,73,73,17,12,5,5,0,0,0
A-original,hunt,2204,102204,17,False,0,5,58,58,17,12,5,5,0,0,0
A-original,hunt,2205,102205,16,False,0,5,67,68,16,11,5,5,0,0,0
A-original,hunt,2206,102206,20,True,2,5,64,64,19,16,3,3,0,0,0
A-original,hunt,2207,102207,20,True,1,5,122,122,20,16,4,4,0,0,0
A-original,hunt,2208,102208,20,True,1,5,94,94,20,16,4,4,0,0,0
A-original,hunt,2209,102209,14,False,0,5,74,85,14,9,5,5,0,0,0
A-original,hunt,2210,102210,14,False,0,5,46,49,14,9,5,5,0,0,0
A-original,hunt,2211,102211,20,True,2,5,119,120,20,17,3,3,0,0,0
A-original,hunt,2212,102212,13,False,0,5,24,24,12,7,5,5,0,0,0
A-original,hunt,2213,102213,10,False,0,5,42,45,10,5,5,5,0,0,0
A-original,hunt,2214,102214,15,False,0,5,61,62,15,10,5,5,0,0,0
A-original,hunt,2215,102215,13,False,0,5,39,39,13,8,5,5,0,0,0
A-original,hunt,2216,102216,15,False,0,5,56,56,15,10,5,5,0,0,0
A-original,hunt,2217,102217,20,True,1,5,85,85,20,16,4,4,0,0,0
A-original,hunt,2218,102218,20,True,1,5,112,112,20,16,4,4,0,0,0
A-original,hunt,2219,102219,15,False,0,5,61,62,15,10,5,5,0,0,0
A-original,hunt,2220,102220,15,False,0,5,59,60,15,10,5,5,0,0,0
A-original,hunt,2221,102221,20,True,1,5,73,73,20,16,4,4,0,0,0
A-original,hunt,2222,102222,20,False,0,5,91,91,20,15,5,5,0,0,0
A-original,hunt,2223,102223,19,False,0,5,90,90,19,14,5,5,0,0,0
A-original,hunt,2224,102224,13,False,0,5,50,56,13,8,5,5,0,0,0
A-original,hunt,2225,102225,20,True,2,5,112,112,20,17,3,3,0,0,0
A-original,hunt,2226,102226,13,False,0,5,49,49,13,8,5,5,0,0,0
A-original,hunt,2227,102227,13,False,0,5,34,35,12,7,5,5,0,0,0
A-original,hunt,2228,102228,20,True,1,5,74,74,20,16,4,4,0,0,0
A-original,hunt,2229,102229,14,False,0,5,55,58,14,9,5,5,0,0,0
A-original,hunt,2230,102230,20,True,1,5,90,90,20,16,4,4,0,0,0
A-original,hunt,2231,102231,14,False,0,5,43,45,14,9,5,5,0,0,0
A-original,hunt,2232,102232,19,False,0,5,49,49,19,14,5,5,0,0,0
A-original,hunt,2233,102233,12,False,0,5,42,43,12,7,5,5,0,0,0
A-original,hunt,2234,102234,12,False,0,5,61,61,12,7,5,5,0,0,0
A-original,hunt,2235,102235,20,True,2,5,97,97,20,17,3,3,0,0,0
A-original,hunt,2236,102236,14,False,0,5,15,15,14,9,5,5,0,0,0
A-original,hunt,2237,102237,20,True,1,5,61,62,20,16,4,4,0,0,0
A-original,hunt,2238,102238,12,False,0,5,61,63,12,7,5,5,0,0,0
A-original,hunt,2239,102239,18,False,0,5,75,76,18,13,5,5,0,0,0
A-original,hunt,2240,102240,13,False,0,5,30,43,13,8,5,5,0,0,0
A-original,hunt,2241,102241,16,False,0,5,54,54,16,11,5,5,0,0,0
A-original,hunt,2242,102242,10,False,0,5,34,34,10,5,5,5,0,0,0
A-original,hunt,2243,102243,14,False,0,5,41,42,14,9,5,5,0,0,0
A-original,hunt,2244,102244,20,True,3,5,107,107,20,18,2,2,0,0,0
A-original,hunt,2245,102245,19,False,0,5,59,59,19,14,5,5,0,0,0
A-original,hunt,2246,102246,20,False,0,5,85,85,20,15,5,5,0,0,0
A-original,hunt,2247,102247,20,True,1,5,123,123,20,16,4,4,0,0,0
A-original,hunt,2248,102248,20,True,1,5,99,99,20,16,4,4,0,0,0
A-original,hunt,2249,102249,20,True,2,5,99,99,20,17,3,3,0,0,0
A-original,hunt,2250,102250,20,True,2,5,91,91,20,17,3,3,0,0,0
A-original,hunt,2251,102251,14,False,0,5,51,51,14,9,5,5,0,0,0
A-original,hunt,2252,102252,17,False,0,5,57,57,17,12,5,5,0,0,0
A-original,hunt,2253,102253,20,True,1,5,89,90,20,16,4,4,0,0,0
A-original,hunt,2254,102254,16,False,0,5,72,72,16,11,5,5,0,0,0
A-original,hunt,2255,102255,14,False,0,5,55,55,14,9,5,5,0,0,0
A-original,hunt,2256,102256,16,False,0,5,55,55,16,11,5,5,0,0,0
A-original,hunt,2257,102257,12,False,0,5,51,59,12,7,5,5,0,0,0
A-original,hunt,2258,102258,15,False,0,5,43,43,15,10,5,5,0,0,0
A-original,hunt,2259,102259,20,True,2,5,89,89,20,17,3,3,0,0,0
A-original,hunt,2260,102260,18,False,0,5,51,51,18,13,5,5,0,0,0
A-original,hunt,2261,102261,18,False,0,5,100,100,18,13,5,5,0,0,0
A-original,hunt,2262,102262,14,False,0,5,37,38,14,9,5,5,0,0,0
A-original,hunt,2263,102263,13,False,0,5,34,34,13,8,5,5,0,0,0
A-original,hunt,2264,102264,13,False,0,5,38,38,13,8,5,5,0,0,0
A-original,hunt,2265,102265,11,False,0,5,26,29,11,6,5,5,0,0,0
A-original,hunt,2266,102266,20,True,1,5,100,100,20,16,4,4,0,0,0
A-original,hunt,2267,102267,17,False,0,5,61,62,17,12,5,5,0,0,0
A-original,hunt,2268,102268,20,True,3,5,154,154,20,18,2,2,0,0,0
A-original,hunt,2269,102269,12,False,0,5,64,70,12,7,5,5,0,0,0
A-original,hunt,2270,102270,20,False,0,5,107,107,20,15,5,5,0,0,0
A-original,hunt,2271,102271,15,False,0,5,54,54,15,10,5,5,0,0,0
A-original,hunt,2272,102272,20,True,3,5,117,117,20,18,2,2,0,0,0
A-original,hunt,2273,102273,11,False,0,5,36,37,11,6,5,5,0,0,0
A-original,hunt,2274,102274,20,True,3,5,117,117,20,18,2,2,0,0,0
A-original,hunt,2275,102275,15,False,0,5,53,53,15,10,5,5,0,0,0
A-original,hunt,2276,102276,13,False,0,5,26,31,13,8,5,5,0,0,0
A-original,hunt,2277,102277,14,False,0,5,46,46,13,8,5,5,0,0,0
A-original,hunt,2278,102278,20,True,1,5,97,97,20,16,4,4,0,0,0
A-original,hunt,2279,102279,12,False,0,5,24,24,12,7,5,5,0,0,0
A-original,hunt,2280,102280,14,False,0,5,19,19,14,9,5,5,0,0,0
A-original,hunt,2281,102281,20,True,1,5,112,112,20,16,4,4,0,0,0
A-original,hunt,2282,102282,19,False,0,5,81,81,19,14,5,5,0,0,0
A-original,hunt,2283,102283,20,True,1,5,80,81,20,16,4,4,0,0,0
A-original,hunt,2284,102284,20,True,3,5,79,79,20,18,2,2,0,0,0
A-original,hunt,2285,102285,13,False,0,5,37,40,13,8,5,5,0,0,0
A-original,hunt,2286,102286,12,False,0,5,41,42,12,7,5,5,0,0,0
A-original,hunt,2287,102287,16,False,0,5,81,83,16,11,5,5,0,0,0
A-original,hunt,2288,102288,17,False,0,5,78,78,17,12,5,5,0,0,0
A-original,hunt,2289,102289,16,False,0,5,57,57,16,11,5,5,0,0,0
A-original,hunt,2290,102290,20,True,1,5,97,98,20,16,4,4,0,0,0
A-original,hunt,2291,102291,18,False,0,5,52,56,18,13,5,5,0,0,0
A-original,hunt,2292,102292,20,False,0,5,88,88,20,15,5,5,0,0,0
A-original,hunt,2293,102293,15,False,0,5,75,75,15,10,5,5,0,0,0
A-original,hunt,2294,102294,14,False,0,5,60,61,14,9,5,5,0,0,0
A-original,hunt,2295,102295,17,False,0,5,61,62,17,12,5,5,0,0,0
A-original,hunt,2296,102296,18,False,0,5,88,88,18,13,5,5,0,0,0
A-original,hunt,2297,102297,10,False,0,5,17,18,10,5,5,5,0,0,0
A-original,hunt,2298,102298,17,False,0,5,50,52,17,12,5,5,0,0,0
A-original,hunt,2299,102299,17,False,0,5,43,43,17,12,5,5,0,0,0
A-original,hunt,2300,102300,20,True,2,5,95,95,20,17,3,3,0,0,0
A-original,hunt,2301,102301,17,False,0,5,56,56,17,12,5,5,0,0,0
A-original,hunt,2302,102302,18,False,0,5,69,69,18,13,5,5,0,0,0
A-original,hunt,2303,102303,12,False,0,5,39,42,12,7,5,5,0,0,0
A-original,hunt,2304,102304,15,False,0,5,52,55,15,10,5,5,0,0,0
A-original,hunt,2305,102305,13,False,0,5,22,25,13,8,5,5,0,0,0
A-original,hunt,2306,102306,20,True,1,5,86,86,20,16,4,4,0,0,0
A-original,hunt,2307,102307,15,False,0,5,51,54,15,10,5,5,0,0,0
A-original,hunt,2308,102308,20,True,1,5,46,46,20,16,4,4,0,0,0
A-original,hunt,2309,102309,20,True,2,5,126,126,20,17,3,3,0,0,0
A-original,hunt,2310,102310,15,False,0,5,60,62,15,10,5,5,0,0,0
A-original,hunt,2311,102311,20,True,1,5,96,96,20,16,4,4,0,0,0
A-original,hunt,2312,102312,20,True,1,5,80,80,20,16,4,4,0,0,0
A-original,hunt,2313,102313,20,True,2,5,84,84,20,17,3,3,0,0,0
A-original,hunt,2314,102314,16,False,0,5,71,74,16,11,5,5,0,0,0
A-original,hunt,2315,102315,19,False,0,5,102,102,19,14,5,5,0,0,0
A-original,hunt,2316,102316,15,False,0,5,70,70,15,10,5,5,0,0,0
A-original,hunt,2317,102317,17,False,0,5,63,63,17,12,5,5,0,0,0
A-original,hunt,2318,102318,19,False,0,5,71,71,19,14,5,5,0,0,0
A-original,hunt,2319,102319,12,False,0,5,29,29,12,7,5,5,0,0,0
A-original,hunt,2320,102320,20,True,2,5,75,75,20,17,3,3,0,0,0
A-original,hunt,2321,102321,14,False,0,5,34,37,14,9,5,5,0,0,0
A-original,hunt,2322,102322,17,False,0,5,94,94,17,12,5,5,0,0,0
A-original,hunt,2323,102323,17,False,0,5,101,101,17,12,5,5,0,0,0
A-original,hunt,2324,102324,19,False,0,5,127,127,19,14,5,5,0,0,0
A-original,hunt,2325,102325,11,False,0,5,25,26,11,6,5,5,0,0,0
A-original,hunt,2326,102326,13,False,0,5,55,57,13,8,5,5,0,0,0
A-original,hunt,2327,102327,20,True,1,5,67,68,20,16,4,4,0,0,0
A-original,hunt,2328,102328,20,False,0,5,66,66,20,15,5,5,0,0,0
A-original,hunt,2329,102329,13,False,0,5,22,25,13,8,5,5,0,0,0
A-original,hunt,2330,102330,17,False,0,5,72,72,17,12,5,5,0,0,0
A-original,hunt,2331,102331,18,False,0,5,64,64,18,13,5,5,0,0,0
A-original,hunt,2332,102332,20,True,1,5,79,79,20,16,4,4,0,0,0
A-original,hunt,2333,102333,18,False,0,5,44,44,18,13,5,5,0,0,0
A-original,hunt,2334,102334,16,False,0,5,48,48,16,11,5,5,0,0,0
A-original,hunt,2335,102335,10,False,0,5,13,13,10,5,5,5,0,0,0
A-original,hunt,2336,102336,13,False,0,5,44,48,13,8,5,5,0,0,0
A-original,hunt,2337,102337,12,False,0,5,35,35,12,7,5,5,0,0,0
A-original,hunt,2338,102338,20,True,2,5,92,92,20,17,3,3,0,0,0
A-original,hunt,2339,102339,20,True,1,5,73,73,20,16,4,4,0,0,0
A-original,hunt,2340,102340,16,False,0,5,61,66,16,11,5,5,0,0,0
A-original,hunt,2341,102341,20,True,1,5,75,75,20,16,4,4,0,0,0
A-original,hunt,2342,102342,18,False,0,5,73,73,18,13,5,5,0,0,0
A-original,hunt,2343,102343,14,False,0,5,38,38,14,9,5,5,0,0,0
A-original,hunt,2344,102344,15,False,0,5,23,23,15,10,5,5,0,0,0
A-original,hunt,2345,102345,15,False,0,5,38,39,15,10,5,5,0,0,0
A-original,hunt,2346,102346,12,False,0,5,20,23,12,7,5,5,0,0,0
A-original,hunt,2347,102347,15,False,0,5,52,52,15,10,5,5,0,0,0
A-original,hunt,2348,102348,16,False,0,5,47,47,16,11,5,5,0,0,0
A-original,hunt,2349,102349,15,False,0,5,68,70,15,10,5,5,0,0,0
A-original,hunt,2350,102350,16,False,0,5,60,60,16,11,5,5,0,0,0
A-original,hunt,2351,102351,20,True,2,5,87,87,20,17,3,3,0,0,0
A-original,hunt,2352,102352,17,False,0,5,62,62,17,12,5,5,0,0,0
A-original,hunt,2353,102353,16,False,0,5,61,61,16,11,5,5,0,0,0
A-original,hunt,2354,102354,12,False,0,5,23,23,12,7,5,5,0,0,0
A-original,hunt,2355,102355,9,False,0,5,13,13,9,4,5,5,0,0,0
A-original,hunt,2356,102356,12,False,0,5,44,45,12,7,5,5,0,0,0
A-original,hunt,2357,102357,13,False,0,5,35,35,13,8,5,5,0,0,0
A-original,hunt,2358,102358,16,False,0,5,39,39,16,11,5,5,0,0,0
A-original,hunt,2359,102359,12,False,0,5,24,24,12,7,5,5,0,0,0
A-original,hunt,2360,102360,20,False,0,5,81,81,20,15,5,5,0,0,0
A-original,hunt,2361,102361,20,True,2,5,107,107,20,17,3,3,0,0,0
A-original,hunt,2362,102362,13,False,0,5,33,35,13,8,5,5,0,0,0
A-original,hunt,2363,102363,15,False,0,5,38,38,15,10,5,5,0,0,0
A-original,hunt,2364,102364,16,False,0,5,70,71,16,11,5,5,0,0,0
A-original,hunt,2365,102365,10,False,0,5,19,26,10,5,5,5,0,0,0
A-original,hunt,2366,102366,20,True,1,5,97,97,20,16,4,4,0,0,0
A-original,hunt,2367,102367,13,False,0,5,49,53,13,8,5,5,0,0,0
A-original,hunt,2368,102368,19,False,0,5,60,60,19,14,5,5,0,0,0
A-original,hunt,2369,102369,20,True,1,5,133,133,20,16,4,4,0,0,0
A-original,hunt,2370,102370,12,False,0,5,42,43,12,7,5,5,0,0,0
A-original,hunt,2371,102371,20,True,2,5,76,76,20,17,3,3,0,0,0
A-original,hunt,2372,102372,20,True,1,5,101,101,20,16,4,4,0,0,0
A-original,hunt,2373,102373,12,False,0,5,17,17,11,6,5,5,0,0,0
A-original,hunt,2374,102374,16,False,0,5,61,61,16,11,5,5,0,0,0
A-original,hunt,2375,102375,20,False,0,5,82,82,20,15,5,5,0,0,0
A-original,hunt,2376,102376,19,False,0,5,49,49,19,14,5,5,0,0,0
A-original,hunt,2377,102377,19,False,0,5,69,69,19,14,5,5,0,0,0
A-original,hunt,2378,102378,20,True,3,5,60,60,20,18,2,2,0,0,0
A-original,hunt,2379,102379,11,False,0,5,38,44,11,6,5,5,0,0,0
A-original,hunt,2380,102380,20,True,2,5,100,100,20,17,3,3,0,0,0
A-original,hunt,2381,102381,20,True,1,5,73,73,20,16,4,4,0,0,0
A-original,hunt,2382,102382,14,False,0,5,65,65,14,9,5,5,0,0,0
A-original,hunt,2383,102383,17,False,0,5,62,62,17,12,5,5,0,0,0
A-original,hunt,2384,102384,20,True,1,5,108,108,20,16,4,4,0,0,0
A-original,hunt,2385,102385,14,False,0,5,72,74,14,9,5,5,0,0,0
A-original,hunt,2386,102386,9,False,0,5,19,21,9,4,5,5,0,0,0
A-original,hunt,2387,102387,20,True,1,5,114,114,20,16,4,4,0,0,0
A-original,hunt,2388,102388,14,False,0,5,39,41,14,9,5,5,0,0,0
A-original,hunt,2389,102389,13,False,0,5,43,43,13,8,5,5,0,0,0
A-original,hunt,2390,102390,20,True,3,5,127,127,20,18,2,2,0,0,0
A-original,hunt,2391,102391,16,False,0,5,42,42,16,11,5,5,0,0,0
A-original,hunt,2392,102392,20,True,1,5,91,92,20,16,4,4,0,0,0
A-original,hunt,2393,102393,13,False,0,5,62,68,13,8,5,5,0,0,0
A-original,hunt,2394,102394,18,False,0,5,85,89,18,13,5,5,0,0,0
A-original,hunt,2395,102395,10,False,0,5,38,39,10,5,5,5,0,0,0
A-original,hunt,2396,102396,15,False,0,5,59,65,15,10,5,5,0,0,0
A-original,hunt,2397,102397,20,True,1,5,101,101,20,16,4,4,0,0,0
A-original,hunt,2398,102398,16,False,0,5,75,80,16,11,5,5,0,0,0
A-original,hunt,2399,102399,14,False,0,5,52,55,14,9,5,5,0,0,0
A-original,hunt,2400,102400,16,False,0,5,64,64,16,11,5,5,0,0,0
A-original,hunt,2401,102401,13,False,0,5,34,43,13,8,5,5,0,0,0
A-original,hunt,2402,102402,14,False,0,5,70,74,14,9,5,5,0,0,0
A-original,hunt,2403,102403,12,False,0,5,38,41,12,7,5,5,0,0,0
A-original,hunt,2404,102404,20,True,2,5,92,93,20,17,3,3,0,0,0
A-original,hunt,2405,102405,15,False,0,5,54,59,15,10,5,5,0,0,0
A-original,hunt,2406,102406,11,False,0,5,15,16,11,6,5,5,0,0,0
A-original,hunt,2407,102407,14,False,0,5,27,27,14,9,5,5,0,0,0
A-original,hunt,2408,102408,18,False,0,5,98,99,18,13,5,5,0,0,0
A-original,hunt,2409,102409,19,False,0,5,93,93,19,14,5,5,0,0,0
A-original,hunt,2410,102410,13,False,0,5,26,26,13,8,5,5,0,0,0
A-original,hunt,2411,102411,20,True,1,5,103,103,20,16,4,4,0,0,0
A-original,hunt,2412,102412,13,False,0,5,42,43,13,8,5,5,0,0,0
A-original,hunt,2413,102413,14,False,0,5,52,58,14,9,5,5,0,0,0
A-original,hunt,2414,102414,20,True,1,5,89,89,20,16,4,4,0,0,0
A-original,hunt,2415,102415,20,True,1,5,94,94,20,16,4,4,0,0,0
A-original,hunt,2416,102416,14,False,0,5,44,44,14,9,5,5,0,0,0
A-original,hunt,2417,102417,12,False,0,5,26,29,12,7,5,5,0,0,0
A-original,hunt,2418,102418,20,False,0,5,78,78,20,15,5,5,0,0,0
A-original,hunt,2419,102419,20,True,2,5,92,92,20,17,3,3,0,0,0
A-original,hunt,2420,102420,20,True,1,5,73,73,20,16,4,4,0,0,0
A-original,hunt,2421,102421,19,False,0,5,95,95,19,14,5,5,0,0,0
A-original,hunt,2422,102422,20,False,0,5,68,69,20,15,5,5,0,0,0
A-original,hunt,2423,102423,14,False,0,5,51,51,14,9,5,5,0,0,0
A-original,hunt,2424,102424,19,False,0,5,64,65,19,14,5,5,0,0,0
A-original,hunt,2425,102425,18,False,0,5,81,85,18,13,5,5,0,0,0
A-original,hunt,2426,102426,12,False,0,5,35,35,12,7,5,5,0,0,0
A-original,hunt,2427,102427,20,True,2,5,100,100,20,17,3,3,0,0,0
A-original,hunt,2428,102428,13,False,0,5,41,44,13,8,5,5,0,0,0
A-original,hunt,2429,102429,20,True,4,5,137,137,20,19,1,1,0,0,0
A-original,hunt,2430,102430,17,False,0,5,101,101,17,12,5,5,0,0,0
A-original,hunt,2431,102431,20,True,2,5,99,99,20,17,3,3,0,0,0
A-original,hunt,2432,102432,20,True,3,5,104,104,20,18,2,2,0,0,0
A-original,hunt,2433,102433,13,False,0,5,38,43,13,8,5,5,0,0,0
A-original,hunt,2434,102434,18,False,0,5,58,58,18,13,5,5,0,0,0
A-original,hunt,2435,102435,20,True,1,5,73,73,20,16,4,4,0,0,0
A-original,hunt,2436,102436,15,False,0,5,56,56,15,10,5,5,0,0,0
A-original,hunt,2437,102437,14,False,0,5,63,63,14,9,5,5,0,0,0
A-original,hunt,2438,102438,9,False,0,5,21,27,9,4,5,5,0,0,0
A-original,hunt,2439,102439,12,False,0,5,47,48,12,7,5,5,0,0,0
A-original,hunt,2440,102440,20,True,2,5,91,91,20,17,3,3,0,0,0
A-original,hunt,2441,102441,20,True,2,5,102,103,20,17,3,3,0,0,0
A-original,hunt,2442,102442,20,True,2,5,69,69,20,17,3,3,0,0,0
A-original,hunt,2443,102443,14,False,0,5,37,39,14,9,5,5,0,0,0
A-original,hunt,2444,102444,14,False,0,5,55,56,14,9,5,5,0,0,0
A-original,hunt,2445,102445,20,True,2,5,125,125,20,17,3,3,0,0,0
A-original,hunt,2446,102446,7,False,0,5,1,13,5,1,4,4,0,0,0
A-original,hunt,2447,102447,12,False,0,5,41,41,12,7,5,5,0,0,0
A-original,hunt,2448,102448,19,False,0,5,82,82,19,14,5,5,0,0,0
A-original,hunt,2449,102449,15,False,0,5,50,50,15,10,5,5,0,0,0
A-original,hunt,2450,102450,20,False,0,5,73,73,20,15,5,5,0,0,0
A-original,hunt,2451,102451,8,False,0,5,26,30,8,3,5,5,0,0,0
A-original,hunt,2452,102452,15,False,0,5,62,62,15,10,5,5,0,0,0
A-original,hunt,2453,102453,20,True,1,5,102,102,20,16,4,4,0,0,0
A-original,hunt,2454,102454,7,False,0,5,14,18,7,2,5,5,0,0,0
A-original,hunt,2455,102455,13,False,0,5,38,40,13,8,5,5,0,0,0
A-original,hunt,2456,102456,14,False,0,5,50,52,14,9,5,5,0,0,0
A-original,hunt,2457,102457,19,False,0,5,85,85,19,14,5,5,0,0,0
A-original,hunt,2458,102458,20,False,0,5,97,97,20,15,5,5,0,0,0
A-original,hunt,2459,102459,20,True,1,5,83,83,20,16,4,4,0,0,0
A-original,hunt,2460,102460,15,False,0,5,31,31,15,10,5,5,0,0,0
A-original,hunt,2461,102461,15,False,0,5,62,62,15,10,5,5,0,0,0
A-original,hunt,2462,102462,18,False,0,5,77,77,18,13,5,5,0,0,0
A-original,hunt,2463,102463,19,False,0,5,67,67,19,14,5,5,0,0,0
A-original,hunt,2464,102464,12,False,0,5,10,17,12,7,5,5,0,0,0
A-original,hunt,2465,102465,20,True,1,5,100,100,20,16,4,4,0,0,0
A-original,hunt,2466,102466,15,False,0,5,72,76,15,10,5,5,0,0,0
A-original,hunt,2467,102467,15,False,0,5,57,57,15,10,5,5,0,0,0
A-original,hunt,2468,102468,18,False,0,5,79,79,18,13,5,5,0,0,0
A-original,hunt,2469,102469,20,True,2,5,110,113,20,17,3,3,0,0,0
A-original,hunt,2470,102470,20,True,1,5,76,76,20,16,4,4,0,0,0
A-original,hunt,2471,102471,19,False,0,5,60,60,19,14,5,5,0,0,0
A-original,hunt,2472,102472,20,True,1,5,100,100,20,16,4,4,0,0,0
A-original,hunt,2473,102473,12,False,0,5,24,24,12,7,5,5,0,0,0
A-original,hunt,2474,102474,20,False,0,5,85,85,20,15,5,5,0,0,0
A-original,hunt,2475,102475,14,False,0,5,48,54,14,9,5,5,0,0,0
A-original,hunt,2476,102476,16,False,0,5,62,63,16,11,5,5,0,0,0
A-original,hunt,2477,102477,19,False,0,5,65,65,19,14,5,5,0,0,0
A-original,hunt,2478,102478,13,False,0,5,33,33,13,8,5,5,0,0,0
A-original,hunt,2479,102479,13,False,0,5,20,20,10,5,5,5,0,0,0
A-original,hunt,2480,102480,20,True,1,5,61,61,20,16,4,4,0,0,0
A-original,hunt,2481,102481,16,False,0,5,52,52,16,11,5,5,0,0,0
A-original,hunt,2482,102482,14,False,0,5,34,36,14,9,5,5,0,0,0
A-original,hunt,2483,102483,20,True,2,5,90,90,20,17,3,3,0,0,0
A-original,hunt,2484,102484,19,False,0,5,70,70,19,14,5,5,0,0,0
A-original,hunt,2485,102485,18,False,0,5,67,67,18,13,5,5,0,0,0
A-original,hunt,2486,102486,17,False,0,5,55,58,17,12,5,5,0,0,0
A-original,hunt,2487,102487,18,False,0,5,87,87,18,13,5,5,0,0,0
A-original,hunt,2488,102488,14,False,0,5,45,48,14,9,5,5,0,0,0
A-original,hunt,2489,102489,14,False,0,5,46,46,14,9,5,5,0,0,0
A-original,hunt,2490,102490,16,False,0,5,73,74,16,11,5,5,0,0,0
A-original,hunt,2491,102491,7,False,0,5,26,27,7,2,5,5,0,0,0
A-original,hunt,2492,102492,20,False,0,5,73,73,20,15,5,5,0,0,0
A-original,hunt,2493,102493,15,False,0,5,56,57,15,10,5,5,0,0,0
A-original,hunt,2494,102494,20,False,0,5,95,95,20,15,5,5,0,0,0
A-original,hunt,2495,102495,11,False,0,5,26,26,11,6,5,5,0,0,0
A-original,hunt,2496,102496,15,False,0,5,55,55,15,10,5,5,0,0,0
A-original,hunt,2497,102497,19,False,0,5,68,68,19,14,5,5,0,0,0
A-original,hunt,2498,102498,12,False,0,5,51,52,12,7,5,5,0,0,0
A-original,hunt,2499,102499,12,False,0,5,45,45,12,7,5,5,0,0,0
A-original,hunt,2500,102500,20,True,2,5,87,87,20,17,3,3,0,0,0
A-original,hunt,2501,102501,19,False,0,5,85,85,19,14,5,5,0,0,0
A-original,hunt,2502,102502,20,True,2,5,116,116,20,17,3,3,0,0,0
A-original,hunt,2503,102503,10,False,0,5,36,39,10,5,5,5,0,0,0
A-original,hunt,2504,102504,20,True,1,5,85,85,20,16,4,4,0,0,0
A-original,hunt,2505,102505,20,True,2,5,104,104,20,17,3,3,0,0,0
A-original,hunt,2506,102506,15,False,0,5,58,58,15,10,5,5,0,0,0
A-original,hunt,2507,102507,12,False,0,5,53,54,12,7,5,5,0,0,0
A-original,hunt,2508,102508,17,False,0,5,54,55,17,12,5,5,0,0,0
A-original,hunt,2509,102509,19,False,0,5,83,83,19,14,5,5,0,0,0
A-original,hunt,2510,102510,17,False,0,5,48,48,17,12,5,5,0,0,0
A-original,hunt,2511,102511,13,False,0,5,50,53,13,8,5,5,0,0,0
A-original,hunt,2512,102512,20,True,1,5,95,95,20,16,4,4,0,0,0
A-original,hunt,2513,102513,15,False,0,5,52,52,15,10,5,5,0,0,0
A-original,hunt,2514,102514,16,False,0,5,79,79,16,11,5,5,0,0,0
A-original,hunt,2515,102515,13,False,0,5,36,37,13,8,5,5,0,0,0
A-original,hunt,2516,102516,18,False,0,5,89,89,18,13,5,5,0,0,0
A-original,hunt,2517,102517,8,False,0,5,25,25,8,3,5,5,0,0,0
A-original,hunt,2518,102518,18,False,0,5,90,90,18,13,5,5,0,0,0
A-original,hunt,2519,102519,20,False,0,5,77,77,20,15,5,5,0,0,0
A-original,hunt,2520,102520,20,True,2,5,132,132,20,17,3,3,0,0,0
A-original,hunt,2521,102521,17,False,0,5,89,89,17,12,5,5,0,0,0
A-original,hunt,2522,102522,20,True,2,5,102,102,20,17,3,3,0,0,0
A-original,hunt,2523,102523,15,False,0,5,80,83,15,10,5,5,0,0,0
A-original,hunt,2524,102524,13,False,0,5,34,34,13,8,5,5,0,0,0
A-original,hunt,2525,102525,12,False,0,5,50,52,12,7,5,5,0,0,0
A-original,hunt,2526,102526,16,False,0,5,58,58,16,11,5,5,0,0,0
A-original,hunt,2527,102527,20,True,1,5,80,80,20,16,4,4,0,0,0
A-original,hunt,2528,102528,9,False,0,5,22,22,9,4,5,5,0,0,0
A-original,hunt,2529,102529,15,False,0,5,59,59,15,10,5,5,0,0,0
A-original,hunt,2530,102530,18,False,0,5,55,55,18,13,5,5,0,0,0
A-original,hunt,2531,102531,20,True,1,5,120,120,20,16,4,4,0,0,0
A-original,hunt,2532,102532,16,False,0,5,59,59,16,11,5,5,0,0,0
A-original,hunt,2533,102533,16,False,0,5,42,42,16,11,5,5,0,0,0
A-original,hunt,2534,102534,11,False,0,5,21,21,11,6,5,5,0,0,0
A-original,hunt,2535,102535,17,False,0,5,67,72,17,12,5,5,0,0,0
A-original,hunt,2536,102536,15,False,0,5,56,57,15,10,5,5,0,0,0
A-original,hunt,2537,102537,20,True,3,5,86,86,20,18,2,2,0,0,0
A-original,hunt,2538,102538,14,False,0,5,33,34,14,9,5,5,0,0,0
A-original,hunt,2539,102539,17,False,0,5,86,86,17,12,5,5,0,0,0
A-original,hunt,2540,102540,8,False,0,5,9,9,8,3,5,5,0,0,0
A-original,hunt,2541,102541,20,True,1,5,51,51,20,16,4,4,0,0,0
A-original,hunt,2542,102542,15,False,0,5,41,41,15,10,5,5,0,0,0
A-original,hunt,2543,102543,16,False,0,5,43,43,16,11,5,5,0,0,0
A-original,hunt,2544,102544,10,False,0,5,23,27,10,5,5,5,0,0,0
A-original,hunt,2545,102545,19,False,0,5,94,94,19,14,5,5,0,0,0
A-original,hunt,2546,102546,20,True,1,5,69,69,20,16,4,4,0,0,0
A-original,hunt,2547,102547,11,False,0,5,23,23,11,6,5,5,0,0,0
A-original,hunt,2548,102548,15,False,0,5,53,53,15,10,5,5,0,0,0
A-original,hunt,2549,102549,19,False,0,5,82,82,19,14,5,5,0,0,0
A-original,hunt,2550,102550,19,False,0,5,54,54,19,14,5,5,0,0,0
A-original,hunt,2551,102551,20,True,1,5,87,87,20,16,4,4,0,0,0
A-original,hunt,2552,102552,18,False,0,5,105,105,18,13,5,5,0,0,0
A-original,hunt,2553,102553,20,True,1,5,51,51,20,16,4,4,0,0,0
A-original,hunt,2554,102554,20,True,1,5,112,112,20,16,4,4,0,0,0
A-original,hunt,2555,102555,20,True,1,5,100,100,20,16,4,4,0,0,0
A-original,hunt,2556,102556,15,False,0,5,57,58,15,10,5,5,0,0,0
A-original,hunt,2557,102557,16,False,0,5,50,52,16,11,5,5,0,0,0
A-original,hunt,2558,102558,10,False,0,5,29,29,10,5,5,5,0,0,0
A-original,hunt,2559,102559,18,False,0,5,45,45,18,13,5,5,0,0,0
A-original,hunt,2560,102560,14,False,0,5,62,63,14,9,5,5,0,0,0
A-original,hunt,2561,102561,20,True,2,5,83,83,20,17,3,3,0,0,0
A-original,hunt,2562,102562,16,False,0,5,42,44,16,11,5,5,0,0,0
A-original,hunt,2563,102563,11,False,0,5,53,59,11,6,5,5,0,0,0
A-original,hunt,2564,102564,11,False,0,5,45,50,11,6,5,5,0,0,0
A-original,hunt,2565,102565,20,True,1,5,104,104,20,16,4,4,0,0,0
A-original,hunt,2566,102566,15,False,0,5,46,47,15,10,5,5,0,0,0
A-original,hunt,2567,102567,20,True,1,5,93,93,20,16,4,4,0,0,0
A-original,hunt,2568,102568,17,False,0,5,85,85,17,12,5,5,0,0,0
A-original,hunt,2569,102569,16,False,0,5,69,73,16,11,5,5,0,0,0
A-original,hunt,2570,102570,18,False,0,5,64,64,18,13,5,5,0,0,0
A-original,hunt,2571,102571,14,False,0,5,56,56,14,9,5,5,0,0,0
A-original,hunt,2572,102572,20,False,0,5,67,67,20,15,5,5,0,0,0
A-original,hunt,2573,102573,13,False,0,5,47,51,13,8,5,5,0,0,0
A-original,hunt,2574,102574,20,True,1,5,60,60,20,16,4,4,0,0,0
A-original,hunt,2575,102575,14,False,0,5,46,46,14,9,5,5,0,0,0
A-original,hunt,2576,102576,18,False,0,5,71,71,18,13,5,5,0,0,0
A-original,hunt,2577,102577,20,True,3,5,117,117,20,18,2,2,0,0,0
A-original,hunt,2578,102578,20,True,2,5,99,99,20,17,3,3,0,0,0
A-original,hunt,2579,102579,14,False,0,5,47,48,14,9,5,5,0,0,0
A-original,hunt,2580,102580,20,False,0,5,96,96,20,15,5,5,0,0,0
A-original,hunt,2581,102581,20,False,0,5,97,97,20,15,5,5,0,0,0
A-original,hunt,2582,102582,16,False,0,5,48,48,16,11,5,5,0,0,0
A-original,hunt,2583,102583,20,True,1,5,90,90,20,16,4,4,0,0,0
A-original,hunt,2584,102584,11,False,0,5,31,33,11,6,5,5,0,0,0
A-original,hunt,2585,102585,20,True,1,5,76,76,20,16,4,4,0,0,0
A-original,hunt,2586,102586,20,True,1,5,77,77,20,16,4,4,0,0,0
A-original,hunt,2587,102587,17,False,0,5,54,54,17,12,5,5,0,0,0
A-original,hunt,2588,102588,12,False,0,5,39,39,12,7,5,5,0,0,0
A-original,hunt,2589,102589,20,True,1,5,124,124,20,16,4,4,0,0,0
A-original,hunt,2590,102590,19,False,0,5,93,96,19,14,5,5,0,0,0
A-original,hunt,2591,102591,17,False,0,5,47,49,17,12,5,5,0,0,0
A-original,hunt,2592,102592,10,False,0,5,20,21,10,5,5,5,0,0,0
A-original,hunt,2593,102593,12,False,0,5,46,47,12,7,5,5,0,0,0
A-original,hunt,2594,102594,18,False,0,5,76,77,18,13,5,5,0,0,0
A-original,hunt,2595,102595,15,False,0,5,62,62,15,10,5,5,0,0,0
A-original,hunt,2596,102596,19,False,0,5,86,87,19,14,5,5,0,0,0
A-original,hunt,2597,102597,11,False,0,5,39,39,11,6,5,5,0,0,0
A-original,hunt,2598,102598,20,True,1,5,80,81,20,16,4,4,0,0,0
A-original,hunt,2599,102599,18,False,0,5,78,78,18,13,5,5,0,0,0
A-original,hunt,2600,102600,18,False,0,5,76,76,18,13,5,5,0,0,0
A-original,hunt,2601,102601,19,False,0,5,58,58,19,14,5,5,0,0,0
A-original,hunt,2602,102602,20,True,3,5,104,104,20,18,2,2,0,0,0
A-original,hunt,2603,102603,20,True,1,5,85,85,20,16,4,4,0,0,0
A-original,hunt,2604,102604,18,False,0,5,61,61,18,13,5,5,0,0,0
A-original,hunt,2605,102605,14,False,0,5,47,47,14,9,5,5,0,0,0
A-original,hunt,2606,102606,20,True,1,5,96,96,20,16,4,4,0,0,0
A-original,hunt,2607,102607,16,False,0,5,59,59,16,11,5,5,0,0,0
A-original,hunt,2608,102608,20,False,0,5,104,105,20,15,5,5,0,0,0
A-original,hunt,2609,102609,16,False,0,5,31,31,16,11,5,5,0,0,0
A-original,hunt,2610,102610,20,True,1,5,62,62,20,16,4,4,0,0,0
A-original,hunt,2611,102611,9,False,0,5,13,19,9,4,5,5,0,0,0
A-original,hunt,2612,102612,20,True,1,5,76,76,20,16,4,4,0,0,0
A-original,hunt,2613,102613,17,False,0,5,52,52,17,12,5,5,0,0,0
A-original,hunt,2614,102614,15,False,0,5,46,46,15,10,5,5,0,0,0
A-original,hunt,2615,102615,20,True,1,5,70,70,20,16,4,4,0,0,0
A-original,hunt,2616,102616,20,True,1,5,93,93,20,16,4,4,0,0,0
A-original,hunt,2617,102617,15,False,0,5,71,71,15,10,5,5,0,0,0
A-original,hunt,2618,102618,18,False,0,5,62,65,18,13,5,5,0,0,0
A-original,hunt,2619,102619,19,False,0,5,67,67,19,14,5,5,0,0,0
A-original,hunt,2620,102620,12,False,0,5,35,41,12,7,5,5,0,0,0
A-original,hunt,2621,102621,15,False,0,5,36,40,15,10,5,5,0,0,0
A-original,hunt,2622,102622,15,False,0,5,23,24,15,10,5,5,0,0,0
A-original,hunt,2623,102623,20,True,2,5,88,88,20,17,3,3,0,0,0
A-original,hunt,2624,102624,20,True,2,5,106,106,20,17,3,3,0,0,0
A-original,hunt,2625,102625,13,False,0,5,42,43,13,8,5,5,0,0,0
A-original,hunt,2626,102626,17,False,0,5,45,45,17,12,5,5,0,0,0
A-original,hunt,2627,102627,16,False,0,5,71,71,16,11,5,5,0,0,0
A-original,hunt,2628,102628,20,True,1,5,93,93,20,16,4,4,0,0,0
A-original,hunt,2629,102629,8,False,0,5,9,15,8,3,5,5,0,0,0
A-original,hunt,2630,102630,17,False,0,5,48,48,17,12,5,5,0,0,0
A-original,hunt,2631,102631,12,False,0,5,37,37,12,7,5,5,0,0,0
A-original,hunt,2632,102632,14,False,0,5,83,85,14,9,5,5,0,0,0
A-original,hunt,2633,102633,20,True,1,5,69,69,20,16,4,4,0,0,0
A-original,hunt,2634,102634,14,False,0,5,33,34,14,9,5,5,0,0,0
A-original,hunt,2635,102635,20,True,3,5,116,116,20,18,2,2,0,0,0
A-original,hunt,2636,102636,15,False,0,5,24,24,15,10,5,5,0,0,0
A-original,hunt,2637,102637,14,False,0,5,54,57,14,9,5,5,0,0,0
A-original,hunt,2638,102638,15,False,0,5,45,51,15,10,5,5,0,0,0
A-original,hunt,2639,102639,18,False,0,5,78,78,18,13,5,5,0,0,0
A-original,hunt,2640,102640,17,False,0,5,61,69,17,12,5,5,0,0,0
A-original,hunt,2641,102641,15,False,0,5,54,58,15,10,5,5,0,0,0
A-original,hunt,2642,102642,17,False,0,5,82,82,17,12,5,5,0,0,0
A-original,hunt,2643,102643,20,True,1,5,90,90,20,16,4,4,0,0,0
A-original,hunt,2644,102644,17,False,0,5,78,78,17,12,5,5,0,0,0
A-original,hunt,2645,102645,20,True,2,5,84,84,20,17,3,3,0,0,0
A-original,hunt,2646,102646,13,False,0,5,45,45,13,8,5,5,0,0,0
A-original,hunt,2647,102647,20,True,1,5,76,76,20,16,4,4,0,0,0
A-original,hunt,2648,102648,13,False,0,5,66,67,13,8,5,5,0,0,0
A-original,hunt,2649,102649,13,False,0,5,37,38,13,8,5,5,0,0,0
A-original,hunt,2650,102650,14,False,0,5,52,52,14,9,5,5,0,0,0
A-original,hunt,2651,102651,14,False,0,5,51,53,14,9,5,5,0,0,0
A-original,hunt,2652,102652,10,False,0,5,30,33,10,5,5,5,0,0,0
A-original,hunt,2653,102653,20,True,2,5,96,96,20,17,3,3,0,0,0
A-original,hunt,2654,102654,14,False,0,5,25,25,14,9,5,5,0,0,0
A-original,hunt,2655,102655,13,False,0,5,45,45,13,8,5,5,0,0,0
A-original,hunt,2656,102656,17,False,0,5,92,92,17,12,5,5,0,0,0
A-original,hunt,2657,102657,20,False,0,5,93,93,20,15,5,5,0,0,0
A-original,hunt,2658,102658,16,False,0,5,45,45,16,11,5,5,0,0,0
A-original,hunt,2659,102659,14,False,0,5,52,52,14,9,5,5,0,0,0
A-original,hunt,2660,102660,20,True,3,5,120,120,20,18,2,2,0,0,0
A-original,hunt,2661,102661,17,False,0,5,47,47,17,12,5,5,0,0,0
A-original,hunt,2662,102662,13,False,0,5,20,28,13,8,5,5,0,0,0
A-original,hunt,2663,102663,10,False,0,5,34,34,10,5,5,5,0,0,0
A-original,hunt,2664,102664,16,False,0,5,70,70,16,11,5,5,0,0,0
A-original,hunt,2665,102665,18,False,0,5,64,64,18,13,5,5,0,0,0
A-original,hunt,2666,102666,20,True,2,5,90,90,20,17,3,3,0,0,0
A-original,hunt,2667,102667,14,False,0,5,44,47,14,9,5,5,0,0,0
A-original,hunt,2668,102668,20,False,0,5,92,92,20,15,5,5,0,0,0
A-original,hunt,2669,102669,12,False,0,5,47,48,12,7,5,5,0,0,0
A-original,hunt,2670,102670,20,True,1,5,80,80,20,16,4,4,0,0,0
A-original,hunt,2671,102671,20,True,1,5,81,81,20,16,4,4,0,0,0
A-original,hunt,2672,102672,12,False,0,5,26,26,12,7,5,5,0,0,0
A-original,hunt,2673,102673,17,False,0,5,35,35,17,12,5,5,0,0,0
A-original,hunt,2674,102674,20,True,3,5,87,87,20,18,2,2,0,0,0
A-original,hunt,2675,102675,20,True,4,5,103,103,20,19,1,1,0,0,0
A-original,hunt,2676,102676,14,False,0,5,64,64,14,9,5,5,0,0,0
A-original,hunt,2677,102677,11,False,0,5,21,23,11,6,5,5,0,0,0
A-original,hunt,2678,102678,19,False,0,5,66,66,19,14,5,5,0,0,0
A-original,hunt,2679,102679,11,False,0,5,30,31,11,6,5,5,0,0,0
A-original,hunt,2680,102680,13,False,0,5,43,44,13,8,5,5,0,0,0
A-original,hunt,2681,102681,12,False,0,5,27,27,12,7,5,5,0,0,0
A-original,hunt,2682,102682,12,False,0,5,51,51,12,7,5,5,0,0,0
A-original,hunt,2683,102683,20,True,1,5,76,76,20,16,4,4,0,0,0
A-original,hunt,2684,102684,16,False,0,5,51,52,16,11,5,5,0,0,0
A-original,hunt,2685,102685,5,False,0,5,1,7,5,0,5,5,0,0,0
A-original,hunt,2686,102686,20,False,0,5,94,94,20,15,5,5,0,0,0
A-original,hunt,2687,102687,12,False,0,5,37,38,12,7,5,5,0,0,0
A-original,hunt,2688,102688,20,False,0,5,62,63,20,15,5,5,0,0,0
A-original,hunt,2689,102689,20,True,1,5,70,70,20,16,4,4,0,0,0
A-original,hunt,2690,102690,9,False,0,5,22,25,9,4,5,5,0,0,0
A-original,hunt,2691,102691,19,False,0,5,80,80,19,14,5,5,0,0,0
A-original,hunt,2692,102692,12,False,0,5,29,32,12,7,5,5,0,0,0
A-original,hunt,2693,102693,15,False,0,5,84,84,15,10,5,5,0,0,0
A-original,hunt,2694,102694,17,False,0,5,55,56,17,12,5,5,0,0,0
A-original,hunt,2695,102695,11,False,0,5,38,44,11,6,5,5,0,0,0
A-original,hunt,2696,102696,19,False,0,5,85,85,19,14,5,5,0,0,0
A-original,hunt,2697,102697,18,False,0,5,89,89,18,13,5,5,0,0,0
A-original,hunt,2698,102698,9,False,0,5,31,31,9,4,5,5,0,0,0
A-original,hunt,2699,102699,11,False,0,5,29,30,11,6,5,5,0,0,0
A-original,hunt,2700,102700,17,False,0,5,72,72,17,12,5,5,0,0,0
A-original,hunt,2701,102701,13,False,0,5,45,45,13,8,5,5,0,0,0
A-original,hunt,2702,102702,12,False,0,5,30,34,12,7,5,5,0,0,0
A-original,hunt,2703,102703,11,False,0,5,34,34,11,6,5,5,0,0,0
A-original,hunt,2704,102704,15,False,0,5,53,53,15,10,5,5,0,0,0
A-original,hunt,2705,102705,20,True,1,5,70,70,20,16,4,4,0,0,0
A-original,hunt,2706,102706,20,True,1,5,71,71,20,16,4,4,0,0,0
A-original,hunt,2707,102707,12,False,0,5,48,49,12,7,5,5,0,0,0
A-original,hunt,2708,102708,20,True,1,5,88,88,20,16,4,4,0,0,0
A-original,hunt,2709,102709,13,False,0,5,45,46,13,8,5,5,0,0,0
A-original,hunt,2710,102710,15,False,0,5,85,91,15,10,5,5,0,0,0
A-original,hunt,2711,102711,17,False,0,5,39,39,17,12,5,5,0,0,0
A-original,hunt,2712,102712,16,False,0,5,61,61,16,11,5,5,0,0,0
A-original,hunt,2713,102713,16,False,0,5,38,38,16,11,5,5,0,0,0
A-original,hunt,2714,102714,14,False,0,5,63,64,14,9,5,5,0,0,0
A-original,hunt,2715,102715,13,False,0,5,25,25,13,8,5,5,0,0,0
A-original,hunt,2716,102716,20,False,0,5,100,100,20,15,5,5,0,0,0
A-original,hunt,2717,102717,17,False,0,5,82,87,17,12,5,5,0,0,0
A-original,hunt,2718,102718,20,True,1,5,80,80,20,16,4,4,0,0,0
A-original,hunt,2719,102719,16,False,0,5,65,66,16,11,5,5,0,0,0
A-original,hunt,2720,102720,18,False,0,5,76,76,18,13,5,5,0,0,0
A-original,hunt,2721,102721,19,False,0,5,64,64,19,14,5,5,0,0,0
A-original,hunt,2722,102722,20,False,0,5,87,87,20,15,5,5,0,0,0
A-original,hunt,2723,102723,20,True,1,5,90,90,20,16,4,4,0,0,0
A-original,hunt,2724,102724,17,False,0,5,49,49,17,12,5,5,0,0,0
A-original,hunt,2725,102725,17,False,0,5,77,77,17,12,5,5,0,0,0
A-original,hunt,2726,102726,11,False,0,5,41,42,11,6,5,5,0,0,0
A-original,hunt,2727,102727,20,True,3,5,115,116,20,18,2,2,0,0,0
A-original,hunt,2728,102728,18,False,0,5,79,79,18,13,5,5,0,0,0
A-original,hunt,2729,102729,20,False,0,5,73,73,20,15,5,5,0,0,0
A-original,hunt,2730,102730,17,False,0,5,76,76,17,12,5,5,0,0,0
A-original,hunt,2731,102731,20,True,1,5,91,91,20,16,4,4,0,0,0
A-original,hunt,2732,102732,16,False,0,5,66,66,16,11,5,5,0,0,0
A-original,hunt,2733,102733,14,False,0,5,47,47,14,9,5,5,0,0,0
A-original,hunt,2734,102734,17,False,0,5,62,62,17,12,5,5,0,0,0
A-original,hunt,2735,102735,14,False,0,5,52,55,14,9,5,5,0,0,0
A-original,hunt,2736,102736,11,False,0,5,44,45,11,6,5,5,0,0,0
A-original,hunt,2737,102737,16,False,0,5,82,83,16,11,5,5,0,0,0
A-original,hunt,2738,102738,17,False,0,5,89,91,17,12,5,5,0,0,0
A-original,hunt,2739,102739,20,True,1,5,87,87,20,16,4,4,0,0,0
A-original,hunt,2740,102740,9,False,0,5,15,22,9,4,5,5,0,0,0
A-original,hunt,2741,102741,13,False,0,5,42,46,13,8,5,5,0,0,0
A-original,hunt,2742,102742,14,False,0,5,49,51,14,9,5,5,0,0,0
A-original,hunt,2743,102743,17,False,0,5,64,64,17,12,5,5,0,0,0
A-original,hunt,2744,102744,10,False,0,5,10,11,9,4,5,5,0,0,0
A-original,hunt,2745,102745,20,True,1,5,86,86,20,16,4,4,0,0,0
A-original,hunt,2746,102746,7,False,0,5,8,14,7,2,5,5,0,0,0
A-original,hunt,2747,102747,17,False,0,5,87,87,17,12,5,5,0,0,0
A-original,hunt,2748,102748,14,False,0,5,18,18,14,9,5,5,0,0,0
A-original,hunt,2749,102749,13,False,0,5,49,49,13,8,5,5,0,0,0
A-original,hunt,2750,102750,12,False,0,5,17,20,12,7,5,5,0,0,0
A-original,hunt,2751,102751,14,False,0,5,61,61,14,9,5,5,0,0,0
A-original,hunt,2752,102752,16,False,0,5,56,60,16,11,5,5,0,0,0
A-original,hunt,2753,102753,8,False,0,5,29,29,8,3,5,5,0,0,0
A-original,hunt,2754,102754,16,False,0,5,71,72,16,11,5,5,0,0,0
A-original,hunt,2755,102755,12,False,0,5,29,29,12,7,5,5,0,0,0
A-original,hunt,2756,102756,20,True,1,5,123,123,20,16,4,4,0,0,0
A-original,hunt,2757,102757,15,False,0,5,62,62,15,10,5,5,0,0,0
A-original,hunt,2758,102758,20,True,1,5,95,95,20,16,4,4,0,0,0
A-original,hunt,2759,102759,20,False,0,5,98,98,20,15,5,5,0,0,0
A-original,hunt,2760,102760,11,False,0,5,32,35,11,6,5,5,0,0,0
A-original,hunt,2761,102761,20,False,0,5,94,94,20,15,5,5,0,0,0
A-original,hunt,2762,102762,15,False,0,5,54,54,15,10,5,5,0,0,0
A-original,hunt,2763,102763,18,False,0,5,39,39,18,13,5,5,0,0,0
A-original,hunt,2764,102764,20,True,1,5,78,78,20,16,4,4,0,0,0
A-original,hunt,2765,102765,12,False,0,5,45,46,12,7,5,5,0,0,0
A-original,hunt,2766,102766,15,False,0,5,54,55,15,10,5,5,0,0,0
A-original,hunt,2767,102767,11,False,0,5,35,35,11,6,5,5,0,0,0
A-original,hunt,2768,102768,11,False,0,5,41,43,11,6,5,5,0,0,0
A-original,hunt,2769,102769,17,False,0,5,64,64,17,12,5,5,0,0,0
A-original,hunt,2770,102770,12,False,0,5,40,40,12,7,5,5,0,0,0
A-original,hunt,2771,102771,18,False,0,5,55,55,18,13,5,5,0,0,0
A-original,hunt,2772,102772,17,False,0,5,78,78,17,12,5,5,0,0,0
A-original,hunt,2773,102773,13,False,0,5,33,34,13,8,5,5,0,0,0
A-original,hunt,2774,102774,15,False,0,5,47,52,15,10,5,5,0,0,0
A-original,hunt,2775,102775,17,False,0,5,41,41,17,12,5,5,0,0,0
A-original,hunt,2776,102776,16,False,0,5,54,54,16,11,5,5,0,0,0
A-original,hunt,2777,102777,19,False,0,5,65,65,19,14,5,5,0,0,0
A-original,hunt,2778,102778,12,False,0,5,18,25,12,7,5,5,0,0,0
A-original,hunt,2779,102779,14,False,0,5,39,39,14,9,5,5,0,0,0
A-original,hunt,2780,102780,9,False,0,5,31,34,9,4,5,5,0,0,0
A-original,hunt,2781,102781,13,False,0,5,32,32,13,8,5,5,0,0,0
A-original,hunt,2782,102782,14,False,0,5,41,41,14,9,5,5,0,0,0
A-original,hunt,2783,102783,15,False,0,5,62,63,15,10,5,5,0,0,0
A-original,hunt,2784,102784,14,False,0,5,51,52,14,9,5,5,0,0,0
A-original,hunt,2785,102785,17,False,0,5,62,63,17,12,5,5,0,0,0
A-original,hunt,2786,102786,16,False,0,5,47,50,16,11,5,5,0,0,0
A-original,hunt,2787,102787,16,False,0,5,43,43,16,11,5,5,0,0,0
A-original,hunt,2788,102788,20,True,1,5,79,79,20,16,4,4,0,0,0
A-original,hunt,2789,102789,20,True,2,5,72,72,20,17,3,3,0,0,0
A-original,hunt,2790,102790,19,False,0,5,71,71,19,14,5,5,0,0,0
A-original,hunt,2791,102791,15,False,0,5,43,43,15,10,5,5,0,0,0
A-original,hunt,2792,102792,14,False,0,5,38,39,14,9,5,5,0,0,0
A-original,hunt,2793,102793,13,False,0,5,57,59,13,8,5,5,0,0,0
A-original,hunt,2794,102794,17,False,0,5,77,78,17,12,5,5,0,0,0
A-original,hunt,2795,102795,17,False,0,5,77,78,17,12,5,5,0,0,0
A-original,hunt,2796,102796,13,False,0,5,34,41,13,8,5,5,0,0,0
A-original,hunt,2797,102797,14,False,0,5,53,53,14,9,5,5,0,0,0
A-original,hunt,2798,102798,10,False,0,5,26,30,10,5,5,5,0,0,0
A-original,hunt,2799,102799,9,False,0,5,37,38,9,4,5,5,0,0,0
A-original,hunt,2800,102800,11,False,0,5,65,68,11,6,5,5,0,0,0
A-original,hunt,2801,102801,20,True,1,5,95,95,20,16,4,4,0,0,0
A-original,hunt,2802,102802,13,False,0,5,37,37,13,8,5,5,0,0,0
A-original,hunt,2803,102803,19,False,0,5,85,88,19,14,5,5,0,0,0
A-original,hunt,2804,102804,20,True,1,5,95,95,20,16,4,4,0,0,0
A-original,hunt,2805,102805,20,False,0,5,60,60,20,15,5,5,0,0,0
A-original,hunt,2806,102806,20,True,1,5,97,97,20,16,4,4,0,0,0
A-original,hunt,2807,102807,12,False,0,5,43,47,12,7,5,5,0,0,0
A-original,hunt,2808,102808,20,True,2,5,127,127,20,17,3,3,0,0,0
A-original,hunt,2809,102809,15,False,0,5,38,38,15,10,5,5,0,0,0
A-original,hunt,2810,102810,20,True,2,5,95,95,20,17,3,3,0,0,0
A-original,hunt,2811,102811,20,True,1,5,89,89,20,16,4,4,0,0,0
A-original,hunt,2812,102812,10,False,0,5,11,11,10,5,5,5,0,0,0
A-original,hunt,2813,102813,16,False,0,5,84,84,16,11,5,5,0,0,0
A-original,hunt,2814,102814,20,True,1,5,89,89,20,16,4,4,0,0,0
A-original,hunt,2815,102815,13,False,0,5,30,30,13,8,5,5,0,0,0
A-original,hunt,2816,102816,20,True,1,5,92,92,20,16,4,4,0,0,0
A-original,hunt,2817,102817,20,True,1,5,66,66,20,16,4,4,0,0,0
A-original,hunt,2818,102818,20,True,1,5,62,62,20,16,4,4,0,0,0
A-original,hunt,2819,102819,12,False,0,5,56,58,12,7,5,5,0,0,0
A-original,hunt,2820,102820,20,True,2,5,103,103,20,17,3,3,0,0,0
A-original,hunt,2821,102821,20,True,1,5,78,78,20,16,4,4,0,0,0
A-original,hunt,2822,102822,13,False,0,5,33,34,13,8,5,5,0,0,0
A-original,hunt,2823,102823,20,False,0,5,92,92,20,15,5,5,0,0,0
A-original,hunt,2824,102824,11,False,0,5,36,37,11,6,5,5,0,0,0
A-original,hunt,2825,102825,20,True,1,5,64,64,20,16,4,4,0,0,0
A-original,hunt,2826,102826,20,False,0,5,79,79,20,15,5,5,0,0,0
A-original,hunt,2827,102827,13,False,0,5,38,38,13,8,5,5,0,0,0
A-original,hunt,2828,102828,14,False,0,5,50,51,14,9,5,5,0,0,0
A-original,hunt,2829,102829,19,False,0,5,74,74,19,14,5,5,0,0,0
A-original,hunt,2830,102830,9,False,0,5,11,11,6,2,4,4,0,0,0
A-original,hunt,2831,102831,17,False,0,5,62,62,17,12,5,5,0,0,0
A-original,hunt,2832,102832,20,True,2,5,101,101,20,17,3,3,0,0,0
A-original,hunt,2833,102833,13,False,0,5,46,46,13,8,5,5,0,0,0
A-original,hunt,2834,102834,14,False,0,5,66,67,14,9,5,5,0,0,0
A-original,hunt,2835,102835,12,False,0,5,36,37,12,7,5,5,0,0,0
A-original,hunt,2836,102836,15,False,0,5,60,60,15,10,5,5,0,0,0
A-original,hunt,2837,102837,20,True,4,5,118,118,20,19,1,1,0,0,0
A-original,hunt,2838,102838,11,False,0,5,71,73,11,6,5,5,0,0,0
A-original,hunt,2839,102839,14,False,0,5,63,63,14,9,5,5,0,0,0
A-original,hunt,2840,102840,16,False,0,5,58,58,16,11,5,5,0,0,0
A-original,hunt,2841,102841,20,True,3,5,122,122,20,18,2,2,0,0,0
A-original,hunt,2842,102842,20,True,1,5,61,61,20,16,4,4,0,0,0
A-original,hunt,2843,102843,15,False,0,5,64,65,15,10,5,5,0,0,0
A-original,hunt,2844,102844,20,True,2,5,127,127,20,17,3,3,0,0,0
A-original,hunt,2845,102845,17,False,0,5,76,76,17,12,5,5,0,0,0
A-original,hunt,2846,102846,20,True,1,5,87,87,20,16,4,4,0,0,0
A-original,hunt,2847,102847,11,False,0,5,32,32,11,6,5,5,0,0,0
A-original,hunt,2848,102848,18,False,0,5,103,104,18,13,5,5,0,0,0
A-original,hunt,2849,102849,20,True,2,5,79,79,20,17,3,3,0,0,0
A-original,hunt,2850,102850,12,False,0,5,61,64,12,7,5,5,0,0,0
A-original,hunt,2851,102851,16,False,0,5,60,60,16,11,5,5,0,0,0
A-original,hunt,2852,102852,16,False,0,5,77,77,16,11,5,5,0,0,0
A-original,hunt,2853,102853,11,False,0,5,40,43,11,6,5,5,0,0,0
A-original,hunt,2854,102854,17,False,0,5,72,73,17,12,5,5,0,0,0
A-original,hunt,2855,102855,19,False,0,5,85,85,19,14,5,5,0,0,0
A-original,hunt,2856,102856,18,False,0,5,70,70,18,13,5,5,0,0,0
A-original,hunt,2857,102857,20,True,3,5,102,102,20,18,2,2,0,0,0
A-original,hunt,2858,102858,16,False,0,5,95,95,16,11,5,5,0,0,0
A-original,hunt,2859,102859,18,False,0,5,66,66,18,13,5,5,0,0,0
A-original,hunt,2860,102860,12,False,0,5,37,39,12,7,5,5,0,0,0
A-original,hunt,2861,102861,20,True,1,5,85,85,20,16,4,4,0,0,0
A-original,hunt,2862,102862,20,True,1,5,116,116,20,16,4,4,0,0,0
A-original,hunt,2863,102863,8,False,0,5,18,24,8,3,5,5,0,0,0
A-original,hunt,2864,102864,16,False,0,5,45,46,16,11,5,5,0,0,0
A-original,hunt,2865,102865,20,True,4,5,138,138,20,19,1,1,0,0,0
A-original,hunt,2866,102866,20,True,1,5,79,79,20,16,4,4,0,0,0
A-original,hunt,2867,102867,19,False,0,5,63,63,19,14,5,5,0,0,0
A-original,hunt,2868,102868,14,False,0,5,43,43,13,8,5,5,0,0,0
A-original,hunt,2869,102869,20,True,1,5,104,104,20,16,4,4,0,0,0
A-original,hunt,2870,102870,20,True,1,5,95,95,20,16,4,4,0,0,0
A-original,hunt,2871,102871,12,False,0,5,52,53,12,7,5,5,0,0,0
A-original,hunt,2872,102872,14,False,0,5,48,50,14,9,5,5,0,0,0
A-original,hunt,2873,102873,13,False,0,5,44,44,13,8,5,5,0,0,0
A-original,hunt,2874,102874,17,False,0,5,71,72,17,12,5,5,0,0,0
A-original,hunt,2875,102875,17,False,0,5,62,62,17,12,5,5,0,0,0
A-original,hunt,2876,102876,15,False,0,5,78,80,15,10,5,5,0,0,0
A-original,hunt,2877,102877,16,False,0,5,66,67,16,11,5,5,0,0,0
A-original,hunt,2878,102878,12,False,0,5,40,40,12,7,5,5,0,0,0
A-original,hunt,2879,102879,20,True,1,5,130,131,20,16,4,4,0,0,0
A-original,hunt,2880,102880,15,False,0,5,44,45,15,10,5,5,0,0,0
A-original,hunt,2881,102881,15,False,0,5,47,47,15,10,5,5,0,0,0
A-original,hunt,2882,102882,11,False,0,5,41,47,11,6,5,5,0,0,0
A-original,hunt,2883,102883,18,False,0,5,50,50,18,13,5,5,0,0,0
A-original,hunt,2884,102884,20,True,1,5,88,88,20,16,4,4,0,0,0
A-original,hunt,2885,102885,14,False,0,5,56,56,14,9,5,5,0,0,0
A-original,hunt,2886,102886,16,False,0,5,49,49,16,11,5,5,0,0,0
A-original,hunt,2887,102887,20,True,2,5,91,91,20,17,3,3,0,0,0
A-original,hunt,2888,102888,20,True,1,5,105,105,20,16,4,4,0,0,0
A-original,hunt,2889,102889,17,False,0,5,85,85,17,12,5,5,0,0,0
A-original,hunt,2890,102890,14,False,0,5,44,45,14,9,5,5,0,0,0
A-original,hunt,2891,102891,15,False,0,5,56,59,15,10,5,5,0,0,0
A-original,hunt,2892,102892,20,True,1,5,67,67,20,16,4,4,0,0,0
A-original,hunt,2893,102893,20,True,2,5,98,98,20,17,3,3,0,0,0
A-original,hunt,2894,102894,20,False,0,5,94,94,20,15,5,5,0,0,0
A-original,hunt,2895,102895,17,False,0,5,56,56,17,12,5,5,0,0,0
A-original,hunt,2896,102896,12,False,0,5,38,38,12,7,5,5,0,0,0
A-original,hunt,2897,102897,15,False,0,5,28,30,14,9,5,5,0,0,0
A-original,hunt,2898,102898,15,False,0,5,57,60,15,10,5,5,0,0,0
A-original,hunt,2899,102899,17,False,0,5,90,90,17,12,5,5,0,0,0
A-original,hunt,2900,102900,20,True,3,5,130,130,20,18,2,2,0,0,0
A-original,hunt,2901,102901,20,True,2,5,98,98,20,17,3,3,0,0,0
A-original,hunt,2902,102902,18,False,0,5,66,66,18,13,5,5,0,0,0
A-original,hunt,2903,102903,15,False,0,5,43,46,15,10,5,5,0,0,0
A-original,hunt,2904,102904,9,False,0,5,20,21,9,4,5,5,0,0,0
A-original,hunt,2905,102905,14,False,0,5,45,45,14,9,5,5,0,0,0
A-original,hunt,2906,102906,13,False,0,5,88,88,13,8,5,5,0,0,0
A-original,hunt,2907,102907,15,False,0,5,56,57,15,10,5,5,0,0,0
A-original,hunt,2908,102908,16,False,0,5,52,53,16,11,5,5,0,0,0
A-original,hunt,2909,102909,15,False,0,5,50,53,15,10,5,5,0,0,0
A-original,hunt,2910,102910,19,False,0,5,52,52,19,14,5,5,0,0,0
A-original,hunt,2911,102911,10,False,0,5,5,7,8,3,5,5,0,0,0
A-original,hunt,2912,102912,15,False,0,5,72,72,15,10,5,5,0,0,0
A-original,hunt,2913,102913,20,True,2,5,123,123,20,17,3,3,0,0,0
A-original,hunt,2914,102914,15,False,0,5,43,46,15,10,5,5,0,0,0
A-original,hunt,2915,102915,13,False,0,5,49,50,13,8,5,5,0,0,0
A-original,hunt,2916,102916,20,True,2,5,116,116,20,17,3,3,0,0,0
A-original,hunt,2917,102917,14,False,0,5,31,32,14,9,5,5,0,0,0
A-original,hunt,2918,102918,12,False,0,5,50,50,12,7,5,5,0,0,0
A-original,hunt,2919,102919,13,False,0,5,35,36,13,8,5,5,0,0,0
A-original,hunt,2920,102920,15,False,0,5,55,58,15,10,5,5,0,0,0
A-original,hunt,2921,102921,20,True,1,5,110,110,20,16,4,4,0,0,0
A-original,hunt,2922,102922,20,True,1,5,85,85,20,16,4,4,0,0,0
A-original,hunt,2923,102923,18,False,0,5,86,86,18,13,5,5,0,0,0
A-original,hunt,2924,102924,15,False,0,5,53,53,15,10,5,5,0,0,0
A-original,hunt,2925,102925,11,False,0,5,46,46,11,6,5,5,0,0,0
A-original,hunt,2926,102926,18,False,0,5,53,53,18,13,5,5,0,0,0
A-original,hunt,2927,102927,20,False,0,5,99,99,20,15,5,5,0,0,0
A-original,hunt,2928,102928,18,False,0,5,68,68,18,13,5,5,0,0,0
A-original,hunt,2929,102929,15,False,0,5,29,30,15,10,5,5,0,0,0
A-original,hunt,2930,102930,16,False,0,5,65,69,16,11,5,5,0,0,0
A-original,hunt,2931,102931,13,False,0,5,33,33,13,8,5,5,0,0,0
A-original,hunt,2932,102932,14,False,0,5,50,51,14,9,5,5,0,0,0
A-original,hunt,2933,102933,14,False,0,5,43,43,14,9,5,5,0,0,0
A-original,hunt,2934,102934,20,False,0,5,85,86,20,15,5,5,0,0,0
A-original,hunt,2935,102935,19,False,0,5,71,71,19,14,5,5,0,0,0
A-original,hunt,2936,102936,17,False,0,5,72,74,17,12,5,5,0,0,0
A-original,hunt,2937,102937,12,False,0,5,44,46,12,7,5,5,0,0,0
A-original,hunt,2938,102938,15,False,0,5,30,32,15,10,5,5,0,0,0
A-original,hunt,2939,102939,17,False,0,5,59,59,17,12,5,5,0,0,0
A-original,hunt,2940,102940,14,False,0,5,63,64,14,9,5,5,0,0,0
A-original,hunt,2941,102941,20,True,2,5,74,74,20,17,3,3,0,0,0
A-original,hunt,2942,102942,15,False,0,5,67,68,15,10,5,5,0,0,0
A-original,hunt,2943,102943,18,False,0,5,56,56,18,13,5,5,0,0,0
A-original,hunt,2944,102944,20,True,1,5,92,92,20,16,4,4,0,0,0
A-original,hunt,2945,102945,14,False,0,5,31,32,14,9,5,5,0,0,0
A-original,hunt,2946,102946,12,False,0,5,58,58,12,7,5,5,0,0,0
A-original,hunt,2947,102947,19,False,0,5,85,85,19,14,5,5,0,0,0
A-original,hunt,2948,102948,20,True,2,5,101,101,20,17,3,3,0,0,0
A-original,hunt,2949,102949,20,True,1,5,90,90,20,16,4,4,0,0,0
A-original,hunt,2950,102950,18,False,0,5,87,88,18,13,5,5,0,0,0
A-original,hunt,2951,102951,20,True,1,5,103,106,20,16,4,4,0,0,0
A-original,hunt,2952,102952,18,False,0,5,84,84,18,13,5,5,0,0,0
A-original,hunt,2953,102953,13,False,0,5,55,55,13,8,5,5,0,0,0
A-original,hunt,2954,102954,14,False,0,5,47,52,14,9,5,5,0,0,0
A-original,hunt,2955,102955,20,True,1,5,95,95,20,16,4,4,0,0,0
A-original,hunt,2956,102956,20,True,3,5,126,126,20,18,2,2,0,0,0
A-original,hunt,2957,102957,5,False,0,5,2,7,5,0,5,5,0,0,0
A-original,hunt,2958,102958,12,False,0,5,35,35,12,7,5,5,0,0,0
A-original,hunt,2959,102959,16,False,0,5,86,89,16,11,5,5,0,0,0
A-original,hunt,2960,102960,15,False,0,5,52,52,15,10,5,5,0,0,0
A-original,hunt,2961,102961,9,False,0,5,23,23,9,4,5,5,0,0,0
A-original,hunt,2962,102962,13,False,0,5,34,38,13,8,5,5,0,0,0
A-original,hunt,2963,102963,15,False,0,5,54,57,15,10,5,5,0,0,0
A-original,hunt,2964,102964,18,False,0,5,56,56,18,13,5,5,0,0,0
A-original,hunt,2965,102965,20,True,1,5,138,138,20,16,4,4,0,0,0
A-original,hunt,2966,102966,13,False,0,5,51,52,13,8,5,5,0,0,0
A-original,hunt,2967,102967,12,False,0,5,29,29,12,7,5,5,0,0,0
A-original,hunt,2968,102968,20,True,1,5,74,75,20,16,4,4,0,0,0
A-original,hunt,2969,102969,20,True,1,5,74,74,20,16,4,4,0,0,0
A-original,hunt,2970,102970,16,False,0,5,72,72,16,11,5,5,0,0,0
A-original,hunt,2971,102971,9,False,0,5,10,16,9,4,5,5,0,0,0
A-original,hunt,2972,102972,20,True,1,5,67,67,20,16,4,4,0,0,0
A-original,hunt,2973,102973,18,False,0,5,60,61,18,13,5,5,0,0,0
A-original,hunt,2974,102974,15,False,0,5,52,57,15,10,5,5,0,0,0
A-original,hunt,2975,102975,14,False,0,5,45,47,14,9,5,5,0,0,0
A-original,hunt,2976,102976,13,False,0,5,47,47,13,8,5,5,0,0,0
A-original,hunt,2977,102977,15,False,0,5,55,56,15,10,5,5,0,0,0
A-original,hunt,2978,102978,20,True,2,5,104,104,20,17,3,3,0,0,0
A-original,hunt,2979,102979,20,False,0,5,57,57,19,14,5,5,0,0,0
A-original,hunt,2980,102980,16,False,0,5,75,80,16,11,5,5,0,0,0
A-original,hunt,2981,102981,15,False,0,5,61,64,15,10,5,5,0,0,0
A-original,hunt,2982,102982,13,False,0,5,49,55,13,8,5,5,0,0,0
A-original,hunt,2983,102983,15,False,0,5,64,67,15,10,5,5,0,0,0
A-original,hunt,2984,102984,15,False,0,5,44,44,15,10,5,5,0,0,0
A-original,hunt,2985,102985,20,True,3,5,91,91,20,18,2,2,0,0,0
A-original,hunt,2986,102986,10,False,0,5,16,19,10,5,5,5,0,0,0
A-original,hunt,2987,102987,20,False,0,5,115,115,20,15,5,5,0,0,0
A-original,hunt,2988,102988,16,False,0,5,53,53,16,11,5,5,0,0,0
A-original,hunt,2989,102989,16,False,0,5,59,59,16,11,5,5,0,0,0
A-original,hunt,2990,102990,13,False,0,5,49,49,13,8,5,5,0,0,0
A-original,hunt,2991,102991,14,False,0,5,39,39,14,9,5,5,0,0,0
A-original,hunt,2992,102992,13,False,0,5,48,51,13,8,5,5,0,0,0
A-original,hunt,2993,102993,12,False,0,5,29,30,11,6,5,5,0,0,0
A-original,hunt,2994,102994,14,False,0,5,45,45,14,9,5,5,0,0,0
A-original,hunt,2995,102995,15,False,0,5,68,68,15,10,5,5,0,0,0
A-original,hunt,2996,102996,11,False,0,5,48,49,11,6,5,5,0,0,0
A-original,hunt,2997,102997,7,False,0,5,23,33,7,2,5,5,0,0,0
A-original,hunt,2998,102998,20,True,2,5,117,117,20,17,3,3,0,0,0
A-original,hunt,2999,102999,18,False,0,5,81,81,18,13,5,5,0,0,0
A-original,hunt,3000,103000,11,False,0,5,33,36,11,6,5,5,0,0,0
A-original,kinship,3001,103001,4,False,5,6,0,7,0,0,0,0,0,0,0
A-original,kinship,3002,103002,4,False,5,6,0,7,0,0,0,0,0,0,0
A-original,kinship,3003,103003,4,False,5,6,0,7,0,0,0,0,0,0,0
A-original,kinship,3004,103004,4,False,5,6,0,7,0,0,0,0,0,0,0
A-original,kinship,3005,103005,4,False,5,6,0,7,0,0,0,0,0,0,0
A-original,kinship,3006,103006,4,False,5,6,0,7,0,0,0,0,0,0,0
A-original,kinship,3007,103007,5,False,3,5,0,7,0,0,0,0,0,0,0
A-original,kinship,3008,103008,5,False,3,5,0,7,0,0,0,0,0,0,0
A-original,kinship,3009,103009,4,False,5,6,0,7,0,0,0,0,0,0,0
A-original,kinship,3010,103010,4,False,5,6,0,7,0,0,0,0,0,0,0
A-original,kinship,3011,103011,5,False,3,5,0,7,0,0,0,0,0,0,0
A-original,kinship,3012,103012,5,False,3,5,0,7,0,0,0,0,0,0,0
A-original,kinship,3013,103013,4,False,5,6,0,7,0,0,0,0,0,0,0
A-original,kinship,3014,103014,4,False,5,6,0,7,0,0,0,0,0,0,0
A-original,kinship,3015,103015,4,False,5,6,0,7,0,0,0,0,0,0,0
A-original,kinship,3016,103016,5,False,3,5,0,7,0,0,0,0,0,0,0
A-original,kinship,3017,103017,5,False,3,5,0,7,0,0,0,0,0,0,0
A-original,kinship,3018,103018,4,False,5,6,0,7,0,0,0,0,0,0,0
A-original,kinship,3019,103019,5,False,3,5,0,7,0,0,0,0,0,0,0
A-original,kinship,3020,103020,4,False,5,6,0,7,0,0,0,0,0,0,0
A-original,kinship,3021,103021,4,False,5,6,0,7,0,0,0,0,0,0,0
A-original,kinship,3022,103022,5,False,3,5,0,7,0,0,0,0,0,0,0
A-original,kinship,3023,103023,4,False,5,6,0,7,0,0,0,0,0,0,0
A-original,kinship,3024,103024,4,False,5,6,0,7,0,0,0,0,0,0,0
A-original,kinship,3025,103025,4,False,5,6,0,7,0,0,0,0,0,0,0
A-original,kinship,3026,103026,4,False,5,6,0,7,0,0,0,0,0,0,0
A-original,kinship,3027,103027,5,False,3,5,0,7,0,0,0,0,0,0,0
A-original,kinship,3028,103028,4,False,5,6,0,7,0,0,0,0,0,0,0
A-original,kinship,3029,103029,5,False,5,7,0,7,0,0,0,0,0,0,0
A-original,kinship,3030,103030,4,False,5,6,0,7,0,0,0,0,0,0,0
A-original,kinship,3031,103031,4,False,5,6,0,7,0,0,0,0,0,0,0
A-original,kinship,3032,103032,4,False,5,6,0,7,0,0,0,0,0,0,0
A-original,kinship,3033,103033,4,False,5,6,0,7,0,0,0,0,0,0,0
A-original,kinship,3034,103034,4,False,5,6,0,7,0,0,0,0,0,0,0
A-original,kinship,3035,103035,5,False,3,5,0,7,0,0,0,0,0,0,0
A-original,kinship,3036,103036,4,False,5,6,0,7,0,0,0,0,0,0,0
A-original,kinship,3037,103037,4,False,5,6,0,7,0,0,0,0,0,0,0
A-original,kinship,3038,103038,5,False,3,5,0,7,0,0,0,0,0,0,0
A-original,kinship,3039,103039,4,False,5,6,0,7,0,0,0,0,0,0,0
A-original,kinship,3040,103040,5,False,3,5,0,7,0,0,0,0,0,0,0
A-original,kinship,3041,103041,4,False,5,6,0,7,0,0,0,0,0,0,0
A-original,kinship,3042,103042,4,False,5,6,0,7,0,0,0,0,0,0,0
A-original,kinship,3043,103043,5,False,3,5,0,7,0,0,0,0,0,0,0
A-original,kinship,3044,103044,5,False,3,5,0,7,0,0,0,0,0,0,0
A-original,kinship,3045,103045,4,False,5,6,0,7,0,0,0,0,0,0,0
A-original,kinship,3046,103046,5,False,3,5,0,7,0,0,0,0,0,0,0
A-original,kinship,3047,103047,5,False,3,5,0,7,0,0,0,0,0,0,0
A-original,kinship,3048,103048,4,False,5,6,0,7,0,0,0,0,0,0,0
A-original,kinship,3049,103049,4,False,5,6,0,7,0,0,0,0,0,0,0
A-original,kinship,3050,103050,4,False,5,6,0,7,0,0,0,0,0,0,0
A-original,kinship,3051,103051,4,False,5,6,0,7,0,0,0,0,0,0,0
A-original,kinship,3052,103052,4,False,5,6,0,7,0,0,0,0,0,0,0
A-original,kinship,3053,103053,4,False,5,6,0,7,0,0,0,0,0,0,0
A-original,kinship,3054,103054,4,False,5,6,0,7,0,0,0,0,0,0,0
A-original,kinship,3055,103055,4,False,5,6,0,7,0,0,0,0,0,0,0
A-original,kinship,3056,103056,4,False,5,6,0,7,0,0,0,0,0,0,0
A-original,kinship,3057,103057,5,False,3,5,0,7,0,0,0,0,0,0,0
A-original,kinship,3058,103058,4,False,5,6,0,7,0,0,0,0,0,0,0
A-original,kinship,3059,103059,5,False,3,5,0,7,0,0,0,0,0,0,0
A-original,kinship,3060,103060,4,False,5,6,0,7,0,0,0,0,0,0,0
A-original,kinship,3061,103061,4,False,5,6,0,7,0,0,0,0,0,0,0
A-original,kinship,3062,103062,4,False,5,6,0,7,0,0,0,0,0,0,0
A-original,kinship,3063,103063,4,False,5,6,0,7,0,0,0,0,0,0,0
A-original,kinship,3064,103064,5,False,3,5,0,7,0,0,0,0,0,0,0
A-original,kinship,3065,103065,4,False,5,6,0,7,0,0,0,0,0,0,0
A-original,kinship,3066,103066,4,False,5,6,0,7,0,0,0,0,0,0,0
A-original,kinship,3067,103067,5,False,3,5,0,7,0,0,0,0,0,0,0
A-original,kinship,3068,103068,5,False,3,5,0,7,0,0,0,0,0,0,0
A-original,kinship,3069,103069,4,False,5,6,0,7,0,0,0,0,0,0,0
A-original,kinship,3070,103070,4,False,5,6,0,7,0,0,0,0,0,0,0
A-original,kinship,3071,103071,4,False,5,6,0,7,0,0,0,0,0,0,0
A-original,kinship,3072,103072,4,False,5,6,0,7,0,0,0,0,0,0,0
A-original,kinship,3073,103073,4,False,5,6,0,7,0,0,0,0,0,0,0
A-original,kinship,3074,103074,4,False,5,6,0,7,0,0,0,0,0,0,0
A-original,kinship,3075,103075,4,False,5,6,0,7,0,0,0,0,0,0,0
A-original,kinship,3076,103076,4,False,5,6,0,7,0,0,0,0,0,0,0
A-original,kinship,3077,103077,5,False,3,5,0,7,0,0,0,0,0,0,0
A-original,kinship,3078,103078,4,False,5,6,0,7,0,0,0,0,0,0,0
A-original,kinship,3079,103079,4,False,5,6,0,7,0,0,0,0,0,0,0
A-original,kinship,3080,103080,4,False,5,6,0,7,0,0,0,0,0,0,0
A-original,kinship,3081,103081,4,False,5,6,0,7,0,0,0,0,0,0,0
A-original,kinship,3082,103082,5,False,3,5,0,7,0,0,0,0,0,0,0
A-original,kinship,3083,103083,5,False,3,5,0,7,0,0,0,0,0,0,0
A-original,kinship,3084,103084,5,False,5,7,0,7,0,0,0,0,0,0,0
A-original,kinship,3085,103085,5,False,3,5,0,7,0,0,0,0,0,0,0
A-original,kinship,3086,103086,4,False,5,6,0,7,0,0,0,0,0,0,0
A-original,kinship,3087,103087,4,False,5,6,0,7,0,0,0,0,0,0,0
A-original,kinship,3088,103088,5,False,3,5,0,7,0,0,0,0,0,0,0
A-original,kinship,3089,103089,4,False,5,6,0,7,0,0,0,0,0,0,0
A-original,kinship,3090,103090,4,False,5,6,0,7,0,0,0,0,0,0,0
A-original,kinship,3091,103091,4,False,5,6,0,7,0,0,0,0,0,0,0
A-original,kinship,3092,103092,4,False,5,6,0,7,0,0,0,0,0,0,0
A-original,kinship,3093,103093,5,False,3,5,0,7,0,0,0,0,0,0,0
A-original,kinship,3094,103094,5,False,3,5,0,7,0,0,0,0,0,0,0
A-original,kinship,3095,103095,4,False,5,6,0,7,0,0,0,0,0,0,0
A-original,kinship,3096,103096,5,False,3,5,0,7,0,0,0,0,0,0,0
A-original,kinship,3097,103097,5,False,3,5,0,7,0,0,0,0,0,0,0
A-original,kinship,3098,103098,4,False,5,6,0,7,0,0,0,0,0,0,0
A-original,kinship,3099,103099,5,False,3,5,0,7,0,0,0,0,0,0,0
A-original,kinship,3100,103100,4,False,5,6,0,7,0,0,0,0,0,0,0
A-original,kinship,3101,103101,5,False,3,5,0,7,0,0,0,0,0,0,0
A-original,kinship,3102,103102,5,False,3,5,0,7,0,0,0,0,0,0,0
A-original,kinship,3103,103103,5,False,3,5,0,7,0,0,0,0,0,0,0
A-original,kinship,3104,103104,4,False,5,6,0,7,0,0,0,0,0,0,0
A-original,kinship,3105,103105,4,False,5,6,0,7,0,0,0,0,0,0,0
A-original,kinship,3106,103106,4,False,5,6,0,7,0,0,0,0,0,0,0
A-original,kinship,3107,103107,4,False,5,6,0,7,0,0,0,0,0,0,0
A-original,kinship,3108,103108,4,False,5,6,0,7,0,0,0,0,0,0,0
A-original,kinship,3109,103109,4,False,5,6,0,7,0,0,0,0,0,0,0
A-original,kinship,3110,103110,4,False,5,6,0,7,0,0,0,0,0,0,0
A-original,kinship,3111,103111,4,False,5,6,0,7,0,0,0,0,0,0,0
A-original,kinship,3112,103112,5,False,5,7,0,7,0,0,0,0,0,0,0
A-original,kinship,3113,103113,5,False,3,5,0,7,0,0,0,0,0,0,0
A-original,kinship,3114,103114,4,False,5,6,0,7,0,0,0,0,0,0,0
A-original,kinship,3115,103115,5,False,3,5,0,7,0,0,0,0,0,0,0
A-original,kinship,3116,103116,4,False,5,6,0,7,0,0,0,0,0,0,0
A-original,kinship,3117,103117,4,False,5,6,0,7,0,0,0,0,0,0,0
A-original,kinship,3118,103118,4,False,5,6,0,7,0,0,0,0,0,0,0
A-original,kinship,3119,103119,4,False,5,6,0,7,0,0,0,0,0,0,0
A-original,kinship,3120,103120,5,False,3,5,0,7,0,0,0,0,0,0,0
A-original,kinship,3121,103121,4,False,5,6,0,7,0,0,0,0,0,0,0
A-original,kinship,3122,103122,4,False,5,6,0,7,0,0,0,0,0,0,0
A-original,kinship,3123,103123,4,False,5,6,0,7,0,0,0,0,0,0,0
A-original,kinship,3124,103124,4,False,5,6,0,7,0,0,0,0,0,0,0
A-original,kinship,3125,103125,5,False,3,5,0,7,0,0,0,0,0,0,0
A-original,kinship,3126,103126,5,False,3,5,0,7,0,0,0,0,0,0,0
A-original,kinship,3127,103127,4,False,5,6,0,7,0,0,0,0,0,0,0
A-original,kinship,3128,103128,4,False,5,6,0,7,0,0,0,0,0,0,0
A-original,kinship,3129,103129,5,False,3,5,0,7,0,0,0,0,0,0,0
A-original,kinship,3130,103130,4,False,5,6,0,7,0,0,0,0,0,0,0
A-original,kinship,3131,103131,4,False,5,6,0,7,0,0,0,0,0,0,0
A-original,kinship,3132,103132,4,False,5,6,0,7,0,0,0,0,0,0,0
A-original,kinship,3133,103133,5,False,3,5,0,7,0,0,0,0,0,0,0
A-original,kinship,3134,103134,4,False,5,6,0,7,0,0,0,0,0,0,0
A-original,kinship,3135,103135,4,False,5,6,0,7,0,0,0,0,0,0,0
A-original,kinship,3136,103136,4,False,5,6,0,7,0,0,0,0,0,0,0
A-original,kinship,3137,103137,5,False,3,5,0,7,0,0,0,0,0,0,0
A-original,kinship,3138,103138,4,False,5,6,0,7,0,0,0,0,0,0,0
A-original,kinship,3139,103139,5,False,3,5,0,7,0,0,0,0,0,0,0
A-original,kinship,3140,103140,4,False,5,6,0,7,0,0,0,0,0,0,0
A-original,kinship,3141,103141,4,False,5,6,0,7,0,0,0,0,0,0,0
A-original,kinship,3142,103142,5,False,3,5,0,7,0,0,0,0,0,0,0
A-original,kinship,3143,103143,4,False,5,6,0,7,0,0,0,0,0,0,0
A-original,kinship,3144,103144,4,False,5,6,0,7,0,0,0,0,0,0,0
A-original,kinship,3145,103145,5,False,3,5,0,7,0,0,0,0,0,0,0
A-original,kinship,3146,103146,4,False,5,6,0,7,0,0,0,0,0,0,0
A-original,kinship,3147,103147,5,False,3,5,0,7,0,0,0,0,0,0,0
A-original,kinship,3148,103148,4,False,5,6,0,7,0,0,0,0,0,0,0
A-original,kinship,3149,103149,5,False,3,5,0,7,0,0,0,0,0,0,0
A-original,kinship,3150,103150,4,False,5,6,0,7,0,0,0,0,0,0,0
A-original,kinship,3151,103151,5,False,5,7,0,7,0,0,0,0,0,0,0
A-original,kinship,3152,103152,5,False,3,5,0,7,0,0,0,0,0,0,0
A-original,kinship,3153,103153,5,False,3,5,0,7,0,0,0,0,0,0,0
A-original,kinship,3154,103154,5,False,3,5,0,7,0,0,0,0,0,0,0
A-original,kinship,3155,103155,4,False,5,6,0,7,0,0,0,0,0,0,0
A-original,kinship,3156,103156,4,False,5,6,0,7,0,0,0,0,0,0,0
A-original,kinship,3157,103157,4,False,5,6,0,7,0,0,0,0,0,0,0
A-original,kinship,3158,103158,4,False,5,6,0,7,0,0,0,0,0,0,0
A-original,kinship,3159,103159,4,False,5,6,0,7,0,0,0,0,0,0,0
A-original,kinship,3160,103160,5,False,3,5,0,7,0,0,0,0,0,0,0
A-original,kinship,3161,103161,5,False,3,5,0,7,0,0,0,0,0,0,0
A-original,kinship,3162,103162,5,False,3,5,0,7,0,0,0,0,0,0,0
A-original,kinship,3163,103163,5,False,3,5,0,7,0,0,0,0,0,0,0
A-original,kinship,3164,103164,5,False,3,5,0,7,0,0,0,0,0,0,0
A-original,kinship,3165,103165,4,False,5,6,0,7,0,0,0,0,0,0,0
A-original,kinship,3166,103166,4,False,5,6,0,7,0,0,0,0,0,0,0
A-original,kinship,3167,103167,5,False,3,5,0,7,0,0,0,0,0,0,0
A-original,kinship,3168,103168,5,False,3,5,0,7,0,0,0,0,0,0,0
A-original,kinship,3169,103169,5,False,3,5,0,7,0,0,0,0,0,0,0
A-original,kinship,3170,103170,4,False,5,6,0,7,0,0,0,0,0,0,0
A-original,kinship,3171,103171,5,False,3,5,0,7,0,0,0,0,0,0,0
A-original,kinship,3172,103172,4,False,5,6,0,7,0,0,0,0,0,0,0
A-original,kinship,3173,103173,4,False,5,6,0,7,0,0,0,0,0,0,0
A-original,kinship,3174,103174,4,False,5,6,0,7,0,0,0,0,0,0,0
A-original,kinship,3175,103175,5,False,3,5,0,7,0,0,0,0,0,0,0
A-original,kinship,3176,103176,5,False,3,5,0,7,0,0,0,0,0,0,0
A-original,kinship,3177,103177,5,False,3,5,0,7,0,0,0,0,0,0,0
A-original,kinship,3178,103178,4,False,5,6,0,7,0,0,0,0,0,0,0
A-original,kinship,3179,103179,5,False,3,5,0,7,0,0,0,0,0,0,0
A-original,kinship,3180,103180,4,False,5,6,0,7,0,0,0,0,0,0,0
A-original,kinship,3181,103181,4,False,5,6,0,7,0,0,0,0,0,0,0
A-original,kinship,3182,103182,5,False,3,5,0,7,0,0,0,0,0,0,0
A-original,kinship,3183,103183,5,False,3,5,0,7,0,0,0,0,0,0,0
A-original,kinship,3184,103184,5,False,3,5,0,7,0,0,0,0,0,0,0
A-original,kinship,3185,103185,4,False,5,6,0,7,0,0,0,0,0,0,0
A-original,kinship,3186,103186,5,False,3,5,0,7,0,0,0,0,0,0,0
A-original,kinship,3187,103187,4,False,5,6,0,7,0,0,0,0,0,0,0
A-original,kinship,3188,103188,4,False,5,6,0,7,0,0,0,0,0,0,0
A-original,kinship,3189,103189,5,False,3,5,0,7,0,0,0,0,0,0,0
A-original,kinship,3190,103190,4,False,5,6,0,7,0,0,0,0,0,0,0
A-original,kinship,3191,103191,4,False,5,6,0,7,0,0,0,0,0,0,0
A-original,kinship,3192,103192,5,False,3,5,0,7,0,0,0,0,0,0,0
A-original,kinship,3193,103193,5,False,3,5,0,7,0,0,0,0,0,0,0
A-original,kinship,3194,103194,4,False,5,6,0,7,0,0,0,0,0,0,0
A-original,kinship,3195,103195,5,False,3,5,0,7,0,0,0,0,0,0,0
A-original,kinship,3196,103196,4,False,5,6,0,7,0,0,0,0,0,0,0
A-original,kinship,3197,103197,4,False,5,6,0,7,0,0,0,0,0,0,0
A-original,kinship,3198,103198,4,False,5,6,0,7,0,0,0,0,0,0,0
A-original,kinship,3199,103199,4,False,5,6,0,7,0,0,0,0,0,0,0
A-original,kinship,3200,103200,4,False,5,6,0,7,0,0,0,0,0,0,0
A-original,kinship,3201,103201,4,False,5,6,0,7,0,0,0,0,0,0,0
A-original,kinship,3202,103202,4,False,5,6,0,7,0,0,0,0,0,0,0
A-original,kinship,3203,103203,5,False,3,5,0,7,0,0,0,0,0,0,0
A-original,kinship,3204,103204,4,False,5,6,0,7,0,0,0,0,0,0,0
A-original,kinship,3205,103205,5,False,3,5,0,7,0,0,0,0,0,0,0
A-original,kinship,3206,103206,4,False,5,6,0,7,0,0,0,0,0,0,0
A-original,kinship,3207,103207,5,False,3,5,0,7,0,0,0,0,0,0,0
A-original,kinship,3208,103208,4,False,5,6,0,7,0,0,0,0,0,0,0
A-original,kinship,3209,103209,4,False,5,6,0,7,0,0,0,0,0,0,0
A-original,kinship,3210,103210,4,False,5,6,0,7,0,0,0,0,0,0,0
A-original,kinship,3211,103211,4,False,5,6,0,7,0,0,0,0,0,0,0
A-original,kinship,3212,103212,4,False,5,6,0,7,0,0,0,0,0,0,0
A-original,kinship,3213,103213,5,False,3,5,0,7,0,0,0,0,0,0,0
A-original,kinship,3214,103214,5,False,3,5,0,7,0,0,0,0,0,0,0
A-original,kinship,3215,103215,4,False,5,6,0,7,0,0,0,0,0,0,0
A-original,kinship,3216,103216,4,False,5,6,0,7,0,0,0,0,0,0,0
A-original,kinship,3217,103217,4,False,5,6,0,7,0,0,0,0,0,0,0
A-original,kinship,3218,103218,4,False,5,6,0,7,0,0,0,0,0,0,0
A-original,kinship,3219,103219,4,False,5,6,0,7,0,0,0,0,0,0,0
A-original,kinship,3220,103220,4,False,5,6,0,7,0,0,0,0,0,0,0
A-original,kinship,3221,103221,4,False,5,6,0,7,0,0,0,0,0,0,0
A-original,kinship,3222,103222,4,False,5,6,0,7,0,0,0,0,0,0,0
A-original,kinship,3223,103223,5,False,3,5,0,7,0,0,0,0,0,0,0
A-original,kinship,3224,103224,5,False,3,5,0,7,0,0,0,0,0,0,0
A-original,kinship,3225,103225,5,False,3,5,0,7,0,0,0,0,0,0,0
A-original,kinship,3226,103226,4,False,5,6,0,7,0,0,0,0,0,0,0
A-original,kinship,3227,103227,5,False,3,5,0,7,0,0,0,0,0,0,0
A-original,kinship,3228,103228,5,False,3,5,0,7,0,0,0,0,0,0,0
A-original,kinship,3229,103229,5,False,3,5,0,7,0,0,0,0,0,0,0
A-original,kinship,3230,103230,4,False,5,6,0,7,0,0,0,0,0,0,0
A-original,kinship,3231,103231,5,False,3,5,0,7,0,0,0,0,0,0,0
A-original,kinship,3232,103232,4,False,5,6,0,7,0,0,0,0,0,0,0
A-original,kinship,3233,103233,4,False,5,6,0,7,0,0,0,0,0,0,0
A-original,kinship,3234,103234,4,False,5,6,0,7,0,0,0,0,0,0,0
A-original,kinship,3235,103235,5,False,3,5,0,7,0,0,0,0,0,0,0
A-original,kinship,3236,103236,5,False,3,5,0,7,0,0,0,0,0,0,0
A-original,kinship,3237,103237,4,False,5,6,0,7,0,0,0,0,0,0,0
A-original,kinship,3238,103238,4,False,5,6,0,7,0,0,0,0,0,0,0
A-original,kinship,3239,103239,4,False,5,6,0,7,0,0,0,0,0,0,0
A-original,kinship,3240,103240,5,False,3,5,0,7,0,0,0,0,0,0,0
A-original,kinship,3241,103241,5,False,3,5,0,7,0,0,0,0,0,0,0
A-original,kinship,3242,103242,4,False,5,6,0,7,0,0,0,0,0,0,0
A-original,kinship,3243,103243,4,False,5,6,0,7,0,0,0,0,0,0,0
A-original,kinship,3244,103244,4,False,5,6,0,7,0,0,0,0,0,0,0
A-original,kinship,3245,103245,4,False,5,6,0,7,0,0,0,0,0,0,0
A-original,kinship,3246,103246,4,False,5,6,0,7,0,0,0,0,0,0,0
A-original,kinship,3247,103247,4,False,5,6,0,7,0,0,0,0,0,0,0
A-original,kinship,3248,103248,4,False,5,6,0,7,0,0,0,0,0,0,0
A-original,kinship,3249,103249,4,False,5,6,0,7,0,0,0,0,0,0,0
A-original,kinship,3250,103250,5,False,3,5,0,7,0,0,0,0,0,0,0
A-original,kinship,3251,103251,5,False,3,5,0,7,0,0,0,0,0,0,0
A-original,kinship,3252,103252,5,False,3,5,0,7,0,0,0,0,0,0,0
A-original,kinship,3253,103253,5,False,3,5,0,7,0,0,0,0,0,0,0
A-original,kinship,3254,103254,4,False,5,6,0,7,0,0,0,0,0,0,0
A-original,kinship,3255,103255,5,False,3,5,0,7,0,0,0,0,0,0,0
A-original,kinship,3256,103256,4,False,5,6,0,7,0,0,0,0,0,0,0
A-original,kinship,3257,103257,4,False,5,6,0,7,0,0,0,0,0,0,0
A-original,kinship,3258,103258,4,False,5,6,0,7,0,0,0,0,0,0,0
A-original,kinship,3259,103259,4,False,5,6,0,7,0,0,0,0,0,0,0
A-original,kinship,3260,103260,5,False,3,5,0,7,0,0,0,0,0,0,0
A-original,kinship,3261,103261,4,False,5,6,0,7,0,0,0,0,0,0,0
A-original,kinship,3262,103262,5,False,3,5,0,7,0,0,0,0,0,0,0
A-original,kinship,3263,103263,4,False,5,6,0,7,0,0,0,0,0,0,0
A-original,kinship,3264,103264,4,False,5,6,0,7,0,0,0,0,0,0,0
A-original,kinship,3265,103265,4,False,5,6,0,7,0,0,0,0,0,0,0
A-original,kinship,3266,103266,5,False,3,5,0,7,0,0,0,0,0,0,0
A-original,kinship,3267,103267,4,False,5,6,0,7,0,0,0,0,0,0,0
A-original,kinship,3268,103268,5,False,3,5,0,7,0,0,0,0,0,0,0
A-original,kinship,3269,103269,5,False,3,5,0,7,0,0,0,0,0,0,0
A-original,kinship,3270,103270,5,False,3,5,0,7,0,0,0,0,0,0,0
A-original,kinship,3271,103271,4,False,5,6,0,7,0,0,0,0,0,0,0
A-original,kinship,3272,103272,4,False,5,6,0,7,0,0,0,0,0,0,0
A-original,kinship,3273,103273,4,False,5,6,0,7,0,0,0,0,0,0,0
A-original,kinship,3274,103274,4,False,5,6,0,7,0,0,0,0,0,0,0
A-original,kinship,3275,103275,4,False,5,6,0,7,0,0,0,0,0,0,0
A-original,kinship,3276,103276,5,False,3,5,0,7,0,0,0,0,0,0,0
A-original,kinship,3277,103277,5,False,3,5,0,7,0,0,0,0,0,0,0
A-original,kinship,3278,103278,4,False,5,6,0,7,0,0,0,0,0,0,0
A-original,kinship,3279,103279,4,False,5,6,0,7,0,0,0,0,0,0,0
A-original,kinship,3280,103280,5,False,3,5,0,7,0,0,0,0,0,0,0
A-original,kinship,3281,103281,4,False,5,6,0,7,0,0,0,0,0,0,0
A-original,kinship,3282,103282,4,False,5,6,0,7,0,0,0,0,0,0,0
A-original,kinship,3283,103283,4,False,5,6,0,7,0,0,0,0,0,0,0
A-original,kinship,3284,103284,4,False,5,6,0,7,0,0,0,0,0,0,0
A-original,kinship,3285,103285,4,False,5,6,0,7,0,0,0,0,0,0,0
A-original,kinship,3286,103286,4,False,5,6,0,7,0,0,0,0,0,0,0
A-original,kinship,3287,103287,5,False,3,5,0,7,0,0,0,0,0,0,0
A-original,kinship,3288,103288,5,False,3,5,0,7,0,0,0,0,0,0,0
A-original,kinship,3289,103289,5,False,3,5,0,7,0,0,0,0,0,0,0
A-original,kinship,3290,103290,4,False,5,6,0,7,0,0,0,0,0,0,0
A-original,kinship,3291,103291,4,False,5,6,0,7,0,0,0,0,0,0,0
A-original,kinship,3292,103292,4,False,5,6,0,7,0,0,0,0,0,0,0
A-original,kinship,3293,103293,4,False,5,6,0,7,0,0,0,0,0,0,0
A-original,kinship,3294,103294,4,False,5,6,0,7,0,0,0,0,0,0,0
A-original,kinship,3295,103295,5,False,3,5,0,7,0,0,0,0,0,0,0
A-original,kinship,3296,103296,4,False,5,6,0,7,0,0,0,0,0,0,0
A-original,kinship,3297,103297,5,False,5,7,0,7,0,0,0,0,0,0,0
A-original,kinship,3298,103298,4,False,5,6,0,7,0,0,0,0,0,0,0
A-original,kinship,3299,103299,5,False,3,5,0,7,0,0,0,0,0,0,0
A-original,kinship,3300,103300,4,False,5,6,0,7,0,0,0,0,0,0,0
A-original,kinship,3301,103301,4,False,5,6,0,7,0,0,0,0,0,0,0
A-original,kinship,3302,103302,4,False,5,6,0,7,0,0,0,0,0,0,0
A-original,kinship,3303,103303,5,False,3,5,0,7,0,0,0,0,0,0,0
A-original,kinship,3304,103304,5,False,3,5,0,7,0,0,0,0,0,0,0
A-original,kinship,3305,103305,4,False,5,6,0,7,0,0,0,0,0,0,0
A-original,kinship,3306,103306,4,False,5,6,0,7,0,0,0,0,0,0,0
A-original,kinship,3307,103307,4,False,5,6,0,7,0,0,0,0,0,0,0
A-original,kinship,3308,103308,5,False,3,5,0,7,0,0,0,0,0,0,0
A-original,kinship,3309,103309,4,False,5,6,0,7,0,0,0,0,0,0,0
A-original,kinship,3310,103310,4,False,5,6,0,7,0,0,0,0,0,0,0
A-original,kinship,3311,103311,5,False,3,5,0,7,0,0,0,0,0,0,0
A-original,kinship,3312,103312,4,False,5,6,0,7,0,0,0,0,0,0,0
A-original,kinship,3313,103313,4,False,5,6,0,7,0,0,0,0,0,0,0
A-original,kinship,3314,103314,4,False,5,6,0,7,0,0,0,0,0,0,0
A-original,kinship,3315,103315,4,False,5,6,0,7,0,0,0,0,0,0,0
A-original,kinship,3316,103316,5,False,3,5,0,7,0,0,0,0,0,0,0
A-original,kinship,3317,103317,4,False,5,6,0,7,0,0,0,0,0,0,0
A-original,kinship,3318,103318,4,False,5,6,0,7,0,0,0,0,0,0,0
A-original,kinship,3319,103319,5,False,3,5,0,7,0,0,0,0,0,0,0
A-original,kinship,3320,103320,4,False,5,6,0,7,0,0,0,0,0,0,0
A-original,kinship,3321,103321,4,False,5,6,0,7,0,0,0,0,0,0,0
A-original,kinship,3322,103322,5,False,3,5,0,7,0,0,0,0,0,0,0
A-original,kinship,3323,103323,5,False,3,5,0,7,0,0,0,0,0,0,0
A-original,kinship,3324,103324,4,False,5,6,0,7,0,0,0,0,0,0,0
A-original,kinship,3325,103325,4,False,5,6,0,7,0,0,0,0,0,0,0
A-original,kinship,3326,103326,4,False,5,6,0,7,0,0,0,0,0,0,0
A-original,kinship,3327,103327,5,False,3,5,0,7,0,0,0,0,0,0,0
A-original,kinship,3328,103328,5,False,3,5,0,7,0,0,0,0,0,0,0
A-original,kinship,3329,103329,4,False,5,6,0,7,0,0,0,0,0,0,0
A-original,kinship,3330,103330,4,False,5,6,0,7,0,0,0,0,0,0,0
A-original,kinship,3331,103331,5,False,3,5,0,7,0,0,0,0,0,0,0
A-original,kinship,3332,103332,4,False,5,6,0,7,0,0,0,0,0,0,0
A-original,kinship,3333,103333,5,False,3,5,0,7,0,0,0,0,0,0,0
A-original,kinship,3334,103334,4,False,5,6,0,7,0,0,0,0,0,0,0
A-original,kinship,3335,103335,5,False,3,5,0,7,0,0,0,0,0,0,0
A-original,kinship,3336,103336,4,False,5,6,0,7,0,0,0,0,0,0,0
A-original,kinship,3337,103337,4,False,5,6,0,7,0,0,0,0,0,0,0
A-original,kinship,3338,103338,4,False,5,6,0,7,0,0,0,0,0,0,0
A-original,kinship,3339,103339,4,False,5,6,0,7,0,0,0,0,0,0,0
A-original,kinship,3340,103340,5,False,3,5,0,7,0,0,0,0,0,0,0
A-original,kinship,3341,103341,4,False,5,6,0,7,0,0,0,0,0,0,0
A-original,kinship,3342,103342,4,False,5,6,0,7,0,0,0,0,0,0,0
A-original,kinship,3343,103343,5,False,3,5,0,7,0,0,0,0,0,0,0
A-original,kinship,3344,103344,4,False,5,6,0,7,0,0,0,0,0,0,0
A-original,kinship,3345,103345,5,False,3,5,0,7,0,0,0,0,0,0,0
A-original,kinship,3346,103346,4,False,5,6,0,7,0,0,0,0,0,0,0
A-original,kinship,3347,103347,4,False,5,6,0,7,0,0,0,0,0,0,0
A-original,kinship,3348,103348,5,False,3,5,0,7,0,0,0,0,0,0,0
A-original,kinship,3349,103349,4,False,5,6,0,7,0,0,0,0,0,0,0
A-original,kinship,3350,103350,4,False,5,6,0,7,0,0,0,0,0,0,0
A-original,kinship,3351,103351,4,False,5,6,0,7,0,0,0,0,0,0,0
A-original,kinship,3352,103352,4,False,5,6,0,7,0,0,0,0,0,0,0
A-original,kinship,3353,103353,4,False,5,6,0,7,0,0,0,0,0,0,0
A-original,kinship,3354,103354,4,False,5,6,0,7,0,0,0,0,0,0,0
A-original,kinship,3355,103355,5,False,3,5,0,7,0,0,0,0,0,0,0
A-original,kinship,3356,103356,4,False,5,6,0,7,0,0,0,0,0,0,0
A-original,kinship,3357,103357,4,False,5,6,0,7,0,0,0,0,0,0,0
A-original,kinship,3358,103358,4,False,5,6,0,7,0,0,0,0,0,0,0
A-original,kinship,3359,103359,4,False,5,6,0,7,0,0,0,0,0,0,0
A-original,kinship,3360,103360,5,False,5,7,0,7,0,0,0,0,0,0,0
A-original,kinship,3361,103361,4,False,5,6,0,7,0,0,0,0,0,0,0
A-original,kinship,3362,103362,4,False,5,6,0,7,0,0,0,0,0,0,0
A-original,kinship,3363,103363,4,False,5,6,0,7,0,0,0,0,0,0,0
A-original,kinship,3364,103364,5,False,3,5,0,7,0,0,0,0,0,0,0
A-original,kinship,3365,103365,5,False,3,5,0,7,0,0,0,0,0,0,0
A-original,kinship,3366,103366,4,False,5,6,0,7,0,0,0,0,0,0,0
A-original,kinship,3367,103367,4,False,5,6,0,7,0,0,0,0,0,0,0
A-original,kinship,3368,103368,5,False,3,5,0,7,0,0,0,0,0,0,0
A-original,kinship,3369,103369,4,False,5,6,0,7,0,0,0,0,0,0,0
A-original,kinship,3370,103370,4,False,5,6,0,7,0,0,0,0,0,0,0
A-original,kinship,3371,103371,4,False,5,6,0,7,0,0,0,0,0,0,0
A-original,kinship,3372,103372,4,False,5,6,0,7,0,0,0,0,0,0,0
A-original,kinship,3373,103373,5,False,3,5,0,7,0,0,0,0,0,0,0
A-original,kinship,3374,103374,4,False,5,6,0,7,0,0,0,0,0,0,0
A-original,kinship,3375,103375,5,False,3,5,0,7,0,0,0,0,0,0,0
A-original,kinship,3376,103376,4,False,5,6,0,7,0,0,0,0,0,0,0
A-original,kinship,3377,103377,5,False,3,5,0,7,0,0,0,0,0,0,0
A-original,kinship,3378,103378,5,False,3,5,0,7,0,0,0,0,0,0,0
A-original,kinship,3379,103379,5,False,3,5,0,7,0,0,0,0,0,0,0
A-original,kinship,3380,103380,4,False,5,6,0,7,0,0,0,0,0,0,0
A-original,kinship,3381,103381,5,False,3,5,0,7,0,0,0,0,0,0,0
A-original,kinship,3382,103382,4,False,5,6,0,7,0,0,0,0,0,0,0
A-original,kinship,3383,103383,5,False,3,5,0,7,0,0,0,0,0,0,0
A-original,kinship,3384,103384,5,False,3,5,0,7,0,0,0,0,0,0,0
A-original,kinship,3385,103385,5,False,3,5,0,7,0,0,0,0,0,0,0
A-original,kinship,3386,103386,5,False,3,5,0,7,0,0,0,0,0,0,0
A-original,kinship,3387,103387,5,False,3,5,0,7,0,0,0,0,0,0,0
A-original,kinship,3388,103388,5,False,3,5,0,7,0,0,0,0,0,0,0
A-original,kinship,3389,103389,5,False,3,5,0,7,0,0,0,0,0,0,0
A-original,kinship,3390,103390,5,False,5,7,0,7,0,0,0,0,0,0,0
A-original,kinship,3391,103391,4,False,5,6,0,7,0,0,0,0,0,0,0
A-original,kinship,3392,103392,5,False,5,7,0,7,0,0,0,0,0,0,0
A-original,kinship,3393,103393,4,False,5,6,0,7,0,0,0,0,0,0,0
A-original,kinship,3394,103394,5,False,3,5,0,7,0,0,0,0,0,0,0
A-original,kinship,3395,103395,4,False,5,6,0,7,0,0,0,0,0,0,0
A-original,kinship,3396,103396,4,False,5,6,0,7,0,0,0,0,0,0,0
A-original,kinship,3397,103397,4,False,5,6,0,7,0,0,0,0,0,0,0
A-original,kinship,3398,103398,5,False,3,5,0,7,0,0,0,0,0,0,0
A-original,kinship,3399,103399,4,False,5,6,0,7,0,0,0,0,0,0,0
A-original,kinship,3400,103400,4,False,5,6,0,7,0,0,0,0,0,0,0
A-original,kinship,3401,103401,5,False,3,5,0,7,0,0,0,0,0,0,0
A-original,kinship,3402,103402,4,False,5,6,0,7,0,0,0,0,0,0,0
A-original,kinship,3403,103403,4,False,5,6,0,7,0,0,0,0,0,0,0
A-original,kinship,3404,103404,4,False,5,6,0,7,0,0,0,0,0,0,0
A-original,kinship,3405,103405,4,False,5,6,0,7,0,0,0,0,0,0,0
A-original,kinship,3406,103406,4,False,5,6,0,7,0,0,0,0,0,0,0
A-original,kinship,3407,103407,4,False,5,6,0,7,0,0,0,0,0,0,0
A-original,kinship,3408,103408,5,False,3,5,0,7,0,0,0,0,0,0,0
A-original,kinship,3409,103409,5,False,3,5,0,7,0,0,0,0,0,0,0
A-original,kinship,3410,103410,4,False,5,6,0,7,0,0,0,0,0,0,0
A-original,kinship,3411,103411,5,False,5,7,0,7,0,0,0,0,0,0,0
A-original,kinship,3412,103412,4,False,5,6,0,7,0,0,0,0,0,0,0
A-original,kinship,3413,103413,5,False,3,5,0,7,0,0,0,0,0,0,0
A-original,kinship,3414,103414,5,False,3,5,0,7,0,0,0,0,0,0,0
A-original,kinship,3415,103415,5,False,3,5,0,7,0,0,0,0,0,0,0
A-original,kinship,3416,103416,4,False,5,6,0,7,0,0,0,0,0,0,0
A-original,kinship,3417,103417,4,False,5,6,0,7,0,0,0,0,0,0,0
A-original,kinship,3418,103418,5,False,5,7,0,7,0,0,0,0,0,0,0
A-original,kinship,3419,103419,5,False,3,5,0,7,0,0,0,0,0,0,0
A-original,kinship,3420,103420,5,False,3,5,0,7,0,0,0,0,0,0,0
A-original,kinship,3421,103421,4,False,5,6,0,7,0,0,0,0,0,0,0
A-original,kinship,3422,103422,4,False,5,6,0,7,0,0,0,0,0,0,0
A-original,kinship,3423,103423,4,False,5,6,0,7,0,0,0,0,0,0,0
A-original,kinship,3424,103424,5,False,3,5,0,7,0,0,0,0,0,0,0
A-original,kinship,3425,103425,5,False,3,5,0,7,0,0,0,0,0,0,0
A-original,kinship,3426,103426,5,False,3,5,0,7,0,0,0,0,0,0,0
A-original,kinship,3427,103427,4,False,5,6,0,7,0,0,0,0,0,0,0
A-original,kinship,3428,103428,5,False,3,5,0,7,0,0,0,0,0,0,0
A-original,kinship,3429,103429,4,False,5,6,0,7,0,0,0,0,0,0,0
A-original,kinship,3430,103430,4,False,5,6,0,7,0,0,0,0,0,0,0
A-original,kinship,3431,103431,4,False,5,6,0,7,0,0,0,0,0,0,0
A-original,kinship,3432,103432,4,False,5,6,0,7,0,0,0,0,0,0,0
A-original,kinship,3433,103433,4,False,5,6,0,7,0,0,0,0,0,0,0
A-original,kinship,3434,103434,4,False,5,6,0,7,0,0,0,0,0,0,0
A-original,kinship,3435,103435,4,False,5,6,0,7,0,0,0,0,0,0,0
A-original,kinship,3436,103436,5,False,3,5,0,7,0,0,0,0,0,0,0
A-original,kinship,3437,103437,4,False,5,6,0,7,0,0,0,0,0,0,0
A-original,kinship,3438,103438,4,False,5,6,0,7,0,0,0,0,0,0,0
A-original,kinship,3439,103439,4,False,5,6,0,7,0,0,0,0,0,0,0
A-original,kinship,3440,103440,4,False,5,6,0,7,0,0,0,0,0,0,0
A-original,kinship,3441,103441,5,False,3,5,0,7,0,0,0,0,0,0,0
A-original,kinship,3442,103442,4,False,5,6,0,7,0,0,0,0,0,0,0
A-original,kinship,3443,103443,4,False,5,6,0,7,0,0,0,0,0,0,0
A-original,kinship,3444,103444,4,False,5,6,0,7,0,0,0,0,0,0,0
A-original,kinship,3445,103445,4,False,5,6,0,7,0,0,0,0,0,0,0
A-original,kinship,3446,103446,5,False,3,5,0,7,0,0,0,0,0,0,0
A-original,kinship,3447,103447,5,False,3,5,0,7,0,0,0,0,0,0,0
A-original,kinship,3448,103448,5,False,3,5,0,7,0,0,0,0,0,0,0
A-original,kinship,3449,103449,4,False,5,6,0,7,0,0,0,0,0,0,0
A-original,kinship,3450,103450,5,False,3,5,0,7,0,0,0,0,0,0,0
A-original,kinship,3451,103451,4,False,5,6,0,7,0,0,0,0,0,0,0
A-original,kinship,3452,103452,4,False,5,6,0,7,0,0,0,0,0,0,0
A-original,kinship,3453,103453,4,False,5,6,0,7,0,0,0,0,0,0,0
A-original,kinship,3454,103454,4,False,5,6,0,7,0,0,0,0,0,0,0
A-original,kinship,3455,103455,5,False,3,5,0,7,0,0,0,0,0,0,0
A-original,kinship,3456,103456,4,False,5,6,0,7,0,0,0,0,0,0,0
A-original,kinship,3457,103457,5,False,3,5,0,7,0,0,0,0,0,0,0
A-original,kinship,3458,103458,5,False,3,5,0,7,0,0,0,0,0,0,0
A-original,kinship,3459,103459,4,False,5,6,0,7,0,0,0,0,0,0,0
A-original,kinship,3460,103460,5,False,3,5,0,7,0,0,0,0,0,0,0
A-original,kinship,3461,103461,4,False,5,6,0,7,0,0,0,0,0,0,0
A-original,kinship,3462,103462,4,False,5,6,0,7,0,0,0,0,0,0,0
A-original,kinship,3463,103463,4,False,5,6,0,7,0,0,0,0,0,0,0
A-original,kinship,3464,103464,4,False,5,6,0,7,0,0,0,0,0,0,0
A-original,kinship,3465,103465,5,False,3,5,0,7,0,0,0,0,0,0,0
A-original,kinship,3466,103466,5,False,3,5,0,7,0,0,0,0,0,0,0
A-original,kinship,3467,103467,4,False,5,6,0,7,0,0,0,0,0,0,0
A-original,kinship,3468,103468,4,False,5,6,0,7,0,0,0,0,0,0,0
A-original,kinship,3469,103469,5,False,3,5,0,7,0,0,0,0,0,0,0
A-original,kinship,3470,103470,5,False,3,5,0,7,0,0,0,0,0,0,0
A-original,kinship,3471,103471,5,False,3,5,0,7,0,0,0,0,0,0,0
A-original,kinship,3472,103472,4,False,5,6,0,7,0,0,0,0,0,0,0
A-original,kinship,3473,103473,5,False,3,5,0,7,0,0,0,0,0,0,0
A-original,kinship,3474,103474,5,False,3,5,0,7,0,0,0,0,0,0,0
A-original,kinship,3475,103475,4,False,5,6,0,7,0,0,0,0,0,0,0
A-original,kinship,3476,103476,4,False,5,6,0,7,0,0,0,0,0,0,0
A-original,kinship,3477,103477,4,False,5,6,0,7,0,0,0,0,0,0,0
A-original,kinship,3478,103478,4,False,5,6,0,7,0,0,0,0,0,0,0
A-original,kinship,3479,103479,5,False,3,5,0,7,0,0,0,0,0,0,0
A-original,kinship,3480,103480,5,False,3,5,0,7,0,0,0,0,0,0,0
A-original,kinship,3481,103481,5,False,3,5,0,7,0,0,0,0,0,0,0
A-original,kinship,3482,103482,5,False,3,5,0,7,0,0,0,0,0,0,0
A-original,kinship,3483,103483,5,False,5,7,0,7,0,0,0,0,0,0,0
A-original,kinship,3484,103484,4,False,5,6,0,7,0,0,0,0,0,0,0
A-original,kinship,3485,103485,4,False,5,6,0,7,0,0,0,0,0,0,0
A-original,kinship,3486,103486,4,False,5,6,0,7,0,0,0,0,0,0,0
A-original,kinship,3487,103487,4,False,5,6,0,7,0,0,0,0,0,0,0
A-original,kinship,3488,103488,5,False,3,5,0,7,0,0,0,0,0,0,0
A-original,kinship,3489,103489,5,False,3,5,0,7,0,0,0,0,0,0,0
A-original,kinship,3490,103490,4,False,5,6,0,7,0,0,0,0,0,0,0
A-original,kinship,3491,103491,4,False,5,6,0,7,0,0,0,0,0,0,0
A-original,kinship,3492,103492,4,False,5,6,0,7,0,0,0,0,0,0,0
A-original,kinship,3493,103493,5,False,5,7,0,7,0,0,0,0,0,0,0
A-original,kinship,3494,103494,4,False,5,6,0,7,0,0,0,0,0,0,0
A-original,kinship,3495,103495,5,False,3,5,0,7,0,0,0,0,0,0,0
A-original,kinship,3496,103496,4,False,5,6,0,7,0,0,0,0,0,0,0
A-original,kinship,3497,103497,4,False,5,6,0,7,0,0,0,0,0,0,0
A-original,kinship,3498,103498,4,False,5,6,0,7,0,0,0,0,0,0,0
A-original,kinship,3499,103499,4,False,5,6,0,7,0,0,0,0,0,0,0
A-original,kinship,3500,103500,5,False,3,5,0,7,0,0,0,0,0,0,0
A-original,kinship,3501,103501,4,False,5,6,0,7,0,0,0,0,0,0,0
A-original,kinship,3502,103502,5,False,3,5,0,7,0,0,0,0,0,0,0
A-original,kinship,3503,103503,4,False,5,6,0,7,0,0,0,0,0,0,0
A-original,kinship,3504,103504,4,False,5,6,0,7,0,0,0,0,0,0,0
A-original,kinship,3505,103505,5,False,3,5,0,7,0,0,0,0,0,0,0
A-original,kinship,3506,103506,4,False,5,6,0,7,0,0,0,0,0,0,0
A-original,kinship,3507,103507,5,False,3,5,0,7,0,0,0,0,0,0,0
A-original,kinship,3508,103508,4,False,5,6,0,7,0,0,0,0,0,0,0
A-original,kinship,3509,103509,5,False,3,5,0,7,0,0,0,0,0,0,0
A-original,kinship,3510,103510,4,False,5,6,0,7,0,0,0,0,0,0,0
A-original,kinship,3511,103511,4,False,5,6,0,7,0,0,0,0,0,0,0
A-original,kinship,3512,103512,4,False,5,6,0,7,0,0,0,0,0,0,0
A-original,kinship,3513,103513,4,False,5,6,0,7,0,0,0,0,0,0,0
A-original,kinship,3514,103514,4,False,5,6,0,7,0,0,0,0,0,0,0
A-original,kinship,3515,103515,4,False,5,6,0,7,0,0,0,0,0,0,0
A-original,kinship,3516,103516,4,False,5,6,0,7,0,0,0,0,0,0,0
A-original,kinship,3517,103517,4,False,5,6,0,7,0,0,0,0,0,0,0
A-original,kinship,3518,103518,4,False,5,6,0,7,0,0,0,0,0,0,0
A-original,kinship,3519,103519,4,False,5,6,0,7,0,0,0,0,0,0,0
A-original,kinship,3520,103520,5,False,3,5,0,7,0,0,0,0,0,0,0
A-original,kinship,3521,103521,4,False,5,6,0,7,0,0,0,0,0,0,0
A-original,kinship,3522,103522,4,False,5,6,0,7,0,0,0,0,0,0,0
A-original,kinship,3523,103523,4,False,5,6,0,7,0,0,0,0,0,0,0
A-original,kinship,3524,103524,4,False,5,6,0,7,0,0,0,0,0,0,0
A-original,kinship,3525,103525,4,False,5,6,0,7,0,0,0,0,0,0,0
A-original,kinship,3526,103526,4,False,5,6,0,7,0,0,0,0,0,0,0
A-original,kinship,3527,103527,4,False,5,6,0,7,0,0,0,0,0,0,0
A-original,kinship,3528,103528,5,False,3,5,0,7,0,0,0,0,0,0,0
A-original,kinship,3529,103529,5,False,3,5,0,7,0,0,0,0,0,0,0
A-original,kinship,3530,103530,4,False,5,6,0,7,0,0,0,0,0,0,0
A-original,kinship,3531,103531,4,False,5,6,0,7,0,0,0,0,0,0,0
A-original,kinship,3532,103532,5,False,3,5,0,7,0,0,0,0,0,0,0
A-original,kinship,3533,103533,4,False,5,6,0,7,0,0,0,0,0,0,0
A-original,kinship,3534,103534,4,False,5,6,0,7,0,0,0,0,0,0,0
A-original,kinship,3535,103535,4,False,5,6,0,7,0,0,0,0,0,0,0
A-original,kinship,3536,103536,4,False,5,6,0,7,0,0,0,0,0,0,0
A-original,kinship,3537,103537,5,False,3,5,0,7,0,0,0,0,0,0,0
A-original,kinship,3538,103538,4,False,5,6,0,7,0,0,0,0,0,0,0
A-original,kinship,3539,103539,4,False,5,6,0,7,0,0,0,0,0,0,0
A-original,kinship,3540,103540,4,False,5,6,0,7,0,0,0,0,0,0,0
A-original,kinship,3541,103541,5,False,3,5,0,7,0,0,0,0,0,0,0
A-original,kinship,3542,103542,4,False,5,6,0,7,0,0,0,0,0,0,0
A-original,kinship,3543,103543,4,False,5,6,0,7,0,0,0,0,0,0,0
A-original,kinship,3544,103544,5,False,3,5,0,7,0,0,0,0,0,0,0
A-original,kinship,3545,103545,5,False,3,5,0,7,0,0,0,0,0,0,0
A-original,kinship,3546,103546,4,False,5,6,0,7,0,0,0,0,0,0,0
A-original,kinship,3547,103547,5,False,3,5,0,7,0,0,0,0,0,0,0
A-original,kinship,3548,103548,4,False,5,6,0,7,0,0,0,0,0,0,0
A-original,kinship,3549,103549,5,False,3,5,0,7,0,0,0,0,0,0,0
A-original,kinship,3550,103550,4,False,5,6,0,7,0,0,0,0,0,0,0
A-original,kinship,3551,103551,5,False,3,5,0,7,0,0,0,0,0,0,0
A-original,kinship,3552,103552,4,False,5,6,0,7,0,0,0,0,0,0,0
A-original,kinship,3553,103553,4,False,5,6,0,7,0,0,0,0,0,0,0
A-original,kinship,3554,103554,4,False,5,6,0,7,0,0,0,0,0,0,0
A-original,kinship,3555,103555,5,False,3,5,0,7,0,0,0,0,0,0,0
A-original,kinship,3556,103556,4,False,5,6,0,7,0,0,0,0,0,0,0
A-original,kinship,3557,103557,5,False,3,5,0,7,0,0,0,0,0,0,0
A-original,kinship,3558,103558,5,False,3,5,0,7,0,0,0,0,0,0,0
A-original,kinship,3559,103559,4,False,5,6,0,7,0,0,0,0,0,0,0
A-original,kinship,3560,103560,4,False,5,6,0,7,0,0,0,0,0,0,0
A-original,kinship,3561,103561,4,False,5,6,0,7,0,0,0,0,0,0,0
A-original,kinship,3562,103562,4,False,5,6,0,7,0,0,0,0,0,0,0
A-original,kinship,3563,103563,5,False,3,5,0,7,0,0,0,0,0,0,0
A-original,kinship,3564,103564,5,False,3,5,0,7,0,0,0,0,0,0,0
A-original,kinship,3565,103565,4,False,5,6,0,7,0,0,0,0,0,0,0
A-original,kinship,3566,103566,5,False,3,5,0,7,0,0,0,0,0,0,0
A-original,kinship,3567,103567,4,False,5,6,0,7,0,0,0,0,0,0,0
A-original,kinship,3568,103568,5,False,3,5,0,7,0,0,0,0,0,0,0
A-original,kinship,3569,103569,4,False,5,6,0,7,0,0,0,0,0,0,0
A-original,kinship,3570,103570,4,False,5,6,0,7,0,0,0,0,0,0,0
A-original,kinship,3571,103571,4,False,5,6,0,7,0,0,0,0,0,0,0
A-original,kinship,3572,103572,4,False,5,6,0,7,0,0,0,0,0,0,0
A-original,kinship,3573,103573,4,False,5,6,0,7,0,0,0,0,0,0,0
A-original,kinship,3574,103574,5,False,3,5,0,7,0,0,0,0,0,0,0
A-original,kinship,3575,103575,4,False,5,6,0,7,0,0,0,0,0,0,0
A-original,kinship,3576,103576,4,False,5,6,0,7,0,0,0,0,0,0,0
A-original,kinship,3577,103577,5,False,3,5,0,7,0,0,0,0,0,0,0
A-original,kinship,3578,103578,4,False,5,6,0,7,0,0,0,0,0,0,0
A-original,kinship,3579,103579,5,False,3,5,0,7,0,0,0,0,0,0,0
A-original,kinship,3580,103580,4,False,5,6,0,7,0,0,0,0,0,0,0
A-original,kinship,3581,103581,5,False,3,5,0,7,0,0,0,0,0,0,0
A-original,kinship,3582,103582,4,False,5,6,0,7,0,0,0,0,0,0,0
A-original,kinship,3583,103583,4,False,5,6,0,7,0,0,0,0,0,0,0
A-original,kinship,3584,103584,4,False,5,6,0,7,0,0,0,0,0,0,0
A-original,kinship,3585,103585,5,False,3,5,0,7,0,0,0,0,0,0,0
A-original,kinship,3586,103586,4,False,5,6,0,7,0,0,0,0,0,0,0
A-original,kinship,3587,103587,4,False,5,6,0,7,0,0,0,0,0,0,0
A-original,kinship,3588,103588,4,False,5,6,0,7,0,0,0,0,0,0,0
A-original,kinship,3589,103589,5,False,3,5,0,7,0,0,0,0,0,0,0
A-original,kinship,3590,103590,4,False,5,6,0,7,0,0,0,0,0,0,0
A-original,kinship,3591,103591,4,False,5,6,0,7,0,0,0,0,0,0,0
A-original,kinship,3592,103592,5,False,3,5,0,7,0,0,0,0,0,0,0
A-original,kinship,3593,103593,4,False,5,6,0,7,0,0,0,0,0,0,0
A-original,kinship,3594,103594,4,False,5,6,0,7,0,0,0,0,0,0,0
A-original,kinship,3595,103595,4,False,5,6,0,7,0,0,0,0,0,0,0
A-original,kinship,3596,103596,4,False,5,6,0,7,0,0,0,0,0,0,0
A-original,kinship,3597,103597,4,False,5,6,0,7,0,0,0,0,0,0,0
A-original,kinship,3598,103598,5,False,3,5,0,7,0,0,0,0,0,0,0
A-original,kinship,3599,103599,5,False,3,5,0,7,0,0,0,0,0,0,0
A-original,kinship,3600,103600,5,False,3,5,0,7,0,0,0,0,0,0,0
A-original,kinship,3601,103601,4,False,5,6,0,7,0,0,0,0,0,0,0
A-original,kinship,3602,103602,4,False,5,6,0,7,0,0,0,0,0,0,0
A-original,kinship,3603,103603,4,False,5,6,0,7,0,0,0,0,0,0,0
A-original,kinship,3604,103604,4,False,5,6,0,7,0,0,0,0,0,0,0
A-original,kinship,3605,103605,5,False,3,5,0,7,0,0,0,0,0,0,0
A-original,kinship,3606,103606,4,False,5,6,0,7,0,0,0,0,0,0,0
A-original,kinship,3607,103607,4,False,5,6,0,7,0,0,0,0,0,0,0
A-original,kinship,3608,103608,5,False,3,5,0,7,0,0,0,0,0,0,0
A-original,kinship,3609,103609,4,False,5,6,0,7,0,0,0,0,0,0,0
A-original,kinship,3610,103610,4,False,5,6,0,7,0,0,0,0,0,0,0
A-original,kinship,3611,103611,4,False,5,6,0,7,0,0,0,0,0,0,0
A-original,kinship,3612,103612,4,False,5,6,0,7,0,0,0,0,0,0,0
A-original,kinship,3613,103613,5,False,3,5,0,7,0,0,0,0,0,0,0
A-original,kinship,3614,103614,4,False,5,6,0,7,0,0,0,0,0,0,0
A-original,kinship,3615,103615,4,False,5,6,0,7,0,0,0,0,0,0,0
A-original,kinship,3616,103616,4,False,5,6,0,7,0,0,0,0,0,0,0
A-original,kinship,3617,103617,4,False,5,6,0,7,0,0,0,0,0,0,0
A-original,kinship,3618,103618,4,False,5,6,0,7,0,0,0,0,0,0,0
A-original,kinship,3619,103619,5,False,3,5,0,7,0,0,0,0,0,0,0
A-original,kinship,3620,103620,5,False,3,5,0,7,0,0,0,0,0,0,0
A-original,kinship,3621,103621,4,False,5,6,0,7,0,0,0,0,0,0,0
A-original,kinship,3622,103622,4,False,5,6,0,7,0,0,0,0,0,0,0
A-original,kinship,3623,103623,5,False,3,5,0,7,0,0,0,0,0,0,0
A-original,kinship,3624,103624,5,False,3,5,0,7,0,0,0,0,0,0,0
A-original,kinship,3625,103625,4,False,5,6,0,7,0,0,0,0,0,0,0
A-original,kinship,3626,103626,4,False,5,6,0,7,0,0,0,0,0,0,0
A-original,kinship,3627,103627,5,False,3,5,0,7,0,0,0,0,0,0,0
A-original,kinship,3628,103628,5,False,3,5,0,7,0,0,0,0,0,0,0
A-original,kinship,3629,103629,4,False,5,6,0,7,0,0,0,0,0,0,0
A-original,kinship,3630,103630,4,False,5,6,0,7,0,0,0,0,0,0,0
A-original,kinship,3631,103631,4,False,5,6,0,7,0,0,0,0,0,0,0
A-original,kinship,3632,103632,5,False,3,5,0,7,0,0,0,0,0,0,0
A-original,kinship,3633,103633,5,False,3,5,0,7,0,0,0,0,0,0,0
A-original,kinship,3634,103634,4,False,5,6,0,7,0,0,0,0,0,0,0
A-original,kinship,3635,103635,4,False,5,6,0,7,0,0,0,0,0,0,0
A-original,kinship,3636,103636,5,False,3,5,0,7,0,0,0,0,0,0,0
A-original,kinship,3637,103637,4,False,5,6,0,7,0,0,0,0,0,0,0
A-original,kinship,3638,103638,4,False,5,6,0,7,0,0,0,0,0,0,0
A-original,kinship,3639,103639,4,False,5,6,0,7,0,0,0,0,0,0,0
A-original,kinship,3640,103640,5,False,3,5,0,7,0,0,0,0,0,0,0
A-original,kinship,3641,103641,4,False,5,6,0,7,0,0,0,0,0,0,0
A-original,kinship,3642,103642,4,False,5,6,0,7,0,0,0,0,0,0,0
A-original,kinship,3643,103643,5,False,3,5,0,7,0,0,0,0,0,0,0
A-original,kinship,3644,103644,5,False,3,5,0,7,0,0,0,0,0,0,0
A-original,kinship,3645,103645,5,False,3,5,0,7,0,0,0,0,0,0,0
A-original,kinship,3646,103646,5,False,3,5,0,7,0,0,0,0,0,0,0
A-original,kinship,3647,103647,4,False,5,6,0,7,0,0,0,0,0,0,0
A-original,kinship,3648,103648,4,False,5,6,0,7,0,0,0,0,0,0,0
A-original,kinship,3649,103649,4,False,5,6,0,7,0,0,0,0,0,0,0
A-original,kinship,3650,103650,5,False,3,5,0,7,0,0,0,0,0,0,0
A-original,kinship,3651,103651,5,False,3,5,0,7,0,0,0,0,0,0,0
A-original,kinship,3652,103652,4,False,5,6,0,7,0,0,0,0,0,0,0
A-original,kinship,3653,103653,4,False,5,6,0,7,0,0,0,0,0,0,0
A-original,kinship,3654,103654,5,False,3,5,0,7,0,0,0,0,0,0,0
A-original,kinship,3655,103655,4,False,5,6,0,7,0,0,0,0,0,0,0
A-original,kinship,3656,103656,4,False,5,6,0,7,0,0,0,0,0,0,0
A-original,kinship,3657,103657,5,False,3,5,0,7,0,0,0,0,0,0,0
A-original,kinship,3658,103658,5,False,3,5,0,7,0,0,0,0,0,0,0
A-original,kinship,3659,103659,4,False,5,6,0,7,0,0,0,0,0,0,0
A-original,kinship,3660,103660,4,False,5,6,0,7,0,0,0,0,0,0,0
A-original,kinship,3661,103661,5,False,3,5,0,7,0,0,0,0,0,0,0
A-original,kinship,3662,103662,4,False,5,6,0,7,0,0,0,0,0,0,0
A-original,kinship,3663,103663,4,False,5,6,0,7,0,0,0,0,0,0,0
A-original,kinship,3664,103664,4,False,5,6,0,7,0,0,0,0,0,0,0
A-original,kinship,3665,103665,4,False,5,6,0,7,0,0,0,0,0,0,0
A-original,kinship,3666,103666,4,False,5,6,0,7,0,0,0,0,0,0,0
A-original,kinship,3667,103667,5,False,3,5,0,7,0,0,0,0,0,0,0
A-original,kinship,3668,103668,4,False,5,6,0,7,0,0,0,0,0,0,0
A-original,kinship,3669,103669,4,False,5,6,0,7,0,0,0,0,0,0,0
A-original,kinship,3670,103670,4,False,5,6,0,7,0,0,0,0,0,0,0
A-original,kinship,3671,103671,4,False,5,6,0,7,0,0,0,0,0,0,0
A-original,kinship,3672,103672,4,False,5,6,0,7,0,0,0,0,0,0,0
A-original,kinship,3673,103673,5,False,3,5,0,7,0,0,0,0,0,0,0
A-original,kinship,3674,103674,4,False,5,6,0,7,0,0,0,0,0,0,0
A-original,kinship,3675,103675,4,False,5,6,0,7,0,0,0,0,0,0,0
A-original,kinship,3676,103676,5,False,3,5,0,7,0,0,0,0,0,0,0
A-original,kinship,3677,103677,4,False,5,6,0,7,0,0,0,0,0,0,0
A-original,kinship,3678,103678,4,False,5,6,0,7,0,0,0,0,0,0,0
A-original,kinship,3679,103679,4,False,5,6,0,7,0,0,0,0,0,0,0
A-original,kinship,3680,103680,4,False,5,6,0,7,0,0,0,0,0,0,0
A-original,kinship,3681,103681,5,False,3,5,0,7,0,0,0,0,0,0,0
A-original,kinship,3682,103682,4,False,5,6,0,7,0,0,0,0,0,0,0
A-original,kinship,3683,103683,5,False,3,5,0,7,0,0,0,0,0,0,0
A-original,kinship,3684,103684,4,False,5,6,0,7,0,0,0,0,0,0,0
A-original,kinship,3685,103685,5,False,3,5,0,7,0,0,0,0,0,0,0
A-original,kinship,3686,103686,4,False,5,6,0,7,0,0,0,0,0,0,0
A-original,kinship,3687,103687,5,False,3,5,0,7,0,0,0,0,0,0,0
A-original,kinship,3688,103688,5,False,3,5,0,7,0,0,0,0,0,0,0
A-original,kinship,3689,103689,5,False,3,5,0,7,0,0,0,0,0,0,0
A-original,kinship,3690,103690,5,False,3,5,0,7,0,0,0,0,0,0,0
A-original,kinship,3691,103691,4,False,5,6,0,7,0,0,0,0,0,0,0
A-original,kinship,3692,103692,4,False,5,6,0,7,0,0,0,0,0,0,0
A-original,kinship,3693,103693,4,False,5,6,0,7,0,0,0,0,0,0,0
A-original,kinship,3694,103694,4,False,5,6,0,7,0,0,0,0,0,0,0
A-original,kinship,3695,103695,5,False,3,5,0,7,0,0,0,0,0,0,0
A-original,kinship,3696,103696,5,False,3,5,0,7,0,0,0,0,0,0,0
A-original,kinship,3697,103697,4,False,5,6,0,7,0,0,0,0,0,0,0
A-original,kinship,3698,103698,5,False,3,5,0,7,0,0,0,0,0,0,0
A-original,kinship,3699,103699,5,False,3,5,0,7,0,0,0,0,0,0,0
A-original,kinship,3700,103700,5,False,3,5,0,7,0,0,0,0,0,0,0
A-original,kinship,3701,103701,4,False,5,6,0,7,0,0,0,0,0,0,0
A-original,kinship,3702,103702,4,False,5,6,0,7,0,0,0,0,0,0,0
A-original,kinship,3703,103703,4,False,5,6,0,7,0,0,0,0,0,0,0
A-original,kinship,3704,103704,5,False,3,5,0,7,0,0,0,0,0,0,0
A-original,kinship,3705,103705,5,False,3,5,0,7,0,0,0,0,0,0,0
A-original,kinship,3706,103706,5,False,3,5,0,7,0,0,0,0,0,0,0
A-original,kinship,3707,103707,4,False,5,6,0,7,0,0,0,0,0,0,0
A-original,kinship,3708,103708,4,False,5,6,0,7,0,0,0,0,0,0,0
A-original,kinship,3709,103709,4,False,5,6,0,7,0,0,0,0,0,0,0
A-original,kinship,3710,103710,4,False,5,6,0,7,0,0,0,0,0,0,0
A-original,kinship,3711,103711,5,False,3,5,0,7,0,0,0,0,0,0,0
A-original,kinship,3712,103712,5,False,3,5,0,7,0,0,0,0,0,0,0
A-original,kinship,3713,103713,4,False,5,6,0,7,0,0,0,0,0,0,0
A-original,kinship,3714,103714,5,False,3,5,0,7,0,0,0,0,0,0,0
A-original,kinship,3715,103715,5,False,3,5,0,7,0,0,0,0,0,0,0
A-original,kinship,3716,103716,5,False,3,5,0,7,0,0,0,0,0,0,0
A-original,kinship,3717,103717,4,False,5,6,0,7,0,0,0,0,0,0,0
A-original,kinship,3718,103718,4,False,5,6,0,7,0,0,0,0,0,0,0
A-original,kinship,3719,103719,5,False,3,5,0,7,0,0,0,0,0,0,0
A-original,kinship,3720,103720,4,False,5,6,0,7,0,0,0,0,0,0,0
A-original,kinship,3721,103721,4,False,5,6,0,7,0,0,0,0,0,0,0
A-original,kinship,3722,103722,4,False,5,6,0,7,0,0,0,0,0,0,0
A-original,kinship,3723,103723,4,False,5,6,0,7,0,0,0,0,0,0,0
A-original,kinship,3724,103724,4,False,5,6,0,7,0,0,0,0,0,0,0
A-original,kinship,3725,103725,5,False,3,5,0,7,0,0,0,0,0,0,0
A-original,kinship,3726,103726,5,False,3,5,0,7,0,0,0,0,0,0,0
A-original,kinship,3727,103727,5,False,5,7,0,7,0,0,0,0,0,0,0
A-original,kinship,3728,103728,4,False,5,6,0,7,0,0,0,0,0,0,0
A-original,kinship,3729,103729,5,False,3,5,0,7,0,0,0,0,0,0,0
A-original,kinship,3730,103730,4,False,5,6,0,7,0,0,0,0,0,0,0
A-original,kinship,3731,103731,4,False,5,6,0,7,0,0,0,0,0,0,0
A-original,kinship,3732,103732,4,False,5,6,0,7,0,0,0,0,0,0,0
A-original,kinship,3733,103733,5,False,3,5,0,7,0,0,0,0,0,0,0
A-original,kinship,3734,103734,4,False,5,6,0,7,0,0,0,0,0,0,0
A-original,kinship,3735,103735,4,False,5,6,0,7,0,0,0,0,0,0,0
A-original,kinship,3736,103736,4,False,5,6,0,7,0,0,0,0,0,0,0
A-original,kinship,3737,103737,4,False,5,6,0,7,0,0,0,0,0,0,0
A-original,kinship,3738,103738,5,False,3,5,0,7,0,0,0,0,0,0,0
A-original,kinship,3739,103739,4,False,5,6,0,7,0,0,0,0,0,0,0
A-original,kinship,3740,103740,5,False,3,5,0,7,0,0,0,0,0,0,0
A-original,kinship,3741,103741,4,False,5,6,0,7,0,0,0,0,0,0,0
A-original,kinship,3742,103742,4,False,5,6,0,7,0,0,0,0,0,0,0
A-original,kinship,3743,103743,4,False,5,6,0,7,0,0,0,0,0,0,0
A-original,kinship,3744,103744,4,False,5,6,0,7,0,0,0,0,0,0,0
A-original,kinship,3745,103745,4,False,5,6,0,7,0,0,0,0,0,0,0
A-original,kinship,3746,103746,4,False,5,6,0,7,0,0,0,0,0,0,0
A-original,kinship,3747,103747,4,False,5,6,0,7,0,0,0,0,0,0,0
A-original,kinship,3748,103748,4,False,5,6,0,7,0,0,0,0,0,0,0
A-original,kinship,3749,103749,5,False,3,5,0,7,0,0,0,0,0,0,0
A-original,kinship,3750,103750,5,False,3,5,0,7,0,0,0,0,0,0,0
A-original,kinship,3751,103751,5,False,3,5,0,7,0,0,0,0,0,0,0
A-original,kinship,3752,103752,5,False,3,5,0,7,0,0,0,0,0,0,0
A-original,kinship,3753,103753,4,False,5,6,0,7,0,0,0,0,0,0,0
A-original,kinship,3754,103754,4,False,5,6,0,7,0,0,0,0,0,0,0
A-original,kinship,3755,103755,5,False,3,5,0,7,0,0,0,0,0,0,0
A-original,kinship,3756,103756,4,False,5,6,0,7,0,0,0,0,0,0,0
A-original,kinship,3757,103757,5,False,3,5,0,7,0,0,0,0,0,0,0
A-original,kinship,3758,103758,4,False,5,6,0,7,0,0,0,0,0,0,0
A-original,kinship,3759,103759,5,False,3,5,0,7,0,0,0,0,0,0,0
A-original,kinship,3760,103760,5,False,3,5,0,7,0,0,0,0,0,0,0
A-original,kinship,3761,103761,4,False,5,6,0,7,0,0,0,0,0,0,0
A-original,kinship,3762,103762,5,False,3,5,0,7,0,0,0,0,0,0,0
A-original,kinship,3763,103763,5,False,3,5,0,7,0,0,0,0,0,0,0
A-original,kinship,3764,103764,4,False,5,6,0,7,0,0,0,0,0,0,0
A-original,kinship,3765,103765,4,False,5,6,0,7,0,0,0,0,0,0,0
A-original,kinship,3766,103766,4,False,5,6,0,7,0,0,0,0,0,0,0
A-original,kinship,3767,103767,5,False,3,5,0,7,0,0,0,0,0,0,0
A-original,kinship,3768,103768,5,False,3,5,0,7,0,0,0,0,0,0,0
A-original,kinship,3769,103769,4,False,5,6,0,7,0,0,0,0,0,0,0
A-original,kinship,3770,103770,4,False,5,6,0,7,0,0,0,0,0,0,0
A-original,kinship,3771,103771,5,False,3,5,0,7,0,0,0,0,0,0,0
A-original,kinship,3772,103772,5,False,3,5,0,7,0,0,0,0,0,0,0
A-original,kinship,3773,103773,5,False,3,5,0,7,0,0,0,0,0,0,0
A-original,kinship,3774,103774,4,False,5,6,0,7,0,0,0,0,0,0,0
A-original,kinship,3775,103775,4,False,5,6,0,7,0,0,0,0,0,0,0
A-original,kinship,3776,103776,4,False,5,6,0,7,0,0,0,0,0,0,0
A-original,kinship,3777,103777,5,False,3,5,0,7,0,0,0,0,0,0,0
A-original,kinship,3778,103778,5,False,3,5,0,7,0,0,0,0,0,0,0
A-original,kinship,3779,103779,4,False,5,6,0,7,0,0,0,0,0,0,0
A-original,kinship,3780,103780,5,False,3,5,0,7,0,0,0,0,0,0,0
A-original,kinship,3781,103781,4,False,5,6,0,7,0,0,0,0,0,0,0
A-original,kinship,3782,103782,5,False,3,5,0,7,0,0,0,0,0,0,0
A-original,kinship,3783,103783,4,False,5,6,0,7,0,0,0,0,0,0,0
A-original,kinship,3784,103784,4,False,5,6,0,7,0,0,0,0,0,0,0
A-original,kinship,3785,103785,5,False,3,5,0,7,0,0,0,0,0,0,0
A-original,kinship,3786,103786,4,False,5,6,0,7,0,0,0,0,0,0,0
A-original,kinship,3787,103787,4,False,5,6,0,7,0,0,0,0,0,0,0
A-original,kinship,3788,103788,4,False,5,6,0,7,0,0,0,0,0,0,0
A-original,kinship,3789,103789,5,False,3,5,0,7,0,0,0,0,0,0,0
A-original,kinship,3790,103790,4,False,5,6,0,7,0,0,0,0,0,0,0
A-original,kinship,3791,103791,4,False,5,6,0,7,0,0,0,0,0,0,0
A-original,kinship,3792,103792,5,False,3,5,0,7,0,0,0,0,0,0,0
A-original,kinship,3793,103793,4,False,5,6,0,7,0,0,0,0,0,0,0
A-original,kinship,3794,103794,4,False,5,6,0,7,0,0,0,0,0,0,0
A-original,kinship,3795,103795,4,False,5,6,0,7,0,0,0,0,0,0,0
A-original,kinship,3796,103796,4,False,5,6,0,7,0,0,0,0,0,0,0
A-original,kinship,3797,103797,5,False,3,5,0,7,0,0,0,0,0,0,0
A-original,kinship,3798,103798,4,False,5,6,0,7,0,0,0,0,0,0,0
A-original,kinship,3799,103799,4,False,5,6,0,7,0,0,0,0,0,0,0
A-original,kinship,3800,103800,4,False,5,6,0,7,0,0,0,0,0,0,0
A-original,kinship,3801,103801,5,False,3,5,0,7,0,0,0,0,0,0,0
A-original,kinship,3802,103802,5,False,3,5,0,7,0,0,0,0,0,0,0
A-original,kinship,3803,103803,4,False,5,6,0,7,0,0,0,0,0,0,0
A-original,kinship,3804,103804,5,False,5,7,0,7,0,0,0,0,0,0,0
A-original,kinship,3805,103805,4,False,5,6,0,7,0,0,0,0,0,0,0
A-original,kinship,3806,103806,5,False,3,5,0,7,0,0,0,0,0,0,0
A-original,kinship,3807,103807,4,False,5,6,0,7,0,0,0,0,0,0,0
A-original,kinship,3808,103808,4,False,5,6,0,7,0,0,0,0,0,0,0
A-original,kinship,3809,103809,5,False,3,5,0,7,0,0,0,0,0,0,0
A-original,kinship,3810,103810,4,False,5,6,0,7,0,0,0,0,0,0,0
A-original,kinship,3811,103811,4,False,5,6,0,7,0,0,0,0,0,0,0
A-original,kinship,3812,103812,5,False,5,7,0,7,0,0,0,0,0,0,0
A-original,kinship,3813,103813,5,False,3,5,0,7,0,0,0,0,0,0,0
A-original,kinship,3814,103814,4,False,5,6,0,7,0,0,0,0,0,0,0
A-original,kinship,3815,103815,5,False,3,5,0,7,0,0,0,0,0,0,0
A-original,kinship,3816,103816,4,False,5,6,0,7,0,0,0,0,0,0,0
A-original,kinship,3817,103817,5,False,5,7,0,7,0,0,0,0,0,0,0
A-original,kinship,3818,103818,4,False,5,6,0,7,0,0,0,0,0,0,0
A-original,kinship,3819,103819,4,False,5,6,0,7,0,0,0,0,0,0,0
A-original,kinship,3820,103820,4,False,5,6,0,7,0,0,0,0,0,0,0
A-original,kinship,3821,103821,4,False,5,6,0,7,0,0,0,0,0,0,0
A-original,kinship,3822,103822,5,False,3,5,0,7,0,0,0,0,0,0,0
A-original,kinship,3823,103823,4,False,5,6,0,7,0,0,0,0,0,0,0
A-original,kinship,3824,103824,4,False,5,6,0,7,0,0,0,0,0,0,0
A-original,kinship,3825,103825,4,False,5,6,0,7,0,0,0,0,0,0,0
A-original,kinship,3826,103826,5,False,3,5,0,7,0,0,0,0,0,0,0
A-original,kinship,3827,103827,4,False,5,6,0,7,0,0,0,0,0,0,0
A-original,kinship,3828,103828,5,False,3,5,0,7,0,0,0,0,0,0,0
A-original,kinship,3829,103829,5,False,3,5,0,7,0,0,0,0,0,0,0
A-original,kinship,3830,103830,4,False,5,6,0,7,0,0,0,0,0,0,0
A-original,kinship,3831,103831,4,False,5,6,0,7,0,0,0,0,0,0,0
A-original,kinship,3832,103832,4,False,5,6,0,7,0,0,0,0,0,0,0
A-original,kinship,3833,103833,5,False,3,5,0,7,0,0,0,0,0,0,0
A-original,kinship,3834,103834,4,False,5,6,0,7,0,0,0,0,0,0,0
A-original,kinship,3835,103835,5,False,3,5,0,7,0,0,0,0,0,0,0
A-original,kinship,3836,103836,5,False,5,7,0,7,0,0,0,0,0,0,0
A-original,kinship,3837,103837,4,False,5,6,0,7,0,0,0,0,0,0,0
A-original,kinship,3838,103838,4,False,5,6,0,7,0,0,0,0,0,0,0
A-original,kinship,3839,103839,4,False,5,6,0,7,0,0,0,0,0,0,0
A-original,kinship,3840,103840,4,False,5,6,0,7,0,0,0,0,0,0,0
A-original,kinship,3841,103841,4,False,5,6,0,7,0,0,0,0,0,0,0
A-original,kinship,3842,103842,5,False,3,5,0,7,0,0,0,0,0,0,0
A-original,kinship,3843,103843,5,False,3,5,0,7,0,0,0,0,0,0,0
A-original,kinship,3844,103844,5,False,3,5,0,7,0,0,0,0,0,0,0
A-original,kinship,3845,103845,4,False,5,6,0,7,0,0,0,0,0,0,0
A-original,kinship,3846,103846,4,False,5,6,0,7,0,0,0,0,0,0,0
A-original,kinship,3847,103847,4,False,5,6,0,7,0,0,0,0,0,0,0
A-original,kinship,3848,103848,4,False,5,6,0,7,0,0,0,0,0,0,0
A-original,kinship,3849,103849,4,False,5,6,0,7,0,0,0,0,0,0,0
A-original,kinship,3850,103850,4,False,5,6,0,7,0,0,0,0,0,0,0
A-original,kinship,3851,103851,4,False,5,6,0,7,0,0,0,0,0,0,0
A-original,kinship,3852,103852,4,False,5,6,0,7,0,0,0,0,0,0,0
A-original,kinship,3853,103853,4,False,5,6,0,7,0,0,0,0,0,0,0
A-original,kinship,3854,103854,4,False,5,6,0,7,0,0,0,0,0,0,0
A-original,kinship,3855,103855,4,False,5,6,0,7,0,0,0,0,0,0,0
A-original,kinship,3856,103856,4,False,5,6,0,7,0,0,0,0,0,0,0
A-original,kinship,3857,103857,5,False,3,5,0,7,0,0,0,0,0,0,0
A-original,kinship,3858,103858,5,False,3,5,0,7,0,0,0,0,0,0,0
A-original,kinship,3859,103859,5,False,3,5,0,7,0,0,0,0,0,0,0
A-original,kinship,3860,103860,4,False,5,6,0,7,0,0,0,0,0,0,0
A-original,kinship,3861,103861,5,False,3,5,0,7,0,0,0,0,0,0,0
A-original,kinship,3862,103862,4,False,5,6,0,7,0,0,0,0,0,0,0
A-original,kinship,3863,103863,4,False,5,6,0,7,0,0,0,0,0,0,0
A-original,kinship,3864,103864,4,False,5,6,0,7,0,0,0,0,0,0,0
A-original,kinship,3865,103865,4,False,5,6,0,7,0,0,0,0,0,0,0
A-original,kinship,3866,103866,4,False,5,6,0,7,0,0,0,0,0,0,0
A-original,kinship,3867,103867,5,False,3,5,0,7,0,0,0,0,0,0,0
A-original,kinship,3868,103868,4,False,5,6,0,7,0,0,0,0,0,0,0
A-original,kinship,3869,103869,5,False,3,5,0,7,0,0,0,0,0,0,0
A-original,kinship,3870,103870,5,False,3,5,0,7,0,0,0,0,0,0,0
A-original,kinship,3871,103871,5,False,3,5,0,7,0,0,0,0,0,0,0
A-original,kinship,3872,103872,5,False,3,5,0,7,0,0,0,0,0,0,0
A-original,kinship,3873,103873,5,False,3,5,0,7,0,0,0,0,0,0,0
A-original,kinship,3874,103874,4,False,5,6,0,7,0,0,0,0,0,0,0
A-original,kinship,3875,103875,5,False,3,5,0,7,0,0,0,0,0,0,0
A-original,kinship,3876,103876,4,False,5,6,0,7,0,0,0,0,0,0,0
A-original,kinship,3877,103877,5,False,3,5,0,7,0,0,0,0,0,0,0
A-original,kinship,3878,103878,4,False,5,6,0,7,0,0,0,0,0,0,0
A-original,kinship,3879,103879,5,False,3,5,0,7,0,0,0,0,0,0,0
A-original,kinship,3880,103880,4,False,5,6,0,7,0,0,0,0,0,0,0
A-original,kinship,3881,103881,4,False,5,6,0,7,0,0,0,0,0,0,0
A-original,kinship,3882,103882,4,False,5,6,0,7,0,0,0,0,0,0,0
A-original,kinship,3883,103883,5,False,3,5,0,7,0,0,0,0,0,0,0
A-original,kinship,3884,103884,5,False,3,5,0,7,0,0,0,0,0,0,0
A-original,kinship,3885,103885,5,False,3,5,0,7,0,0,0,0,0,0,0
A-original,kinship,3886,103886,4,False,5,6,0,7,0,0,0,0,0,0,0
A-original,kinship,3887,103887,4,False,5,6,0,7,0,0,0,0,0,0,0
A-original,kinship,3888,103888,5,False,3,5,0,7,0,0,0,0,0,0,0
A-original,kinship,3889,103889,5,False,3,5,0,7,0,0,0,0,0,0,0
A-original,kinship,3890,103890,5,False,3,5,0,7,0,0,0,0,0,0,0
A-original,kinship,3891,103891,4,False,5,6,0,7,0,0,0,0,0,0,0
A-original,kinship,3892,103892,4,False,5,6,0,7,0,0,0,0,0,0,0
A-original,kinship,3893,103893,4,False,5,6,0,7,0,0,0,0,0,0,0
A-original,kinship,3894,103894,5,False,3,5,0,7,0,0,0,0,0,0,0
A-original,kinship,3895,103895,4,False,5,6,0,7,0,0,0,0,0,0,0
A-original,kinship,3896,103896,4,False,5,6,0,7,0,0,0,0,0,0,0
A-original,kinship,3897,103897,5,False,3,5,0,7,0,0,0,0,0,0,0
A-original,kinship,3898,103898,4,False,5,6,0,7,0,0,0,0,0,0,0
A-original,kinship,3899,103899,4,False,5,6,0,7,0,0,0,0,0,0,0
A-original,kinship,3900,103900,4,False,5,6,0,7,0,0,0,0,0,0,0
A-original,kinship,3901,103901,5,False,3,5,0,7,0,0,0,0,0,0,0
A-original,kinship,3902,103902,4,False,5,6,0,7,0,0,0,0,0,0,0
A-original,kinship,3903,103903,4,False,5,6,0,7,0,0,0,0,0,0,0
A-original,kinship,3904,103904,4,False,5,6,0,7,0,0,0,0,0,0,0
A-original,kinship,3905,103905,5,False,3,5,0,7,0,0,0,0,0,0,0
A-original,kinship,3906,103906,5,False,3,5,0,7,0,0,0,0,0,0,0
A-original,kinship,3907,103907,4,False,5,6,0,7,0,0,0,0,0,0,0
A-original,kinship,3908,103908,5,False,3,5,0,7,0,0,0,0,0,0,0
A-original,kinship,3909,103909,5,False,3,5,0,7,0,0,0,0,0,0,0
A-original,kinship,3910,103910,5,False,3,5,0,7,0,0,0,0,0,0,0
A-original,kinship,3911,103911,5,False,3,5,0,7,0,0,0,0,0,0,0
A-original,kinship,3912,103912,5,False,3,5,0,7,0,0,0,0,0,0,0
A-original,kinship,3913,103913,4,False,5,6,0,7,0,0,0,0,0,0,0
A-original,kinship,3914,103914,4,False,5,6,0,7,0,0,0,0,0,0,0
A-original,kinship,3915,103915,4,False,5,6,0,7,0,0,0,0,0,0,0
A-original,kinship,3916,103916,5,False,3,5,0,7,0,0,0,0,0,0,0
A-original,kinship,3917,103917,4,False,5,6,0,7,0,0,0,0,0,0,0
A-original,kinship,3918,103918,4,False,5,6,0,7,0,0,0,0,0,0,0
A-original,kinship,3919,103919,5,False,3,5,0,7,0,0,0,0,0,0,0
A-original,kinship,3920,103920,5,False,3,5,0,7,0,0,0,0,0,0,0
A-original,kinship,3921,103921,5,False,3,5,0,7,0,0,0,0,0,0,0
A-original,kinship,3922,103922,5,False,3,5,0,7,0,0,0,0,0,0,0
A-original,kinship,3923,103923,5,False,3,5,0,7,0,0,0,0,0,0,0
A-original,kinship,3924,103924,4,False,5,6,0,7,0,0,0,0,0,0,0
A-original,kinship,3925,103925,5,False,3,5,0,7,0,0,0,0,0,0,0
A-original,kinship,3926,103926,4,False,5,6,0,7,0,0,0,0,0,0,0
A-original,kinship,3927,103927,5,False,3,5,0,7,0,0,0,0,0,0,0
A-original,kinship,3928,103928,4,False,5,6,0,7,0,0,0,0,0,0,0
A-original,kinship,3929,103929,5,False,3,5,0,7,0,0,0,0,0,0,0
A-original,kinship,3930,103930,4,False,5,6,0,7,0,0,0,0,0,0,0
A-original,kinship,3931,103931,4,False,5,6,0,7,0,0,0,0,0,0,0
A-original,kinship,3932,103932,5,False,3,5,0,7,0,0,0,0,0,0,0
A-original,kinship,3933,103933,5,False,5,7,0,7,0,0,0,0,0,0,0
A-original,kinship,3934,103934,4,False,5,6,0,7,0,0,0,0,0,0,0
A-original,kinship,3935,103935,4,False,5,6,0,7,0,0,0,0,0,0,0
A-original,kinship,3936,103936,5,False,3,5,0,7,0,0,0,0,0,0,0
A-original,kinship,3937,103937,4,False,5,6,0,7,0,0,0,0,0,0,0
A-original,kinship,3938,103938,5,False,3,5,0,7,0,0,0,0,0,0,0
A-original,kinship,3939,103939,4,False,5,6,0,7,0,0,0,0,0,0,0
A-original,kinship,3940,103940,4,False,5,6,0,7,0,0,0,0,0,0,0
A-original,kinship,3941,103941,4,False,5,6,0,7,0,0,0,0,0,0,0
A-original,kinship,3942,103942,4,False,5,6,0,7,0,0,0,0,0,0,0
A-original,kinship,3943,103943,5,False,3,5,0,7,0,0,0,0,0,0,0
A-original,kinship,3944,103944,5,False,3,5,0,7,0,0,0,0,0,0,0
A-original,kinship,3945,103945,4,False,5,6,0,7,0,0,0,0,0,0,0
A-original,kinship,3946,103946,4,False,5,6,0,7,0,0,0,0,0,0,0
A-original,kinship,3947,103947,4,False,5,6,0,7,0,0,0,0,0,0,0
A-original,kinship,3948,103948,4,False,5,6,0,7,0,0,0,0,0,0,0
A-original,kinship,3949,103949,4,False,5,6,0,7,0,0,0,0,0,0,0
A-original,kinship,3950,103950,4,False,5,6,0,7,0,0,0,0,0,0,0
A-original,kinship,3951,103951,4,False,5,6,0,7,0,0,0,0,0,0,0
A-original,kinship,3952,103952,4,False,5,6,0,7,0,0,0,0,0,0,0
A-original,kinship,3953,103953,4,False,5,6,0,7,0,0,0,0,0,0,0
A-original,kinship,3954,103954,5,False,3,5,0,7,0,0,0,0,0,0,0
A-original,kinship,3955,103955,4,False,5,6,0,7,0,0,0,0,0,0,0
A-original,kinship,3956,103956,4,False,5,6,0,7,0,0,0,0,0,0,0
A-original,kinship,3957,103957,4,False,5,6,0,7,0,0,0,0,0,0,0
A-original,kinship,3958,103958,4,False,5,6,0,7,0,0,0,0,0,0,0
A-original,kinship,3959,103959,4,False,5,6,0,7,0,0,0,0,0,0,0
A-original,kinship,3960,103960,4,False,5,6,0,7,0,0,0,0,0,0,0
A-original,kinship,3961,103961,4,False,5,6,0,7,0,0,0,0,0,0,0
A-original,kinship,3962,103962,4,False,5,6,0,7,0,0,0,0,0,0,0
A-original,kinship,3963,103963,4,False,5,6,0,7,0,0,0,0,0,0,0
A-original,kinship,3964,103964,4,False,5,6,0,7,0,0,0,0,0,0,0
A-original,kinship,3965,103965,4,False,5,6,0,7,0,0,0,0,0,0,0
A-original,kinship,3966,103966,5,False,3,5,0,7,0,0,0,0,0,0,0
A-original,kinship,3967,103967,4,False,5,6,0,7,0,0,0,0,0,0,0
A-original,kinship,3968,103968,4,False,5,6,0,7,0,0,0,0,0,0,0
A-original,kinship,3969,103969,4,False,5,6,0,7,0,0,0,0,0,0,0
A-original,kinship,3970,103970,5,False,3,5,0,7,0,0,0,0,0,0,0
A-original,kinship,3971,103971,5,False,3,5,0,7,0,0,0,0,0,0,0
A-original,kinship,3972,103972,4,False,5,6,0,7,0,0,0,0,0,0,0
A-original,kinship,3973,103973,4,False,5,6,0,7,0,0,0,0,0,0,0
A-original,kinship,3974,103974,4,False,5,6,0,7,0,0,0,0,0,0,0
A-original,kinship,3975,103975,4,False,5,6,0,7,0,0,0,0,0,0,0
A-original,kinship,3976,103976,4,False,5,6,0,7,0,0,0,0,0,0,0
A-original,kinship,3977,103977,4,False,5,6,0,7,0,0,0,0,0,0,0
A-original,kinship,3978,103978,5,False,5,7,0,7,0,0,0,0,0,0,0
A-original,kinship,3979,103979,4,False,5,6,0,7,0,0,0,0,0,0,0
A-original,kinship,3980,103980,4,False,5,6,0,7,0,0,0,0,0,0,0
A-original,kinship,3981,103981,4,False,5,6,0,7,0,0,0,0,0,0,0
A-original,kinship,3982,103982,4,False,5,6,0,7,0,0,0,0,0,0,0
A-original,kinship,3983,103983,4,False,5,6,0,7,0,0,0,0,0,0,0
A-original,kinship,3984,103984,4,False,5,6,0,7,0,0,0,0,0,0,0
A-original,kinship,3985,103985,5,False,3,5,0,7,0,0,0,0,0,0,0
A-original,kinship,3986,103986,5,False,3,5,0,7,0,0,0,0,0,0,0
A-original,kinship,3987,103987,4,False,5,6,0,7,0,0,0,0,0,0,0
A-original,kinship,3988,103988,5,False,3,5,0,7,0,0,0,0,0,0,0
A-original,kinship,3989,103989,4,False,5,6,0,7,0,0,0,0,0,0,0
A-original,kinship,3990,103990,5,False,5,7,0,7,0,0,0,0,0,0,0
A-original,kinship,3991,103991,4,False,5,6,0,7,0,0,0,0,0,0,0
A-original,kinship,3992,103992,4,False,5,6,0,7,0,0,0,0,0,0,0
A-original,kinship,3993,103993,4,False,5,6,0,7,0,0,0,0,0,0,0
A-original,kinship,3994,103994,4,False,5,6,0,7,0,0,0,0,0,0,0
A-original,kinship,3995,103995,5,False,3,5,0,7,0,0,0,0,0,0,0
A-original,kinship,3996,103996,4,False,5,6,0,7,0,0,0,0,0,0,0
A-original,kinship,3997,103997,4,False,5,6,0,7,0,0,0,0,0,0,0
A-original,kinship,3998,103998,4,False,5,6,0,7,0,0,0,0,0,0,0
A-original,kinship,3999,103999,4,False,5,6,0,7,0,0,0,0,0,0,0
A-original,kinship,4000,104000,4,False,5,6,0,7,0,0,0,0,0,0,0
A-original,technology,4001,104001,20,True,5,5,16,16,0,0,0,0,8,0,0
A-original,technology,4002,104002,20,True,5,5,28,28,0,0,0,0,10,0,0
A-original,technology,4003,104003,20,True,5,5,38,38,0,0,0,0,9,0,0
A-original,technology,4004,104004,20,True,3,5,13,13,0,0,0,0,6,0,0
A-original,technology,4005,104005,20,True,4,5,6,15,0,0,0,0,7,0,0
A-original,technology,4006,104006,20,True,3,5,8,11,0,0,0,0,6,0,0
A-original,technology,4007,104007,20,True,3,5,4,7,0,0,0,0,5,0,0
A-original,technology,4008,104008,20,True,5,5,30,30,0,0,0,0,8,0,0
A-original,technology,4009,104009,20,True,5,5,28,30,0,0,0,0,7,0,0
A-original,technology,4010,104010,20,True,5,5,4,18,0,0,0,0,6,0,0
A-original,technology,4011,104011,20,True,5,5,26,26,0,0,0,0,7,0,0
A-original,technology,4012,104012,20,True,5,5,17,24,0,0,0,0,8,0,0
A-original,technology,4013,104013,20,True,3,5,8,9,0,0,0,0,5,0,0
A-original,technology,4014,104014,20,True,1,5,2,10,0,0,0,0,3,0,0
A-original,technology,4015,104015,20,True,5,5,34,34,0,0,0,0,7,0,0
A-original,technology,4016,104016,20,True,4,5,2,9,0,0,0,0,7,0,0
A-original,technology,4017,104017,20,True,5,5,22,24,0,0,0,0,7,0,0
A-original,technology,4018,104018,20,True,2,5,2,7,0,0,0,0,5,0,0
A-original,technology,4019,104019,20,True,1,5,1,9,0,0,0,0,5,0,0
A-original,technology,4020,104020,13,False,0,5,0,7,0,0,0,0,3,0,0
A-original,technology,4021,104021,20,True,5,5,10,14,0,0,0,0,8,0,0
A-original,technology,4022,104022,20,True,5,5,19,21,0,0,0,0,8,0,0
A-original,technology,4023,104023,20,True,5,5,37,37,0,0,0,0,7,0,0
A-original,technology,4024,104024,20,True,5,5,26,26,0,0,0,0,6,0,0
A-original,technology,4025,104025,20,True,5,5,37,37,0,0,0,0,7,0,0
A-original,technology,4026,104026,20,True,5,5,25,27,0,0,0,0,7,0,0
A-original,technology,4027,104027,20,True,5,5,9,17,0,0,0,0,7,0,0
A-original,technology,4028,104028,20,True,3,5,4,11,0,0,0,0,6,0,0
A-original,technology,4029,104029,20,True,4,5,5,11,0,0,0,0,8,0,0
A-original,technology,4030,104030,20,True,5,5,25,25,0,0,0,0,6,0,0
A-original,technology,4031,104031,20,True,4,5,4,7,0,0,0,0,6,0,0
A-original,technology,4032,104032,20,True,4,5,5,7,0,0,0,0,6,0,0
A-original,technology,4033,104033,20,True,4,5,7,9,0,0,0,0,9,0,0
A-original,technology,4034,104034,20,True,5,5,23,23,0,0,0,0,7,0,0
A-original,technology,4035,104035,20,True,5,5,21,21,0,0,0,0,9,0,0
A-original,technology,4036,104036,20,True,5,5,15,15,0,0,0,0,8,0,0
A-original,technology,4037,104037,20,True,5,5,25,25,0,0,0,0,8,0,0
A-original,technology,4038,104038,20,True,4,5,11,11,0,0,0,0,7,0,0
A-original,technology,4039,104039,20,True,5,5,40,40,0,0,0,0,9,0,0
A-original,technology,4040,104040,20,True,3,5,0,11,0,0,0,0,6,0,0
A-original,technology,4041,104041,13,False,0,5,0,7,0,0,0,0,3,0,0
A-original,technology,4042,104042,20,True,3,5,12,12,0,0,0,0,5,0,0
A-original,technology,4043,104043,20,True,1,5,1,7,0,0,0,0,3,0,0
A-original,technology,4044,104044,20,True,5,5,16,16,0,0,0,0,8,0,0
A-original,technology,4045,104045,20,True,5,5,13,15,0,0,0,0,9,0,0
A-original,technology,4046,104046,20,True,5,5,31,31,0,0,0,0,7,0,0
A-original,technology,4047,104047,20,True,5,5,20,20,0,0,0,0,6,0,0
A-original,technology,4048,104048,20,True,5,5,17,19,0,0,0,0,8,0,0
A-original,technology,4049,104049,20,True,5,5,36,37,0,0,0,0,8,0,0
A-original,technology,4050,104050,20,True,4,5,6,8,0,0,0,0,6,0,0
A-original,technology,4051,104051,20,True,5,5,33,33,0,0,0,0,8,0,0
A-original,technology,4052,104052,20,True,1,5,5,9,0,0,0,0,3,0,0
A-original,technology,4053,104053,20,True,3,5,23,23,0,0,0,0,4,0,0
A-original,technology,4054,104054,20,True,5,5,30,30,0,0,0,0,8,0,0
A-original,technology,4055,104055,20,True,3,5,8,12,0,0,0,0,4,0,0
A-original,technology,4056,104056,20,True,5,5,13,13,0,0,0,0,6,0,0
A-original,technology,4057,104057,20,True,5,5,15,23,0,0,0,0,4,0,0
A-original,technology,4058,104058,20,True,5,5,15,15,0,0,0,0,7,0,0
A-original,technology,4059,104059,20,True,3,5,11,11,0,0,0,0,6,0,0
A-original,technology,4060,104060,20,True,1,5,5,7,0,0,0,0,4,0,0
A-original,technology,4061,104061,20,True,5,5,24,27,0,0,0,0,7,0,0
A-original,technology,4062,104062,20,True,5,5,20,20,0,0,0,0,6,0,0
A-original,technology,4063,104063,20,True,4,5,1,12,0,0,0,0,7,0,0
A-original,technology,4064,104064,20,True,2,5,3,7,0,0,0,0,6,0,0
A-original,technology,4065,104065,20,True,4,5,4,13,0,0,0,0,5,0,0
A-original,technology,4066,104066,20,True,5,5,12,17,0,0,0,0,8,0,0
A-original,technology,4067,104067,20,True,5,5,10,15,0,0,0,0,5,0,0
A-original,technology,4068,104068,20,True,5,5,18,24,0,0,0,0,5,0,0
A-original,technology,4069,104069,20,True,3,5,5,7,0,0,0,0,5,0,0
A-original,technology,4070,104070,20,True,3,5,7,10,0,0,0,0,6,0,0
A-original,technology,4071,104071,20,True,5,5,40,40,0,0,0,0,10,0,0
A-original,technology,4072,104072,20,True,4,5,10,12,0,0,0,0,6,0,0
A-original,technology,4073,104073,20,True,5,5,9,12,0,0,0,0,7,0,0
A-original,technology,4074,104074,16,False,0,5,0,7,0,0,0,0,2,0,0
A-original,technology,4075,104075,20,True,3,5,11,11,0,0,0,0,6,0,0
A-original,technology,4076,104076,20,True,5,5,14,21,0,0,0,0,7,0,0
A-original,technology,4077,104077,20,True,4,5,9,9,0,0,0,0,9,0,0
A-original,technology,4078,104078,20,True,5,5,49,52,0,0,0,0,8,0,0
A-original,technology,4079,104079,20,True,5,5,35,35,0,0,0,0,10,0,0
A-original,technology,4080,104080,20,True,1,5,7,8,0,0,0,0,4,0,0
A-original,technology,4081,104081,20,True,5,5,40,40,0,0,0,0,8,0,0
A-original,technology,4082,104082,20,True,5,5,35,35,0,0,0,0,7,0,0
A-original,technology,4083,104083,20,True,4,5,4,9,0,0,0,0,6,0,0
A-original,technology,4084,104084,20,True,5,5,31,31,0,0,0,0,8,0,0
A-original,technology,4085,104085,20,True,3,5,4,7,0,0,0,0,3,0,0
A-original,technology,4086,104086,20,True,1,5,8,8,0,0,0,0,3,0,0
A-original,technology,4087,104087,20,True,5,5,15,15,0,0,0,0,7,0,0
A-original,technology,4088,104088,20,True,3,5,7,10,0,0,0,0,5,0,0
A-original,technology,4089,104089,20,True,1,5,6,7,0,0,0,0,3,0,0
A-original,technology,4090,104090,20,True,5,5,8,10,0,0,0,0,6,0,0
A-original,technology,4091,104091,20,True,3,5,7,12,0,0,0,0,3,0,0
A-original,technology,4092,104092,20,True,5,5,1,12,0,0,0,0,6,0,0
A-original,technology,4093,104093,20,True,5,5,22,22,0,0,0,0,8,0,0
A-original,technology,4094,104094,20,True,5,5,25,26,0,0,0,0,9,0,0
A-original,technology,4095,104095,20,True,5,5,2,13,0,0,0,0,5,0,0
A-original,technology,4096,104096,20,True,3,5,5,9,0,0,0,0,3,0,0
A-original,technology,4097,104097,20,True,5,5,10,10,0,0,0,0,6,0,0
A-original,technology,4098,104098,20,True,5,5,22,22,0,0,0,0,6,0,0
A-original,technology,4099,104099,20,True,4,5,0,15,0,0,0,0,8,0,0
A-original,technology,4100,104100,20,True,3,5,8,10,0,0,0,0,5,0,0
A-original,technology,4101,104101,20,True,5,5,1,21,0,0,0,0,7,0,0
A-original,technology,4102,104102,20,True,5,5,21,23,0,0,0,0,7,0,0
A-original,technology,4103,104103,20,True,5,5,20,25,0,0,0,0,7,0,0
A-original,technology,4104,104104,20,True,1,5,1,7,0,0,0,0,5,0,0
A-original,technology,4105,104105,20,True,5,5,26,26,0,0,0,0,8,0,0
A-original,technology,4106,104106,20,True,1,5,3,7,0,0,0,0,3,0,0
A-original,technology,4107,104107,20,True,3,5,10,10,0,0,0,0,7,0,0
A-original,technology,4108,104108,20,True,5,5,19,19,0,0,0,0,7,0,0
A-original,technology,4109,104109,20,True,5,5,28,31,0,0,0,0,7,0,0
A-original,technology,4110,104110,20,True,3,5,2,10,0,0,0,0,4,0,0
A-original,technology,4111,104111,20,True,3,5,14,14,0,0,0,0,5,0,0
A-original,technology,4112,104112,20,True,5,5,34,34,0,0,0,0,6,0,0
A-original,technology,4113,104113,20,True,4,5,8,9,0,0,0,0,6,0,0
A-original,technology,4114,104114,20,True,5,5,6,16,0,0,0,0,7,0,0
A-original,technology,4115,104115,20,True,5,5,20,20,0,0,0,0,7,0,0
A-original,technology,4116,104116,20,True,5,5,22,24,0,0,0,0,5,0,0
A-original,technology,4117,104117,20,True,1,5,0,9,0,0,0,0,3,0,0
A-original,technology,4118,104118,20,True,5,5,28,28,0,0,0,0,7,0,0
A-original,technology,4119,104119,20,True,5,5,25,27,0,0,0,0,8,0,0
A-original,technology,4120,104120,20,True,1,5,5,13,0,0,0,0,5,0,0
A-original,technology,4121,104121,11,False,0,5,0,7,0,0,0,0,3,0,0
A-original,technology,4122,104122,20,True,3,5,15,15,0,0,0,0,7,0,0
A-original,technology,4123,104123,20,True,3,5,10,12,0,0,0,0,5,0,0
A-original,technology,4124,104124,20,True,5,5,30,30,0,0,0,0,8,0,0
A-original,technology,4125,104125,20,True,5,5,24,24,0,0,0,0,7,0,0
A-original,technology,4126,104126,20,True,5,5,31,31,0,0,0,0,9,0,0
A-original,technology,4127,104127,20,True,5,5,17,17,0,0,0,0,6,0,0
A-original,technology,4128,104128,20,True,5,5,33,33,0,0,0,0,5,0,0
A-original,technology,4129,104129,20,True,1,5,2,7,0,0,0,0,2,0,0
A-original,technology,4130,104130,20,True,1,5,1,7,0,0,0,0,5,0,0
A-original,technology,4131,104131,20,True,5,5,16,16,0,0,0,0,6,0,0
A-original,technology,4132,104132,20,True,1,5,2,7,0,0,0,0,3,0,0
A-original,technology,4133,104133,20,True,5,5,40,40,0,0,0,0,6,0,0
A-original,technology,4134,104134,20,True,5,5,34,39,0,0,0,0,9,0,0
A-original,technology,4135,104135,20,True,1,5,5,7,0,0,0,0,3,0,0
A-original,technology,4136,104136,20,True,5,5,23,25,0,0,0,0,9,0,0
A-original,technology,4137,104137,20,True,1,5,1,7,0,0,0,0,5,0,0
A-original,technology,4138,104138,20,True,5,5,45,46,0,0,0,0,8,0,0
A-original,technology,4139,104139,20,True,5,5,24,24,0,0,0,0,8,0,0
A-original,technology,4140,104140,20,True,5,5,36,36,0,0,0,0,7,0,0
A-original,technology,4141,104141,20,True,5,5,23,23,0,0,0,0,4,0,0
A-original,technology,4142,104142,20,True,5,5,23,23,0,0,0,0,7,0,0
A-original,technology,4143,104143,20,False,0,5,0,9,0,0,0,0,3,0,0
A-original,technology,4144,104144,20,True,5,5,28,28,0,0,0,0,7,0,0
A-original,technology,4145,104145,20,True,1,5,2,7,0,0,0,0,4,0,0
A-original,technology,4146,104146,20,True,5,5,37,37,0,0,0,0,6,0,0
A-original,technology,4147,104147,20,True,5,5,32,32,0,0,0,0,7,0,0
A-original,technology,4148,104148,20,True,3,5,10,10,0,0,0,0,7,0,0
A-original,technology,4149,104149,20,True,1,5,1,8,0,0,0,0,3,0,0
A-original,technology,4150,104150,20,True,3,5,8,9,0,0,0,0,6,0,0
A-original,technology,4151,104151,20,True,3,5,9,9,0,0,0,0,7,0,0
A-original,technology,4152,104152,20,True,5,5,10,15,0,0,0,0,7,0,0
A-original,technology,4153,104153,20,True,3,5,17,17,0,0,0,0,4,0,0
A-original,technology,4154,104154,20,True,5,5,26,28,0,0,0,0,9,0,0
A-original,technology,4155,104155,20,True,1,5,4,7,0,0,0,0,4,0,0
A-original,technology,4156,104156,20,True,5,5,23,23,0,0,0,0,8,0,0
A-original,technology,4157,104157,20,True,5,5,13,15,0,0,0,0,8,0,0
A-original,technology,4158,104158,20,True,5,5,9,16,0,0,0,0,6,0,0
A-original,technology,4159,104159,20,True,1,5,11,11,0,0,0,0,3,0,0
A-original,technology,4160,104160,20,True,5,5,8,13,0,0,0,0,7,0,0
A-original,technology,4161,104161,20,True,5,5,27,27,0,0,0,0,7,0,0
A-original,technology,4162,104162,20,True,5,5,19,22,0,0,0,0,7,0,0
A-original,technology,4163,104163,20,True,5,5,21,21,0,0,0,0,6,0,0
A-original,technology,4164,104164,20,True,5,5,20,20,0,0,0,0,8,0,0
A-original,technology,4165,104165,20,True,5,5,4,13,0,0,0,0,5,0,0
A-original,technology,4166,104166,20,True,5,5,27,27,0,0,0,0,8,0,0
A-original,technology,4167,104167,20,True,5,5,9,11,0,0,0,0,5,0,0
A-original,technology,4168,104168,20,True,5,5,32,32,0,0,0,0,6,0,0
A-original,technology,4169,104169,20,True,5,5,19,19,0,0,0,0,8,0,0
A-original,technology,4170,104170,20,True,1,5,7,9,0,0,0,0,3,0,0
A-original,technology,4171,104171,20,True,5,5,23,23,0,0,0,0,6,0,0
A-original,technology,4172,104172,20,True,3,5,17,17,0,0,0,0,6,0,0
A-original,technology,4173,104173,20,True,5,5,7,15,0,0,0,0,6,0,0
A-original,technology,4174,104174,20,True,3,5,7,10,0,0,0,0,6,0,0
A-original,technology,4175,104175,20,True,5,5,21,25,0,0,0,0,5,0,0
A-original,technology,4176,104176,20,True,5,5,22,22,0,0,0,0,9,0,0
A-original,technology,4177,104177,20,True,5,5,12,15,0,0,0,0,7,0,0
A-original,technology,4178,104178,20,True,1,5,4,8,0,0,0,0,4,0,0
A-original,technology,4179,104179,20,True,5,5,18,20,0,0,0,0,8,0,0
A-original,technology,4180,104180,20,True,5,5,14,18,0,0,0,0,6,0,0
A-original,technology,4181,104181,20,True,5,5,26,26,0,0,0,0,6,0,0
A-original,technology,4182,104182,20,True,4,5,3,14,0,0,0,0,5,0,0
A-original,technology,4183,104183,20,True,3,5,9,9,0,0,0,0,4,0,0
A-original,technology,4184,104184,20,True,5,5,12,12,0,0,0,0,7,0,0
A-original,technology,4185,104185,20,True,3,5,16,16,0,0,0,0,5,0,0
A-original,technology,4186,104186,20,True,3,5,6,11,0,0,0,0,5,0,0
A-original,technology,4187,104187,20,True,5,5,20,20,0,0,0,0,9,0,0
A-original,technology,4188,104188,20,True,5,5,19,19,0,0,0,0,8,0,0
A-original,technology,4189,104189,20,True,5,5,41,41,0,0,0,0,8,0,0
A-original,technology,4190,104190,20,True,5,5,27,27,0,0,0,0,8,0,0
A-original,technology,4191,104191,20,True,3,5,6,8,0,0,0,0,4,0,0
A-original,technology,4192,104192,20,True,4,5,2,9,0,0,0,0,7,0,0
A-original,technology,4193,104193,20,True,1,5,7,7,0,0,0,0,4,0,0
A-original,technology,4194,104194,20,True,5,5,9,11,0,0,0,0,6,0,0
A-original,technology,4195,104195,20,True,5,5,15,22,0,0,0,0,6,0,0
A-original,technology,4196,104196,20,True,4,5,7,9,0,0,0,0,6,0,0
A-original,technology,4197,104197,20,True,3,5,19,20,0,0,0,0,4,0,0
A-original,technology,4198,104198,20,True,1,5,0,7,0,0,0,0,5,0,0
A-original,technology,4199,104199,20,True,5,5,31,31,0,0,0,0,9,0,0
A-original,technology,4200,104200,20,True,3,5,14,14,0,0,0,0,6,0,0
A-original,technology,4201,104201,20,True,5,5,52,52,0,0,0,0,7,0,0
A-original,technology,4202,104202,20,True,3,5,0,8,0,0,0,0,5,0,0
A-original,technology,4203,104203,20,True,5,5,28,28,0,0,0,0,9,0,0
A-original,technology,4204,104204,20,True,5,5,23,25,0,0,0,0,7,0,0
A-original,technology,4205,104205,20,True,5,5,5,11,0,0,0,0,6,0,0
A-original,technology,4206,104206,20,True,5,5,13,13,0,0,0,0,6,0,0
A-original,technology,4207,104207,20,True,5,5,8,12,0,0,0,0,8,0,0
A-original,technology,4208,104208,20,True,3,5,8,8,0,0,0,0,5,0,0
A-original,technology,4209,104209,20,True,5,5,20,20,0,0,0,0,7,0,0
A-original,technology,4210,104210,20,True,5,5,17,17,0,0,0,0,8,0,0
A-original,technology,4211,104211,20,True,4,5,8,8,0,0,0,0,8,0,0
A-original,technology,4212,104212,20,True,4,5,2,13,0,0,0,0,6,0,0
A-original,technology,4213,104213,20,True,3,5,8,10,0,0,0,0,4,0,0
A-original,technology,4214,104214,20,True,5,5,18,21,0,0,0,0,7,0,0
A-original,technology,4215,104215,20,True,5,5,35,35,0,0,0,0,8,0,0
A-original,technology,4216,104216,20,True,1,5,6,7,0,0,0,0,2,0,0
A-original,technology,4217,104217,20,True,5,5,1,10,0,0,0,0,8,0,0
A-original,technology,4218,104218,20,True,5,5,32,32,0,0,0,0,7,0,0
A-original,technology,4219,104219,13,False,0,5,0,7,0,0,0,0,2,0,0
A-original,technology,4220,104220,20,True,3,5,5,11,0,0,0,0,6,0,0
A-original,technology,4221,104221,20,True,3,5,9,9,0,0,0,0,5,0,0
A-original,technology,4222,104222,20,True,5,5,23,23,0,0,0,0,7,0,0
A-original,technology,4223,104223,20,True,5,5,18,19,0,0,0,0,7,0,0
A-original,technology,4224,104224,20,True,5,5,26,26,0,0,0,0,10,0,0
A-original,technology,4225,104225,20,True,1,5,3,7,0,0,0,0,4,0,0
A-original,technology,4226,104226,20,True,4,5,2,11,0,0,0,0,8,0,0
A-original,technology,4227,104227,20,True,1,5,9,9,0,0,0,0,4,0,0
A-original,technology,4228,104228,20,True,5,5,28,31,0,0,0,0,8,0,0
A-original,technology,4229,104229,20,True,5,5,21,21,0,0,0,0,7,0,0
A-original,technology,4230,104230,20,True,5,5,34,34,0,0,0,0,7,0,0
A-original,technology,4231,104231,20,True,4,5,6,8,0,0,0,0,6,0,0
A-original,technology,4232,104232,20,True,5,5,16,16,0,0,0,0,8,0,0
A-original,technology,4233,104233,20,True,2,5,2,13,0,0,0,0,4,0,0
A-original,technology,4234,104234,20,True,2,5,1,7,0,0,0,0,6,0,0
A-original,technology,4235,104235,20,True,5,5,21,21,0,0,0,0,8,0,0
A-original,technology,4236,104236,20,True,5,5,7,15,0,0,0,0,6,0,0
A-original,technology,4237,104237,20,True,1,5,2,7,0,0,0,0,1,0,0
A-original,technology,4238,104238,20,True,3,5,6,8,0,0,0,0,5,0,0
A-original,technology,4239,104239,20,True,3,5,10,13,0,0,0,0,7,0,0
A-original,technology,4240,104240,20,True,5,5,21,21,0,0,0,0,7,0,0
A-original,technology,4241,104241,20,True,5,5,5,10,0,0,0,0,7,0,0
A-original,technology,4242,104242,20,True,5,5,14,14,0,0,0,0,9,0,0
A-original,technology,4243,104243,20,True,5,5,29,31,0,0,0,0,7,0,0
A-original,technology,4244,104244,20,True,3,5,8,9,0,0,0,0,5,0,0
A-original,technology,4245,104245,20,True,5,5,25,25,0,0,0,0,7,0,0
A-original,technology,4246,104246,20,True,5,5,10,11,0,0,0,0,7,0,0
A-original,technology,4247,104247,20,True,5,5,52,52,0,0,0,0,9,0,0
A-original,technology,4248,104248,20,True,1,5,0,9,0,0,0,0,4,0,0
A-original,technology,4249,104249,20,True,5,5,20,24,0,0,0,0,6,0,0
A-original,technology,4250,104250,20,True,5,5,27,27,0,0,0,0,7,0,0
A-original,technology,4251,104251,20,True,4,5,6,9,0,0,0,0,8,0,0
A-original,technology,4252,104252,20,True,5,5,16,16,0,0,0,0,7,0,0
A-original,technology,4253,104253,20,True,5,5,16,16,0,0,0,0,7,0,0
A-original,technology,4254,104254,20,True,1,5,1,17,0,0,0,0,4,0,0
A-original,technology,4255,104255,20,True,4,5,0,10,0,0,0,0,5,0,0
A-original,technology,4256,104256,20,True,5,5,4,10,0,0,0,0,5,0,0
A-original,technology,4257,104257,20,True,1,5,1,7,0,0,0,0,5,0,0
A-original,technology,4258,104258,20,True,4,5,13,13,0,0,0,0,9,0,0
A-original,technology,4259,104259,20,True,5,5,23,23,0,0,0,0,6,0,0
A-original,technology,4260,104260,20,True,1,5,3,9,0,0,0,0,1,0,0
A-original,technology,4261,104261,20,True,4,5,2,9,0,0,0,0,8,0,0
A-original,technology,4262,104262,20,True,5,5,18,20,0,0,0,0,7,0,0
A-original,technology,4263,104263,20,True,5,5,13,18,0,0,0,0,5,0,0
A-original,technology,4264,104264,20,True,1,5,0,9,0,0,0,0,3,0,0
A-original,technology,4265,104265,12,False,0,5,0,8,0,0,0,0,3,0,0
A-original,technology,4266,104266,20,True,5,5,40,40,0,0,0,0,7,0,0
A-original,technology,4267,104267,20,True,5,5,26,26,0,0,0,0,6,0,0
A-original,technology,4268,104268,20,True,5,5,53,53,0,0,0,0,7,0,0
A-original,technology,4269,104269,20,True,5,5,11,12,0,0,0,0,7,0,0
A-original,technology,4270,104270,20,True,5,5,23,23,0,0,0,0,8,0,0
A-original,technology,4271,104271,20,True,5,5,19,19,0,0,0,0,6,0,0
A-original,technology,4272,104272,20,True,1,5,6,7,0,0,0,0,4,0,0
A-original,technology,4273,104273,20,True,3,5,14,14,0,0,0,0,7,0,0
A-original,technology,4274,104274,20,True,5,5,10,16,0,0,0,0,6,0,0
A-original,technology,4275,104275,20,True,2,5,1,8,0,0,0,0,4,0,0
A-original,technology,4276,104276,20,True,4,5,2,9,0,0,0,0,7,0,0
A-original,technology,4277,104277,20,True,5,5,9,19,0,0,0,0,7,0,0
A-original,technology,4278,104278,20,True,5,5,35,35,0,0,0,0,9,0,0
A-original,technology,4279,104279,20,True,5,5,14,14,0,0,0,0,7,0,0
A-original,technology,4280,104280,20,True,3,5,13,13,0,0,0,0,6,0,0
A-original,technology,4281,104281,20,True,5,5,36,36,0,0,0,0,7,0,0
A-original,technology,4282,104282,20,True,5,5,14,14,0,0,0,0,8,0,0
A-original,technology,4283,104283,20,True,1,5,8,10,0,0,0,0,3,0,0
A-original,technology,4284,104284,20,True,3,5,15,15,0,0,0,0,4,0,0
A-original,technology,4285,104285,20,True,5,5,13,13,0,0,0,0,6,0,0
A-original,technology,4286,104286,20,True,4,5,1,8,0,0,0,0,6,0,0
A-original,technology,4287,104287,20,True,3,5,9,9,0,0,0,0,3,0,0
A-original,technology,4288,104288,20,True,5,5,13,32,0,0,0,0,5,0,0
A-original,technology,4289,104289,20,True,5,5,24,24,0,0,0,0,8,0,0
A-original,technology,4290,104290,20,True,5,5,18,18,0,0,0,0,8,0,0
A-original,technology,4291,104291,20,True,1,5,4,7,0,0,0,0,3,0,0
A-original,technology,4292,104292,20,True,3,5,6,9,0,0,0,0,8,0,0
A-original,technology,4293,104293,20,True,4,5,5,9,0,0,0,0,9,0,0
A-original,technology,4294,104294,20,True,1,5,2,7,0,0,0,0,5,0,0
A-original,technology,4295,104295,20,True,4,5,8,12,0,0,0,0,7,0,0
A-original,technology,4296,104296,20,True,3,5,13,13,0,0,0,0,6,0,0
A-original,technology,4297,104297,20,True,5,5,13,19,0,0,0,0,7,0,0
A-original,technology,4298,104298,20,True,5,5,27,27,0,0,0,0,8,0,0
A-original,technology,4299,104299,20,True,5,5,22,22,0,0,0,0,7,0,0
A-original,technology,4300,104300,13,False,0,5,0,8,0,0,0,0,3,0,0
A-original,technology,4301,104301,20,True,3,5,26,26,0,0,0,0,7,0,0
A-original,technology,4302,104302,20,True,5,5,29,29,0,0,0,0,6,0,0
A-original,technology,4303,104303,20,True,5,5,30,30,0,0,0,0,7,0,0
A-original,technology,4304,104304,20,True,2,5,0,8,0,0,0,0,5,0,0
A-original,technology,4305,104305,20,True,5,5,39,39,0,0,0,0,9,0,0
A-original,technology,4306,104306,20,True,5,5,31,33,0,0,0,0,7,0,0
A-original,technology,4307,104307,20,True,2,5,0,10,0,0,0,0,6,0,0
A-original,technology,4308,104308,20,True,1,5,7,7,0,0,0,0,3,0,0
A-original,technology,4309,104309,20,True,5,5,31,31,0,0,0,0,8,0,0
A-original,technology,4310,104310,20,True,5,5,27,29,0,0,0,0,8,0,0
A-original,technology,4311,104311,20,True,4,5,0,8,0,0,0,0,7,0,0
A-original,technology,4312,104312,20,True,4,5,8,14,0,0,0,0,7,0,0
A-original,technology,4313,104313,20,True,5,5,28,28,0,0,0,0,8,0,0
A-original,technology,4314,104314,20,True,5,5,28,28,0,0,0,0,8,0,0
A-original,technology,4315,104315,20,True,5,5,28,28,0,0,0,0,6,0,0
A-original,technology,4316,104316,20,True,5,5,47,47,0,0,0,0,7,0,0
A-original,technology,4317,104317,20,True,5,5,19,20,0,0,0,0,8,0,0
A-original,technology,4318,104318,20,True,5,5,33,33,0,0,0,0,8,0,0
A-original,technology,4319,104319,20,True,5,5,28,28,0,0,0,0,5,0,0
A-original,technology,4320,104320,20,True,3,5,9,11,0,0,0,0,5,0,0
A-original,technology,4321,104321,20,True,5,5,15,15,0,0,0,0,8,0,0
A-original,technology,4322,104322,12,False,0,5,0,7,0,0,0,0,4,0,0
A-original,technology,4323,104323,20,True,5,5,24,24,0,0,0,0,7,0,0
A-original,technology,4324,104324,20,True,4,5,5,9,0,0,0,0,8,0,0
A-original,technology,4325,104325,20,True,3,5,3,8,0,0,0,0,6,0,0
A-original,technology,4326,104326,20,True,5,5,28,29,0,0,0,0,6,0,0
A-original,technology,4327,104327,20,True,3,5,4,7,0,0,0,0,4,0,0
A-original,technology,4328,104328,20,True,3,5,3,10,0,0,0,0,6,0,0
A-original,technology,4329,104329,20,True,5,5,23,26,0,0,0,0,7,0,0
A-original,technology,4330,104330,20,True,5,5,35,35,0,0,0,0,6,0,0
A-original,technology,4331,104331,20,True,5,5,11,15,0,0,0,0,7,0,0
A-original,technology,4332,104332,20,True,1,5,0,8,0,0,0,0,7,0,0
A-original,technology,4333,104333,20,True,2,5,0,10,0,0,0,0,5,0,0
A-original,technology,4334,104334,20,True,5,5,22,22,0,0,0,0,8,0,0
A-original,technology,4335,104335,20,True,3,5,5,9,0,0,0,0,4,0,0
A-original,technology,4336,104336,20,True,5,5,36,36,0,0,0,0,9,0,0
A-original,technology,4337,104337,20,True,1,5,3,8,0,0,0,0,4,0,0
A-original,technology,4338,104338,20,True,5,5,31,33,0,0,0,0,8,0,0
A-original,technology,4339,104339,20,True,1,5,5,12,0,0,0,0,4,0,0
A-original,technology,4340,104340,20,True,1,5,1,7,0,0,0,0,5,0,0
A-original,technology,4341,104341,20,True,3,5,3,9,0,0,0,0,7,0,0
A-original,technology,4342,104342,20,True,5,5,22,22,0,0,0,0,8,0,0
A-original,technology,4343,104343,20,True,5,5,28,29,0,0,0,0,7,0,0
A-original,technology,4344,104344,20,True,5,5,22,22,0,0,0,0,9,0,0
A-original,technology,4345,104345,20,True,5,5,20,20,0,0,0,0,7,0,0
A-original,technology,4346,104346,20,True,3,5,13,13,0,0,0,0,5,0,0
A-original,technology,4347,104347,20,True,5,5,43,43,0,0,0,0,9,0,0
A-original,technology,4348,104348,20,True,1,5,2,7,0,0,0,0,4,0,0
A-original,technology,4349,104349,20,True,5,5,28,28,0,0,0,0,10,0,0
A-original,technology,4350,104350,20,True,5,5,5,12,0,0,0,0,6,0,0
A-original,technology,4351,104351,20,True,5,5,31,31,0,0,0,0,6,0,0
A-original,technology,4352,104352,20,True,3,5,12,12,0,0,0,0,5,0,0
A-original,technology,4353,104353,20,True,5,5,28,28,0,0,0,0,7,0,0
A-original,technology,4354,104354,20,True,5,5,28,28,0,0,0,0,8,0,0
A-original,technology,4355,104355,20,True,5,5,25,25,0,0,0,0,8,0,0
A-original,technology,4356,104356,20,True,1,5,3,7,0,0,0,0,1,0,0
A-original,technology,4357,104357,20,True,5,5,33,33,0,0,0,0,9,0,0
A-original,technology,4358,104358,20,True,3,5,12,12,0,0,0,0,5,0,0
A-original,technology,4359,104359,20,True,5,5,44,45,0,0,0,0,9,0,0
A-original,technology,4360,104360,13,False,0,5,0,7,0,0,0,0,2,0,0
A-original,technology,4361,104361,20,True,4,5,13,13,0,0,0,0,7,0,0
A-original,technology,4362,104362,20,True,5,5,21,25,0,0,0,0,6,0,0
A-original,technology,4363,104363,20,True,5,5,29,29,0,0,0,0,9,0,0
A-original,technology,4364,104364,20,True,5,5,33,35,0,0,0,0,9,0,0
A-original,technology,4365,104365,20,True,3,5,9,10,0,0,0,0,6,0,0
A-original,technology,4366,104366,20,True,1,5,3,10,0,0,0,0,6,0,0
A-original,technology,4367,104367,20,True,1,5,1,8,0,0,0,0,4,0,0
A-original,technology,4368,104368,20,True,5,5,40,40,0,0,0,0,9,0,0
A-original,technology,4369,104369,20,True,5,5,29,29,0,0,0,0,9,0,0
A-original,technology,4370,104370,20,True,5,5,22,22,0,0,0,0,9,0,0
A-original,technology,4371,104371,20,True,3,5,18,20,0,0,0,0,5,0,0
A-original,technology,4372,104372,20,True,5,5,20,23,0,0,0,0,8,0,0
A-original,technology,4373,104373,20,True,5,5,37,37,0,0,0,0,7,0,0
A-original,technology,4374,104374,20,True,5,5,24,24,0,0,0,0,9,0,0
A-original,technology,4375,104375,20,True,5,5,26,26,0,0,0,0,6,0,0
A-original,technology,4376,104376,20,True,5,5,41,43,0,0,0,0,8,0,0
A-original,technology,4377,104377,20,True,5,5,28,28,0,0,0,0,9,0,0
A-original,technology,4378,104378,20,True,3,5,1,8,0,0,0,0,6,0,0
A-original,technology,4379,104379,20,True,2,5,4,10,0,0,0,0,8,0,0
A-original,technology,4380,104380,20,True,5,5,27,27,0,0,0,0,7,0,0
A-original,technology,4381,104381,20,True,5,5,9,12,0,0,0,0,6,0,0
A-original,technology,4382,104382,20,True,2,5,1,15,0,0,0,0,5,0,0
A-original,technology,4383,104383,20,True,3,5,13,13,0,0,0,0,6,0,0
A-original,technology,4384,104384,20,True,1,5,0,9,0,0,0,0,4,0,0
A-original,technology,4385,104385,20,True,5,5,17,18,0,0,0,0,7,0,0
A-original,technology,4386,104386,20,True,5,5,23,26,0,0,0,0,7,0,0
A-original,technology,4387,104387,20,True,3,5,6,9,0,0,0,0,5,0,0
A-original,technology,4388,104388,20,True,5,5,10,10,0,0,0,0,7,0,0
A-original,technology,4389,104389,20,True,5,5,30,30,0,0,0,0,8,0,0
A-original,technology,4390,104390,20,True,5,5,13,14,0,0,0,0,7,0,0
A-original,technology,4391,104391,20,True,5,5,8,10,0,0,0,0,6,0,0
A-original,technology,4392,104392,20,True,5,5,13,17,0,0,0,0,7,0,0
A-original,technology,4393,104393,20,True,3,5,9,10,0,0,0,0,4,0,0
A-original,technology,4394,104394,20,True,5,5,26,27,0,0,0,0,6,0,0
A-original,technology,4395,104395,20,True,5,5,22,24,0,0,0,0,7,0,0
A-original,technology,4396,104396,20,True,3,5,10,11,0,0,0,0,5,0,0
A-original,technology,4397,104397,20,True,5,5,19,26,0,0,0,0,6,0,0
A-original,technology,4398,104398,20,True,4,5,2,11,0,0,0,0,7,0,0
A-original,technology,4399,104399,20,True,5,5,21,24,0,0,0,0,6,0,0
A-original,technology,4400,104400,20,True,5,5,18,18,0,0,0,0,6,0,0
A-original,technology,4401,104401,20,True,5,5,26,29,0,0,0,0,4,0,0
A-original,technology,4402,104402,15,False,0,5,0,7,0,0,0,0,2,0,0
A-original,technology,4403,104403,20,True,4,5,10,12,0,0,0,0,6,0,0
A-original,technology,4404,104404,20,True,5,5,36,36,0,0,0,0,6,0,0
A-original,technology,4405,104405,20,True,5,5,11,15,0,0,0,0,6,0,0
A-original,technology,4406,104406,20,True,2,5,0,7,0,0,0,0,5,0,0
A-original,technology,4407,104407,20,True,5,5,6,14,0,0,0,0,6,0,0
A-original,technology,4408,104408,20,True,5,5,16,16,0,0,0,0,7,0,0
A-original,technology,4409,104409,20,True,5,5,39,39,0,0,0,0,8,0,0
A-original,technology,4410,104410,19,False,0,5,0,10,0,0,0,0,4,0,0
A-original,technology,4411,104411,20,True,5,5,28,32,0,0,0,0,7,0,0
A-original,technology,4412,104412,11,False,0,5,0,8,0,0,0,0,1,0,0
A-original,technology,4413,104413,20,True,5,5,29,29,0,0,0,0,6,0,0
A-original,technology,4414,104414,12,False,0,5,0,8,0,0,0,0,1,0,0
A-original,technology,4415,104415,20,True,3,5,19,20,0,0,0,0,4,0,0
A-original,technology,4416,104416,20,True,5,5,14,16,0,0,0,0,7,0,0
A-original,technology,4417,104417,20,True,5,5,39,43,0,0,0,0,7,0,0
A-original,technology,4418,104418,20,True,5,5,23,23,0,0,0,0,7,0,0
A-original,technology,4419,104419,20,True,3,5,20,20,0,0,0,0,4,0,0
A-original,technology,4420,104420,20,True,5,5,22,24,0,0,0,0,7,0,0
A-original,technology,4421,104421,20,True,3,5,2,11,0,0,0,0,7,0,0
A-original,technology,4422,104422,20,True,5,5,24,24,0,0,0,0,8,0,0
A-original,technology,4423,104423,20,True,3,5,9,9,0,0,0,0,6,0,0
A-original,technology,4424,104424,20,True,3,5,0,11,0,0,0,0,8,0,0
A-original,technology,4425,104425,16,False,0,5,0,8,0,0,0,0,3,0,0
A-original,technology,4426,104426,20,True,2,5,1,10,0,0,0,0,5,0,0
A-original,technology,4427,104427,20,True,3,5,16,16,0,0,0,0,5,0,0
A-original,technology,4428,104428,20,True,5,5,36,36,0,0,0,0,8,0,0
A-original,technology,4429,104429,20,True,5,5,32,34,0,0,0,0,7,0,0
A-original,technology,4430,104430,20,True,5,5,30,30,0,0,0,0,7,0,0
A-original,technology,4431,104431,20,True,3,5,6,9,0,0,0,0,7,0,0
A-original,technology,4432,104432,20,True,4,5,1,7,0,0,0,0,8,0,0
A-original,technology,4433,104433,20,True,3,5,8,10,0,0,0,0,6,0,0
A-original,technology,4434,104434,20,True,5,5,34,38,0,0,0,0,8,0,0
A-original,technology,4435,104435,20,True,5,5,30,32,0,0,0,0,8,0,0
A-original,technology,4436,104436,20,True,5,5,6,13,0,0,0,0,6,0,0
A-original,technology,4437,104437,20,True,1,5,5,8,0,0,0,0,5,0,0
A-original,technology,4438,104438,20,True,5,5,20,23,0,0,0,0,9,0,0
A-original,technology,4439,104439,20,True,5,5,43,43,0,0,0,0,8,0,0
A-original,technology,4440,104440,20,True,1,5,0,9,0,0,0,0,5,0,0
A-original,technology,4441,104441,20,True,3,5,5,11,0,0,0,0,7,0,0
A-original,technology,4442,104442,20,True,5,5,11,13,0,0,0,0,6,0,0
A-original,technology,4443,104443,20,True,2,5,3,10,0,0,0,0,6,0,0
A-original,technology,4444,104444,20,True,5,5,29,34,0,0,0,0,7,0,0
A-original,technology,4445,104445,20,True,5,5,13,14,0,0,0,0,8,0,0
A-original,technology,4446,104446,20,True,5,5,35,35,0,0,0,0,8,0,0
A-original,technology,4447,104447,20,True,5,5,45,45,0,0,0,0,7,0,0
A-original,technology,4448,104448,20,True,5,5,23,23,0,0,0,0,7,0,0
A-original,technology,4449,104449,20,True,5,5,17,17,0,0,0,0,8,0,0
A-original,technology,4450,104450,20,True,5,5,4,16,0,0,0,0,6,0,0
A-original,technology,4451,104451,20,True,5,5,31,34,0,0,0,0,7,0,0
A-original,technology,4452,104452,20,True,5,5,22,31,0,0,0,0,7,0,0
A-original,technology,4453,104453,20,True,3,5,5,7,0,0,0,0,5,0,0
A-original,technology,4454,104454,20,True,5,5,16,16,0,0,0,0,6,0,0
A-original,technology,4455,104455,20,True,1,5,5,10,0,0,0,0,5,0,0
A-original,technology,4456,104456,20,True,3,5,6,8,0,0,0,0,6,0,0
A-original,technology,4457,104457,20,True,5,5,18,18,0,0,0,0,7,0,0
A-original,technology,4458,104458,20,True,5,5,15,15,0,0,0,0,7,0,0
A-original,technology,4459,104459,20,True,5,5,42,42,0,0,0,0,9,0,0
A-original,technology,4460,104460,20,True,4,5,0,7,0,0,0,0,4,0,0
A-original,technology,4461,104461,20,True,1,5,4,8,0,0,0,0,1,0,0
A-original,technology,4462,104462,20,True,3,5,3,13,0,0,0,0,7,0,0
A-original,technology,4463,104463,20,True,1,5,7,8,0,0,0,0,4,0,0
A-original,technology,4464,104464,20,True,1,5,2,10,0,0,0,0,5,0,0
A-original,technology,4465,104465,20,True,5,5,33,33,0,0,0,0,9,0,0
A-original,technology,4466,104466,20,True,5,5,24,24,0,0,0,0,7,0,0
A-original,technology,4467,104467,20,True,3,5,3,11,0,0,0,0,5,0,0
A-original,technology,4468,104468,20,True,5,5,13,19,0,0,0,0,7,0,0
A-original,technology,4469,104469,20,True,5,5,24,24,0,0,0,0,7,0,0
A-original,technology,4470,104470,20,True,5,5,35,35,0,0,0,0,8,0,0
A-original,technology,4471,104471,20,True,5,5,28,28,0,0,0,0,8,0,0
A-original,technology,4472,104472,20,True,4,5,16,16,0,0,0,0,7,0,0
A-original,technology,4473,104473,20,True,4,5,10,10,0,0,0,0,8,0,0
A-original,technology,4474,104474,20,True,5,5,16,16,0,0,0,0,6,0,0
A-original,technology,4475,104475,20,True,2,5,2,7,0,0,0,0,4,0,0
A-original,technology,4476,104476,20,True,5,5,5,17,0,0,0,0,7,0,0
A-original,technology,4477,104477,20,True,4,5,9,9,0,0,0,0,7,0,0
A-original,technology,4478,104478,20,True,3,5,7,18,0,0,0,0,5,0,0
A-original,technology,4479,104479,20,True,5,5,25,25,0,0,0,0,7,0,0
A-original,technology,4480,104480,20,True,5,5,19,21,0,0,0,0,7,0,0
A-original,technology,4481,104481,20,True,1,5,9,9,0,0,0,0,3,0,0
A-original,technology,4482,104482,20,True,3,5,10,11,0,0,0,0,5,0,0
A-original,technology,4483,104483,20,True,5,5,17,17,0,0,0,0,10,0,0
A-original,technology,4484,104484,20,True,5,5,20,20,0,0,0,0,6,0,0
A-original,technology,4485,104485,20,True,5,5,33,34,0,0,0,0,8,0,0
A-original,technology,4486,104486,20,True,5,5,33,33,0,0,0,0,7,0,0
A-original,technology,4487,104487,20,True,2,5,2,11,0,0,0,0,6,0,0
A-original,technology,4488,104488,20,True,5,5,46,46,0,0,0,0,9,0,0
A-original,technology,4489,104489,20,True,5,5,26,28,0,0,0,0,7,0,0
A-original,technology,4490,104490,20,True,5,5,34,34,0,0,0,0,10,0,0
A-original,technology,4491,104491,20,True,5,5,27,27,0,0,0,0,8,0,0
A-original,technology,4492,104492,20,True,3,5,8,8,0,0,0,0,5,0,0
A-original,technology,4493,104493,20,True,2,5,1,10,0,0,0,0,3,0,0
A-original,technology,4494,104494,20,True,4,5,5,7,0,0,0,0,7,0,0
A-original,technology,4495,104495,20,True,4,5,0,12,0,0,0,0,7,0,0
A-original,technology,4496,104496,20,True,4,5,9,9,0,0,0,0,9,0,0
A-original,technology,4497,104497,20,True,5,5,19,19,0,0,0,0,9,0,0
A-original,technology,4498,104498,20,True,5,5,18,18,0,0,0,0,9,0,0
A-original,technology,4499,104499,20,True,1,5,3,9,0,0,0,0,3,0,0
A-original,technology,4500,104500,20,True,1,5,3,7,0,0,0,0,3,0,0
A-original,technology,4501,104501,20,True,5,5,17,18,0,0,0,0,8,0,0
A-original,technology,4502,104502,20,True,3,5,6,9,0,0,0,0,7,0,0
A-original,technology,4503,104503,20,True,5,5,10,12,0,0,0,0,5,0,0
A-original,technology,4504,104504,20,True,1,5,6,8,0,0,0,0,1,0,0
A-original,technology,4505,104505,20,True,5,5,16,19,0,0,0,0,7,0,0
A-original,technology,4506,104506,20,True,1,5,0,11,0,0,0,0,3,0,0
A-original,technology,4507,104507,20,True,3,5,10,10,0,0,0,0,5,0,0
A-original,technology,4508,104508,20,True,3,5,5,10,0,0,0,0,5,0,0
A-original,technology,4509,104509,20,True,5,5,9,15,0,0,0,0,6,0,0
A-original,technology,4510,104510,20,True,5,5,12,17,0,0,0,0,5,0,0
A-original,technology,4511,104511,20,True,3,5,6,10,0,0,0,0,7,0,0
A-original,technology,4512,104512,20,True,1,5,3,7,0,0,0,0,4,0,0
A-original,technology,4513,104513,20,True,5,5,12,12,0,0,0,0,6,0,0
A-original,technology,4514,104514,20,True,5,5,25,25,0,0,0,0,8,0,0
A-original,technology,4515,104515,20,True,5,5,19,19,0,0,0,0,9,0,0
A-original,technology,4516,104516,20,True,1,5,5,9,0,0,0,0,4,0,0
A-original,technology,4517,104517,20,True,1,5,15,15,0,0,0,0,2,0,0
A-original,technology,4518,104518,20,True,5,5,8,11,0,0,0,0,5,0,0
A-original,technology,4519,104519,20,True,5,5,22,26,0,0,0,0,7,0,0
A-original,technology,4520,104520,20,True,3,5,1,8,0,0,0,0,5,0,0
A-original,technology,4521,104521,20,True,5,5,18,18,0,0,0,0,7,0,0
A-original,technology,4522,104522,20,True,3,5,7,7,0,0,0,0,5,0,0
A-original,technology,4523,104523,20,True,4,5,0,11,0,0,0,0,5,0,0
A-original,technology,4524,104524,20,True,5,5,19,21,0,0,0,0,6,0,0
A-original,technology,4525,104525,20,True,1,5,10,10,0,0,0,0,5,0,0
A-original,technology,4526,104526,20,True,5,5,14,14,0,0,0,0,8,0,0
A-original,technology,4527,104527,20,True,5,5,11,11,0,0,0,0,6,0,0
A-original,technology,4528,104528,20,True,3,5,8,9,0,0,0,0,5,0,0
A-original,technology,4529,104529,20,True,1,5,1,13,0,0,0,0,3,0,0
A-original,technology,4530,104530,20,True,4,5,9,9,0,0,0,0,8,0,0
A-original,technology,4531,104531,20,True,5,5,12,18,0,0,0,0,7,0,0
A-original,technology,4532,104532,20,True,3,5,1,8,0,0,0,0,4,0,0
A-original,technology,4533,104533,20,True,5,5,32,32,0,0,0,0,9,0,0
A-original,technology,4534,104534,20,True,5,5,27,29,0,0,0,0,8,0,0
A-original,technology,4535,104535,20,True,5,5,20,20,0,0,0,0,6,0,0
A-original,technology,4536,104536,20,True,3,5,12,12,0,0,0,0,6,0,0
A-original,technology,4537,104537,20,True,5,5,19,21,0,0,0,0,5,0,0
A-original,technology,4538,104538,20,True,5,5,33,35,0,0,0,0,7,0,0
A-original,technology,4539,104539,20,True,5,5,30,30,0,0,0,0,8,0,0
A-original,technology,4540,104540,20,True,3,5,5,7,0,0,0,0,5,0,0
A-original,technology,4541,104541,20,True,5,5,20,20,0,0,0,0,8,0,0
A-original,technology,4542,104542,20,True,5,5,23,27,0,0,0,0,6,0,0
A-original,technology,4543,104543,20,True,1,5,6,7,0,0,0,0,1,0,0
A-original,technology,4544,104544,20,True,5,5,42,42,0,0,0,0,6,0,0
A-original,technology,4545,104545,20,True,5,5,8,10,0,0,0,0,6,0,0
A-original,technology,4546,104546,20,True,5,5,14,14,0,0,0,0,7,0,0
A-original,technology,4547,104547,20,True,5,5,25,25,0,0,0,0,5,0,0
A-original,technology,4548,104548,20,True,4,5,4,10,0,0,0,0,8,0,0
A-original,technology,4549,104549,20,True,5,5,16,18,0,0,0,0,9,0,0
A-original,technology,4550,104550,20,True,5,5,44,45,0,0,0,0,8,0,0
A-original,technology,4551,104551,20,True,1,5,4,11,0,0,0,0,2,0,0
A-original,technology,4552,104552,20,True,1,5,5,8,0,0,0,0,2,0,0
A-original,technology,4553,104553,20,True,5,5,19,21,0,0,0,0,8,0,0
A-original,technology,4554,104554,17,False,0,5,0,8,0,0,0,0,2,0,0
A-original,technology,4555,104555,20,True,5,5,3,16,0,0,0,0,7,0,0
A-original,technology,4556,104556,20,True,3,5,8,9,0,0,0,0,5,0,0
A-original,technology,4557,104557,20,True,3,5,24,24,0,0,0,0,5,0,0
A-original,technology,4558,104558,20,True,5,5,27,27,0,0,0,0,8,0,0
A-original,technology,4559,104559,20,True,5,5,24,24,0,0,0,0,6,0,0
A-original,technology,4560,104560,20,True,4,5,1,10,0,0,0,0,8,0,0
A-original,technology,4561,104561,20,True,5,5,38,38,0,0,0,0,7,0,0
A-original,technology,4562,104562,20,True,4,5,9,9,0,0,0,0,7,0,0
A-original,technology,4563,104563,20,True,5,5,23,23,0,0,0,0,7,0,0
A-original,technology,4564,104564,20,True,1,5,1,10,0,0,0,0,4,0,0
A-original,technology,4565,104565,20,True,5,5,49,49,0,0,0,0,9,0,0
A-original,technology,4566,104566,20,True,2,5,0,10,0,0,0,0,6,0,0
A-original,technology,4567,104567,20,True,5,5,29,29,0,0,0,0,7,0,0
A-original,technology,4568,104568,20,True,5,5,31,31,0,0,0,0,7,0,0
A-original,technology,4569,104569,20,True,5,5,45,45,0,0,0,0,8,0,0
A-original,technology,4570,104570,20,True,3,5,16,16,0,0,0,0,5,0,0
A-original,technology,4571,104571,20,True,5,5,31,31,0,0,0,0,9,0,0
A-original,technology,4572,104572,20,True,1,5,3,10,0,0,0,0,5,0,0
A-original,technology,4573,104573,20,True,5,5,26,29,0,0,0,0,9,0,0
A-original,technology,4574,104574,20,True,5,5,34,35,0,0,0,0,6,0,0
A-original,technology,4575,104575,20,True,1,5,10,10,0,0,0,0,4,0,0
A-original,technology,4576,104576,20,True,5,5,18,22,0,0,0,0,6,0,0
A-original,technology,4577,104577,20,True,5,5,48,48,0,0,0,0,9,0,0
A-original,technology,4578,104578,20,True,4,5,8,8,0,0,0,0,7,0,0
A-original,technology,4579,104579,20,True,5,5,24,24,0,0,0,0,8,0,0
A-original,technology,4580,104580,20,True,3,5,7,13,0,0,0,0,6,0,0
A-original,technology,4581,104581,20,True,5,5,18,18,0,0,0,0,8,0,0
A-original,technology,4582,104582,20,True,5,5,14,19,0,0,0,0,7,0,0
A-original,technology,4583,104583,20,True,5,5,34,34,0,0,0,0,9,0,0
A-original,technology,4584,104584,20,True,5,5,28,28,0,0,0,0,8,0,0
A-original,technology,4585,104585,20,True,5,5,21,21,0,0,0,0,7,0,0
A-original,technology,4586,104586,20,True,3,5,0,9,0,0,0,0,5,0,0
A-original,technology,4587,104587,20,True,4,5,0,10,0,0,0,0,7,0,0
A-original,technology,4588,104588,20,True,5,5,14,20,0,0,0,0,7,0,0
A-original,technology,4589,104589,20,True,1,5,1,12,0,0,0,0,7,0,0
A-original,technology,4590,104590,20,True,1,5,5,7,0,0,0,0,5,0,0
A-original,technology,4591,104591,20,True,5,5,28,28,0,0,0,0,8,0,0
A-original,technology,4592,104592,20,True,5,5,18,20,0,0,0,0,6,0,0
A-original,technology,4593,104593,20,True,1,5,1,13,0,0,0,0,5,0,0
A-original,technology,4594,104594,20,True,5,5,17,17,0,0,0,0,6,0,0
A-original,technology,4595,104595,20,True,5,5,33,33,0,0,0,0,10,0,0
A-original,technology,4596,104596,20,True,3,5,23,23,0,0,0,0,6,0,0
A-original,technology,4597,104597,20,True,4,5,12,12,0,0,0,0,8,0,0
A-original,technology,4598,104598,20,True,5,5,12,13,0,0,0,0,5,0,0
A-original,technology,4599,104599,20,True,5,5,33,35,0,0,0,0,8,0,0
A-original,technology,4600,104600,20,True,5,5,39,39,0,0,0,0,7,0,0
A-original,technology,4601,104601,20,True,5,5,5,14,0,0,0,0,7,0,0
A-original,technology,4602,104602,20,True,5,5,33,33,0,0,0,0,8,0,0
A-original,technology,4603,104603,20,True,5,5,27,27,0,0,0,0,7,0,0
A-original,technology,4604,104604,20,True,3,5,0,9,0,0,0,0,6,0,0
A-original,technology,4605,104605,20,True,5,5,18,20,0,0,0,0,7,0,0
A-original,technology,4606,104606,20,True,5,5,28,30,0,0,0,0,7,0,0
A-original,technology,4607,104607,20,True,5,5,31,31,0,0,0,0,8,0,0
A-original,technology,4608,104608,20,True,5,5,18,18,0,0,0,0,9,0,0
A-original,technology,4609,104609,20,True,1,5,6,8,0,0,0,0,4,0,0
A-original,technology,4610,104610,20,True,5,5,21,21,0,0,0,0,8,0,0
A-original,technology,4611,104611,20,True,5,5,17,17,0,0,0,0,7,0,0
A-original,technology,4612,104612,20,True,5,5,22,22,0,0,0,0,7,0,0
A-original,technology,4613,104613,20,True,5,5,20,20,0,0,0,0,6,0,0
A-original,technology,4614,104614,20,True,5,5,20,20,0,0,0,0,9,0,0
A-original,technology,4615,104615,20,True,5,5,13,13,0,0,0,0,6,0,0
A-original,technology,4616,104616,20,True,5,5,22,22,0,0,0,0,8,0,0
A-original,technology,4617,104617,20,True,2,5,6,8,0,0,0,0,4,0,0
A-original,technology,4618,104618,20,True,4,5,7,9,0,0,0,0,6,0,0
A-original,technology,4619,104619,20,True,5,5,21,24,0,0,0,0,6,0,0
A-original,technology,4620,104620,20,True,5,5,12,15,0,0,0,0,8,0,0
A-original,technology,4621,104621,20,True,2,5,5,7,0,0,0,0,6,0,0
A-original,technology,4622,104622,20,True,5,5,21,21,0,0,0,0,9,0,0
A-original,technology,4623,104623,20,True,3,5,16,16,0,0,0,0,5,0,0
A-original,technology,4624,104624,20,True,5,5,7,11,0,0,0,0,5,0,0
A-original,technology,4625,104625,20,True,3,5,19,19,0,0,0,0,8,0,0
A-original,technology,4626,104626,20,True,4,5,7,12,0,0,0,0,9,0,0
A-original,technology,4627,104627,20,True,3,5,0,12,0,0,0,0,4,0,0
A-original,technology,4628,104628,20,True,3,5,9,14,0,0,0,0,7,0,0
A-original,technology,4629,104629,20,True,5,5,47,47,0,0,0,0,10,0,0
A-original,technology,4630,104630,20,True,4,5,9,9,0,0,0,0,7,0,0
A-original,technology,4631,104631,20,True,5,5,21,21,0,0,0,0,8,0,0
A-original,technology,4632,104632,20,True,5,5,28,28,0,0,0,0,7,0,0
A-original,technology,4633,104633,20,True,5,5,8,18,0,0,0,0,7,0,0
A-original,technology,4634,104634,20,True,5,5,17,17,0,0,0,0,7,0,0
A-original,technology,4635,104635,20,True,5,5,12,18,0,0,0,0,9,0,0
A-original,technology,4636,104636,20,True,5,5,8,10,0,0,0,0,6,0,0
A-original,technology,4637,104637,20,True,4,5,1,16,0,0,0,0,9,0,0
A-original,technology,4638,104638,20,True,5,5,16,16,0,0,0,0,8,0,0
A-original,technology,4639,104639,20,True,4,5,5,9,0,0,0,0,6,0,0
A-original,technology,4640,104640,20,True,5,5,25,28,0,0,0,0,8,0,0
A-original,technology,4641,104641,20,True,5,5,16,16,0,0,0,0,8,0,0
A-original,technology,4642,104642,20,True,5,5,30,30,0,0,0,0,7,0,0
A-original,technology,4643,104643,20,True,4,5,10,10,0,0,0,0,6,0,0
A-original,technology,4644,104644,20,True,4,5,0,14,0,0,0,0,6,0,0
A-original,technology,4645,104645,20,True,5,5,10,16,0,0,0,0,8,0,0
A-original,technology,4646,104646,20,True,5,5,13,13,0,0,0,0,6,0,0
A-original,technology,4647,104647,20,True,2,5,1,7,0,0,0,0,4,0,0
A-original,technology,4648,104648,20,True,3,5,11,11,0,0,0,0,4,0,0
A-original,technology,4649,104649,20,True,1,5,2,11,0,0,0,0,5,0,0
A-original,technology,4650,104650,16,False,0,5,0,10,0,0,0,0,4,0,0
A-original,technology,4651,104651,20,True,4,5,5,7,0,0,0,0,8,0,0
A-original,technology,4652,104652,20,True,5,5,13,13,0,0,0,0,7,0,0
A-original,technology,4653,104653,20,True,1,5,9,9,0,0,0,0,4,0,0
A-original,technology,4654,104654,20,True,5,5,18,18,0,0,0,0,7,0,0
A-original,technology,4655,104655,20,True,5,5,23,23,0,0,0,0,8,0,0
A-original,technology,4656,104656,20,True,5,5,3,15,0,0,0,0,6,0,0
A-original,technology,4657,104657,20,True,4,5,2,11,0,0,0,0,7,0,0
A-original,technology,4658,104658,16,False,0,5,0,8,0,0,0,0,4,0,0
A-original,technology,4659,104659,20,True,1,5,0,14,0,0,0,0,5,0,0
A-original,technology,4660,104660,20,True,5,5,43,43,0,0,0,0,7,0,0
A-original,technology,4661,104661,20,True,5,5,4,21,0,0,0,0,6,0,0
A-original,technology,4662,104662,20,True,1,5,6,7,0,0,0,0,2,0,0
A-original,technology,4663,104663,20,True,5,5,12,12,0,0,0,0,7,0,0
A-original,technology,4664,104664,20,True,4,5,3,11,0,0,0,0,7,0,0
A-original,technology,4665,104665,20,True,5,5,9,18,0,0,0,0,5,0,0
A-original,technology,4666,104666,20,True,5,5,30,33,0,0,0,0,7,0,0
A-original,technology,4667,104667,20,True,5,5,39,39,0,0,0,0,7,0,0
A-original,technology,4668,104668,20,True,5,5,30,35,0,0,0,0,7,0,0
A-original,technology,4669,104669,20,True,5,5,3,11,0,0,0,0,8,0,0
A-original,technology,4670,104670,20,True,5,5,30,32,0,0,0,0,9,0,0
A-original,technology,4671,104671,20,True,2,5,1,8,0,0,0,0,7,0,0
A-original,technology,4672,104672,20,True,5,5,35,35,0,0,0,0,7,0,0
A-original,technology,4673,104673,20,True,5,5,14,14,0,0,0,0,7,0,0
A-original,technology,4674,104674,20,True,2,5,1,7,0,0,0,0,6,0,0
A-original,technology,4675,104675,20,True,4,5,0,7,0,0,0,0,7,0,0
A-original,technology,4676,104676,20,True,5,5,9,9,0,0,0,0,7,0,0
A-original,technology,4677,104677,20,True,2,5,2,9,0,0,0,0,6,0,0
A-original,technology,4678,104678,20,True,5,5,18,18,0,0,0,0,7,0,0
A-original,technology,4679,104679,20,True,5,5,29,33,0,0,0,0,8,0,0
A-original,technology,4680,104680,20,True,5,5,27,27,0,0,0,0,7,0,0
A-original,technology,4681,104681,20,True,5,5,12,17,0,0,0,0,7,0,0
A-original,technology,4682,104682,20,True,5,5,24,24,0,0,0,0,7,0,0
A-original,technology,4683,104683,20,True,4,5,8,8,0,0,0,0,5,0,0
A-original,technology,4684,104684,20,True,3,5,10,10,0,0,0,0,4,0,0
A-original,technology,4685,104685,20,True,5,5,15,15,0,0,0,0,6,0,0
A-original,technology,4686,104686,20,True,5,5,6,12,0,0,0,0,6,0,0
A-original,technology,4687,104687,20,True,5,5,30,30,0,0,0,0,8,0,0
A-original,technology,4688,104688,20,True,5,5,19,22,0,0,0,0,5,0,0
A-original,technology,4689,104689,20,True,3,5,5,8,0,0,0,0,5,0,0
A-original,technology,4690,104690,20,True,5,5,14,19,0,0,0,0,8,0,0
A-original,technology,4691,104691,20,True,5,5,22,22,0,0,0,0,7,0,0
A-original,technology,4692,104692,20,True,2,5,3,9,0,0,0,0,8,0,0
A-original,technology,4693,104693,20,True,1,5,4,7,0,0,0,0,2,0,0
A-original,technology,4694,104694,16,False,0,5,0,8,0,0,0,0,4,0,0
A-original,technology,4695,104695,20,True,5,5,16,20,0,0,0,0,9,0,0
A-original,technology,4696,104696,20,True,3,5,2,8,0,0,0,0,9,0,0
A-original,technology,4697,104697,20,True,5,5,30,30,0,0,0,0,9,0,0
A-original,technology,4698,104698,20,True,5,5,10,11,0,0,0,0,7,0,0
A-original,technology,4699,104699,20,True,5,5,17,17,0,0,0,0,8,0,0
A-original,technology,4700,104700,20,True,5,5,11,12,0,0,0,0,7,0,0
A-original,technology,4701,104701,20,True,5,5,24,24,0,0,0,0,7,0,0
A-original,technology,4702,104702,20,True,5,5,19,20,0,0,0,0,6,0,0
A-original,technology,4703,104703,20,True,3,5,14,14,0,0,0,0,6,0,0
A-original,technology,4704,104704,20,True,5,5,19,23,0,0,0,0,7,0,0
A-original,technology,4705,104705,20,True,3,5,7,8,0,0,0,0,5,0,0
A-original,technology,4706,104706,13,False,0,5,0,7,0,0,0,0,2,0,0
A-original,technology,4707,104707,20,True,5,5,8,13,0,0,0,0,5,0,0
A-original,technology,4708,104708,20,True,5,5,34,34,0,0,0,0,7,0,0
A-original,technology,4709,104709,20,True,1,5,1,8,0,0,0,0,5,0,0
A-original,technology,4710,104710,20,True,5,5,21,21,0,0,0,0,8,0,0
A-original,technology,4711,104711,20,True,3,5,4,8,0,0,0,0,5,0,0
A-original,technology,4712,104712,20,True,5,5,32,32,0,0,0,0,8,0,0
A-original,technology,4713,104713,20,True,2,5,0,9,0,0,0,0,5,0,0
A-original,technology,4714,104714,20,True,3,5,10,10,0,0,0,0,7,0,0
A-original,technology,4715,104715,20,True,5,5,21,21,0,0,0,0,6,0,0
A-original,technology,4716,104716,20,True,3,5,11,11,0,0,0,0,6,0,0
A-original,technology,4717,104717,20,True,5,5,16,19,0,0,0,0,7,0,0
A-original,technology,4718,104718,20,True,5,5,12,12,0,0,0,0,6,0,0
A-original,technology,4719,104719,20,True,5,5,32,32,0,0,0,0,8,0,0
A-original,technology,4720,104720,20,True,4,5,2,7,0,0,0,0,8,0,0
A-original,technology,4721,104721,20,True,3,5,1,8,0,0,0,0,6,0,0
A-original,technology,4722,104722,20,True,1,5,5,8,0,0,0,0,1,0,0
A-original,technology,4723,104723,20,True,5,5,19,19,0,0,0,0,6,0,0
A-original,technology,4724,104724,20,True,3,5,15,15,0,0,0,0,7,0,0
A-original,technology,4725,104725,20,True,4,5,9,9,0,0,0,0,7,0,0
A-original,technology,4726,104726,20,True,5,5,1,17,0,0,0,0,5,0,0
A-original,technology,4727,104727,20,True,5,5,24,24,0,0,0,0,7,0,0
A-original,technology,4728,104728,20,True,5,5,30,30,0,0,0,0,11,0,0
A-original,technology,4729,104729,20,True,2,5,3,7,0,0,0,0,4,0,0
A-original,technology,4730,104730,20,True,1,5,4,7,0,0,0,0,4,0,0
A-original,technology,4731,104731,20,True,3,5,13,13,0,0,0,0,6,0,0
A-original,technology,4732,104732,20,True,2,5,1,7,0,0,0,0,6,0,0
A-original,technology,4733,104733,20,True,5,5,33,33,0,0,0,0,8,0,0
A-original,technology,4734,104734,20,True,5,5,15,19,0,0,0,0,8,0,0
A-original,technology,4735,104735,20,True,5,5,17,17,0,0,0,0,7,0,0
A-original,technology,4736,104736,20,True,1,5,0,8,0,0,0,0,7,0,0
A-original,technology,4737,104737,20,True,5,5,12,14,0,0,0,0,7,0,0
A-original,technology,4738,104738,20,True,2,5,0,9,0,0,0,0,2,0,0
A-original,technology,4739,104739,20,True,4,5,11,11,0,0,0,0,7,0,0
A-original,technology,4740,104740,20,True,3,5,15,15,0,0,0,0,4,0,0
A-original,technology,4741,104741,20,True,1,5,6,7,0,0,0,0,4,0,0
A-original,technology,4742,104742,20,True,3,5,8,9,0,0,0,0,4,0,0
A-original,technology,4743,104743,20,True,3,5,5,7,0,0,0,0,6,0,0
A-original,technology,4744,104744,20,True,5,5,41,41,0,0,0,0,9,0,0
A-original,technology,4745,104745,20,True,3,5,12,16,0,0,0,0,4,0,0
A-original,technology,4746,104746,20,True,5,5,36,36,0,0,0,0,7,0,0
A-original,technology,4747,104747,20,True,5,5,9,10,0,0,0,0,7,0,0
A-original,technology,4748,104748,20,True,5,5,18,20,0,0,0,0,8,0,0
A-original,technology,4749,104749,20,True,4,5,2,7,0,0,0,0,7,0,0
A-original,technology,4750,104750,20,True,5,5,31,31,0,0,0,0,7,0,0
A-original,technology,4751,104751,20,True,2,5,1,9,0,0,0,0,5,0,0
A-original,technology,4752,104752,20,True,2,5,1,7,0,0,0,0,4,0,0
A-original,technology,4753,104753,20,True,5,5,26,26,0,0,0,0,6,0,0
A-original,technology,4754,104754,20,True,2,5,3,10,0,0,0,0,6,0,0
A-original,technology,4755,104755,20,True,5,5,18,19,0,0,0,0,8,0,0
A-original,technology,4756,104756,20,True,5,5,29,29,0,0,0,0,7,0,0
A-original,technology,4757,104757,20,True,2,5,1,7,0,0,0,0,7,0,0
A-original,technology,4758,104758,20,True,5,5,21,25,0,0,0,0,9,0,0
A-original,technology,4759,104759,20,True,1,5,1,9,0,0,0,0,3,0,0
A-original,technology,4760,104760,20,True,3,5,21,21,0,0,0,0,6,0,0
A-original,technology,4761,104761,20,True,5,5,17,19,0,0,0,0,8,0,0
A-original,technology,4762,104762,20,True,3,5,15,16,0,0,0,0,5,0,0
A-original,technology,4763,104763,20,True,5,5,23,23,0,0,0,0,8,0,0
A-original,technology,4764,104764,20,True,1,5,4,7,0,0,0,0,4,0,0
A-original,technology,4765,104765,20,True,5,5,9,15,0,0,0,0,7,0,0
A-original,technology,4766,104766,20,True,3,5,7,11,0,0,0,0,5,0,0
A-original,technology,4767,104767,20,True,5,5,27,27,0,0,0,0,7,0,0
A-original,technology,4768,104768,20,True,5,5,34,34,0,0,0,0,9,0,0
A-original,technology,4769,104769,20,True,5,5,18,18,0,0,0,0,8,0,0
A-original,technology,4770,104770,20,True,5,5,16,20,0,0,0,0,8,0,0
A-original,technology,4771,104771,20,True,3,5,9,10,0,0,0,0,4,0,0
A-original,technology,4772,104772,20,True,5,5,33,33,0,0,0,0,8,0,0
A-original,technology,4773,104773,20,True,5,5,16,19,0,0,0,0,6,0,0
A-original,technology,4774,104774,20,True,1,5,6,7,0,0,0,0,4,0,0
A-original,technology,4775,104775,20,True,1,5,4,9,0,0,0,0,3,0,0
A-original,technology,4776,104776,20,True,5,5,14,15,0,0,0,0,6,0,0
A-original,technology,4777,104777,20,True,1,5,8,8,0,0,0,0,4,0,0
A-original,technology,4778,104778,20,True,1,5,7,8,0,0,0,0,4,0,0
A-original,technology,4779,104779,20,True,5,5,6,18,0,0,0,0,6,0,0
A-original,technology,4780,104780,20,True,5,5,50,50,0,0,0,0,9,0,0
A-original,technology,4781,104781,20,True,5,5,39,39,0,0,0,0,8,0,0
A-original,technology,4782,104782,20,True,2,5,0,12,0,0,0,0,4,0,0
A-original,technology,4783,104783,20,True,5,5,19,19,0,0,0,0,6,0,0
A-original,technology,4784,104784,20,True,5,5,36,36,0,0,0,0,8,0,0
A-original,technology,4785,104785,20,True,3,5,4,9,0,0,0,0,6,0,0
A-original,technology,4786,104786,20,True,5,5,33,33,0,0,0,0,8,0,0
A-original,technology,4787,104787,20,True,3,5,12,12,0,0,0,0,7,0,0
A-original,technology,4788,104788,20,True,5,5,20,20,0,0,0,0,7,0,0
A-original,technology,4789,104789,20,True,3,5,9,9,0,0,0,0,4,0,0
A-original,technology,4790,104790,20,True,5,5,32,32,0,0,0,0,5,0,0
A-original,technology,4791,104791,20,True,5,5,10,12,0,0,0,0,6,0,0
A-original,technology,4792,104792,20,True,1,5,1,8,0,0,0,0,3,0,0
A-original,technology,4793,104793,20,True,5,5,22,22,0,0,0,0,9,0,0
A-original,technology,4794,104794,20,True,4,5,0,9,0,0,0,0,7,0,0
A-original,technology,4795,104795,20,True,4,5,5,10,0,0,0,0,7,0,0
A-original,technology,4796,104796,20,True,2,5,1,7,0,0,0,0,5,0,0
A-original,technology,4797,104797,20,True,5,5,24,24,0,0,0,0,8,0,0
A-original,technology,4798,104798,20,True,5,5,16,16,0,0,0,0,8,0,0
A-original,technology,4799,104799,20,True,5,5,25,27,0,0,0,0,8,0,0
A-original,technology,4800,104800,20,True,5,5,15,21,0,0,0,0,6,0,0
A-original,technology,4801,104801,20,True,3,5,6,10,0,0,0,0,5,0,0
A-original,technology,4802,104802,20,True,5,5,32,32,0,0,0,0,7,0,0
A-original,technology,4803,104803,20,True,5,5,17,17,0,0,0,0,7,0,0
A-original,technology,4804,104804,20,True,3,5,1,8,0,0,0,0,4,0,0
A-original,technology,4805,104805,20,True,5,5,38,40,0,0,0,0,5,0,0
A-original,technology,4806,104806,20,True,5,5,12,12,0,0,0,0,7,0,0
A-original,technology,4807,104807,20,True,5,5,11,15,0,0,0,0,6,0,0
A-original,technology,4808,104808,20,True,1,5,5,11,0,0,0,0,2,0,0
A-original,technology,4809,104809,20,True,5,5,8,16,0,0,0,0,6,0,0
A-original,technology,4810,104810,20,True,3,5,10,14,0,0,0,0,5,0,0
A-original,technology,4811,104811,20,True,1,5,0,7,0,0,0,0,3,0,0
A-original,technology,4812,104812,20,True,3,5,5,12,0,0,0,0,3,0,0
A-original,technology,4813,104813,20,True,5,5,17,17,0,0,0,0,7,0,0
A-original,technology,4814,104814,20,True,5,5,22,22,0,0,0,0,8,0,0
A-original,technology,4815,104815,20,True,1,5,0,7,0,0,0,0,4,0,0
A-original,technology,4816,104816,20,True,5,5,30,30,0,0,0,0,5,0,0
A-original,technology,4817,104817,20,True,5,5,19,19,0,0,0,0,7,0,0
A-original,technology,4818,104818,20,True,5,5,17,17,0,0,0,0,7,0,0
A-original,technology,4819,104819,20,True,5,5,11,15,0,0,0,0,6,0,0
A-original,technology,4820,104820,20,True,4,5,8,10,0,0,0,0,7,0,0
A-original,technology,4821,104821,20,True,5,5,11,13,0,0,0,0,6,0,0
A-original,technology,4822,104822,20,True,5,5,11,15,0,0,0,0,5,0,0
A-original,technology,4823,104823,20,True,3,5,0,7,0,0,0,0,5,0,0
A-original,technology,4824,104824,20,True,3,5,12,12,0,0,0,0,6,0,0
A-original,technology,4825,104825,20,True,3,5,1,9,0,0,0,0,3,0,0
A-original,technology,4826,104826,20,True,5,5,31,32,0,0,0,0,10,0,0
A-original,technology,4827,104827,20,True,5,5,3,13,0,0,0,0,6,0,0
A-original,technology,4828,104828,20,True,5,5,35,35,0,0,0,0,8,0,0
A-original,technology,4829,104829,20,True,5,5,44,45,0,0,0,0,10,0,0
A-original,technology,4830,104830,20,True,5,5,21,21,0,0,0,0,9,0,0
A-original,technology,4831,104831,20,True,1,5,3,8,0,0,0,0,1,0,0
A-original,technology,4832,104832,20,True,4,5,2,9,0,0,0,0,7,0,0
A-original,technology,4833,104833,20,True,4,5,0,12,0,0,0,0,5,0,0
A-original,technology,4834,104834,20,True,3,5,23,23,0,0,0,0,4,0,0
A-original,technology,4835,104835,20,True,4,5,6,11,0,0,0,0,7,0,0
A-original,technology,4836,104836,20,True,3,5,7,10,0,0,0,0,5,0,0
A-original,technology,4837,104837,20,True,5,5,18,18,0,0,0,0,7,0,0
A-original,technology,4838,104838,20,True,1,5,4,9,0,0,0,0,5,0,0
A-original,technology,4839,104839,20,True,5,5,54,54,0,0,0,0,9,0,0
A-original,technology,4840,104840,20,True,4,5,5,12,0,0,0,0,7,0,0
A-original,technology,4841,104841,20,True,5,5,27,27,0,0,0,0,7,0,0
A-original,technology,4842,104842,20,True,1,5,4,9,0,0,0,0,5,0,0
A-original,technology,4843,104843,20,True,4,5,5,7,0,0,0,0,8,0,0
A-original,technology,4844,104844,20,True,2,5,2,7,0,0,0,0,7,0,0
A-original,technology,4845,104845,20,True,2,5,1,10,0,0,0,0,5,0,0
A-original,technology,4846,104846,20,True,5,5,5,18,0,0,0,0,7,0,0
A-original,technology,4847,104847,20,True,5,5,20,20,0,0,0,0,8,0,0
A-original,technology,4848,104848,20,True,5,5,23,23,0,0,0,0,6,0,0
A-original,technology,4849,104849,20,True,1,5,2,9,0,0,0,0,4,0,0
A-original,technology,4850,104850,20,True,5,5,32,32,0,0,0,0,8,0,0
A-original,technology,4851,104851,20,True,3,5,6,10,0,0,0,0,6,0,0
A-original,technology,4852,104852,20,True,5,5,13,15,0,0,0,0,7,0,0
A-original,technology,4853,104853,20,True,1,5,1,10,0,0,0,0,5,0,0
A-original,technology,4854,104854,20,True,5,5,8,13,0,0,0,0,7,0,0
A-original,technology,4855,104855,20,True,3,5,9,11,0,0,0,0,6,0,0
A-original,technology,4856,104856,20,True,3,5,2,11,0,0,0,0,6,0,0
A-original,technology,4857,104857,20,True,5,5,7,22,0,0,0,0,4,0,0
A-original,technology,4858,104858,20,True,5,5,35,35,0,0,0,0,8,0,0
A-original,technology,4859,104859,20,True,5,5,16,25,0,0,0,0,8,0,0
A-original,technology,4860,104860,20,True,5,5,17,24,0,0,0,0,7,0,0
A-original,technology,4861,104861,20,True,2,5,1,7,0,0,0,0,5,0,0
A-original,technology,4862,104862,20,True,5,5,23,23,0,0,0,0,7,0,0
A-original,technology,4863,104863,20,True,4,5,2,14,0,0,0,0,6,0,0
A-original,technology,4864,104864,20,True,5,5,33,33,0,0,0,0,6,0,0
A-original,technology,4865,104865,20,True,5,5,21,31,0,0,0,0,6,0,0
A-original,technology,4866,104866,20,True,1,5,5,7,0,0,0,0,2,0,0
A-original,technology,4867,104867,20,True,5,5,33,34,0,0,0,0,7,0,0
A-original,technology,4868,104868,20,True,5,5,19,22,0,0,0,0,5,0,0
A-original,technology,4869,104869,20,True,1,5,1,7,0,0,0,0,4,0,0
A-original,technology,4870,104870,20,True,5,5,8,11,0,0,0,0,5,0,0
A-original,technology,4871,104871,20,True,5,5,35,35,0,0,0,0,9,0,0
A-original,technology,4872,104872,20,True,4,5,12,13,0,0,0,0,9,0,0
A-original,technology,4873,104873,20,True,4,5,2,11,0,0,0,0,6,0,0
A-original,technology,4874,104874,20,True,5,5,45,45,0,0,0,0,7,0,0
A-original,technology,4875,104875,20,True,3,5,5,9,0,0,0,0,4,0,0
A-original,technology,4876,104876,20,True,5,5,13,13,0,0,0,0,6,0,0
A-original,technology,4877,104877,20,True,3,5,5,9,0,0,0,0,5,0,0
A-original,technology,4878,104878,20,True,5,5,42,42,0,0,0,0,7,0,0
A-original,technology,4879,104879,20,True,5,5,17,17,0,0,0,0,8,0,0
A-original,technology,4880,104880,20,True,5,5,12,12,0,0,0,0,6,0,0
A-original,technology,4881,104881,20,True,5,5,30,33,0,0,0,0,9,0,0
A-original,technology,4882,104882,20,True,5,5,25,25,0,0,0,0,6,0,0
A-original,technology,4883,104883,20,True,4,5,0,13,0,0,0,0,6,0,0
A-original,technology,4884,104884,20,True,4,5,11,11,0,0,0,0,6,0,0
A-original,technology,4885,104885,20,True,5,5,20,20,0,0,0,0,9,0,0
A-original,technology,4886,104886,20,True,3,5,2,10,0,0,0,0,4,0,0
A-original,technology,4887,104887,20,True,3,5,1,10,0,0,0,0,5,0,0
A-original,technology,4888,104888,20,True,5,5,24,25,0,0,0,0,7,0,0
A-original,technology,4889,104889,20,True,2,5,1,8,0,0,0,0,3,0,0
A-original,technology,4890,104890,20,True,4,5,11,11,0,0,0,0,8,0,0
A-original,technology,4891,104891,20,True,5,5,37,37,0,0,0,0,8,0,0
A-original,technology,4892,104892,20,True,4,5,0,7,0,0,0,0,9,0,0
A-original,technology,4893,104893,20,True,3,5,16,16,0,0,0,0,5,0,0
A-original,technology,4894,104894,20,True,5,5,16,17,0,0,0,0,6,0,0
A-original,technology,4895,104895,20,True,3,5,4,9,0,0,0,0,5,0,0
A-original,technology,4896,104896,20,True,2,5,2,8,0,0,0,0,7,0,0
A-original,technology,4897,104897,20,True,5,5,28,31,0,0,0,0,8,0,0
A-original,technology,4898,104898,20,True,5,5,11,11,0,0,0,0,8,0,0
A-original,technology,4899,104899,20,True,5,5,34,34,0,0,0,0,7,0,0
A-original,technology,4900,104900,20,True,5,5,10,10,0,0,0,0,6,0,0
A-original,technology,4901,104901,20,True,1,5,6,7,0,0,0,0,3,0,0
A-original,technology,4902,104902,20,True,5,5,10,11,0,0,0,0,6,0,0
A-original,technology,4903,104903,20,True,5,5,46,46,0,0,0,0,8,0,0
A-original,technology,4904,104904,20,True,1,5,0,9,0,0,0,0,3,0,0
A-original,technology,4905,104905,20,True,4,5,5,10,0,0,0,0,6,0,0
A-original,technology,4906,104906,20,True,5,5,1,10,0,0,0,0,4,0,0
A-original,technology,4907,104907,20,True,3,5,22,22,0,0,0,0,6,0,0
A-original,technology,4908,104908,20,True,5,5,33,33,0,0,0,0,9,0,0
A-original,technology,4909,104909,20,True,5,5,38,44,0,0,0,0,8,0,0
A-original,technology,4910,104910,20,True,3,5,14,14,0,0,0,0,5,0,0
A-original,technology,4911,104911,20,True,5,5,20,22,0,0,0,0,6,0,0
A-original,technology,4912,104912,20,True,5,5,4,10,0,0,0,0,5,0,0
A-original,technology,4913,104913,20,True,5,5,34,34,0,0,0,0,6,0,0
A-original,technology,4914,104914,20,True,5,5,20,20,0,0,0,0,5,0,0
A-original,technology,4915,104915,20,True,5,5,18,18,0,0,0,0,7,0,0
A-original,technology,4916,104916,20,True,5,5,15,18,0,0,0,0,6,0,0
A-original,technology,4917,104917,20,True,5,5,20,23,0,0,0,0,7,0,0
A-original,technology,4918,104918,20,True,4,5,6,8,0,0,0,0,7,0,0
A-original,technology,4919,104919,20,True,1,5,2,9,0,0,0,0,6,0,0
A-original,technology,4920,104920,20,True,3,5,7,12,0,0,0,0,7,0,0
A-original,technology,4921,104921,20,True,1,5,0,11,0,0,0,0,5,0,0
A-original,technology,4922,104922,20,True,5,5,9,16,0,0,0,0,8,0,0
A-original,technology,4923,104923,20,True,4,5,4,9,0,0,0,0,7,0,0
A-original,technology,4924,104924,20,True,5,5,21,21,0,0,0,0,5,0,0
A-original,technology,4925,104925,20,True,5,5,11,22,0,0,0,0,9,0,0
A-original,technology,4926,104926,18,False,0,5,0,8,0,0,0,0,5,0,0
A-original,technology,4927,104927,20,True,5,5,29,31,0,0,0,0,7,0,0
A-original,technology,4928,104928,20,True,3,5,15,15,0,0,0,0,5,0,0
A-original,technology,4929,104929,20,True,1,5,0,10,0,0,0,0,4,0,0
A-original,technology,4930,104930,20,True,2,5,6,7,0,0,0,0,6,0,0
A-original,technology,4931,104931,20,True,3,5,9,12,0,0,0,0,6,0,0
A-original,technology,4932,104932,20,True,5,5,14,16,0,0,0,0,8,0,0
A-original,technology,4933,104933,20,True,5,5,16,16,0,0,0,0,7,0,0
A-original,technology,4934,104934,20,True,5,5,14,14,0,0,0,0,7,0,0
A-original,technology,4935,104935,20,True,3,5,8,11,0,0,0,0,5,0,0
A-original,technology,4936,104936,20,True,5,5,24,24,0,0,0,0,8,0,0
A-original,technology,4937,104937,16,False,0,5,0,7,0,0,0,0,4,0,0
A-original,technology,4938,104938,20,True,3,5,7,12,0,0,0,0,7,0,0
A-original,technology,4939,104939,20,True,3,5,1,11,0,0,0,0,5,0,0
A-original,technology,4940,104940,20,True,3,5,11,11,0,0,0,0,6,0,0
A-original,technology,4941,104941,20,True,1,5,3,9,0,0,0,0,4,0,0
A-original,technology,4942,104942,20,True,5,5,22,23,0,0,0,0,8,0,0
A-original,technology,4943,104943,20,True,1,5,7,7,0,0,0,0,4,0,0
A-original,technology,4944,104944,20,True,5,5,46,47,0,0,0,0,8,0,0
A-original,technology,4945,104945,20,True,5,5,51,51,0,0,0,0,7,0,0
A-original,technology,4946,104946,20,True,2,5,0,9,0,0,0,0,4,0,0
A-original,technology,4947,104947,20,True,3,5,11,11,0,0,0,0,5,0,0
A-original,technology,4948,104948,20,True,5,5,23,24,0,0,0,0,8,0,0
A-original,technology,4949,104949,20,True,4,5,19,19,0,0,0,0,9,0,0
A-original,technology,4950,104950,20,True,5,5,19,21,0,0,0,0,6,0,0
A-original,technology,4951,104951,20,True,1,5,0,7,0,0,0,0,4,0,0
A-original,technology,4952,104952,20,True,5,5,14,18,0,0,0,0,7,0,0
A-original,technology,4953,104953,20,True,3,5,6,7,0,0,0,0,6,0,0
A-original,technology,4954,104954,20,True,3,5,13,15,0,0,0,0,6,0,0
A-original,technology,4955,104955,20,True,1,5,7,7,0,0,0,0,5,0,0
A-original,technology,4956,104956,20,True,5,5,31,31,0,0,0,0,7,0,0
A-original,technology,4957,104957,20,True,5,5,20,20,0,0,0,0,5,0,0
A-original,technology,4958,104958,20,True,5,5,36,36,0,0,0,0,8,0,0
A-original,technology,4959,104959,20,True,3,5,21,21,0,0,0,0,7,0,0
A-original,technology,4960,104960,20,True,2,5,0,11,0,0,0,0,4,0,0
A-original,technology,4961,104961,20,True,5,5,31,32,0,0,0,0,8,0,0
A-original,technology,4962,104962,20,True,3,5,11,11,0,0,0,0,5,0,0
A-original,technology,4963,104963,20,True,5,5,24,27,0,0,0,0,7,0,0
A-original,technology,4964,104964,20,True,5,5,21,23,0,0,0,0,6,0,0
A-original,technology,4965,104965,20,True,5,5,38,38,0,0,0,0,8,0,0
A-original,technology,4966,104966,20,True,5,5,37,37,0,0,0,0,7,0,0
A-original,technology,4967,104967,20,True,5,5,36,36,0,0,0,0,9,0,0
A-original,technology,4968,104968,20,True,3,5,21,21,0,0,0,0,6,0,0
A-original,technology,4969,104969,20,True,3,5,5,10,0,0,0,0,5,0,0
A-original,technology,4970,104970,20,True,5,5,19,20,0,0,0,0,6,0,0
A-original,technology,4971,104971,20,True,5,5,20,21,0,0,0,0,7,0,0
A-original,technology,4972,104972,20,True,3,5,10,10,0,0,0,0,5,0,0
A-original,technology,4973,104973,20,True,5,5,36,38,0,0,0,0,8,0,0
A-original,technology,4974,104974,20,True,5,5,25,25,0,0,0,0,8,0,0
A-original,technology,4975,104975,20,True,5,5,27,27,0,0,0,0,8,0,0
A-original,technology,4976,104976,20,True,5,5,35,35,0,0,0,0,7,0,0
A-original,technology,4977,104977,20,True,3,5,9,10,0,0,0,0,7,0,0
A-original,technology,4978,104978,20,True,2,5,0,14,0,0,0,0,4,0,0
A-original,technology,4979,104979,20,True,5,5,25,25,0,0,0,0,7,0,0
A-original,technology,4980,104980,20,True,5,5,29,29,0,0,0,0,6,0,0
A-original,technology,4981,104981,20,True,5,5,21,26,0,0,0,0,9,0,0
A-original,technology,4982,104982,20,True,3,5,16,18,0,0,0,0,7,0,0
A-original,technology,4983,104983,20,True,2,5,5,8,0,0,0,0,6,0,0
A-original,technology,4984,104984,20,True,1,5,6,7,0,0,0,0,4,0,0
A-original,technology,4985,104985,20,True,3,5,5,13,0,0,0,0,4,0,0
A-original,technology,4986,104986,20,True,4,5,7,9,0,0,0,0,6,0,0
A-original,technology,4987,104987,20,True,5,5,24,26,0,0,0,0,7,0,0
A-original,technology,4988,104988,20,True,2,5,2,9,0,0,0,0,6,0,0
A-original,technology,4989,104989,20,True,1,5,3,9,0,0,0,0,3,0,0
A-original,technology,4990,104990,20,True,5,5,17,17,0,0,0,0,6,0,0
A-original,technology,4991,104991,20,True,3,5,0,12,0,0,0,0,5,0,0
A-original,technology,4992,104992,20,True,5,5,9,16,0,0,0,0,6,0,0
A-original,technology,4993,104993,20,True,5,5,35,35,0,0,0,0,9,0,0
A-original,technology,4994,104994,20,True,5,5,6,13,0,0,0,0,7,0,0
A-original,technology,4995,104995,20,True,5,5,4,11,0,0,0,0,7,0,0
A-original,technology,4996,104996,20,True,3,5,5,17,0,0,0,0,7,0,0
A-original,technology,4997,104997,20,True,4,5,6,8,0,0,0,0,7,0,0
A-original,technology,4998,104998,20,True,5,5,20,20,0,0,0,0,7,0,0
A-original,technology,4999,104999,20,True,1,5,0,9,0,0,0,0,5,0,0
A-original,technology,5000,105000,20,True,5,5,31,31,0,0,0,0,7,0,0
A-original,worship,5001,105001,9,False,0,5,14,14,0,0,0,0,5,6,5
A-original,worship,5002,105002,9,False,0,5,8,9,0,0,0,0,5,8,5
A-original,worship,5003,105003,10,False,0,5,11,14,0,0,0,0,5,6,5
A-original,worship,5004,105004,13,False,0,5,22,22,0,0,0,0,5,12,5
A-original,worship,5005,105005,8,False,0,5,10,12,0,0,0,0,5,4,5
A-original,worship,5006,105006,7,False,0,5,9,12,0,0,0,0,5,2,5
A-original,worship,5007,105007,20,False,0,5,10,15,0,0,0,0,5,20,5
A-original,worship,5008,105008,9,False,0,5,10,11,0,0,0,0,5,6,5
A-original,worship,5009,105009,14,False,0,5,14,15,0,0,0,0,5,8,5
A-original,worship,5010,105010,8,False,0,5,18,19,0,0,0,0,5,4,5
A-original,worship,5011,105011,17,False,0,5,7,14,0,0,0,0,5,16,5
A-original,worship,5012,105012,11,False,0,5,11,12,0,0,0,0,5,8,5
A-original,worship,5013,105013,11,False,0,5,17,18,0,0,0,0,5,6,5
A-original,worship,5014,105014,20,True,2,5,17,17,0,0,0,0,3,24,3
A-original,worship,5015,105015,12,False,0,5,8,10,0,0,0,0,5,6,5
A-original,worship,5016,105016,8,False,0,5,17,19,0,0,0,0,5,4,5
A-original,worship,5017,105017,9,False,0,5,10,11,0,0,0,0,5,4,5
A-original,worship,5018,105018,9,False,0,5,3,12,0,0,0,0,5,4,5
A-original,worship,5019,105019,6,False,0,5,4,10,0,0,0,0,5,2,5
A-original,worship,5020,105020,12,False,0,5,19,21,0,0,0,0,5,2,5
A-original,worship,5021,105021,18,False,0,5,21,25,0,0,0,0,5,16,5
A-original,worship,5022,105022,16,False,0,5,14,19,0,0,0,0,5,12,5
A-original,worship,5023,105023,17,False,0,5,19,19,0,0,0,0,5,14,5
A-original,worship,5024,105024,9,False,0,5,16,16,0,0,0,0,5,6,5
A-original,worship,5025,105025,16,False,0,5,13,17,0,0,0,0,5,14,5
A-original,worship,5026,105026,12,False,0,5,16,16,0,0,0,0,5,6,5
A-original,worship,5027,105027,18,False,0,5,17,18,0,0,0,0,5,20,5
A-original,worship,5028,105028,9,False,0,5,12,14,0,0,0,0,5,6,5
A-original,worship,5029,105029,12,False,0,5,16,16,0,0,0,0,5,6,5
A-original,worship,5030,105030,20,True,2,5,12,12,0,0,0,0,3,20,3
A-original,worship,5031,105031,5,False,0,5,8,9,0,0,0,0,5,2,5
A-original,worship,5032,105032,16,False,0,5,6,10,0,0,0,0,5,14,5
A-original,worship,5033,105033,10,False,0,5,11,13,0,0,0,0,5,8,5
A-original,worship,5034,105034,15,False,0,5,0,12,0,0,0,0,4,6,4
A-original,worship,5035,105035,17,False,0,5,21,23,0,0,0,0,5,16,5
A-original,worship,5036,105036,12,False,0,5,3,10,0,0,0,0,5,8,5
A-original,worship,5037,105037,9,False,0,5,11,11,0,0,0,0,5,6,5
A-original,worship,5038,105038,8,False,0,5,14,14,0,0,0,0,5,6,5
A-original,worship,5039,105039,10,False,0,5,8,10,0,0,0,0,5,8,5
A-original,worship,5040,105040,13,False,0,5,18,19,0,0,0,0,5,10,5
A-original,worship,5041,105041,15,False,0,5,15,18,0,0,0,0,5,10,5
A-original,worship,5042,105042,9,False,0,5,12,12,0,0,0,0,5,4,5
A-original,worship,5043,105043,12,False,0,5,8,13,0,0,0,0,5,4,5
A-original,worship,5044,105044,13,False,0,5,14,16,0,0,0,0,5,10,5
A-original,worship,5045,105045,7,False,0,5,11,12,0,0,0,0,5,4,5
A-original,worship,5046,105046,9,False,0,5,13,14,0,0,0,0,5,4,5
A-original,worship,5047,105047,9,False,0,5,8,11,0,0,0,0,5,4,5
A-original,worship,5048,105048,13,False,0,5,15,17,0,0,0,0,5,10,5
A-original,worship,5049,105049,9,False,0,5,14,15,0,0,0,0,5,6,5
A-original,worship,5050,105050,13,False,0,5,16,17,0,0,0,0,5,4,5
A-original,worship,5051,105051,11,False,0,5,15,16,0,0,0,0,5,10,5
A-original,worship,5052,105052,15,False,0,5,26,26,0,0,0,0,5,18,5
A-original,worship,5053,105053,8,False,0,5,12,14,0,0,0,0,5,4,5
A-original,worship,5054,105054,17,False,0,5,14,15,0,0,0,0,5,16,5
A-original,worship,5055,105055,6,False,0,5,8,12,0,0,0,0,5,2,5
A-original,worship,5056,105056,5,False,0,5,12,12,0,0,0,0,5,2,5
A-original,worship,5057,105057,10,False,0,5,13,15,0,0,0,0,5,8,5
A-original,worship,5058,105058,16,False,0,5,16,19,0,0,0,0,5,12,5
A-original,worship,5059,105059,15,False,0,5,15,17,0,0,0,0,5,16,5
A-original,worship,5060,105060,11,False,0,5,6,10,0,0,0,0,5,4,5
A-original,worship,5061,105061,8,False,0,5,14,14,0,0,0,0,5,6,5
A-original,worship,5062,105062,7,False,0,5,13,13,0,0,0,0,5,4,5
A-original,worship,5063,105063,9,False,0,5,9,10,0,0,0,0,5,8,5
A-original,worship,5064,105064,18,False,0,5,23,25,0,0,0,0,5,14,5
A-original,worship,5065,105065,6,False,0,5,15,15,0,0,0,0,5,2,5
A-original,worship,5066,105066,9,False,0,5,10,13,0,0,0,0,5,4,5
A-original,worship,5067,105067,6,False,0,5,8,12,0,0,0,0,5,2,5
A-original,worship,5068,105068,13,False,0,5,0,7,0,0,0,0,5,8,5
A-original,worship,5069,105069,9,False,0,5,18,19,0,0,0,0,5,4,5
A-original,worship,5070,105070,7,False,0,5,12,12,0,0,0,0,5,2,5
A-original,worship,5071,105071,15,False,0,5,7,12,0,0,0,0,5,12,5
A-original,worship,5072,105072,20,True,1,5,12,14,0,0,0,0,4,18,4
A-original,worship,5073,105073,6,False,0,5,11,11,0,0,0,0,5,4,5
A-original,worship,5074,105074,16,False,0,5,17,19,0,0,0,0,5,12,5
A-original,worship,5075,105075,14,False,0,5,0,10,0,0,0,0,5,14,5
A-original,worship,5076,105076,11,False,0,5,13,16,0,0,0,0,5,6,5
A-original,worship,5077,105077,8,False,0,5,7,9,0,0,0,0,5,4,5
A-original,worship,5078,105078,7,False,0,5,9,10,0,0,0,0,5,2,5
A-original,worship,5079,105079,14,False,0,5,14,17,0,0,0,0,5,10,5
A-original,worship,5080,105080,16,False,0,5,12,15,0,0,0,0,5,14,5
A-original,worship,5081,105081,15,False,0,5,15,20,0,0,0,0,5,4,5
A-original,worship,5082,105082,9,False,0,5,7,8,0,0,0,0,5,6,5
A-original,worship,5083,105083,15,False,0,5,13,14,0,0,0,0,5,12,5
A-original,worship,5084,105084,8,False,0,5,12,14,0,0,0,0,5,6,5
A-original,worship,5085,105085,13,False,0,5,7,9,0,0,0,0,5,10,5
A-original,worship,5086,105086,9,False,0,5,8,10,0,0,0,0,5,8,5
A-original,worship,5087,105087,14,False,0,5,22,22,0,0,0,0,5,10,5
A-original,worship,5088,105088,9,False,0,5,8,12,0,0,0,0,5,4,5
A-original,worship,5089,105089,13,False,0,5,8,11,0,0,0,0,5,6,5
A-original,worship,5090,105090,12,False,0,5,15,16,0,0,0,0,5,8,5
A-original,worship,5091,105091,20,False,0,5,18,21,0,0,0,0,5,18,5
A-original,worship,5092,105092,13,False,0,5,8,12,0,0,0,0,5,12,5
A-original,worship,5093,105093,14,False,0,5,16,17,0,0,0,0,5,14,5
A-original,worship,5094,105094,11,False,0,5,21,21,0,0,0,0,5,8,5
A-original,worship,5095,105095,10,False,0,5,13,13,0,0,0,0,5,8,5
A-original,worship,5096,105096,13,False,0,5,5,9,0,0,0,0,5,12,5
A-original,worship,5097,105097,11,False,0,5,16,16,0,0,0,0,5,10,5
A-original,worship,5098,105098,20,True,2,5,25,25,0,0,0,0,3,26,3
A-original,worship,5099,105099,13,False,0,5,21,23,0,0,0,0,5,8,5
A-original,worship,5100,105100,5,False,0,5,10,10,0,0,0,0,5,2,5
A-original,worship,5101,105101,16,False,0,5,5,12,0,0,0,0,5,14,5
A-original,worship,5102,105102,10,False,0,5,12,13,0,0,0,0,5,6,5
A-original,worship,5103,105103,15,False,0,5,13,15,0,0,0,0,5,12,5
A-original,worship,5104,105104,8,False,0,5,9,9,0,0,0,0,5,6,5
A-original,worship,5105,105105,14,False,0,5,15,19,0,0,0,0,5,12,5
A-original,worship,5106,105106,13,False,0,5,9,11,0,0,0,0,5,8,5
A-original,worship,5107,105107,20,True,2,5,15,15,0,0,0,0,3,22,3
A-original,worship,5108,105108,16,False,0,5,21,22,0,0,0,0,5,18,5
A-original,worship,5109,105109,7,False,0,5,15,15,0,0,0,0,5,4,5
A-original,worship,5110,105110,15,False,0,5,19,20,0,0,0,0,5,8,5
A-original,worship,5111,105111,12,False,0,5,9,11,0,0,0,0,5,12,5
A-original,worship,5112,105112,9,False,0,5,14,16,0,0,0,0,5,6,5
A-original,worship,5113,105113,7,False,0,5,7,8,0,0,0,0,5,4,5
A-original,worship,5114,105114,16,False,0,5,22,23,0,0,0,0,5,14,5
A-original,worship,5115,105115,10,False,0,5,20,20,0,0,0,0,5,4,5
A-original,worship,5116,105116,6,False,0,5,13,13,0,0,0,0,5,4,5
A-original,worship,5117,105117,14,False,0,5,10,11,0,0,0,0,5,10,5
A-original,worship,5118,105118,8,False,0,5,14,15,0,0,0,0,5,4,5
A-original,worship,5119,105119,10,False,0,5,16,17,0,0,0,0,5,10,5
A-original,worship,5120,105120,8,False,0,5,14,14,0,0,0,0,5,4,5
A-original,worship,5121,105121,16,False,0,5,23,26,0,0,0,0,5,16,5
A-original,worship,5122,105122,11,False,0,5,15,17,0,0,0,0,5,6,5
A-original,worship,5123,105123,10,False,0,5,14,14,0,0,0,0,5,10,5
A-original,worship,5124,105124,11,False,0,5,15,16,0,0,0,0,5,6,5
A-original,worship,5125,105125,7,False,0,5,7,10,0,0,0,0,5,4,5
A-original,worship,5126,105126,13,False,0,5,12,16,0,0,0,0,5,8,5
A-original,worship,5127,105127,5,False,0,5,14,14,0,0,0,0,5,0,5
A-original,worship,5128,105128,7,False,0,5,12,14,0,0,0,0,5,4,5
A-original,worship,5129,105129,14,False,0,5,17,17,0,0,0,0,5,8,5
A-original,worship,5130,105130,11,False,0,5,15,17,0,0,0,0,5,8,5
A-original,worship,5131,105131,20,False,0,5,8,15,0,0,0,0,5,22,5
A-original,worship,5132,105132,9,False,0,5,11,14,0,0,0,0,5,2,5
A-original,worship,5133,105133,11,False,0,5,12,12,0,0,0,0,5,12,5
A-original,worship,5134,105134,10,False,0,5,9,12,0,0,0,0,5,4,5
A-original,worship,5135,105135,20,False,0,5,26,26,0,0,0,0,5,20,5
A-original,worship,5136,105136,9,False,0,5,10,11,0,0,0,0,5,8,5
A-original,worship,5137,105137,8,False,0,5,12,13,0,0,0,0,5,6,5
A-original,worship,5138,105138,9,False,0,5,16,16,0,0,0,0,5,8,5
A-original,worship,5139,105139,7,False,0,5,9,9,0,0,0,0,5,2,5
A-original,worship,5140,105140,13,False,0,5,18,19,0,0,0,0,5,6,5
A-original,worship,5141,105141,12,False,0,5,21,22,0,0,0,0,5,8,5
A-original,worship,5142,105142,20,False,0,5,8,18,0,0,0,0,5,18,5
A-original,worship,5143,105143,6,False,0,5,15,15,0,0,0,0,5,4,5
A-original,worship,5144,105144,10,False,0,5,10,11,0,0,0,0,5,10,5
A-original,worship,5145,105145,8,False,0,5,15,16,0,0,0,0,5,4,5
A-original,worship,5146,105146,20,False,0,5,4,13,0,0,0,0,5,22,5
A-original,worship,5147,105147,18,False,0,5,19,21,0,0,0,0,5,18,5
A-original,worship,5148,105148,6,False,0,5,13,13,0,0,0,0,5,4,5
A-original,worship,5149,105149,14,False,0,5,9,14,0,0,0,0,5,10,5
A-original,worship,5150,105150,6,False,0,5,12,12,0,0,0,0,5,4,5
A-original,worship,5151,105151,17,False,0,5,25,26,0,0,0,0,5,12,5
A-original,worship,5152,105152,11,False,0,5,17,17,0,0,0,0,5,10,5
A-original,worship,5153,105153,16,False,0,5,11,17,0,0,0,0,5,14,5
A-original,worship,5154,105154,18,False,0,5,11,15,0,0,0,0,5,22,5
A-original,worship,5155,105155,15,False,0,5,7,15,0,0,0,0,5,12,5
A-original,worship,5156,105156,12,False,0,5,12,13,0,0,0,0,5,12,5
A-original,worship,5157,105157,16,False,0,5,13,17,0,0,0,0,5,14,5
A-original,worship,5158,105158,12,False,0,5,8,12,0,0,0,0,5,8,5
A-original,worship,5159,105159,8,False,0,5,9,9,0,0,0,0,5,4,5
A-original,worship,5160,105160,8,False,0,5,2,7,0,0,0,0,5,6,5
A-original,worship,5161,105161,7,False,0,5,12,13,0,0,0,0,5,4,5
A-original,worship,5162,105162,9,False,0,5,13,15,0,0,0,0,5,6,5
A-original,worship,5163,105163,9,False,0,5,13,13,0,0,0,0,5,4,5
A-original,worship,5164,105164,9,False,0,5,7,7,0,0,0,0,5,8,5
A-original,worship,5165,105165,12,False,0,5,15,15,0,0,0,0,5,10,5
A-original,worship,5166,105166,12,False,0,5,13,17,0,0,0,0,5,8,5
A-original,worship,5167,105167,18,False,0,5,16,17,0,0,0,0,5,18,5
A-original,worship,5168,105168,12,False,0,5,10,14,0,0,0,0,5,10,5
A-original,worship,5169,105169,14,False,0,5,14,20,0,0,0,0,5,4,5
A-original,worship,5170,105170,4,False,0,5,6,9,0,0,0,0,5,0,5
A-original,worship,5171,105171,9,False,0,5,12,13,0,0,0,0,5,6,5
A-original,worship,5172,105172,11,False,0,5,10,12,0,0,0,0,5,4,5
A-original,worship,5173,105173,20,False,0,5,15,17,0,0,0,0,5,18,5
A-original,worship,5174,105174,13,False,0,5,21,21,0,0,0,0,5,8,5
A-original,worship,5175,105175,10,False,0,5,5,10,0,0,0,0,5,4,5
A-original,worship,5176,105176,10,False,0,5,17,18,0,0,0,0,5,6,5
A-original,worship,5177,105177,11,False,0,5,16,16,0,0,0,0,5,8,5
A-original,worship,5178,105178,19,False,0,5,14,15,0,0,0,0,5,18,5
A-original,worship,5179,105179,20,True,1,5,6,17,0,0,0,0,4,22,4
A-original,worship,5180,105180,12,False,0,5,9,12,0,0,0,0,5,4,5
A-original,worship,5181,105181,15,False,0,5,24,24,0,0,0,0,5,10,5
A-original,worship,5182,105182,14,False,0,5,12,12,0,0,0,0,5,14,5
A-original,worship,5183,105183,15,False,0,5,6,11,0,0,0,0,5,16,5
A-original,worship,5184,105184,11,False,0,5,14,15,0,0,0,0,5,8,5
A-original,worship,5185,105185,15,False,0,5,11,14,0,0,0,0,5,10,5
A-original,worship,5186,105186,7,False,0,5,9,11,0,0,0,0,5,4,5
A-original,worship,5187,105187,9,False,0,5,12,14,0,0,0,0,5,6,5
A-original,worship,5188,105188,6,False,0,5,14,14,0,0,0,0,5,2,5
A-original,worship,5189,105189,8,False,0,5,11,11,0,0,0,0,5,8,5
A-original,worship,5190,105190,12,False,0,5,16,16,0,0,0,0,5,16,5
A-original,worship,5191,105191,20,False,0,5,8,16,0,0,0,0,5,22,5
A-original,worship,5192,105192,4,False,0,5,10,11,0,0,0,0,5,0,5
A-original,worship,5193,105193,14,False,0,5,13,17,0,0,0,0,5,12,5
A-original,worship,5194,105194,11,False,0,5,15,17,0,0,0,0,5,8,5
A-original,worship,5195,105195,10,False,0,5,14,15,0,0,0,0,5,6,5
A-original,worship,5196,105196,11,False,0,5,13,16,0,0,0,0,5,6,5
A-original,worship,5197,105197,5,False,0,5,12,12,0,0,0,0,5,2,5
A-original,worship,5198,105198,14,False,0,5,12,16,0,0,0,0,5,12,5
A-original,worship,5199,105199,17,False,0,5,21,21,0,0,0,0,5,14,5
A-original,worship,5200,105200,6,False,0,5,11,11,0,0,0,0,5,2,5
A-original,worship,5201,105201,7,False,0,5,10,11,0,0,0,0,5,4,5
A-original,worship,5202,105202,14,False,0,5,14,17,0,0,0,0,5,8,5
A-original,worship,5203,105203,8,False,0,5,10,11,0,0,0,0,5,4,5
A-original,worship,5204,105204,10,False,0,5,10,13,0,0,0,0,5,8,5
A-original,worship,5205,105205,11,False,0,5,15,16,0,0,0,0,5,8,5
A-original,worship,5206,105206,6,False,0,5,9,12,0,0,0,0,5,4,5
A-original,worship,5207,105207,6,False,0,5,4,8,0,0,0,0,5,2,5
A-original,worship,5208,105208,15,False,0,5,18,20,0,0,0,0,5,12,5
A-original,worship,5209,105209,14,False,0,5,17,17,0,0,0,0,5,14,5
A-original,worship,5210,105210,7,False,0,5,14,14,0,0,0,0,5,4,5
A-original,worship,5211,105211,12,False,0,5,16,18,0,0,0,0,5,8,5
A-original,worship,5212,105212,16,False,0,5,9,12,0,0,0,0,5,14,5
A-original,worship,5213,105213,11,False,0,5,13,13,0,0,0,0,5,10,5
A-original,worship,5214,105214,14,False,0,5,18,21,0,0,0,0,5,6,5
A-original,worship,5215,105215,10,False,0,5,10,14,0,0,0,0,5,6,5
A-original,worship,5216,105216,7,False,0,5,11,13,0,0,0,0,5,4,5
A-original,worship,5217,105217,9,False,0,5,8,9,0,0,0,0,5,10,5
A-original,worship,5218,105218,17,False,0,5,15,16,0,0,0,0,5,18,5
A-original,worship,5219,105219,11,False,0,5,15,18,0,0,0,0,5,6,5
A-original,worship,5220,105220,13,False,0,5,2,9,0,0,0,0,5,10,5
A-original,worship,5221,105221,12,False,0,5,13,15,0,0,0,0,5,6,5
A-original,worship,5222,105222,11,False,0,5,11,14,0,0,0,0,5,8,5
A-original,worship,5223,105223,9,False,0,5,6,8,0,0,0,0,5,8,5
A-original,worship,5224,105224,6,False,0,5,15,15,0,0,0,0,5,2,5
A-original,worship,5225,105225,14,False,0,5,9,13,0,0,0,0,5,14,5
A-original,worship,5226,105226,11,False,0,5,14,15,0,0,0,0,5,10,5
A-original,worship,5227,105227,8,False,0,5,13,13,0,0,0,0,5,4,5
A-original,worship,5228,105228,7,False,0,5,14,14,0,0,0,0,5,4,5
A-original,worship,5229,105229,7,False,0,5,11,11,0,0,0,0,5,6,5
A-original,worship,5230,105230,20,False,0,5,38,38,0,0,0,0,5,18,5
A-original,worship,5231,105231,16,False,0,5,20,20,0,0,0,0,5,12,5
A-original,worship,5232,105232,17,False,0,5,25,28,0,0,0,0,5,12,5
A-original,worship,5233,105233,11,False,0,5,16,16,0,0,0,0,5,10,5
A-original,worship,5234,105234,12,False,0,5,11,15,0,0,0,0,5,6,5
A-original,worship,5235,105235,7,False,0,5,13,13,0,0,0,0,5,4,5
A-original,worship,5236,105236,7,False,0,5,10,12,0,0,0,0,5,4,5
A-original,worship,5237,105237,11,False,0,5,14,14,0,0,0,0,5,10,5
A-original,worship,5238,105238,9,False,0,5,12,13,0,0,0,0,5,4,5
A-original,worship,5239,105239,7,False,0,5,4,10,0,0,0,0,5,4,5
A-original,worship,5240,105240,8,False,0,5,15,16,0,0,0,0,5,4,5
A-original,worship,5241,105241,8,False,0,5,10,12,0,0,0,0,5,4,5
A-original,worship,5242,105242,20,True,1,5,19,19,0,0,0,0,4,26,4
A-original,worship,5243,105243,7,False,0,5,9,9,0,0,0,0,5,2,5
A-original,worship,5244,105244,17,False,0,5,22,24,0,0,0,0,5,14,5
A-original,worship,5245,105245,9,False,0,5,15,15,0,0,0,0,5,6,5
A-original,worship,5246,105246,9,False,0,5,11,12,0,0,0,0,5,4,5
A-original,worship,5247,105247,12,False,0,5,12,17,0,0,0,0,5,6,5
A-original,worship,5248,105248,5,False,0,5,14,14,0,0,0,0,5,0,5
A-original,worship,5249,105249,6,False,0,5,3,10,0,0,0,0,5,2,5
A-original,worship,5250,105250,13,False,0,5,20,20,0,0,0,0,5,10,5
A-original,worship,5251,105251,10,False,0,5,5,12,0,0,0,0,5,4,5
A-original,worship,5252,105252,12,False,0,5,7,9,0,0,0,0,5,10,5
A-original,worship,5253,105253,12,False,0,5,11,12,0,0,0,0,5,8,5
A-original,worship,5254,105254,9,False,0,5,11,13,0,0,0,0,5,8,5
A-original,worship,5255,105255,20,True,1,5,22,24,0,0,0,0,4,20,4
A-original,worship,5256,105256,10,False,0,5,8,11,0,0,0,0,5,4,5
A-original,worship,5257,105257,16,False,0,5,18,20,0,0,0,0,5,14,5
A-original,worship,5258,105258,7,False,0,5,8,14,0,0,0,0,5,2,5
A-original,worship,5259,105259,10,False,0,5,9,12,0,0,0,0,5,8,5
A-original,worship,5260,105260,7,False,0,5,5,8,0,0,0,0,5,4,5
A-original,worship,5261,105261,13,False,0,5,13,15,0,0,0,0,5,12,5
A-original,worship,5262,105262,14,False,0,5,18,21,0,0,0,0,5,6,5
A-original,worship,5263,105263,12,False,0,5,26,26,0,0,0,0,5,8,5
A-original,worship,5264,105264,12,False,0,5,13,14,0,0,0,0,5,10,5
A-original,worship,5265,105265,6,False,0,5,8,9,0,0,0,0,5,4,5
A-original,worship,5266,105266,15,False,0,5,16,17,0,0,0,0,5,12,5
A-original,worship,5267,105267,14,False,0,5,15,18,0,0,0,0,5,8,5
A-original,worship,5268,105268,9,False,0,5,16,17,0,0,0,0,5,8,5
A-original,worship,5269,105269,10,False,0,5,15,17,0,0,0,0,5,6,5
A-original,worship,5270,105270,7,False,0,5,11,15,0,0,0,0,5,2,5
A-original,worship,5271,105271,7,False,0,5,15,15,0,0,0,0,5,4,5
A-original,worship,5272,105272,14,False,0,5,14,17,0,0,0,0,5,10,5
A-original,worship,5273,105273,18,False,0,5,16,17,0,0,0,0,5,18,5
A-original,worship,5274,105274,14,False,0,5,18,19,0,0,0,0,5,12,5
A-original,worship,5275,105275,16,False,0,5,12,16,0,0,0,0,5,14,5
A-original,worship,5276,105276,9,False,0,5,7,10,0,0,0,0,5,6,5
A-original,worship,5277,105277,11,False,0,5,9,12,0,0,0,0,5,8,5
A-original,worship,5278,105278,9,False,0,5,11,11,0,0,0,0,5,6,5
A-original,worship,5279,105279,17,False,0,5,21,24,0,0,0,0,5,16,5
A-original,worship,5280,105280,10,False,0,5,11,14,0,0,0,0,5,6,5
A-original,worship,5281,105281,8,False,0,5,13,13,0,0,0,0,5,6,5
A-original,worship,5282,105282,12,False,0,5,16,17,0,0,0,0,5,12,5
A-original,worship,5283,105283,19,False,0,5,14,20,0,0,0,0,5,18,5
A-original,worship,5284,105284,11,False,0,5,17,19,0,0,0,0,5,8,5
A-original,worship,5285,105285,8,False,0,5,10,10,0,0,0,0,5,4,5
A-original,worship,5286,105286,9,False,0,5,11,14,0,0,0,0,5,4,5
A-original,worship,5287,105287,13,False,0,5,12,16,0,0,0,0,5,8,5
A-original,worship,5288,105288,12,False,0,5,13,16,0,0,0,0,5,10,5
A-original,worship,5289,105289,10,False,0,5,12,14,0,0,0,0,5,8,5
A-original,worship,5290,105290,11,False,0,5,24,24,0,0,0,0,5,8,5
A-original,worship,5291,105291,19,False,0,5,6,13,0,0,0,0,5,20,5
A-original,worship,5292,105292,8,False,0,5,11,12,0,0,0,0,5,2,5
A-original,worship,5293,105293,18,False,0,5,19,24,0,0,0,0,5,18,5
A-original,worship,5294,105294,14,False,0,5,29,29,0,0,0,0,5,6,5
A-original,worship,5295,105295,8,False,0,5,15,16,0,0,0,0,5,4,5
A-original,worship,5296,105296,18,False,0,5,15,16,0,0,0,0,5,18,5
A-original,worship,5297,105297,7,False,0,5,3,7,0,0,0,0,5,2,5
A-original,worship,5298,105298,20,True,1,5,5,15,0,0,0,0,4,16,4
A-original,worship,5299,105299,20,True,1,5,7,18,0,0,0,0,4,22,4
A-original,worship,5300,105300,18,False,0,5,12,16,0,0,0,0,5,16,5
A-original,worship,5301,105301,14,False,0,5,23,24,0,0,0,0,5,12,5
A-original,worship,5302,105302,14,False,0,5,6,12,0,0,0,0,5,10,5
A-original,worship,5303,105303,10,False,0,5,14,17,0,0,0,0,5,6,5
A-original,worship,5304,105304,11,False,0,5,17,19,0,0,0,0,5,10,5
A-original,worship,5305,105305,9,False,0,5,12,12,0,0,0,0,5,6,5
A-original,worship,5306,105306,10,False,0,5,2,10,0,0,0,0,5,6,5
A-original,worship,5307,105307,8,False,0,5,12,13,0,0,0,0,5,6,5
A-original,worship,5308,105308,10,False,0,5,18,18,0,0,0,0,5,6,5
A-original,worship,5309,105309,20,True,1,5,27,32,0,0,0,0,4,20,4
A-original,worship,5310,105310,17,False,0,5,20,23,0,0,0,0,5,12,5
A-original,worship,5311,105311,13,False,0,5,14,19,0,0,0,0,5,6,5
A-original,worship,5312,105312,15,False,0,5,2,9,0,0,0,0,5,10,5
A-original,worship,5313,105313,11,False,0,5,7,11,0,0,0,0,5,8,5
A-original,worship,5314,105314,17,False,0,5,19,19,0,0,0,0,5,20,5
A-original,worship,5315,105315,6,False,0,5,13,13,0,0,0,0,5,2,5
A-original,worship,5316,105316,11,False,0,5,20,20,0,0,0,0,5,4,5
A-original,worship,5317,105317,9,False,0,5,13,15,0,0,0,0,5,2,5
A-original,worship,5318,105318,20,False,0,5,20,23,0,0,0,0,5,18,5
A-original,worship,5319,105319,17,False,0,5,29,29,0,0,0,0,5,18,5
A-original,worship,5320,105320,13,False,0,5,18,19,0,0,0,0,5,10,5
A-original,worship,5321,105321,8,False,0,5,12,15,0,0,0,0,5,4,5
A-original,worship,5322,105322,5,False,0,5,12,15,0,0,0,0,5,2,5
A-original,worship,5323,105323,9,False,0,5,10,12,0,0,0,0,5,4,5
A-original,worship,5324,105324,8,False,0,5,15,15,0,0,0,0,5,2,5
A-original,worship,5325,105325,8,False,0,5,14,14,0,0,0,0,5,6,5
A-original,worship,5326,105326,6,False,0,5,14,15,0,0,0,0,5,4,5
A-original,worship,5327,105327,12,False,0,5,9,12,0,0,0,0,5,6,5
A-original,worship,5328,105328,7,False,0,5,6,11,0,0,0,0,5,2,5
A-original,worship,5329,105329,12,False,0,5,2,13,0,0,0,0,5,4,5
A-original,worship,5330,105330,9,False,0,5,11,11,0,0,0,0,5,6,5
A-original,worship,5331,105331,9,False,0,5,8,11,0,0,0,0,5,6,5
A-original,worship,5332,105332,10,False,0,5,16,16,0,0,0,0,5,6,5
A-original,worship,5333,105333,11,False,0,5,4,9,0,0,0,0,5,4,5
A-original,worship,5334,105334,7,False,0,5,12,12,0,0,0,0,5,4,5
A-original,worship,5335,105335,8,False,0,5,6,9,0,0,0,0,5,6,5
A-original,worship,5336,105336,5,False,0,5,7,7,0,0,0,0,5,2,5
A-original,worship,5337,105337,7,False,0,5,17,17,0,0,0,0,5,4,5
A-original,worship,5338,105338,13,False,0,5,22,22,0,0,0,0,5,12,5
A-original,worship,5339,105339,10,False,0,5,15,17,0,0,0,0,5,6,5
A-original,worship,5340,105340,11,False,0,5,17,18,0,0,0,0,5,6,5
A-original,worship,5341,105341,8,False,0,5,8,10,0,0,0,0,5,4,5
A-original,worship,5342,105342,6,False,0,5,7,9,0,0,0,0,5,0,5
A-original,worship,5343,105343,6,False,0,5,6,9,0,0,0,0,5,2,5
A-original,worship,5344,105344,18,False,0,5,16,17,0,0,0,0,5,18,5
A-original,worship,5345,105345,6,False,0,5,0,7,0,0,0,0,4,2,4
A-original,worship,5346,105346,7,False,0,5,8,9,0,0,0,0,5,2,5
A-original,worship,5347,105347,16,False,0,5,0,8,0,0,0,0,4,18,4
A-original,worship,5348,105348,9,False,0,5,11,11,0,0,0,0,5,8,5
A-original,worship,5349,105349,7,False,0,5,3,8,0,0,0,0,5,2,5
A-original,worship,5350,105350,9,False,0,5,12,13,0,0,0,0,5,4,5
A-original,worship,5351,105351,7,False,0,5,14,15,0,0,0,0,5,4,5
A-original,worship,5352,105352,10,False,0,5,17,18,0,0,0,0,5,8,5
A-original,worship,5353,105353,13,False,0,5,19,19,0,0,0,0,5,8,5
A-original,worship,5354,105354,11,False,0,5,26,26,0,0,0,0,5,6,5
A-original,worship,5355,105355,5,False,0,5,10,10,0,0,0,0,5,2,5
A-original,worship,5356,105356,12,False,0,5,15,15,0,0,0,0,5,10,5
A-original,worship,5357,105357,11,False,0,5,8,10,0,0,0,0,5,10,5
A-original,worship,5358,105358,11,False,0,5,20,21,0,0,0,0,5,8,5
A-original,worship,5359,105359,13,False,0,5,7,10,0,0,0,0,5,8,5
A-original,worship,5360,105360,17,False,0,5,19,24,0,0,0,0,5,14,5
A-original,worship,5361,105361,10,False,0,5,20,20,0,0,0,0,5,6,5
A-original,worship,5362,105362,8,False,0,5,11,12,0,0,0,0,5,2,5
A-original,worship,5363,105363,5,False,0,5,14,15,0,0,0,0,5,0,5
A-original,worship,5364,105364,8,False,0,5,16,16,0,0,0,0,5,4,5
A-original,worship,5365,105365,17,False,0,5,23,24,0,0,0,0,5,14,5
A-original,worship,5366,105366,7,False,0,5,0,8,0,0,0,0,4,2,4
A-original,worship,5367,105367,15,False,0,5,19,19,0,0,0,0,5,6,5
A-original,worship,5368,105368,11,False,0,5,13,14,0,0,0,0,5,8,5
A-original,worship,5369,105369,7,False,0,5,11,11,0,0,0,0,5,4,5
A-original,worship,5370,105370,13,False,0,5,22,24,0,0,0,0,5,4,5
A-original,worship,5371,105371,5,False,0,5,15,15,0,0,0,0,5,2,5
A-original,worship,5372,105372,10,False,0,5,19,19,0,0,0,0,5,2,5
A-original,worship,5373,105373,17,False,0,5,21,21,0,0,0,0,5,14,5
A-original,worship,5374,105374,20,True,1,5,4,15,0,0,0,0,4,20,4
A-original,worship,5375,105375,8,False,0,5,14,14,0,0,0,0,5,6,5
A-original,worship,5376,105376,12,False,0,5,10,11,0,0,0,0,5,10,5
A-original,worship,5377,105377,8,False,0,5,11,15,0,0,0,0,5,4,5
A-original,worship,5378,105378,12,False,0,5,3,8,0,0,0,0,5,4,5
A-original,worship,5379,105379,11,False,0,5,12,13,0,0,0,0,5,8,5
A-original,worship,5380,105380,9,False,0,5,14,16,0,0,0,0,5,4,5
A-original,worship,5381,105381,5,False,0,5,12,12,0,0,0,0,5,0,5
A-original,worship,5382,105382,6,False,0,5,4,7,0,0,0,0,5,4,5
A-original,worship,5383,105383,17,False,0,5,27,27,0,0,0,0,5,18,5
A-original,worship,5384,105384,12,False,0,5,14,16,0,0,0,0,5,10,5
A-original,worship,5385,105385,8,False,0,5,9,10,0,0,0,0,5,4,5
A-original,worship,5386,105386,11,False,0,5,10,15,0,0,0,0,5,6,5
A-original,worship,5387,105387,11,False,0,5,23,23,0,0,0,0,5,10,5
A-original,worship,5388,105388,15,False,0,5,20,20,0,0,0,0,5,16,5
A-original,worship,5389,105389,13,False,0,5,8,14,0,0,0,0,5,10,5
A-original,worship,5390,105390,13,False,0,5,6,12,0,0,0,0,5,10,5
A-original,worship,5391,105391,12,False,0,5,16,18,0,0,0,0,5,8,5
A-original,worship,5392,105392,10,False,0,5,13,16,0,0,0,0,5,6,5
A-original,worship,5393,105393,16,False,0,5,18,18,0,0,0,0,5,12,5
A-original,worship,5394,105394,6,False,0,5,14,14,0,0,0,0,5,4,5
A-original,worship,5395,105395,5,False,0,5,12,12,0,0,0,0,5,2,5
A-original,worship,5396,105396,12,False,0,5,14,14,0,0,0,0,5,10,5
A-original,worship,5397,105397,19,False,0,5,19,21,0,0,0,0,5,16,5
A-original,worship,5398,105398,7,False,0,5,10,12,0,0,0,0,5,4,5
A-original,worship,5399,105399,15,False,0,5,6,12,0,0,0,0,5,8,5
A-original,worship,5400,105400,7,False,0,5,11,13,0,0,0,0,5,4,5
A-original,worship,5401,105401,8,False,0,5,12,13,0,0,0,0,5,6,5
A-original,worship,5402,105402,6,False,0,5,8,8,0,0,0,0,5,4,5
A-original,worship,5403,105403,14,False,0,5,12,18,0,0,0,0,5,8,5
A-original,worship,5404,105404,11,False,0,5,0,12,0,0,0,0,4,6,4
A-original,worship,5405,105405,15,False,0,5,17,21,0,0,0,0,5,12,5
A-original,worship,5406,105406,5,False,0,5,4,9,0,0,0,0,5,2,5
A-original,worship,5407,105407,18,False,0,5,15,19,0,0,0,0,5,16,5
A-original,worship,5408,105408,20,True,1,5,30,32,0,0,0,0,4,22,4
A-original,worship,5409,105409,15,False,0,5,0,8,0,0,0,0,5,16,5
A-original,worship,5410,105410,9,False,0,5,17,17,0,0,0,0,5,2,5
A-original,worship,5411,105411,13,False,0,5,17,18,0,0,0,0,5,6,5
A-original,worship,5412,105412,12,False,0,5,9,14,0,0,0,0,5,8,5
A-original,worship,5413,105413,13,False,0,5,6,13,0,0,0,0,5,8,5
A-original,worship,5414,105414,6,False,0,5,11,11,0,0,0,0,5,2,5
A-original,worship,5415,105415,14,False,0,5,8,12,0,0,0,0,5,10,5
A-original,worship,5416,105416,17,False,0,5,13,13,0,0,0,0,5,18,5
A-original,worship,5417,105417,20,False,0,5,10,19,0,0,0,0,5,18,5
A-original,worship,5418,105418,10,False,0,5,4,7,0,0,0,0,5,8,5
A-original,worship,5419,105419,11,False,0,5,13,16,0,0,0,0,5,6,5
A-original,worship,5420,105420,13,False,0,5,22,22,0,0,0,0,5,8,5
A-original,worship,5421,105421,5,False,0,5,7,10,0,0,0,0,5,2,5
A-original,worship,5422,105422,20,False,0,5,4,10,0,0,0,0,5,22,5
A-original,worship,5423,105423,15,False,0,5,20,20,0,0,0,0,5,8,5
A-original,worship,5424,105424,11,False,0,5,4,8,0,0,0,0,5,10,5
A-original,worship,5425,105425,8,False,0,5,14,15,0,0,0,0,5,4,5
A-original,worship,5426,105426,7,False,0,5,5,8,0,0,0,0,5,4,5
A-original,worship,5427,105427,9,False,0,5,10,13,0,0,0,0,5,4,5
A-original,worship,5428,105428,12,False,0,5,15,17,0,0,0,0,5,4,5
A-original,worship,5429,105429,5,False,0,5,9,13,0,0,0,0,5,0,5
A-original,worship,5430,105430,17,False,0,5,17,17,0,0,0,0,5,18,5
A-original,worship,5431,105431,17,False,0,5,26,27,0,0,0,0,5,20,5
A-original,worship,5432,105432,10,False,0,5,8,10,0,0,0,0,5,10,5
A-original,worship,5433,105433,15,False,0,5,15,17,0,0,0,0,5,14,5
A-original,worship,5434,105434,17,False,0,5,6,12,0,0,0,0,5,14,5
A-original,worship,5435,105435,14,False,0,5,15,19,0,0,0,0,5,8,5
A-original,worship,5436,105436,14,False,0,5,19,20,0,0,0,0,5,16,5
A-original,worship,5437,105437,18,False,0,5,21,23,0,0,0,0,5,18,5
A-original,worship,5438,105438,9,False,0,5,5,9,0,0,0,0,5,6,5
A-original,worship,5439,105439,7,False,0,5,3,12,0,0,0,0,5,2,5
A-original,worship,5440,105440,8,False,0,5,6,12,0,0,0,0,5,4,5
A-original,worship,5441,105441,12,False,0,5,17,18,0,0,0,0,5,8,5
A-original,worship,5442,105442,18,False,0,5,18,19,0,0,0,0,5,14,5
A-original,worship,5443,105443,10,False,0,5,12,14,0,0,0,0,5,8,5
A-original,worship,5444,105444,14,False,0,5,14,16,0,0,0,0,5,14,5
A-original,worship,5445,105445,8,False,0,5,14,14,0,0,0,0,5,4,5
A-original,worship,5446,105446,9,False,0,5,11,14,0,0,0,0,5,4,5
A-original,worship,5447,105447,13,False,0,5,7,10,0,0,0,0,5,10,5
A-original,worship,5448,105448,5,False,0,5,0,7,0,0,0,0,5,2,5
A-original,worship,5449,105449,6,False,0,5,12,13,0,0,0,0,5,2,5
A-original,worship,5450,105450,16,False,0,5,5,12,0,0,0,0,5,12,5
A-original,worship,5451,105451,6,False,0,5,16,16,0,0,0,0,5,4,5
A-original,worship,5452,105452,15,False,0,5,16,19,0,0,0,0,5,10,5
A-original,worship,5453,105453,7,False,0,5,12,12,0,0,0,0,5,2,5
A-original,worship,5454,105454,8,False,0,5,11,11,0,0,0,0,5,2,5
A-original,worship,5455,105455,6,False,0,5,14,14,0,0,0,0,5,2,5
A-original,worship,5456,105456,13,False,0,5,29,30,0,0,0,0,5,10,5
A-original,worship,5457,105457,7,False,0,5,9,9,0,0,0,0,5,4,5
A-original,worship,5458,105458,8,False,0,5,11,11,0,0,0,0,5,4,5
A-original,worship,5459,105459,10,False,0,5,11,13,0,0,0,0,5,6,5
A-original,worship,5460,105460,6,False,0,5,8,9,0,0,0,0,5,2,5
A-original,worship,5461,105461,9,False,0,5,7,12,0,0,0,0,5,4,5
A-original,worship,5462,105462,11,False,0,5,7,10,0,0,0,0,5,4,5
A-original,worship,5463,105463,9,False,0,5,9,11,0,0,0,0,5,6,5
A-original,worship,5464,105464,7,False,0,5,16,17,0,0,0,0,5,4,5
A-original,worship,5465,105465,17,False,0,5,19,22,0,0,0,0,5,16,5
A-original,worship,5466,105466,9,False,0,5,11,14,0,0,0,0,5,4,5
A-original,worship,5467,105467,20,True,1,5,3,14,0,0,0,0,4,18,4
A-original,worship,5468,105468,13,False,0,5,16,17,0,0,0,0,5,6,5
A-original,worship,5469,105469,12,False,0,5,14,16,0,0,0,0,5,6,5
A-original,worship,5470,105470,8,False,0,5,11,12,0,0,0,0,5,4,5
A-original,worship,5471,105471,12,False,0,5,8,9,0,0,0,0,5,10,5
A-original,worship,5472,105472,18,False,0,5,19,22,0,0,0,0,5,22,5
A-original,worship,5473,105473,11,False,0,5,18,18,0,0,0,0,5,6,5
A-original,worship,5474,105474,9,False,0,5,12,14,0,0,0,0,5,4,5
A-original,worship,5475,105475,15,False,0,5,5,13,0,0,0,0,5,12,5
A-original,worship,5476,105476,7,False,0,5,6,10,0,0,0,0,5,6,5
A-original,worship,5477,105477,11,False,0,5,5,8,0,0,0,0,5,8,5
A-original,worship,5478,105478,20,True,2,5,29,29,0,0,0,0,3,16,3
A-original,worship,5479,105479,17,False,0,5,12,17,0,0,0,0,5,12,5
A-original,worship,5480,105480,17,False,0,5,0,11,0,0,0,0,5,12,5
A-original,worship,5481,105481,8,False,0,5,22,22,0,0,0,0,5,4,5
A-original,worship,5482,105482,12,False,0,5,5,10,0,0,0,0,5,6,5
A-original,worship,5483,105483,10,False,0,5,19,20,0,0,0,0,5,8,5
A-original,worship,5484,105484,14,False,0,5,24,24,0,0,0,0,5,8,5
A-original,worship,5485,105485,12,False,0,5,10,11,0,0,0,0,5,6,5
A-original,worship,5486,105486,14,False,0,5,24,24,0,0,0,0,5,10,5
A-original,worship,5487,105487,14,False,0,5,0,11,0,0,0,0,4,10,4
A-original,worship,5488,105488,13,False,0,5,22,22,0,0,0,0,5,12,5
A-original,worship,5489,105489,8,False,0,5,18,18,0,0,0,0,5,4,5
A-original,worship,5490,105490,18,False,0,5,17,17,0,0,0,0,5,14,5
A-original,worship,5491,105491,15,False,0,5,8,13,0,0,0,0,5,14,5
A-original,worship,5492,105492,18,False,0,5,17,20,0,0,0,0,5,20,5
A-original,worship,5493,105493,5,False,0,5,7,8,0,0,0,0,5,0,5
A-original,worship,5494,105494,10,False,0,5,1,7,0,0,0,0,5,6,5
A-original,worship,5495,105495,12,False,0,5,8,10,0,0,0,0,5,8,5
A-original,worship,5496,105496,12,False,0,5,11,14,0,0,0,0,5,10,5
A-original,worship,5497,105497,13,False,0,5,16,16,0,0,0,0,5,12,5
A-original,worship,5498,105498,7,False,0,5,11,11,0,0,0,0,5,4,5
A-original,worship,5499,105499,19,False,0,5,28,29,0,0,0,0,5,22,5
A-original,worship,5500,105500,10,False,0,5,13,15,0,0,0,0,5,6,5
A-original,worship,5501,105501,11,False,0,5,15,15,0,0,0,0,5,2,5
A-original,worship,5502,105502,9,False,0,5,12,13,0,0,0,0,5,6,5
A-original,worship,5503,105503,12,False,0,5,8,12,0,0,0,0,5,10,5
A-original,worship,5504,105504,7,False,0,5,11,15,0,0,0,0,5,2,5
A-original,worship,5505,105505,11,False,0,5,7,10,0,0,0,0,5,6,5
A-original,worship,5506,105506,14,False,0,5,12,17,0,0,0,0,5,12,5
A-original,worship,5507,105507,17,False,0,5,6,15,0,0,0,0,5,10,5
A-original,worship,5508,105508,5,False,0,5,12,13,0,0,0,0,5,0,5
A-original,worship,5509,105509,8,False,0,5,12,12,0,0,0,0,5,4,5
A-original,worship,5510,105510,16,False,0,5,18,18,0,0,0,0,5,14,5
A-original,worship,5511,105511,9,False,0,5,17,18,0,0,0,0,5,6,5
A-original,worship,5512,105512,15,False,0,5,16,16,0,0,0,0,5,10,5
A-original,worship,5513,105513,11,False,0,5,13,15,0,0,0,0,5,4,5
A-original,worship,5514,105514,20,False,0,5,17,21,0,0,0,0,5,20,5
A-original,worship,5515,105515,9,False,0,5,12,12,0,0,0,0,5,6,5
A-original,worship,5516,105516,7,False,0,5,11,15,0,0,0,0,5,4,5
A-original,worship,5517,105517,11,False,0,5,16,16,0,0,0,0,5,8,5
A-original,worship,5518,105518,13,False,0,5,10,12,0,0,0,0,5,10,5
A-original,worship,5519,105519,10,False,0,5,15,17,0,0,0,0,5,6,5
A-original,worship,5520,105520,9,False,0,5,8,10,0,0,0,0,5,8,5
A-original,worship,5521,105521,9,False,0,5,12,14,0,0,0,0,5,4,5
A-original,worship,5522,105522,13,False,0,5,16,18,0,0,0,0,5,8,5
A-original,worship,5523,105523,9,False,0,5,9,12,0,0,0,0,5,4,5
A-original,worship,5524,105524,19,False,0,5,8,16,0,0,0,0,5,14,5
A-original,worship,5525,105525,12,False,0,5,12,16,0,0,0,0,5,8,5
A-original,worship,5526,105526,5,False,0,5,10,11,0,0,0,0,5,0,5
A-original,worship,5527,105527,8,False,0,5,15,15,0,0,0,0,5,6,5
A-original,worship,5528,105528,7,False,0,5,8,13,0,0,0,0,5,4,5
A-original,worship,5529,105529,16,False,0,5,9,15,0,0,0,0,5,12,5
A-original,worship,5530,105530,7,False,0,5,12,14,0,0,0,0,5,4,5
A-original,worship,5531,105531,11,False,0,5,10,11,0,0,0,0,5,12,5
A-original,worship,5532,105532,13,False,0,5,15,15,0,0,0,0,5,4,5
A-original,worship,5533,105533,17,False,0,5,26,27,0,0,0,0,5,14,5
A-original,worship,5534,105534,13,False,0,5,12,15,0,0,0,0,5,10,5
A-original,worship,5535,105535,12,False,0,5,15,15,0,0,0,0,5,10,5
A-original,worship,5536,105536,16,False,0,5,18,21,0,0,0,0,5,12,5
A-original,worship,5537,105537,10,False,0,5,13,16,0,0,0,0,5,8,5
A-original,worship,5538,105538,16,False,0,5,16,16,0,0,0,0,5,16,5
A-original,worship,5539,105539,8,False,0,5,9,9,0,0,0,0,5,4,5
A-original,worship,5540,105540,19,False,0,5,30,30,0,0,0,0,5,18,5
A-original,worship,5541,105541,4,False,0,5,7,10,0,0,0,0,5,0,5
A-original,worship,5542,105542,12,False,0,5,9,14,0,0,0,0,5,4,5
A-original,worship,5543,105543,20,True,1,5,18,22,0,0,0,0,4,20,4
A-original,worship,5544,105544,13,False,0,5,9,12,0,0,0,0,5,8,5
A-original,worship,5545,105545,11,False,0,5,10,13,0,0,0,0,5,6,5
A-original,worship,5546,105546,8,False,0,5,17,17,0,0,0,0,5,4,5
A-original,worship,5547,105547,10,False,0,5,14,16,0,0,0,0,5,6,5
A-original,worship,5548,105548,13,False,0,5,8,12,0,0,0,0,5,6,5
A-original,worship,5549,105549,10,False,0,5,8,11,0,0,0,0,5,6,5
A-original,worship,5550,105550,7,False,0,5,9,17,0,0,0,0,5,4,5
A-original,worship,5551,105551,6,False,0,5,13,13,0,0,0,0,5,2,5
A-original,worship,5552,105552,6,False,0,5,9,10,0,0,0,0,5,2,5
A-original,worship,5553,105553,5,False,0,5,8,12,0,0,0,0,5,0,5
A-original,worship,5554,105554,17,False,0,5,15,19,0,0,0,0,5,18,5
A-original,worship,5555,105555,8,False,0,5,14,18,0,0,0,0,5,6,5
A-original,worship,5556,105556,20,True,1,5,2,13,0,0,0,0,4,20,4
A-original,worship,5557,105557,11,False,0,5,8,12,0,0,0,0,5,6,5
A-original,worship,5558,105558,17,False,0,5,29,30,0,0,0,0,5,18,5
A-original,worship,5559,105559,14,False,0,5,10,13,0,0,0,0,5,8,5
A-original,worship,5560,105560,10,False,0,5,10,12,0,0,0,0,5,8,5
A-original,worship,5561,105561,8,False,0,5,6,11,0,0,0,0,5,4,5
A-original,worship,5562,105562,20,True,2,5,25,25,0,0,0,0,3,22,3
A-original,worship,5563,105563,16,False,0,5,11,17,0,0,0,0,5,14,5
A-original,worship,5564,105564,9,False,0,5,12,13,0,0,0,0,5,8,5
A-original,worship,5565,105565,12,False,0,5,11,12,0,0,0,0,5,10,5
A-original,worship,5566,105566,7,False,0,5,15,15,0,0,0,0,5,2,5
A-original,worship,5567,105567,6,False,0,5,10,11,0,0,0,0,5,2,5
A-original,worship,5568,105568,6,False,0,5,9,10,0,0,0,0,5,2,5
A-original,worship,5569,105569,13,False,0,5,17,18,0,0,0,0,5,10,5
A-original,worship,5570,105570,20,True,1,5,19,26,0,0,0,0,4,24,4
A-original,worship,5571,105571,12,False,0,5,12,12,0,0,0,0,5,8,5
A-original,worship,5572,105572,8,False,0,5,15,15,0,0,0,0,5,4,5
A-original,worship,5573,105573,13,False,0,5,19,19,0,0,0,0,5,10,5
A-original,worship,5574,105574,20,True,1,5,4,7,0,0,0,0,4,20,4
A-original,worship,5575,105575,10,False,0,5,9,11,0,0,0,0,5,8,5
A-original,worship,5576,105576,14,False,0,5,6,10,0,0,0,0,5,12,5
A-original,worship,5577,105577,9,False,0,5,14,14,0,0,0,0,5,4,5
A-original,worship,5578,105578,12,False,0,5,20,21,0,0,0,0,5,6,5
A-original,worship,5579,105579,19,False,0,5,12,18,0,0,0,0,5,18,5
A-original,worship,5580,105580,10,False,0,5,8,12,0,0,0,0,5,6,5
A-original,worship,5581,105581,8,False,0,5,10,14,0,0,0,0,5,4,5
A-original,worship,5582,105582,12,False,0,5,17,18,0,0,0,0,5,10,5
A-original,worship,5583,105583,18,False,0,5,13,19,0,0,0,0,5,16,5
A-original,worship,5584,105584,11,False,0,5,7,8,0,0,0,0,5,8,5
A-original,worship,5585,105585,10,False,0,5,9,10,0,0,0,0,5,6,5
A-original,worship,5586,105586,13,False,0,5,19,22,0,0,0,0,5,6,5
A-original,worship,5587,105587,7,False,0,5,10,10,0,0,0,0,5,4,5
A-original,worship,5588,105588,6,False,0,5,14,14,0,0,0,0,5,2,5
A-original,worship,5589,105589,10,False,0,5,9,12,0,0,0,0,5,4,5
A-original,worship,5590,105590,10,False,0,5,7,11,0,0,0,0,5,6,5
A-original,worship,5591,105591,8,False,0,5,11,14,0,0,0,0,5,4,5
A-original,worship,5592,105592,7,False,0,5,12,12,0,0,0,0,5,4,5
A-original,worship,5593,105593,8,False,0,5,12,13,0,0,0,0,5,6,5
A-original,worship,5594,105594,12,False,0,5,7,10,0,0,0,0,5,8,5
A-original,worship,5595,105595,14,False,0,5,8,11,0,0,0,0,5,10,5
A-original,worship,5596,105596,11,False,0,5,7,9,0,0,0,0,5,8,5
A-original,worship,5597,105597,9,False,0,5,14,14,0,0,0,0,5,0,5
A-original,worship,5598,105598,17,False,0,5,16,19,0,0,0,0,5,16,5
A-original,worship,5599,105599,6,False,0,5,6,11,0,0,0,0,5,4,5
A-original,worship,5600,105600,12,False,0,5,13,14,0,0,0,0,5,10,5
A-original,worship,5601,105601,14,False,0,5,14,14,0,0,0,0,5,8,5
A-original,worship,5602,105602,17,False,0,5,15,21,0,0,0,0,5,16,5
A-original,worship,5603,105603,11,False,0,5,15,16,0,0,0,0,5,6,5
A-original,worship,5604,105604,7,False,0,5,16,16,0,0,0,0,5,4,5
A-original,worship,5605,105605,11,False,0,5,12,12,0,0,0,0,5,8,5
A-original,worship,5606,105606,16,False,0,5,7,14,0,0,0,0,5,14,5
A-original,worship,5607,105607,20,True,2,5,31,31,0,0,0,0,3,24,3
A-original,worship,5608,105608,9,False,0,5,15,17,0,0,0,0,5,8,5
A-original,worship,5609,105609,12,False,0,5,13,14,0,0,0,0,5,6,5
A-original,worship,5610,105610,17,False,0,5,20,24,0,0,0,0,5,16,5
A-original,worship,5611,105611,10,False,0,5,16,18,0,0,0,0,5,4,5
A-original,worship,5612,105612,11,False,0,5,14,14,0,0,0,0,5,10,5
A-original,worship,5613,105613,8,False,0,5,14,14,0,0,0,0,5,4,5
A-original,worship,5614,105614,9,False,0,5,13,15,0,0,0,0,5,4,5
A-original,worship,5615,105615,15,False,0,5,18,19,0,0,0,0,5,12,5
A-original,worship,5616,105616,15,False,0,5,4,9,0,0,0,0,5,14,5
A-original,worship,5617,105617,7,False,0,5,10,11,0,0,0,0,5,4,5
A-original,worship,5618,105618,6,False,0,5,9,11,0,0,0,0,5,2,5
A-original,worship,5619,105619,8,False,0,5,11,11,0,0,0,0,5,6,5
A-original,worship,5620,105620,7,False,0,5,15,15,0,0,0,0,5,6,5
A-original,worship,5621,105621,18,False,0,5,19,22,0,0,0,0,5,14,5
A-original,worship,5622,105622,18,False,0,5,4,12,0,0,0,0,5,16,5
A-original,worship,5623,105623,13,False,0,5,11,15,0,0,0,0,5,10,5
A-original,worship,5624,105624,11,False,0,5,14,14,0,0,0,0,5,8,5
A-original,worship,5625,105625,13,False,0,5,9,12,0,0,0,0,5,6,5
A-original,worship,5626,105626,12,False,0,5,12,13,0,0,0,0,5,8,5
A-original,worship,5627,105627,15,False,0,5,3,9,0,0,0,0,5,10,5
A-original,worship,5628,105628,9,False,0,5,6,10,0,0,0,0,5,4,5
A-original,worship,5629,105629,19,False,0,5,8,19,0,0,0,0,5,16,5
A-original,worship,5630,105630,12,False,0,5,23,23,0,0,0,0,5,8,5
A-original,worship,5631,105631,12,False,0,5,21,21,0,0,0,0,5,8,5
A-original,worship,5632,105632,12,False,0,5,14,15,0,0,0,0,5,10,5
A-original,worship,5633,105633,18,False,0,5,16,22,0,0,0,0,5,18,5
A-original,worship,5634,105634,13,False,0,5,24,25,0,0,0,0,5,6,5
A-original,worship,5635,105635,8,False,0,5,7,11,0,0,0,0,5,4,5
A-original,worship,5636,105636,20,True,1,5,8,11,0,0,0,0,4,22,4
A-original,worship,5637,105637,10,False,0,5,18,18,0,0,0,0,5,8,5
A-original,worship,5638,105638,8,False,0,5,11,13,0,0,0,0,5,2,5
A-original,worship,5639,105639,7,False,0,5,12,12,0,0,0,0,5,4,5
A-original,worship,5640,105640,9,False,0,5,7,8,0,0,0,0,5,8,5
A-original,worship,5641,105641,11,False,0,5,9,16,0,0,0,0,5,6,5
A-original,worship,5642,105642,11,False,0,5,2,11,0,0,0,0,5,4,5
A-original,worship,5643,105643,4,False,0,5,11,11,0,0,0,0,5,0,5
A-original,worship,5644,105644,9,False,0,5,12,12,0,0,0,0,5,4,5
A-original,worship,5645,105645,17,False,0,5,5,12,0,0,0,0,5,16,5
A-original,worship,5646,105646,11,False,0,5,10,11,0,0,0,0,5,6,5
A-original,worship,5647,105647,6,False,0,5,12,12,0,0,0,0,5,2,5
A-original,worship,5648,105648,10,False,0,5,17,18,0,0,0,0,5,6,5
A-original,worship,5649,105649,9,False,0,5,19,19,0,0,0,0,5,8,5
A-original,worship,5650,105650,12,False,0,5,17,19,0,0,0,0,5,6,5
A-original,worship,5651,105651,14,False,0,5,7,12,0,0,0,0,5,8,5
A-original,worship,5652,105652,20,True,2,5,33,33,0,0,0,0,3,22,3
A-original,worship,5653,105653,11,False,0,5,9,12,0,0,0,0,5,6,5
A-original,worship,5654,105654,10,False,0,5,12,12,0,0,0,0,5,10,5
A-original,worship,5655,105655,15,False,0,5,14,15,0,0,0,0,5,18,5
A-original,worship,5656,105656,8,False,0,5,15,17,0,0,0,0,5,6,5
A-original,worship,5657,105657,14,False,0,5,11,14,0,0,0,0,5,6,5
A-original,worship,5658,105658,11,False,0,5,17,17,0,0,0,0,5,4,5
A-original,worship,5659,105659,9,False,0,5,11,13,0,0,0,0,5,6,5
A-original,worship,5660,105660,12,False,0,5,15,16,0,0,0,0,5,4,5
A-original,worship,5661,105661,8,False,0,5,10,11,0,0,0,0,5,8,5
A-original,worship,5662,105662,7,False,0,5,13,15,0,0,0,0,5,4,5
A-original,worship,5663,105663,10,False,0,5,8,11,0,0,0,0,5,6,5
A-original,worship,5664,105664,9,False,0,5,11,12,0,0,0,0,5,6,5
A-original,worship,5665,105665,6,False,0,5,13,13,0,0,0,0,5,2,5
A-original,worship,5666,105666,18,False,0,5,10,15,0,0,0,0,5,16,5
A-original,worship,5667,105667,7,False,0,5,12,12,0,0,0,0,5,2,5
A-original,worship,5668,105668,9,False,0,5,11,11,0,0,0,0,5,8,5
A-original,worship,5669,105669,20,False,0,5,6,9,0,0,0,0,5,20,5
A-original,worship,5670,105670,10,False,0,5,11,14,0,0,0,0,5,2,5
A-original,worship,5671,105671,5,False,0,5,10,12,0,0,0,0,5,2,5
A-original,worship,5672,105672,10,False,0,5,11,14,0,0,0,0,5,4,5
A-original,worship,5673,105673,10,False,0,5,2,9,0,0,0,0,5,4,5
A-original,worship,5674,105674,7,False,0,5,11,14,0,0,0,0,5,6,5
A-original,worship,5675,105675,12,False,0,5,15,15,0,0,0,0,5,8,5
A-original,worship,5676,105676,6,False,0,5,11,12,0,0,0,0,5,0,5
A-original,worship,5677,105677,15,False,0,5,17,17,0,0,0,0,5,10,5
A-original,worship,5678,105678,12,False,0,5,11,13,0,0,0,0,5,8,5
A-original,worship,5679,105679,12,False,0,5,15,18,0,0,0,0,5,8,5
A-original,worship,5680,105680,5,False,0,5,7,8,0,0,0,0,5,0,5
A-original,worship,5681,105681,7,False,0,5,10,12,0,0,0,0,5,4,5
A-original,worship,5682,105682,12,False,0,5,21,21,0,0,0,0,5,6,5
A-original,worship,5683,105683,13,False,0,5,20,22,0,0,0,0,5,10,5
A-original,worship,5684,105684,14,False,0,5,17,17,0,0,0,0,5,14,5
A-original,worship,5685,105685,9,False,0,5,10,11,0,0,0,0,5,6,5
A-original,worship,5686,105686,13,False,0,5,10,14,0,0,0,0,5,12,5
A-original,worship,5687,105687,9,False,0,5,15,15,0,0,0,0,5,8,5
A-original,worship,5688,105688,5,False,0,5,10,10,0,0,0,0,5,2,5
A-original,worship,5689,105689,7,False,0,5,14,15,0,0,0,0,5,4,5
A-original,worship,5690,105690,9,False,0,5,13,13,0,0,0,0,5,4,5
A-original,worship,5691,105691,15,False,0,5,8,13,0,0,0,0,5,12,5
A-original,worship,5692,105692,8,False,0,5,7,7,0,0,0,0,5,6,5
A-original,worship,5693,105693,15,False,0,5,11,15,0,0,0,0,5,8,5
A-original,worship,5694,105694,11,False,0,5,9,12,0,0,0,0,5,8,5
A-original,worship,5695,105695,13,False,0,5,15,17,0,0,0,0,5,8,5
A-original,worship,5696,105696,16,False,0,5,9,11,0,0,0,0,5,16,5
A-original,worship,5697,105697,18,False,0,5,21,23,0,0,0,0,5,12,5
A-original,worship,5698,105698,6,False,0,5,11,11,0,0,0,0,5,4,5
A-original,worship,5699,105699,10,False,0,5,5,8,0,0,0,0,5,6,5
A-original,worship,5700,105700,9,False,0,5,4,11,0,0,0,0,5,4,5
A-original,worship,5701,105701,20,True,1,5,23,27,0,0,0,0,4,20,4
A-original,worship,5702,105702,11,False,0,5,22,22,0,0,0,0,5,4,5
A-original,worship,5703,105703,8,False,0,5,9,11,0,0,0,0,5,4,5
A-original,worship,5704,105704,13,False,0,5,10,10,0,0,0,0,5,12,5
A-original,worship,5705,105705,7,False,0,5,13,13,0,0,0,0,5,4,5
A-original,worship,5706,105706,8,False,0,5,17,17,0,0,0,0,5,6,5
A-original,worship,5707,105707,6,False,0,5,7,9,0,0,0,0,5,2,5
A-original,worship,5708,105708,13,False,0,5,22,23,0,0,0,0,5,8,5
A-original,worship,5709,105709,15,False,0,5,20,22,0,0,0,0,5,12,5
A-original,worship,5710,105710,10,False,0,5,10,11,0,0,0,0,5,4,5
A-original,worship,5711,105711,13,False,0,5,13,13,0,0,0,0,5,8,5
A-original,worship,5712,105712,18,False,0,5,7,14,0,0,0,0,5,20,5
A-original,worship,5713,105713,12,False,0,5,7,12,0,0,0,0,5,8,5
A-original,worship,5714,105714,16,False,0,5,22,22,0,0,0,0,5,12,5
A-original,worship,5715,105715,11,False,0,5,17,18,0,0,0,0,5,6,5
A-original,worship,5716,105716,9,False,0,5,18,19,0,0,0,0,5,8,5
A-original,worship,5717,105717,12,False,0,5,16,16,0,0,0,0,5,8,5
A-original,worship,5718,105718,12,False,0,5,16,19,0,0,0,0,5,10,5
A-original,worship,5719,105719,12,False,0,5,18,19,0,0,0,0,5,8,5
A-original,worship,5720,105720,13,False,0,5,15,17,0,0,0,0,5,10,5
A-original,worship,5721,105721,10,False,0,5,10,10,0,0,0,0,5,8,5
A-original,worship,5722,105722,8,False,0,5,10,10,0,0,0,0,5,4,5
A-original,worship,5723,105723,12,False,0,5,15,18,0,0,0,0,5,6,5
A-original,worship,5724,105724,11,False,0,5,6,10,0,0,0,0,5,8,5
A-original,worship,5725,105725,7,False,0,5,10,12,0,0,0,0,5,2,5
A-original,worship,5726,105726,11,False,0,5,2,13,0,0,0,0,5,4,5
A-original,worship,5727,105727,11,False,0,5,14,16,0,0,0,0,5,6,5
A-original,worship,5728,105728,5,False,0,5,8,9,0,0,0,0,5,2,5
A-original,worship,5729,105729,20,False,0,5,4,16,0,0,0,0,5,20,5
A-original,worship,5730,105730,9,False,0,5,11,12,0,0,0,0,5,4,5
A-original,worship,5731,105731,14,False,0,5,10,17,0,0,0,0,5,6,5
A-original,worship,5732,105732,8,False,0,5,11,12,0,0,0,0,5,4,5
A-original,worship,5733,105733,9,False,0,5,13,14,0,0,0,0,5,4,5
A-original,worship,5734,105734,15,False,0,5,18,20,0,0,0,0,5,14,5
A-original,worship,5735,105735,18,False,0,5,22,24,0,0,0,0,5,18,5
A-original,worship,5736,105736,17,False,0,5,17,20,0,0,0,0,5,18,5
A-original,worship,5737,105737,17,False,0,5,32,32,0,0,0,0,5,14,5
A-original,worship,5738,105738,11,False,0,5,17,17,0,0,0,0,5,6,5
A-original,worship,5739,105739,6,False,0,5,9,10,0,0,0,0,5,4,5
A-original,worship,5740,105740,8,False,0,5,13,13,0,0,0,0,5,6,5
A-original,worship,5741,105741,9,False,0,5,12,12,0,0,0,0,5,8,5
A-original,worship,5742,105742,8,False,0,5,7,10,0,0,0,0,5,4,5
A-original,worship,5743,105743,7,False,0,5,9,9,0,0,0,0,5,6,5
A-original,worship,5744,105744,12,False,0,5,19,19,0,0,0,0,5,8,5
A-original,worship,5745,105745,9,False,0,5,10,12,0,0,0,0,5,6,5
A-original,worship,5746,105746,9,False,0,5,13,13,0,0,0,0,5,8,5
A-original,worship,5747,105747,9,False,0,5,14,15,0,0,0,0,5,8,5
A-original,worship,5748,105748,13,False,0,5,15,17,0,0,0,0,5,6,5
A-original,worship,5749,105749,18,False,0,5,21,23,0,0,0,0,5,18,5
A-original,worship,5750,105750,16,False,0,5,17,19,0,0,0,0,5,18,5
A-original,worship,5751,105751,7,False,0,5,14,14,0,0,0,0,5,4,5
A-original,worship,5752,105752,15,False,0,5,15,18,0,0,0,0,5,4,5
A-original,worship,5753,105753,8,False,0,5,18,18,0,0,0,0,5,4,5
A-original,worship,5754,105754,8,False,0,5,2,8,0,0,0,0,5,6,5
A-original,worship,5755,105755,10,False,0,5,16,18,0,0,0,0,5,4,5
A-original,worship,5756,105756,8,False,0,5,13,13,0,0,0,0,5,4,5
A-original,worship,5757,105757,19,False,0,5,14,16,0,0,0,0,5,18,5
A-original,worship,5758,105758,6,False,0,5,15,15,0,0,0,0,5,4,5
A-original,worship,5759,105759,5,False,0,5,13,13,0,0,0,0,5,2,5
A-original,worship,5760,105760,20,True,3,5,30,30,0,0,0,0,2,22,2
A-original,worship,5761,105761,8,False,0,5,6,9,0,0,0,0,5,2,5
A-original,worship,5762,105762,9,False,0,5,10,13,0,0,0,0,5,6,5
A-original,worship,5763,105763,10,False,0,5,10,12,0,0,0,0,5,6,5
A-original,worship,5764,105764,11,False,0,5,14,16,0,0,0,0,5,10,5
A-original,worship,5765,105765,6,False,0,5,13,13,0,0,0,0,5,2,5
A-original,worship,5766,105766,10,False,0,5,7,12,0,0,0,0,5,6,5
A-original,worship,5767,105767,13,False,0,5,8,14,0,0,0,0,5,12,5
A-original,worship,5768,105768,13,False,0,5,6,13,0,0,0,0,5,6,5
A-original,worship,5769,105769,7,False,0,5,10,11,0,0,0,0,5,2,5
A-original,worship,5770,105770,8,False,0,5,17,17,0,0,0,0,5,6,5
A-original,worship,5771,105771,11,False,0,5,15,15,0,0,0,0,5,6,5
A-original,worship,5772,105772,12,False,0,5,14,15,0,0,0,0,5,8,5
A-original,worship,5773,105773,8,False,0,5,10,11,0,0,0,0,5,4,5
A-original,worship,5774,105774,7,False,0,5,9,10,0,0,0,0,5,4,5
A-original,worship,5775,105775,8,False,0,5,13,15,0,0,0,0,5,4,5
A-original,worship,5776,105776,10,False,0,5,13,13,0,0,0,0,5,8,5
A-original,worship,5777,105777,20,True,1,5,12,18,0,0,0,0,4,20,4
A-original,worship,5778,105778,14,False,0,5,18,21,0,0,0,0,5,12,5
A-original,worship,5779,105779,13,False,0,5,15,19,0,0,0,0,5,6,5
A-original,worship,5780,105780,7,False,0,5,12,13,0,0,0,0,5,4,5
A-original,worship,5781,105781,7,False,0,5,12,15,0,0,0,0,5,6,5
A-original,worship,5782,105782,14,False,0,5,20,20,0,0,0,0,5,12,5
A-original,worship,5783,105783,4,False,0,5,12,12,0,0,0,0,5,0,5
A-original,worship,5784,105784,12,False,0,5,9,12,0,0,0,0,5,6,5
A-original,worship,5785,105785,16,False,0,5,11,18,0,0,0,0,5,12,5
A-original,worship,5786,105786,11,False,0,5,18,19,0,0,0,0,5,6,5
A-original,worship,5787,105787,11,False,0,5,19,20,0,0,0,0,5,8,5
A-original,worship,5788,105788,17,False,0,5,16,20,0,0,0,0,5,14,5
A-original,worship,5789,105789,15,False,0,5,10,11,0,0,0,0,5,14,5
A-original,worship,5790,105790,15,False,0,5,15,16,0,0,0,0,5,12,5
A-original,worship,5791,105791,8,False,0,5,6,12,0,0,0,0,5,4,5
A-original,worship,5792,105792,17,False,0,5,3,11,0,0,0,0,5,12,5
A-original,worship,5793,105793,20,True,1,5,13,22,0,0,0,0,4,20,4
A-original,worship,5794,105794,6,False,0,5,12,12,0,0,0,0,5,2,5
A-original,worship,5795,105795,7,False,0,5,12,12,0,0,0,0,5,4,5
A-original,worship,5796,105796,11,False,0,5,8,8,0,0,0,0,5,10,5
A-original,worship,5797,105797,13,False,0,5,19,20,0,0,0,0,5,10,5
A-original,worship,5798,105798,17,False,0,5,21,27,0,0,0,0,5,14,5
A-original,worship,5799,105799,5,False,0,5,7,10,0,0,0,0,5,2,5
A-original,worship,5800,105800,7,False,0,5,8,13,0,0,0,0,5,2,5
A-original,worship,5801,105801,12,False,0,5,10,11,0,0,0,0,5,12,5
A-original,worship,5802,105802,12,False,0,5,1,8,0,0,0,0,5,6,5
A-original,worship,5803,105803,12,False,0,5,15,16,0,0,0,0,5,8,5
A-original,worship,5804,105804,18,False,0,5,0,13,0,0,0,0,5,12,5
A-original,worship,5805,105805,12,False,0,5,12,14,0,0,0,0,5,12,5
A-original,worship,5806,105806,14,False,0,5,23,24,0,0,0,0,5,14,5
A-original,worship,5807,105807,8,False,0,5,7,8,0,0,0,0,5,6,5
A-original,worship,5808,105808,15,False,0,5,20,21,0,0,0,0,5,6,5
A-original,worship,5809,105809,8,False,0,5,13,13,0,0,0,0,5,8,5
A-original,worship,5810,105810,16,False,0,5,20,20,0,0,0,0,5,18,5
A-original,worship,5811,105811,13,False,0,5,17,18,0,0,0,0,5,8,5
A-original,worship,5812,105812,8,False,0,5,3,9,0,0,0,0,5,0,5
A-original,worship,5813,105813,15,False,0,5,8,12,0,0,0,0,5,12,5
A-original,worship,5814,105814,12,False,0,5,17,17,0,0,0,0,5,6,5
A-original,worship,5815,105815,15,False,0,5,23,24,0,0,0,0,5,16,5
A-original,worship,5816,105816,12,False,0,5,11,11,0,0,0,0,5,8,5
A-original,worship,5817,105817,12,False,0,5,13,14,0,0,0,0,5,8,5
A-original,worship,5818,105818,15,False,0,5,19,19,0,0,0,0,5,12,5
A-original,worship,5819,105819,7,False,0,5,11,13,0,0,0,0,5,4,5
A-original,worship,5820,105820,15,False,0,5,16,20,0,0,0,0,5,10,5
A-original,worship,5821,105821,15,False,0,5,5,10,0,0,0,0,5,10,5
A-original,worship,5822,105822,16,False,0,5,12,14,0,0,0,0,5,14,5
A-original,worship,5823,105823,16,False,0,5,13,14,0,0,0,0,5,14,5
A-original,worship,5824,105824,9,False,0,5,9,13,0,0,0,0,5,6,5
A-original,worship,5825,105825,17,False,0,5,29,29,0,0,0,0,5,14,5
A-original,worship,5826,105826,15,False,0,5,14,15,0,0,0,0,5,10,5
A-original,worship,5827,105827,11,False,0,5,15,15,0,0,0,0,5,10,5
A-original,worship,5828,105828,6,False,0,5,7,9,0,0,0,0,5,4,5
A-original,worship,5829,105829,10,False,0,5,11,12,0,0,0,0,5,8,5
A-original,worship,5830,105830,7,False,0,5,14,14,0,0,0,0,5,6,5
A-original,worship,5831,105831,9,False,0,5,8,10,0,0,0,0,5,6,5
A-original,worship,5832,105832,13,False,0,5,17,19,0,0,0,0,5,14,5
A-original,worship,5833,105833,19,False,0,5,15,18,0,0,0,0,5,20,5
A-original,worship,5834,105834,7,False,0,5,16,16,0,0,0,0,5,2,5
A-original,worship,5835,105835,13,False,0,5,11,13,0,0,0,0,5,10,5
A-original,worship,5836,105836,5,False,0,5,9,9,0,0,0,0,5,2,5
A-original,worship,5837,105837,10,False,0,5,11,12,0,0,0,0,5,6,5
A-original,worship,5838,105838,10,False,0,5,13,13,0,0,0,0,5,6,5
A-original,worship,5839,105839,9,False,0,5,9,12,0,0,0,0,5,6,5
A-original,worship,5840,105840,14,False,0,5,18,19,0,0,0,0,5,12,5
A-original,worship,5841,105841,9,False,0,5,12,12,0,0,0,0,5,2,5
A-original,worship,5842,105842,9,False,0,5,8,14,0,0,0,0,5,4,5
A-original,worship,5843,105843,13,False,0,5,8,13,0,0,0,0,5,10,5
A-original,worship,5844,105844,12,False,0,5,19,19,0,0,0,0,5,12,5
A-original,worship,5845,105845,17,False,0,5,17,22,0,0,0,0,5,12,5
A-original,worship,5846,105846,12,False,0,5,10,13,0,0,0,0,5,10,5
A-original,worship,5847,105847,19,False,0,5,16,20,0,0,0,0,5,18,5
A-original,worship,5848,105848,9,False,0,5,7,9,0,0,0,0,5,6,5
A-original,worship,5849,105849,12,False,0,5,19,19,0,0,0,0,5,12,5
A-original,worship,5850,105850,10,False,0,5,15,15,0,0,0,0,5,4,5
A-original,worship,5851,105851,10,False,0,5,11,13,0,0,0,0,5,6,5
A-original,worship,5852,105852,20,True,1,5,34,36,0,0,0,0,4,20,4
A-original,worship,5853,105853,8,False,0,5,14,15,0,0,0,0,5,4,5
A-original,worship,5854,105854,17,False,0,5,18,18,0,0,0,0,5,16,5
A-original,worship,5855,105855,16,False,0,5,22,22,0,0,0,0,5,12,5
A-original,worship,5856,105856,10,False,0,5,18,18,0,0,0,0,5,4,5
A-original,worship,5857,105857,8,False,0,5,11,12,0,0,0,0,5,4,5
A-original,worship,5858,105858,9,False,0,5,14,15,0,0,0,0,5,8,5
A-original,worship,5859,105859,7,False,0,5,11,12,0,0,0,0,5,4,5
A-original,worship,5860,105860,13,False,0,5,8,12,0,0,0,0,5,10,5
A-original,worship,5861,105861,13,False,0,5,18,21,0,0,0,0,5,10,5
A-original,worship,5862,105862,20,True,1,5,0,11,0,0,0,0,4,18,4
A-original,worship,5863,105863,14,False,0,5,16,18,0,0,0,0,5,10,5
A-original,worship,5864,105864,17,False,0,5,16,22,0,0,0,0,5,14,5
A-original,worship,5865,105865,6,False,0,5,12,12,0,0,0,0,5,2,5
A-original,worship,5866,105866,9,False,0,5,18,18,0,0,0,0,5,4,5
A-original,worship,5867,105867,7,False,0,5,8,10,0,0,0,0,5,0,5
A-original,worship,5868,105868,15,False,0,5,16,16,0,0,0,0,5,6,5
A-original,worship,5869,105869,17,False,0,5,5,12,0,0,0,0,5,16,5
A-original,worship,5870,105870,6,False,0,5,9,11,0,0,0,0,5,4,5
A-original,worship,5871,105871,14,False,0,5,19,19,0,0,0,0,5,10,5
A-original,worship,5872,105872,9,False,0,5,15,15,0,0,0,0,5,10,5
A-original,worship,5873,105873,6,False,0,5,8,11,0,0,0,0,5,4,5
A-original,worship,5874,105874,20,True,1,5,11,20,0,0,0,0,4,22,4
A-original,worship,5875,105875,9,False,0,5,16,17,0,0,0,0,5,4,5
A-original,worship,5876,105876,7,False,0,5,12,12,0,0,0,0,5,4,5
A-original,worship,5877,105877,16,False,0,5,19,21,0,0,0,0,5,14,5
A-original,worship,5878,105878,6,False,0,5,14,14,0,0,0,0,5,2,5
A-original,worship,5879,105879,16,False,0,5,22,22,0,0,0,0,5,14,5
A-original,worship,5880,105880,11,False,0,5,8,12,0,0,0,0,5,6,5
A-original,worship,5881,105881,7,False,0,5,9,12,0,0,0,0,5,4,5
A-original,worship,5882,105882,14,False,0,5,12,15,0,0,0,0,5,14,5
A-original,worship,5883,105883,20,True,2,5,30,30,0,0,0,0,3,20,3
A-original,worship,5884,105884,13,False,0,5,5,14,0,0,0,0,5,10,5
A-original,worship,5885,105885,9,False,0,5,9,12,0,0,0,0,5,4,5
A-original,worship,5886,105886,10,False,0,5,6,10,0,0,0,0,5,6,5
A-original,worship,5887,105887,6,False,0,5,6,10,0,0,0,0,5,2,5
A-original,worship,5888,105888,10,False,0,5,10,13,0,0,0,0,5,6,5
A-original,worship,5889,105889,9,False,0,5,12,15,0,0,0,0,5,4,5
A-original,worship,5890,105890,6,False,0,5,14,14,0,0,0,0,5,2,5
A-original,worship,5891,105891,15,False,0,5,7,13,0,0,0,0,5,14,5
A-original,worship,5892,105892,11,False,0,5,25,25,0,0,0,0,5,4,5
A-original,worship,5893,105893,5,False,0,5,6,8,0,0,0,0,5,0,5
A-original,worship,5894,105894,11,False,0,5,9,11,0,0,0,0,5,6,5
A-original,worship,5895,105895,10,False,0,5,7,12,0,0,0,0,5,4,5
A-original,worship,5896,105896,7,False,0,5,8,10,0,0,0,0,5,4,5
A-original,worship,5897,105897,9,False,0,5,10,11,0,0,0,0,5,4,5
A-original,worship,5898,105898,6,False,0,5,10,10,0,0,0,0,5,4,5
A-original,worship,5899,105899,6,False,0,5,9,9,0,0,0,0,5,2,5
A-original,worship,5900,105900,14,False,0,5,3,13,0,0,0,0,5,8,5
A-original,worship,5901,105901,4,False,0,5,11,11,0,0,0,0,5,0,5
A-original,worship,5902,105902,10,False,0,5,9,10,0,0,0,0,5,10,5
A-original,worship,5903,105903,12,False,0,5,14,16,0,0,0,0,5,12,5
A-original,worship,5904,105904,7,False,0,5,15,16,0,0,0,0,5,4,5
A-original,worship,5905,105905,12,False,0,5,15,17,0,0,0,0,5,8,5
A-original,worship,5906,105906,10,False,0,5,8,10,0,0,0,0,5,4,5
A-original,worship,5907,105907,5,False,0,5,14,17,0,0,0,0,5,2,5
A-original,worship,5908,105908,17,False,0,5,15,15,0,0,0,0,5,14,5
A-original,worship,5909,105909,7,False,0,5,15,15,0,0,0,0,5,4,5
A-original,worship,5910,105910,14,False,0,5,9,13,0,0,0,0,5,12,5
A-original,worship,5911,105911,10,False,0,5,12,12,0,0,0,0,5,8,5
A-original,worship,5912,105912,7,False,0,5,10,11,0,0,0,0,5,6,5
A-original,worship,5913,105913,11,False,0,5,15,18,0,0,0,0,5,6,5
A-original,worship,5914,105914,9,False,0,5,12,14,0,0,0,0,5,6,5
A-original,worship,5915,105915,20,True,1,5,20,23,0,0,0,0,4,18,4
A-original,worship,5916,105916,12,False,0,5,15,16,0,0,0,0,5,10,5
A-original,worship,5917,105917,14,False,0,5,11,14,0,0,0,0,5,10,5
A-original,worship,5918,105918,10,False,0,5,9,12,0,0,0,0,5,6,5
A-original,worship,5919,105919,10,False,0,5,14,15,0,0,0,0,5,4,5
A-original,worship,5920,105920,16,False,0,5,15,17,0,0,0,0,5,14,5
A-original,worship,5921,105921,6,False,0,5,13,13,0,0,0,0,5,2,5
A-original,worship,5922,105922,5,False,0,5,13,13,0,0,0,0,5,2,5
A-original,worship,5923,105923,7,False,0,5,12,14,0,0,0,0,5,4,5
A-original,worship,5924,105924,13,False,0,5,14,19,0,0,0,0,5,8,5
A-original,worship,5925,105925,13,False,0,5,3,12,0,0,0,0,5,8,5
A-original,worship,5926,105926,9,False,0,5,11,13,0,0,0,0,5,6,5
A-original,worship,5927,105927,6,False,0,5,9,9,0,0,0,0,5,4,5
A-original,worship,5928,105928,20,True,1,5,8,17,0,0,0,0,4,22,4
A-original,worship,5929,105929,20,True,1,5,10,18,0,0,0,0,4,22,4
A-original,worship,5930,105930,8,False,0,5,5,7,0,0,0,0,5,8,5
A-original,worship,5931,105931,11,False,0,5,14,16,0,0,0,0,5,10,5
A-original,worship,5932,105932,11,False,0,5,14,15,0,0,0,0,5,8,5
A-original,worship,5933,105933,12,False,0,5,15,17,0,0,0,0,5,8,5
A-original,worship,5934,105934,7,False,0,5,12,12,0,0,0,0,5,6,5
A-original,worship,5935,105935,11,False,0,5,10,15,0,0,0,0,5,10,5
A-original,worship,5936,105936,11,False,0,5,12,16,0,0,0,0,5,8,5
A-original,worship,5937,105937,18,False,0,5,17,21,0,0,0,0,5,18,5
A-original,worship,5938,105938,9,False,0,5,14,15,0,0,0,0,5,4,5
A-original,worship,5939,105939,12,False,0,5,18,19,0,0,0,0,5,10,5
A-original,worship,5940,105940,11,False,0,5,19,20,0,0,0,0,5,10,5
A-original,worship,5941,105941,8,False,0,5,9,12,0,0,0,0,5,4,5
A-original,worship,5942,105942,9,False,0,5,4,10,0,0,0,0,5,4,5
A-original,worship,5943,105943,19,False,0,5,33,33,0,0,0,0,5,18,5
A-original,worship,5944,105944,12,False,0,5,2,12,0,0,0,0,5,8,5
A-original,worship,5945,105945,10,False,0,5,20,21,0,0,0,0,5,6,5
A-original,worship,5946,105946,11,False,0,5,0,8,0,0,0,0,4,8,4
A-original,worship,5947,105947,11,False,0,5,17,17,0,0,0,0,5,6,5
A-original,worship,5948,105948,14,False,0,5,22,25,0,0,0,0,5,16,5
A-original,worship,5949,105949,18,False,0,5,22,23,0,0,0,0,5,10,5
A-original,worship,5950,105950,16,False,0,5,9,15,0,0,0,0,5,12,5
A-original,worship,5951,105951,9,False,0,5,15,16,0,0,0,0,5,6,5
A-original,worship,5952,105952,20,True,1,5,14,17,0,0,0,0,4,20,4
A-original,worship,5953,105953,10,False,0,5,12,13,0,0,0,0,5,8,5
A-original,worship,5954,105954,15,False,0,5,16,16,0,0,0,0,5,12,5
A-original,worship,5955,105955,13,False,0,5,16,18,0,0,0,0,5,8,5
A-original,worship,5956,105956,16,False,0,5,20,20,0,0,0,0,5,14,5
A-original,worship,5957,105957,13,False,0,5,18,18,0,0,0,0,5,2,5
A-original,worship,5958,105958,20,True,1,5,25,29,0,0,0,0,4,18,4
A-original,worship,5959,105959,7,False,0,5,13,16,0,0,0,0,5,2,5
A-original,worship,5960,105960,9,False,0,5,7,11,0,0,0,0,5,6,5
A-original,worship,5961,105961,6,False,0,5,18,18,0,0,0,0,5,2,5
A-original,worship,5962,105962,12,False,0,5,11,15,0,0,0,0,5,12,5
A-original,worship,5963,105963,12,False,0,5,11,13,0,0,0,0,5,8,5
A-original,worship,5964,105964,15,False,0,5,7,11,0,0,0,0,5,16,5
A-original,worship,5965,105965,8,False,0,5,11,11,0,0,0,0,5,4,5
A-original,worship,5966,105966,10,False,0,5,19,19,0,0,0,0,5,6,5
A-original,worship,5967,105967,12,False,0,5,10,10,0,0,0,0,5,14,5
A-original,worship,5968,105968,15,False,0,5,4,11,0,0,0,0,5,14,5
A-original,worship,5969,105969,17,False,0,5,7,12,0,0,0,0,5,14,5
A-original,worship,5970,105970,12,False,0,5,18,20,0,0,0,0,5,4,5
A-original,worship,5971,105971,19,False,0,5,15,22,0,0,0,0,5,18,5
A-original,worship,5972,105972,7,False,0,5,8,11,0,0,0,0,5,4,5
A-original,worship,5973,105973,12,False,0,5,18,20,0,0,0,0,5,10,5
A-original,worship,5974,105974,13,False,0,5,5,11,0,0,0,0,5,8,5
A-original,worship,5975,105975,17,False,0,5,26,27,0,0,0,0,5,14,5
A-original,worship,5976,105976,8,False,0,5,14,16,0,0,0,0,5,4,5
A-original,worship,5977,105977,19,False,0,5,10,17,0,0,0,0,5,16,5
A-original,worship,5978,105978,6,False,0,5,9,9,0,0,0,0,5,4,5
A-original,worship,5979,105979,16,False,0,5,6,14,0,0,0,0,5,14,5
A-original,worship,5980,105980,9,False,0,5,20,20,0,0,0,0,5,6,5
A-original,worship,5981,105981,11,False,0,5,18,20,0,0,0,0,5,8,5
A-original,worship,5982,105982,11,False,0,5,9,11,0,0,0,0,5,8,5
A-original,worship,5983,105983,15,False,0,5,6,12,0,0,0,0,5,16,5
A-original,worship,5984,105984,7,False,0,5,12,15,0,0,0,0,5,4,5
A-original,worship,5985,105985,10,False,0,5,14,15,0,0,0,0,5,6,5
A-original,worship,5986,105986,12,False,0,5,12,14,0,0,0,0,5,8,5
A-original,worship,5987,105987,10,False,0,5,15,15,0,0,0,0,5,6,5
A-original,worship,5988,105988,7,False,0,5,14,16,0,0,0,0,5,4,5
A-original,worship,5989,105989,20,True,1,5,28,33,0,0,0,0,4,20,4
A-original,worship,5990,105990,9,False,0,5,10,13,0,0,0,0,5,6,5
A-original,worship,5991,105991,14,False,0,5,20,22,0,0,0,0,5,6,5
A-original,worship,5992,105992,12,False,0,5,6,8,0,0,0,0,5,8,5
A-original,worship,5993,105993,9,False,0,5,14,14,0,0,0,0,5,8,5
A-original,worship,5994,105994,11,False,0,5,12,15,0,0,0,0,5,10,5
A-original,worship,5995,105995,20,False,0,5,3,13,0,0,0,0,5,18,5
A-original,worship,5996,105996,14,False,0,5,21,22,0,0,0,0,5,8,5
A-original,worship,5997,105997,9,False,0,5,11,13,0,0,0,0,5,2,5
A-original,worship,5998,105998,12,False,0,5,11,13,0,0,0,0,5,10,5
A-original,worship,5999,105999,8,False,0,5,11,12,0,0,0,0,5,4,5
A-original,worship,6000,106000,8,False,0,5,9,10,0,0,0,0,5,4,5
A-original,balanced,6001,106001,20,True,4,7,4,7,1,1,0,0,1,0,0
A-original,balanced,6002,106002,20,True,8,9,7,10,3,1,2,2,4,0,0
A-original,balanced,6003,106003,20,True,2,9,0,9,2,1,1,1,1,0,0
A-original,balanced,6004,106004,20,True,10,10,3,13,3,2,1,1,3,0,0
A-original,balanced,6005,106005,20,True,7,8,5,10,1,1,0,0,5,0,0
A-original,balanced,6006,106006,20,True,6,8,2,7,3,1,2,2,1,0,0
A-original,balanced,6007,106007,15,False,1,7,0,7,1,0,1,1,1,0,0
A-original,balanced,6008,106008,20,True,4,6,1,7,1,0,1,1,0,0,0
A-original,balanced,6009,106009,20,True,7,8,5,13,2,2,0,0,3,0,0
A-original,balanced,6010,106010,20,True,7,7,0,10,0,0,0,0,4,0,0
A-original,balanced,6011,106011,20,True,2,5,3,10,0,0,0,0,1,0,0
A-original,balanced,6012,106012,20,True,8,10,2,8,3,1,2,2,3,0,0
A-original,balanced,6013,106013,20,True,8,9,2,7,3,2,1,1,2,0,0
A-original,balanced,6014,106014,20,True,3,5,0,7,1,1,0,0,1,0,0
A-original,balanced,6015,106015,20,True,5,7,0,12,0,0,0,0,4,0,0
A-original,balanced,6016,106016,20,True,4,5,0,7,0,0,0,0,3,0,0
A-original,balanced,6017,106017,20,True,4,6,1,7,2,1,1,1,2,0,0
A-original,balanced,6018,106018,20,True,8,9,8,14,2,2,0,0,5,0,0
A-original,balanced,6019,106019,20,True,1,7,0,7,0,0,0,0,1,0,0
A-original,balanced,6020,106020,20,True,5,6,0,7,0,0,0,0,3,0,0
A-original,balanced,6021,106021,20,True,9,9,2,8,1,1,0,0,3,0,0
A-original,balanced,6022,106022,20,True,7,7,2,9,1,1,0,0,4,0,0
A-original,balanced,6023,106023,20,True,5,8,0,8,1,1,0,0,1,0,0
A-original,balanced,6024,106024,20,True,9,11,6,7,3,1,2,2,2,0,0
A-original,balanced,6025,106025,20,True,5,7,0,10,2,0,2,2,2,0,0
A-original,balanced,6026,106026,20,True,7,9,0,10,3,1,2,2,1,0,0
A-original,balanced,6027,106027,20,True,4,5,2,11,0,0,0,0,2,0,0
A-original,balanced,6028,106028,20,True,7,7,0,9,2,1,1,1,3,0,0
A-original,balanced,6029,106029,20,True,9,9,1,9,4,2,2,2,1,0,0
A-original,balanced,6030,106030,20,True,7,7,1,8,2,1,1,1,3,0,0
A-original,balanced,6031,106031,20,True,4,7,1,7,0,0,0,0,1,0,0
A-original,balanced,6032,106032,20,True,6,8,0,7,1,1,0,0,1,0,0
A-original,balanced,6033,106033,20,True,7,7,4,8,2,2,0,0,2,0,0
A-original,balanced,6034,106034,20,True,3,6,0,7,1,0,1,1,1,0,0
A-original,balanced,6035,106035,19,False,1,5,0,7,0,0,0,0,1,0,0
A-original,balanced,6036,106036,20,True,2,6,0,7,0,0,0,0,1,0,0
A-original,balanced,6037,106037,20,True,6,7,0,8,1,1,0,0,2,0,0
A-original,balanced,6038,106038,20,True,4,7,0,9,1,0,1,1,2,0,0
A-original,balanced,6039,106039,20,True,7,7,2,11,3,3,0,0,3,0,0
A-original,balanced,6040,106040,20,True,6,7,0,15,1,1,0,0,2,0,0
A-original,balanced,6041,106041,20,True,9,10,1,8,4,2,2,2,2,0,0
A-original,balanced,6042,106042,20,True,4,7,0,7,1,0,1,1,2,0,0
A-original,balanced,6043,106043,20,True,4,7,1,7,1,1,0,0,1,0,0
A-original,balanced,6044,106044,20,True,9,9,0,11,0,0,0,0,6,0,0
A-original,balanced,6045,106045,20,True,2,7,0,7,1,0,1,1,0,0,0
A-original,balanced,6046,106046,20,True,5,7,0,7,3,1,2,2,3,0,0
A-original,balanced,6047,106047,20,True,5,7,0,8,1,1,0,0,1,0,0
A-original,balanced,6048,106048,20,True,1,5,4,7,0,0,0,0,0,0,0
A-original,balanced,6049,106049,20,True,7,7,5,12,0,0,0,0,4,0,0
A-original,balanced,6050,106050,15,False,1,5,0,7,1,0,1,1,1,0,0
A-original,balanced,6051,106051,20,True,7,9,0,13,2,1,1,1,2,0,0
A-original,balanced,6052,106052,20,True,3,6,0,7,2,0,2,2,4,0,0
A-original,balanced,6053,106053,20,True,8,9,0,10,3,3,0,0,5,0,0
A-original,balanced,6054,106054,20,True,6,7,5,13,2,1,1,1,2,0,0
A-original,balanced,6055,106055,20,True,6,7,1,8,1,0,1,1,1,0,0
A-original,balanced,6056,106056,20,True,7,7,3,7,2,1,1,1,3,0,0
A-original,balanced,6057,106057,20,True,5,7,0,13,1,0,1,1,3,0,0
A-original,balanced,6058,106058,20,True,5,7,0,7,2,1,1,1,1,0,0
A-original,balanced,6059,106059,20,True,6,7,3,9,0,0,0,0,3,0,0
A-original,balanced,6060,106060,20,True,1,6,0,7,0,0,0,0,2,0,0
A-original,balanced,6061,106061,20,True,11,11,6,17,2,1,1,1,4,0,0
A-original,balanced,6062,106062,20,True,11,11,2,15,4,3,1,1,6,0,0
A-original,balanced,6063,106063,12,False,1,5,0,7,0,0,0,0,0,0,0
A-original,balanced,6064,106064,20,True,7,8,4,8,2,1,1,1,1,0,0
A-original,balanced,6065,106065,13,False,1,6,0,7,0,0,0,0,1,0,0
A-original,balanced,6066,106066,20,True,6,7,3,8,3,1,2,2,1,0,0
A-original,balanced,6067,106067,19,False,1,6,0,7,0,0,0,0,0,0,0
A-original,balanced,6068,106068,20,True,4,6,0,10,0,0,0,0,2,0,0
A-original,balanced,6069,106069,9,False,1,5,0,7,0,0,0,0,0,0,0
A-original,balanced,6070,106070,20,True,8,8,8,8,0,0,0,0,1,0,0
A-original,balanced,6071,106071,20,True,6,7,4,9,2,1,1,1,2,0,0
A-original,balanced,6072,106072,20,True,9,9,0,9,2,1,1,1,3,0,0
A-original,balanced,6073,106073,13,False,1,5,0,7,0,0,0,0,1,0,0
A-original,balanced,6074,106074,20,True,15,15,6,21,4,4,0,0,10,0,0
A-original,balanced,6075,106075,20,True,2,7,4,7,1,0,1,1,2,0,0
A-original,balanced,6076,106076,20,True,8,8,8,12,1,0,1,1,5,0,0
A-original,balanced,6077,106077,20,True,6,7,4,7,3,1,2,2,2,0,0
A-original,balanced,6078,106078,20,True,4,6,0,7,1,0,1,1,2,0,0
A-original,balanced,6079,106079,20,True,3,6,4,9,0,0,0,0,2,0,0
A-original,balanced,6080,106080,20,True,8,8,7,11,2,1,1,1,3,0,0
A-original,balanced,6081,106081,20,True,8,9,0,9,0,0,0,0,4,0,0
A-original,balanced,6082,106082,20,True,6,7,1,9,1,1,0,0,2,0,0
A-original,balanced,6083,106083,20,True,2,7,0,7,1,1,0,0,1,0,0
A-original,balanced,6084,106084,20,True,8,9,3,9,5,3,2,2,3,0,0
A-original,balanced,6085,106085,20,True,2,6,0,7,0,0,0,0,1,0,0
A-original,balanced,6086,106086,20,True,3,6,0,11,0,0,0,0,3,0,0
A-original,balanced,6087,106087,20,True,4,6,1,7,1,1,0,0,3,0,0
A-original,balanced,6088,106088,13,False,1,5,0,7,0,0,0,0,1,0,0
A-original,balanced,6089,106089,20,True,11,11,0,17,3,2,1,1,6,0,0
A-original,balanced,6090,106090,20,True,5,8,2,10,2,1,1,1,3,0,0
A-original,balanced,6091,106091,20,True,9,10,0,9,4,3,1,1,2,0,0
A-original,balanced,6092,106092,20,True,7,8,1,8,1,1,0,0,3,0,0
A-original,balanced,6093,106093,20,True,6,6,0,8,1,1,0,0,2,0,0
A-original,balanced,6094,106094,20,True,6,7,2,7,1,1,0,0,1,0,0
A-original,balanced,6095,106095,20,True,9,9,0,11,1,0,1,1,6,0,0
A-original,balanced,6096,106096,17,False,0,6,0,7,1,0,1,1,0,0,0
A-original,balanced,6097,106097,20,True,5,8,0,9,0,0,0,0,2,0,0
A-original,balanced,6098,106098,20,True,3,7,3,7,1,1,0,0,1,0,0
A-original,balanced,6099,106099,20,True,5,6,1,7,2,2,0,0,1,0,0
A-original,balanced,6100,106100,20,True,6,7,0,8,0,0,0,0,3,0,0
A-original,balanced,6101,106101,20,True,4,6,0,7,0,0,0,0,1,0,0
A-original,balanced,6102,106102,20,True,2,7,0,7,1,1,0,0,1,0,0
A-original,balanced,6103,106103,20,True,3,6,1,7,0,0,0,0,3,0,0
A-original,balanced,6104,106104,20,True,6,6,4,7,4,4,0,0,1,0,0
A-original,balanced,6105,106105,20,True,6,8,2,7,3,2,1,1,0,0,0
A-original,balanced,6106,106106,20,True,6,6,7,7,1,1,0,0,3,0,0
A-original,balanced,6107,106107,20,True,1,6,3,7,1,0,1,1,2,0,0
A-original,balanced,6108,106108,20,True,2,6,0,7,1,0,1,1,2,0,0
A-original,balanced,6109,106109,20,True,7,8,0,7,2,1,1,1,2,0,0
A-original,balanced,6110,106110,20,True,5,6,6,9,1,0,1,1,2,0,0
A-original,balanced,6111,106111,12,False,1,5,0,7,0,0,0,0,0,0,0
A-original,balanced,6112,106112,20,True,8,8,0,7,1,1,0,0,1,0,0
A-original,balanced,6113,106113,20,True,5,7,7,8,0,0,0,0,2,0,0
A-original,balanced,6114,106114,20,True,7,8,2,14,2,1,1,1,2,0,0
A-original,balanced,6115,106115,20,True,5,6,0,7,1,0,1,1,3,0,0
A-original,balanced,6116,106116,20,True,4,7,0,7,1,0,1,1,1,0,0
A-original,balanced,6117,106117,11,False,0,5,0,7,0,0,0,0,0,0,0
A-original,balanced,6118,106118,14,False,0,6,0,7,1,0,1,1,0,0,0
A-original,balanced,6119,106119,20,True,8,9,9,9,4,2,2,2,3,0,0
A-original,balanced,6120,106120,20,True,8,9,3,12,2,1,1,1,5,0,0
A-original,balanced,6121,106121,20,True,6,7,8,8,1,0,1,1,3,0,0
A-original,balanced,6122,106122,18,False,1,6,0,7,2,1,1,1,1,0,0
A-original,balanced,6123,106123,20,False,0,5,0,7,0,0,0,0,0,0,0
A-original,balanced,6124,106124,20,True,2,7,0,9,2,1,1,1,0,0,0
A-original,balanced,6125,106125,20,True,5,7,4,10,0,0,0,0,3,0,0
A-original,balanced,6126,106126,20,True,5,6,2,8,0,0,0,0,3,0,0
A-original,balanced,6127,106127,20,True,5,6,0,7,0,0,0,0,1,0,0
A-original,balanced,6128,106128,20,True,7,7,11,13,2,1,1,1,4,0,0
A-original,balanced,6129,106129,11,False,1,5,0,7,0,0,0,0,0,0,0
A-original,balanced,6130,106130,20,True,1,5,3,7,1,1,0,0,1,0,0
A-original,balanced,6131,106131,20,True,3,5,1,10,0,0,0,0,1,0,0
A-original,balanced,6132,106132,20,True,4,7,0,7,0,0,0,0,1,0,0
A-original,balanced,6133,106133,20,True,9,10,8,20,0,0,0,0,4,0,0
A-original,balanced,6134,106134,18,False,1,6,0,7,0,0,0,0,1,0,0
A-original,balanced,6135,106135,17,False,1,6,0,7,0,0,0,0,1,0,0
A-original,balanced,6136,106136,20,True,7,8,2,8,0,0,0,0,3,0,0
A-original,balanced,6137,106137,20,True,7,8,6,7,0,0,0,0,1,0,0
A-original,balanced,6138,106138,20,True,7,7,3,8,2,1,1,1,4,0,0
A-original,balanced,6139,106139,20,True,1,6,0,7,0,0,0,0,1,0,0
A-original,balanced,6140,106140,20,True,8,8,8,8,1,0,1,1,2,0,0
A-original,balanced,6141,106141,15,False,1,5,0,7,0,0,0,0,0,0,0
A-original,balanced,6142,106142,20,True,6,7,7,7,0,0,0,0,3,0,0
A-original,balanced,6143,106143,20,True,6,6,3,7,1,0,1,1,3,0,0
A-original,balanced,6144,106144,20,True,2,6,1,7,0,0,0,0,1,0,0
A-original,balanced,6145,106145,20,True,8,9,1,10,4,2,2,2,2,0,0
A-original,balanced,6146,106146,20,True,5,7,4,11,1,1,0,0,2,0,0
A-original,balanced,6147,106147,20,True,9,10,2,9,2,1,1,1,5,0,0
A-original,balanced,6148,106148,20,True,9,9,7,11,1,0,1,1,3,0,0
A-original,balanced,6149,106149,20,True,10,11,1,15,2,1,1,1,5,0,0
A-original,balanced,6150,106150,20,True,8,9,6,10,1,0,1,1,2,0,0
A-original,balanced,6151,106151,20,True,7,9,0,8,1,0,1,1,2,0,0
A-original,balanced,6152,106152,20,True,5,7,0,12,2,2,0,0,2,0,0
A-original,balanced,6153,106153,17,False,1,5,0,7,0,0,0,0,1,0,0
A-original,balanced,6154,106154,20,True,5,7,1,7,2,1,1,1,2,0,0
A-original,balanced,6155,106155,20,True,7,8,0,8,3,1,2,2,2,0,0
A-original,balanced,6156,106156,20,True,7,7,0,7,1,0,1,1,3,0,0
A-original,balanced,6157,106157,20,True,1,5,1,7,1,0,1,1,1,0,0
A-original,balanced,6158,106158,20,True,2,5,2,7,0,0,0,0,2,0,0
A-original,balanced,6159,106159,20,True,5,5,6,7,0,0,0,0,1,0,0
A-original,balanced,6160,106160,20,True,9,9,0,12,0,0,0,0,5,0,0
A-original,balanced,6161,106161,20,True,3,7,0,7,1,0,1,1,1,0,0
A-original,balanced,6162,106162,20,True,6,9,0,11,1,1,0,0,2,0,0
A-original,balanced,6163,106163,20,True,9,9,8,14,0,0,0,0,5,0,0
A-original,balanced,6164,106164,20,True,6,8,1,8,3,1,2,2,3,0,0
A-original,balanced,6165,106165,20,True,2,6,0,7,0,0,0,0,1,0,0
A-original,balanced,6166,106166,20,True,8,9,12,13,0,0,0,0,3,0,0
A-original,balanced,6167,106167,20,True,10,11,2,12,2,2,0,0,6,0,0
A-original,balanced,6168,106168,20,True,9,9,3,15,2,1,1,1,5,0,0
A-original,balanced,6169,106169,20,True,7,8,0,9,1,0,1,1,2,0,0
A-original,balanced,6170,106170,20,True,4,8,0,8,2,0,2,2,1,0,0
A-original,balanced,6171,106171,20,True,8,8,7,9,2,1,1,1,2,0,0
A-original,balanced,6172,106172,20,True,1,7,0,7,1,0,1,1,0,0,0
A-original,balanced,6173,106173,20,True,10,10,5,17,1,1,0,0,3,0,0
A-original,balanced,6174,106174,20,True,3,6,0,7,0,0,0,0,1,0,0
A-original,balanced,6175,106175,20,True,3,7,0,11,2,0,2,2,1,0,0
A-original,balanced,6176,106176,20,True,6,7,6,12,1,0,1,1,4,0,0
A-original,balanced,6177,106177,20,True,1,6,3,7,0,0,0,0,1,0,0
A-original,balanced,6178,106178,20,True,2,5,1,7,0,0,0,0,3,0,0
A-original,balanced,6179,106179,20,True,7,7,8,8,2,1,1,1,2,0,0
A-original,balanced,6180,106180,20,True,4,6,1,8,0,0,0,0,3,0,0
A-original,balanced,6181,106181,20,True,9,10,6,7,3,2,1,1,3,0,0
A-original,balanced,6182,106182,20,True,5,5,4,9,1,1,0,0,1,0,0
A-original,balanced,6183,106183,20,True,9,9,0,14,1,1,0,0,2,0,0
A-original,balanced,6184,106184,20,True,5,8,1,7,2,0,2,2,2,0,0
A-original,balanced,6185,106185,20,True,10,11,5,10,3,1,2,2,1,0,0
A-original,balanced,6186,106186,20,True,11,11,0,17,2,1,1,1,5,0,0
A-original,balanced,6187,106187,20,True,9,9,7,7,4,3,1,1,1,0,0
A-original,balanced,6188,106188,20,True,1,5,0,7,0,0,0,0,1,0,0
A-original,balanced,6189,106189,20,True,5,6,2,7,0,0,0,0,1,0,0
A-original,balanced,6190,106190,20,True,1,5,3,7,0,0,0,0,1,0,0
A-original,balanced,6191,106191,20,True,2,7,0,8,0,0,0,0,2,0,0
A-original,balanced,6192,106192,20,True,9,10,0,10,1,1,0,0,2,0,0
A-original,balanced,6193,106193,20,True,7,7,5,7,2,2,0,0,3,0,0
A-original,balanced,6194,106194,20,True,3,7,0,10,0,0,0,0,1,0,0
A-original,balanced,6195,106195,15,False,1,6,0,7,0,0,0,0,1,0,0
A-original,balanced,6196,106196,20,True,5,8,0,7,1,1,0,0,1,0,0
A-original,balanced,6197,106197,20,True,6,6,4,9,4,3,1,1,1,0,0
A-original,balanced,6198,106198,20,True,4,7,0,7,2,1,1,1,2,0,0
A-original,balanced,6199,106199,15,False,1,6,0,7,1,0,1,1,0,0,0
A-original,balanced,6200,106200,17,False,1,7,0,7,0,0,0,0,1,0,0
A-original,balanced,6201,106201,20,True,6,6,1,10,2,1,1,1,2,0,0
A-original,balanced,6202,106202,20,True,4,7,1,7,1,0,1,1,2,0,0
A-original,balanced,6203,106203,20,True,3,8,3,7,1,0,1,1,1,0,0
A-original,balanced,6204,106204,20,True,1,5,2,7,0,0,0,0,0,0,0
A-original,balanced,6205,106205,20,True,1,6,0,9,1,1,0,0,1,0,0
A-original,balanced,6206,106206,20,True,1,5,5,7,0,0,0,0,1,0,0
A-original,balanced,6207,106207,20,True,8,8,8,10,1,0,1,1,2,0,0
A-original,balanced,6208,106208,20,True,6,10,2,11,2,0,2,2,2,0,0
A-original,balanced,6209,106209,20,True,4,7,3,7,1,0,1,1,2,0,0
A-original,balanced,6210,106210,20,True,1,6,0,7,0,0,0,0,0,0,0
A-original,balanced,6211,106211,20,True,4,6,0,7,1,1,0,0,3,0,0
A-original,balanced,6212,106212,20,True,6,8,0,11,1,0,1,1,2,0,0
A-original,balanced,6213,106213,20,True,2,7,2,7,1,0,1,1,1,0,0
A-original,balanced,6214,106214,16,False,1,6,0,7,0,0,0,0,1,0,0
A-original,balanced,6215,106215,20,True,9,9,2,20,2,1,1,1,4,0,0
A-original,balanced,6216,106216,20,True,6,8,0,13,3,2,1,1,1,0,0
A-original,balanced,6217,106217,20,True,12,12,5,27,4,3,1,1,4,0,0
A-original,balanced,6218,106218,20,True,1,6,0,7,1,0,1,1,1,0,0
A-original,balanced,6219,106219,20,True,7,8,14,19,1,1,0,0,6,0,0
A-original,balanced,6220,106220,20,True,7,10,0,14,1,1,0,0,2,0,0
A-original,balanced,6221,106221,12,False,0,5,0,7,0,0,0,0,1,0,0
A-original,balanced,6222,106222,19,False,0,5,0,7,0,0,0,0,0,0,0
A-original,balanced,6223,106223,20,True,4,7,2,10,0,0,0,0,1,0,0
A-original,balanced,6224,106224,20,True,1,5,4,7,0,0,0,0,1,0,0
A-original,balanced,6225,106225,20,True,6,7,6,7,1,0,1,1,1,0,0
A-original,balanced,6226,106226,20,True,2,5,0,7,0,0,0,0,1,0,0
A-original,balanced,6227,106227,20,True,5,7,0,14,1,1,0,0,2,0,0
A-original,balanced,6228,106228,16,False,0,7,0,8,1,1,0,0,1,0,0
A-original,balanced,6229,106229,15,False,1,5,0,7,0,0,0,0,0,0,0
A-original,balanced,6230,106230,20,True,3,6,0,7,1,0,1,1,2,0,0
A-original,balanced,6231,106231,20,True,7,8,7,9,2,0,2,2,1,0,0
A-original,balanced,6232,106232,20,True,5,6,4,7,0,0,0,0,4,0,0
A-original,balanced,6233,106233,13,False,1,5,0,7,0,0,0,0,0,0,0
A-original,balanced,6234,106234,20,True,2,7,2,7,1,0,1,1,1,0,0
A-original,balanced,6235,106235,20,True,6,8,0,11,2,1,1,1,1,0,0
A-original,balanced,6236,106236,20,True,4,6,0,7,1,0,1,1,1,0,0
A-original,balanced,6237,106237,20,True,4,7,1,7,0,0,0,0,1,0,0
A-original,balanced,6238,106238,20,True,2,5,0,7,0,0,0,0,2,0,0
A-original,balanced,6239,106239,20,True,4,6,1,7,2,0,2,2,2,0,0
A-original,balanced,6240,106240,20,True,12,12,1,18,3,3,0,0,5,0,0
A-original,balanced,6241,106241,20,True,6,9,2,8,2,1,1,1,1,0,0
A-original,balanced,6242,106242,20,True,4,6,0,10,1,1,0,0,1,0,0
A-original,balanced,6243,106243,20,True,7,9,0,7,2,0,2,2,1,0,0
A-original,balanced,6244,106244,20,True,2,7,0,7,2,1,1,1,1,0,0
A-original,balanced,6245,106245,20,True,6,7,6,14,0,0,0,0,2,0,0
A-original,balanced,6246,106246,20,True,2,5,0,7,0,0,0,0,1,0,0
A-original,balanced,6247,106247,20,True,1,6,0,7,1,0,1,1,0,0,0
A-original,balanced,6248,106248,20,True,6,8,0,12,1,1,0,0,3,0,0
A-original,balanced,6249,106249,20,True,4,6,2,10,1,0,1,1,0,0,0
A-original,balanced,6250,106250,20,True,5,6,0,7,3,3,0,0,1,0,0
A-original,balanced,6251,106251,20,True,6,7,2,7,2,1,1,1,2,0,0
A-original,balanced,6252,106252,20,True,2,7,2,7,0,0,0,0,1,0,0
A-original,balanced,6253,106253,20,True,10,10,0,8,3,3,0,0,2,0,0
A-original,balanced,6254,106254,20,True,9,10,0,7,3,3,0,0,1,0,0
A-original,balanced,6255,106255,20,True,5,7,0,10,2,1,1,1,1,0,0
A-original,balanced,6256,106256,20,True,3,6,0,7,0,0,0,0,1,0,0
A-original,balanced,6257,106257,20,True,9,11,0,13,4,2,2,2,3,0,0
A-original,balanced,6258,106258,13,False,1,5,0,7,0,0,0,0,1,0,0
A-original,balanced,6259,106259,20,True,3,6,0,8,1,0,1,1,2,0,0
A-original,balanced,6260,106260,20,True,2,6,2,7,0,0,0,0,1,0,0
A-original,balanced,6261,106261,12,False,0,5,0,7,0,0,0,0,1,0,0
A-original,balanced,6262,106262,20,True,3,6,0,7,0,0,0,0,1,0,0
A-original,balanced,6263,106263,20,True,2,7,1,9,0,0,0,0,2,0,0
A-original,balanced,6264,106264,20,True,7,9,2,13,2,1,1,1,3,0,0
A-original,balanced,6265,106265,14,False,1,5,0,7,0,0,0,0,0,0,0
A-original,balanced,6266,106266,20,True,6,7,3,12,1,1,0,0,4,0,0
A-original,balanced,6267,106267,20,True,7,8,6,7,0,0,0,0,3,0,0
A-original,balanced,6268,106268,20,True,7,8,0,13,1,1,0,0,3,0,0
A-original,balanced,6269,106269,20,True,11,11,8,13,2,2,0,0,3,0,0
A-original,balanced,6270,106270,20,True,7,8,9,13,1,1,0,0,3,0,0
A-original,balanced,6271,106271,20,True,4,5,0,8,0,0,0,0,2,0,0
A-original,balanced,6272,106272,20,True,9,9,1,9,2,2,0,0,2,0,0
A-original,balanced,6273,106273,20,True,4,5,0,7,0,0,0,0,2,0,0
A-original,balanced,6274,106274,20,True,5,6,1,8,0,0,0,0,2,0,0
A-original,balanced,6275,106275,20,True,4,7,1,8,0,0,0,0,2,0,0
A-original,balanced,6276,106276,20,True,4,7,1,7,0,0,0,0,1,0,0
A-original,balanced,6277,106277,20,True,7,7,2,9,1,1,0,0,4,0,0
A-original,balanced,6278,106278,20,True,6,7,1,7,1,0,1,1,2,0,0
A-original,balanced,6279,106279,20,True,6,6,1,9,0,0,0,0,2,0,0
A-original,balanced,6280,106280,11,False,1,5,0,7,0,0,0,0,0,0,0
A-original,balanced,6281,106281,20,True,1,5,0,7,0,0,0,0,0,0,0
A-original,balanced,6282,106282,20,True,2,7,0,7,1,0,1,1,2,0,0
A-original,balanced,6283,106283,20,True,1,6,4,7,1,0,1,1,1,0,0
A-original,balanced,6284,106284,20,True,12,12,6,20,4,3,1,1,3,0,0
A-original,balanced,6285,106285,20,True,5,7,2,7,1,0,1,1,2,0,0
A-original,balanced,6286,106286,20,True,10,11,1,11,2,1,1,1,4,0,0
A-original,balanced,6287,106287,20,True,7,7,0,7,1,1,0,0,1,0,0
A-original,balanced,6288,106288,20,True,6,7,0,12,1,1,0,0,4,0,0
A-original,balanced,6289,106289,20,True,5,6,5,10,0,0,0,0,2,0,0
A-original,balanced,6290,106290,17,False,1,6,0,7,1,1,0,0,1,0,0
A-original,balanced,6291,106291,13,False,1,6,0,7,0,0,0,0,0,0,0
A-original,balanced,6292,106292,20,True,3,7,0,9,1,1,0,0,1,0,0
A-original,balanced,6293,106293,20,True,5,7,0,11,2,1,1,1,1,0,0
A-original,balanced,6294,106294,20,True,5,5,2,7,0,0,0,0,2,0,0
A-original,balanced,6295,106295,20,True,5,8,2,8,2,2,0,0,1,0,0
A-original,balanced,6296,106296,20,True,5,6,0,7,1,1,0,0,1,0,0
A-original,balanced,6297,106297,20,True,5,8,1,8,2,2,0,0,3,0,0
A-original,balanced,6298,106298,20,True,6,7,0,9,2,0,2,2,3,0,0
A-original,balanced,6299,106299,20,True,7,8,0,9,2,1,1,1,2,0,0
A-original,balanced,6300,106300,20,True,9,9,10,10,2,0,2,2,4,0,0
A-original,balanced,6301,106301,12,False,1,5,0,7,0,0,0,0,0,0,0
A-original,balanced,6302,106302,20,True,9,9,0,12,3,3,0,0,3,0,0
A-original,balanced,6303,106303,20,True,6,7,3,8,1,0,1,1,2,0,0
A-original,balanced,6304,106304,20,True,7,8,3,10,1,0,1,1,2,0,0
A-original,balanced,6305,106305,20,True,8,8,7,9,3,2,1,1,3,0,0
A-original,balanced,6306,106306,16,False,1,6,0,7,0,0,0,0,2,0,0
A-original,balanced,6307,106307,17,False,0,6,0,7,1,0,1,1,0,0,0
A-original,balanced,6308,106308,20,True,7,8,0,9,1,1,0,0,6,0,0
A-original,balanced,6309,106309,20,True,1,6,6,7,1,0,1,1,2,0,0
A-original,balanced,6310,106310,9,False,1,5,0,7,0,0,0,0,0,0,0
A-original,balanced,6311,106311,11,False,0,5,0,7,0,0,0,0,0,0,0
A-original,balanced,6312,106312,20,True,5,7,0,8,0,0,0,0,1,0,0
A-original,balanced,6313,106313,20,True,6,6,1,7,0,0,0,0,2,0,0
A-original,balanced,6314,106314,20,True,5,7,0,7,0,0,0,0,3,0,0
A-original,balanced,6315,106315,20,True,8,8,4,7,2,1,1,1,3,0,0
A-original,balanced,6316,106316,16,False,0,6,0,8,0,0,0,0,0,0,0
A-original,balanced,6317,106317,20,True,6,8,8,8,1,1,0,0,2,0,0
A-original,balanced,6318,106318,20,True,6,8,0,7,3,3,0,0,1,0,0
A-original,balanced,6319,106319,20,True,7,10,0,10,3,2,1,1,2,0,0
A-original,balanced,6320,106320,20,True,6,7,6,7,1,1,0,0,2,0,0
A-original,balanced,6321,106321,20,True,8,8,3,11,3,3,0,0,2,0,0
A-original,balanced,6322,106322,20,True,1,6,2,7,1,0,1,1,1,0,0
A-original,balanced,6323,106323,20,False,0,7,0,7,0,0,0,0,0,0,0
A-original,balanced,6324,106324,20,True,1,5,3,7,0,0,0,0,1,0,0
A-original,balanced,6325,106325,20,True,6,8,0,7,1,0,1,1,4,0,0
A-original,balanced,6326,106326,20,True,3,7,0,7,2,0,2,2,1,0,0
A-original,balanced,6327,106327,20,True,7,7,3,8,1,1,0,0,4,0,0
A-original,balanced,6328,106328,20,True,5,7,0,9,0,0,0,0,2,0,0
A-original,balanced,6329,106329,20,True,5,7,1,10,0,0,0,0,2,0,0
A-original,balanced,6330,106330,20,True,2,8,0,7,2,1,1,1,0,0,0
A-original,balanced,6331,106331,20,True,7,9,0,11,2,2,0,0,3,0,0
A-original,balanced,6332,106332,20,True,5,8,0,11,1,1,0,0,4,0,0
A-original,balanced,6333,106333,20,True,7,7,2,7,0,0,0,0,2,0,0
A-original,balanced,6334,106334,20,True,6,7,1,12,1,1,0,0,2,0,0
A-original,balanced,6335,106335,20,True,1,5,2,7,0,0,0,0,0,0,0
A-original,balanced,6336,106336,20,True,2,6,2,7,0,0,0,0,1,0,0
A-original,balanced,6337,106337,20,True,6,8,2,10,2,0,2,2,4,0,0
A-original,balanced,6338,106338,20,True,3,5,3,7,0,0,0,0,0,0,0
A-original,balanced,6339,106339,20,True,7,9,5,11,2,2,0,0,2,0,0
A-original,balanced,6340,106340,20,True,1,6,1,7,0,0,0,0,1,0,0
A-original,balanced,6341,106341,20,True,9,10,5,9,3,2,1,1,3,0,0
A-original,balanced,6342,106342,19,False,0,5,0,8,0,0,0,0,0,0,0
A-original,balanced,6343,106343,20,True,3,6,1,7,0,0,0,0,1,0,0
A-original,balanced,6344,106344,20,True,15,15,23,23,5,5,0,0,5,0,0
A-original,balanced,6345,106345,20,True,8,9,2,8,4,2,2,2,3,0,0
A-original,balanced,6346,106346,20,True,5,6,6,8,1,0,1,1,2,0,0
A-original,balanced,6347,106347,20,True,1,6,1,7,0,0,0,0,1,0,0
A-original,balanced,6348,106348,11,False,1,5,0,7,0,0,0,0,0,0,0
A-original,balanced,6349,106349,20,True,7,7,9,9,1,1,0,0,3,0,0
A-original,balanced,6350,106350,20,True,3,6,0,7,1,0,1,1,1,0,0
A-original,balanced,6351,106351,20,True,8,8,2,13,0,0,0,0,2,0,0
A-original,balanced,6352,106352,20,True,3,6,3,7,2,0,2,2,1,0,0
A-original,balanced,6353,106353,20,True,5,7,0,7,2,1,1,1,0,0,0
A-original,balanced,6354,106354,20,True,11,11,0,7,1,0,1,1,2,0,0
A-original,balanced,6355,106355,20,True,7,10,0,11,3,1,2,2,2,0,0
A-original,balanced,6356,106356,16,False,1,5,0,7,0,0,0,0,1,0,0
A-original,balanced,6357,106357,20,True,8,9,2,8,4,2,2,2,6,0,0
A-original,balanced,6358,106358,20,True,7,7,1,10,1,1,0,0,2,0,0
A-original,balanced,6359,106359,20,True,1,5,8,9,0,0,0,0,0,0,0
A-original,balanced,6360,106360,20,True,6,7,3,8,3,3,0,0,2,0,0
A-original,balanced,6361,106361,20,True,2,7,0,7,0,0,0,0,1,0,0
A-original,balanced,6362,106362,15,False,1,6,0,7,1,0,1,1,0,0,0
A-original,balanced,6363,106363,20,True,7,9,0,7,1,1,0,0,4,0,0
A-original,balanced,6364,106364,20,True,2,5,0,7,0,0,0,0,2,0,0
A-original,balanced,6365,106365,20,True,5,7,2,9,1,0,1,1,2,0,0
A-original,balanced,6366,106366,20,True,9,10,6,17,0,0,0,0,2,0,0
A-original,balanced,6367,106367,20,True,7,7,4,7,1,1,0,0,3,0,0
A-original,balanced,6368,106368,20,True,10,11,0,12,2,2,0,0,1,0,0
A-original,balanced,6369,106369,20,True,7,9,0,13,2,2,0,0,2,0,0
A-original,balanced,6370,106370,20,True,5,8,0,7,2,2,0,0,1,0,0
A-original,balanced,6371,106371,17,False,0,6,0,7,0,0,0,0,1,0,0
A-original,balanced,6372,106372,20,True,8,8,6,14,1,1,0,0,4,0,0
A-original,balanced,6373,106373,20,True,6,8,0,9,1,0,1,1,3,0,0
A-original,balanced,6374,106374,20,True,2,7,0,7,2,0,2,2,2,0,0
A-original,balanced,6375,106375,20,True,6,6,0,7,0,0,0,0,5,0,0
A-original,balanced,6376,106376,20,True,7,7,1,8,0,0,0,0,2,0,0
A-original,balanced,6377,106377,20,True,3,7,0,9,0,0,0,0,2,0,0
A-original,balanced,6378,106378,20,True,2,6,0,7,0,0,0,0,3,0,0
A-original,balanced,6379,106379,20,True,6,8,0,7,3,1,2,2,2,0,0
A-original,balanced,6380,106380,20,True,7,8,0,9,2,2,0,0,3,0,0
A-original,balanced,6381,106381,20,True,7,7,5,8,2,1,1,1,1,0,0
A-original,balanced,6382,106382,20,True,5,8,0,7,2,0,2,2,2,0,0
A-original,balanced,6383,106383,20,True,8,10,1,8,4,1,3,3,5,0,0
A-original,balanced,6384,106384,20,True,9,9,4,9,0,0,0,0,4,0,0
A-original,balanced,6385,106385,20,True,4,6,1,7,0,0,0,0,1,0,0
A-original,balanced,6386,106386,20,True,4,8,5,9,0,0,0,0,1,0,0
A-original,balanced,6387,106387,20,True,4,7,0,7,2,2,0,0,1,0,0
A-original,balanced,6388,106388,20,True,5,7,0,8,1,0,1,1,3,0,0
A-original,balanced,6389,106389,20,True,6,8,6,10,0,0,0,0,2,0,0
A-original,balanced,6390,106390,20,True,8,8,3,10,1,0,1,1,3,0,0
A-original,balanced,6391,106391,20,True,7,7,1,7,1,1,0,0,4,0,0
A-original,balanced,6392,106392,20,True,9,9,0,13,2,2,0,0,3,0,0
A-original,balanced,6393,106393,20,True,8,8,1,11,2,2,0,0,3,0,0
A-original,balanced,6394,106394,20,True,5,6,0,9,0,0,0,0,3,0,0
A-original,balanced,6395,106395,20,True,6,8,0,12,0,0,0,0,4,0,0
A-original,balanced,6396,106396,20,True,10,12,0,11,4,3,1,1,2,0,0
A-original,balanced,6397,106397,13,False,1,5,0,7,0,0,0,0,1,0,0
A-original,balanced,6398,106398,20,True,9,10,1,10,3,1,2,2,3,0,0
A-original,balanced,6399,106399,20,True,9,9,8,8,3,2,1,1,3,0,0
A-original,balanced,6400,106400,20,True,9,9,0,13,1,1,0,0,3,0,0
A-original,balanced,6401,106401,20,True,1,5,6,7,0,0,0,0,0,0,0
A-original,balanced,6402,106402,20,True,8,9,0,11,1,0,1,1,4,0,0
A-original,balanced,6403,106403,20,True,4,8,2,16,1,1,0,0,3,0,0
A-original,balanced,6404,106404,20,True,5,7,1,7,2,1,1,1,3,0,0
A-original,balanced,6405,106405,20,True,2,7,0,7,2,1,1,1,1,0,0
A-original,balanced,6406,106406,20,True,5,8,4,12,1,1,0,0,1,0,0
A-original,balanced,6407,106407,20,True,9,10,2,11,4,3,1,1,2,0,0
A-original,balanced,6408,106408,20,True,2,5,0,8,0,0,0,0,2,0,0
A-original,balanced,6409,106409,20,True,5,7,2,8,1,0,1,1,1,0,0
A-original,balanced,6410,106410,20,True,7,8,0,7,1,0,1,1,2,0,0
A-original,balanced,6411,106411,20,True,10,10,0,12,0,0,0,0,5,0,0
A-original,balanced,6412,106412,20,True,1,6,1,7,0,0,0,0,0,0,0
A-original,balanced,6413,106413,20,True,10,10,2,10,0,0,0,0,6,0,0
A-original,balanced,6414,106414,20,True,8,10,6,7,3,2,1,1,1,0,0
A-original,balanced,6415,106415,20,True,3,6,1,9,1,0,1,1,3,0,0
A-original,balanced,6416,106416,20,True,6,7,1,8,1,0,1,1,2,0,0
A-original,balanced,6417,106417,20,True,1,6,1,7,0,0,0,0,0,0,0
A-original,balanced,6418,106418,20,True,7,7,2,12,1,0,1,1,3,0,0
A-original,balanced,6419,106419,20,True,7,8,0,9,1,0,1,1,3,0,0
A-original,balanced,6420,106420,20,True,5,7,5,9,0,0,0,0,2,0,0
A-original,balanced,6421,106421,20,True,6,6,8,8,0,0,0,0,2,0,0
A-original,balanced,6422,106422,20,True,10,10,1,11,2,2,0,0,5,0,0
A-original,balanced,6423,106423,20,True,2,7,0,7,3,2,1,1,1,0,0
A-original,balanced,6424,106424,20,True,7,7,1,13,1,1,0,0,3,0,0
A-original,balanced,6425,106425,14,False,0,6,0,7,0,0,0,0,0,0,0
A-original,balanced,6426,106426,20,True,5,6,1,7,0,0,0,0,4,0,0
A-original,balanced,6427,106427,20,True,7,7,1,13,0,0,0,0,3,0,0
A-original,balanced,6428,106428,20,True,4,7,1,7,2,1,1,1,2,0,0
A-original,balanced,6429,106429,20,True,1,6,0,7,1,0,1,1,1,0,0
A-original,balanced,6430,106430,20,True,3,5,0,7,0,0,0,0,1,0,0
A-original,balanced,6431,106431,13,False,0,5,0,7,0,0,0,0,0,0,0
A-original,balanced,6432,106432,20,True,13,13,9,16,4,4,0,0,7,0,0
A-original,balanced,6433,106433,20,True,3,8,0,7,1,1,0,0,1,0,0
A-original,balanced,6434,106434,20,True,2,6,2,10,0,0,0,0,2,0,0
A-original,balanced,6435,106435,20,True,5,8,0,9,2,1,1,1,3,0,0
A-original,balanced,6436,106436,20,True,4,8,0,8,1,1,0,0,1,0,0
A-original,balanced,6437,106437,20,True,3,6,1,7,0,0,0,0,2,0,0
A-original,balanced,6438,106438,20,True,3,6,5,8,0,0,0,0,3,0,0
A-original,balanced,6439,106439,20,True,3,7,4,11,0,0,0,0,3,0,0
A-original,balanced,6440,106440,20,True,1,5,0,7,0,0,0,0,1,0,0
A-original,balanced,6441,106441,20,True,6,7,1,11,1,1,0,0,2,0,0
A-original,balanced,6442,106442,20,True,3,7,0,7,1,0,1,1,1,0,0
A-original,balanced,6443,106443,20,True,10,10,1,11,1,1,0,0,5,0,0
A-original,balanced,6444,106444,20,True,6,6,9,12,0,0,0,0,1,0,0
A-original,balanced,6445,106445,20,True,4,7,5,7,0,0,0,0,1,0,0
A-original,balanced,6446,106446,10,False,1,5,0,7,0,0,0,0,0,0,0
A-original,balanced,6447,106447,20,True,4,8,0,7,1,0,1,1,1,0,0
A-original,balanced,6448,106448,20,True,3,5,0,8,1,0,1,1,1,0,0
A-original,balanced,6449,106449,15,False,1,5,0,7,1,0,1,1,1,0,0
A-original,balanced,6450,106450,20,True,2,5,1,7,1,0,1,1,1,0,0
A-original,balanced,6451,106451,20,True,3,6,0,7,0,0,0,0,1,0,0
A-original,balanced,6452,106452,20,True,3,7,1,7,0,0,0,0,1,0,0
A-original,balanced,6453,106453,11,False,1,5,0,7,0,0,0,0,0,0,0
A-original,balanced,6454,106454,20,True,3,7,0,10,0,0,0,0,2,0,0
A-original,balanced,6455,106455,20,True,3,7,0,9,0,0,0,0,0,0,0
A-original,balanced,6456,106456,20,True,6,7,6,7,3,1,2,2,2,0,0
A-original,balanced,6457,106457,20,True,2,7,0,7,1,0,1,1,1,0,0
A-original,balanced,6458,106458,20,True,7,8,0,7,2,1,1,1,2,0,0
A-original,balanced,6459,106459,20,True,4,6,4,9,1,1,0,0,2,0,0
A-original,balanced,6460,106460,20,True,3,7,0,7,2,1,1,1,1,0,0
A-original,balanced,6461,106461,20,True,3,5,3,8,0,0,0,0,1,0,0
A-original,balanced,6462,106462,20,True,3,6,1,7,0,0,0,0,1,0,0
A-original,balanced,6463,106463,20,True,7,8,0,10,3,2,1,1,2,0,0
A-original,balanced,6464,106464,20,True,10,10,2,11,2,1,1,1,2,0,0
A-original,balanced,6465,106465,20,True,6,6,3,12,1,1,0,0,3,0,0
A-original,balanced,6466,106466,20,True,1,6,0,7,1,0,1,1,0,0,0
A-original,balanced,6467,106467,20,True,2,5,0,7,0,0,0,0,1,0,0
A-original,balanced,6468,106468,20,True,8,9,0,8,0,0,0,0,4,0,0
A-original,balanced,6469,106469,20,True,8,10,10,11,1,0,1,1,1,0,0
A-original,balanced,6470,106470,20,True,7,8,1,9,1,0,1,1,2,0,0
A-original,balanced,6471,106471,20,True,5,6,3,7,1,1,0,0,2,0,0
A-original,balanced,6472,106472,20,True,1,5,1,7,0,0,0,0,1,0,0
A-original,balanced,6473,106473,20,True,2,6,2,7,0,0,0,0,1,0,0
A-original,balanced,6474,106474,20,True,5,7,0,11,0,0,0,0,3,0,0
A-original,balanced,6475,106475,20,True,3,6,0,7,0,0,0,0,1,0,0
A-original,balanced,6476,106476,20,True,5,6,0,7,1,0,1,1,3,0,0
A-original,balanced,6477,106477,20,True,1,6,0,7,1,0,1,1,1,0,0
A-original,balanced,6478,106478,20,True,7,8,1,8,1,0,1,1,3,0,0
A-original,balanced,6479,106479,15,False,1,7,0,7,1,0,1,1,0,0,0
A-original,balanced,6480,106480,20,True,6,6,0,11,1,1,0,0,1,0,0
A-original,balanced,6481,106481,20,True,5,9,6,7,1,1,0,0,1,0,0
A-original,balanced,6482,106482,20,True,12,12,3,16,3,2,1,1,7,0,0
A-original,balanced,6483,106483,20,True,8,8,9,9,1,1,0,0,2,0,0
A-original,balanced,6484,106484,20,True,4,7,2,11,0,0,0,0,2,0,0
A-original,balanced,6485,106485,20,True,5,7,0,9,0,0,0,0,1,0,0
A-original,balanced,6486,106486,20,True,8,9,6,12,2,0,2,2,3,0,0
A-original,balanced,6487,106487,20,True,5,6,0,7,1,1,0,0,2,0,0
A-original,balanced,6488,106488,20,True,7,8,4,8,1,0,1,1,2,0,0
A-original,balanced,6489,106489,20,True,3,8,5,10,1,0,1,1,0,0,0
A-original,balanced,6490,106490,20,True,6,7,9,15,1,1,0,0,3,0,0
A-original,balanced,6491,106491,20,True,6,7,2,7,1,0,1,1,0,0,0
A-original,balanced,6492,106492,20,True,4,7,0,8,2,1,1,1,3,0,0
A-original,balanced,6493,106493,20,True,4,6,5,11,1,1,0,0,3,0,0
A-original,balanced,6494,106494,20,True,6,9,0,9,0,0,0,0,3,0,0
A-original,balanced,6495,106495,20,True,3,7,0,7,2,1,1,1,2,0,0
A-original,balanced,6496,106496,20,True,8,9,0,8,2,2,0,0,3,0,0
A-original,balanced,6497,106497,20,True,7,7,1,10,0,0,0,0,3,0,0
A-original,balanced,6498,106498,20,True,1,6,1,7,0,0,0,0,0,0,0
A-original,balanced,6499,106499,20,True,9,10,6,7,3,1,2,2,2,0,0
A-original,balanced,6500,106500,20,True,4,6,0,9,2,1,1,1,2,0,0
A-original,balanced,6501,106501,20,True,4,8,0,7,2,1,1,1,1,0,0
A-original,balanced,6502,106502,17,False,0,5,0,7,0,0,0,0,1,0,0
A-original,balanced,6503,106503,20,True,1,6,0,7,0,0,0,0,1,0,0
A-original,balanced,6504,106504,20,True,8,8,2,10,2,2,0,0,3,0,0
A-original,balanced,6505,106505,17,False,1,6,0,7,1,1,0,0,1,0,0
A-original,balanced,6506,106506,20,True,1,6,0,7,2,1,1,1,1,0,0
A-original,balanced,6507,106507,20,True,7,8,1,10,1,1,0,0,3,0,0
A-original,balanced,6508,106508,20,True,2,5,0,7,0,0,0,0,1,0,0
A-original,balanced,6509,106509,20,True,8,9,1,7,1,1,0,0,1,0,0
A-original,balanced,6510,106510,20,True,2,6,0,7,1,0,1,1,1,0,0
A-original,balanced,6511,106511,20,True,9,9,8,9,3,3,0,0,3,0,0
A-original,balanced,6512,106512,20,True,10,11,8,12,0,0,0,0,2,0,0
A-original,balanced,6513,106513,20,True,4,6,1,9,0,0,0,0,1,0,0
A-original,balanced,6514,106514,20,True,8,8,9,9,4,2,2,2,2,0,0
A-original,balanced,6515,106515,20,True,3,7,0,8,1,1,0,0,1,0,0
A-original,balanced,6516,106516,20,True,7,7,7,7,1,0,1,1,2,0,0
A-original,balanced,6517,106517,18,False,1,5,0,7,0,0,0,0,1,0,0
A-original,balanced,6518,106518,20,True,5,7,3,7,1,0,1,1,2,0,0
A-original,balanced,6519,106519,20,True,8,8,3,13,2,2,0,0,3,0,0
A-original,balanced,6520,106520,20,True,1,6,1,7,0,0,0,0,1,0,0
A-original,balanced,6521,106521,18,False,1,5,0,7,0,0,0,0,1,0,0
A-original,balanced,6522,106522,20,True,1,5,2,7,0,0,0,0,0,0,0
A-original,balanced,6523,106523,20,True,7,8,3,7,2,1,1,1,4,0,0
A-original,balanced,6524,106524,20,True,11,11,11,11,3,3,0,0,4,0,0
A-original,balanced,6525,106525,20,True,7,9,3,7,2,1,1,1,3,0,0
A-original,balanced,6526,106526,20,True,3,7,2,7,0,0,0,0,1,0,0
A-original,balanced,6527,106527,20,True,8,9,1,9,2,1,1,1,1,0,0
A-original,balanced,6528,106528,20,True,7,7,6,7,2,2,0,0,2,0,0
A-original,balanced,6529,106529,20,True,8,8,2,10,0,0,0,0,4,0,0
A-original,balanced,6530,106530,20,True,3,7,0,9,1,0,1,1,3,0,0
A-original,balanced,6531,106531,20,True,2,6,0,7,0,0,0,0,1,0,0
A-original,balanced,6532,106532,20,True,10,10,15,15,2,1,1,1,5,0,0
A-original,balanced,6533,106533,20,True,8,8,11,11,1,1,0,0,4,0,0
A-original,balanced,6534,106534,20,True,4,7,1,7,1,1,0,0,2,0,0
A-original,balanced,6535,106535,19,False,1,5,0,7,2,1,1,1,1,0,0
A-original,balanced,6536,106536,20,True,2,6,0,7,0,0,0,0,1,0,0
A-original,balanced,6537,106537,20,True,10,10,4,11,3,3,0,0,2,0,0
A-original,balanced,6538,106538,13,False,1,5,0,7,0,0,0,0,1,0,0
A-original,balanced,6539,106539,20,True,3,6,0,7,1,1,0,0,2,0,0
A-original,balanced,6540,106540,20,True,2,6,0,12,0,0,0,0,1,0,0
A-original,balanced,6541,106541,20,True,10,10,9,15,1,1,0,0,5,0,0
A-original,balanced,6542,106542,20,True,9,10,6,9,1,0,1,1,3,0,0
A-original,balanced,6543,106543,20,True,1,5,0,7,0,0,0,0,1,0,0
A-original,balanced,6544,106544,20,True,10,10,8,13,1,0,1,1,6,0,0
A-original,balanced,6545,106545,20,True,7,8,7,7,0,0,0,0,2,0,0
A-original,balanced,6546,106546,20,True,8,9,5,13,2,2,0,0,5,0,0
A-original,balanced,6547,106547,20,True,6,6,5,10,0,0,0,0,4,0,0
A-original,balanced,6548,106548,20,True,3,5,1,7,0,0,0,0,1,0,0
A-original,balanced,6549,106549,20,True,6,7,3,10,0,0,0,0,1,0,0
A-original,balanced,6550,106550,20,True,10,11,1,13,4,3,1,1,3,0,0
A-original,balanced,6551,106551,20,True,2,6,0,7,1,0,1,1,0,0,0
A-original,balanced,6552,106552,20,True,6,7,0,7,1,0,1,1,2,0,0
A-original,balanced,6553,106553,20,True,5,6,0,9,0,0,0,0,3,0,0
A-original,balanced,6554,106554,20,True,9,10,0,10,1,0,1,1,3,0,0
A-original,balanced,6555,106555,20,True,9,9,2,10,2,2,0,0,4,0,0
A-original,balanced,6556,106556,20,True,8,8,10,12,1,0,1,1,2,0,0
A-original,balanced,6557,106557,20,True,5,7,0,10,1,0,1,1,6,0,0
A-original,balanced,6558,106558,20,True,7,7,5,9,0,0,0,0,3,0,0
A-original,balanced,6559,106559,20,True,2,6,1,7,1,0,1,1,1,0,0
A-original,balanced,6560,106560,20,True,6,6,2,7,1,0,1,1,2,0,0
A-original,balanced,6561,106561,20,True,9,9,9,10,1,0,1,1,5,0,0
A-original,balanced,6562,106562,20,True,5,6,0,7,1,1,0,0,3,0,0
A-original,balanced,6563,106563,20,True,5,8,0,8,2,1,1,1,1,0,0
A-original,balanced,6564,106564,20,True,5,7,0,7,2,1,1,1,1,0,0
A-original,balanced,6565,106565,16,False,0,6,0,7,0,0,0,0,0,0,0
A-original,balanced,6566,106566,20,True,4,7,0,7,1,0,1,1,2,0,0
A-original,balanced,6567,106567,20,True,9,9,9,18,2,2,0,0,4,0,0
A-original,balanced,6568,106568,20,True,1,5,5,7,0,0,0,0,0,0,0
A-original,balanced,6569,106569,20,True,2,5,0,10,0,0,0,0,1,0,0
A-original,balanced,6570,106570,20,True,1,5,1,7,1,0,1,1,0,0,0
A-original,balanced,6571,106571,20,True,2,7,1,7,0,0,0,0,1,0,0
A-original,balanced,6572,106572,20,True,3,7,0,10,1,0,1,1,3,0,0
A-original,balanced,6573,106573,20,True,8,8,1,9,3,2,1,1,5,0,0
A-original,balanced,6574,106574,20,True,7,8,0,17,1,1,0,0,6,0,0
A-original,balanced,6575,106575,20,True,2,5,0,7,0,0,0,0,1,0,0
A-original,balanced,6576,106576,20,True,1,5,0,7,0,0,0,0,1,0,0
A-original,balanced,6577,106577,20,True,6,7,8,8,1,0,1,1,2,0,0
A-original,balanced,6578,106578,20,True,8,9,1,18,2,0,2,2,3,0,0
A-original,balanced,6579,106579,20,True,5,7,4,7,0,0,0,0,0,0,0
A-original,balanced,6580,106580,20,True,7,8,0,7,2,2,0,0,2,0,0
A-original,balanced,6581,106581,20,True,2,7,1,7,1,0,1,1,1,0,0
A-original,balanced,6582,106582,20,True,4,7,0,7,2,1,1,1,2,0,0
A-original,balanced,6583,106583,20,True,2,7,0,7,1,0,1,1,2,0,0
A-original,balanced,6584,106584,20,True,2,7,0,8,0,0,0,0,3,0,0
A-original,balanced,6585,106585,20,True,11,11,4,15,1,1,0,0,5,0,0
A-original,balanced,6586,106586,20,True,11,12,9,16,3,1,2,2,6,0,0
A-original,balanced,6587,106587,20,True,5,6,4,11,0,0,0,0,3,0,0
A-original,balanced,6588,106588,14,False,0,6,0,7,0,0,0,0,0,0,0
A-original,balanced,6589,106589,20,True,8,9,5,13,1,0,1,1,6,0,0
A-original,balanced,6590,106590,20,True,6,7,4,12,1,1,0,0,2,0,0
A-original,balanced,6591,106591,12,False,0,5,0,7,1,0,1,1,0,0,0
A-original,balanced,6592,106592,20,True,8,9,3,11,1,1,0,0,2,0,0
A-original,balanced,6593,106593,20,True,4,7,2,7,1,0,1,1,1,0,0
A-original,balanced,6594,106594,20,True,8,8,3,7,2,0,2,2,2,0,0
A-original,balanced,6595,106595,20,True,8,9,1,11,2,1,1,1,3,0,0
A-original,balanced,6596,106596,19,False,0,5,0,7,0,0,0,0,1,0,0
A-original,balanced,6597,106597,20,True,6,7,1,8,1,0,1,1,3,0,0
A-original,balanced,6598,106598,20,True,5,6,5,10,0,0,0,0,2,0,0
A-original,balanced,6599,106599,20,True,2,7,0,7,0,0,0,0,1,0,0
A-original,balanced,6600,106600,20,True,4,8,1,7,0,0,0,0,3,0,0
A-original,balanced,6601,106601,20,True,7,8,0,10,2,0,2,2,3,0,0
A-original,balanced,6602,106602,20,True,4,7,0,10,0,0,0,0,1,0,0
A-original,balanced,6603,106603,20,True,3,5,1,7,1,0,1,1,2,0,0
A-original,balanced,6604,106604,20,True,5,6,0,7,1,0,1,1,1,0,0
A-original,balanced,6605,106605,20,True,5,7,0,10,1,1,0,0,2,0,0
A-original,balanced,6606,106606,20,True,7,8,0,8,2,2,0,0,2,0,0
A-original,balanced,6607,106607,20,True,7,8,0,9,4,2,2,2,3,0,0
A-original,balanced,6608,106608,20,True,5,7,0,7,1,1,0,0,2,0,0
A-original,balanced,6609,106609,20,True,8,10,1,11,1,0,1,1,4,0,0
A-original,balanced,6610,106610,20,True,6,7,1,7,1,1,0,0,1,0,0
A-original,balanced,6611,106611,20,True,2,7,3,7,0,0,0,0,0,0,0
A-original,balanced,6612,106612,20,True,8,9,0,10,4,2,2,2,2,0,0
A-original,balanced,6613,106613,20,True,5,9,2,8,2,1,1,1,2,0,0
A-original,balanced,6614,106614,20,True,1,5,3,7,0,0,0,0,1,0,0
A-original,balanced,6615,106615,20,True,6,8,1,10,1,0,1,1,3,0,0
A-original,balanced,6616,106616,19,False,0,6,0,7,1,1,0,0,0,0,0
A-original,balanced,6617,106617,20,True,3,7,0,7,2,1,1,1,1,0,0
A-original,balanced,6618,106618,20,True,8,9,1,9,1,0,1,1,3,0,0
A-original,balanced,6619,106619,16,False,1,5,0,7,0,0,0,0,1,0,0
A-original,balanced,6620,106620,16,False,1,6,0,7,1,1,0,0,0,0,0
A-original,balanced,6621,106621,20,True,8,8,10,13,2,0,2,2,4,0,0
A-original,balanced,6622,106622,20,True,8,8,1,13,2,1,1,1,3,0,0
A-original,balanced,6623,106623,20,True,8,9,2,9,4,1,3,3,4,0,0
A-original,balanced,6624,106624,20,True,6,8,1,7,2,1,1,1,2,0,0
A-original,balanced,6625,106625,20,True,5,7,0,9,1,1,0,0,3,0,0
A-original,balanced,6626,106626,20,True,7,9,1,8,4,3,1,1,2,0,0
A-original,balanced,6627,106627,20,True,5,7,2,7,2,1,1,1,2,0,0
A-original,balanced,6628,106628,20,True,10,11,0,9,3,3,0,0,0,0,0
A-original,balanced,6629,106629,20,True,1,5,0,7,0,0,0,0,0,0,0
A-original,balanced,6630,106630,20,True,7,7,6,11,2,2,0,0,3,0,0
A-original,balanced,6631,106631,20,True,5,6,0,9,1,0,1,1,1,0,0
A-original,balanced,6632,106632,20,True,5,7,1,9,1,1,0,0,1,0,0
A-original,balanced,6633,106633,13,False,1,5,0,7,0,0,0,0,1,0,0
A-original,balanced,6634,106634,20,True,6,7,4,7,0,0,0,0,3,0,0
A-original,balanced,6635,106635,20,True,7,8,7,10,4,2,2,2,4,0,0
A-original,balanced,6636,106636,20,True,8,8,5,8,0,0,0,0,2,0,0
A-original,balanced,6637,106637,20,True,5,8,3,12,1,1,0,0,1,0,0
A-original,balanced,6638,106638,20,True,10,10,10,11,0,0,0,0,3,0,0
A-original,balanced,6639,106639,20,True,1,5,6,7,0,0,0,0,0,0,0
A-original,balanced,6640,106640,20,True,2,5,0,7,0,0,0,0,0,0,0
A-original,balanced,6641,106641,20,True,7,7,1,9,0,0,0,0,2,0,0
A-original,balanced,6642,106642,20,True,9,10,6,13,2,1,1,1,2,0,0
A-original,balanced,6643,106643,20,True,8,9,4,9,3,1,2,2,3,0,0
A-original,balanced,6644,106644,19,False,1,5,0,7,0,0,0,0,0,0,0
A-original,balanced,6645,106645,20,True,11,12,2,12,5,3,2,2,4,0,0
A-original,balanced,6646,106646,20,True,1,6,3,7,0,0,0,0,0,0,0
A-original,balanced,6647,106647,20,True,7,8,0,12,1,1,0,0,3,0,0
A-original,balanced,6648,106648,20,True,6,7,6,16,0,0,0,0,3,0,0
A-original,balanced,6649,106649,20,True,6,8,2,7,1,1,0,0,2,0,0
A-original,balanced,6650,106650,20,True,5,7,1,7,1,0,1,1,2,0,0
A-original,balanced,6651,106651,20,True,4,6,0,9,0,0,0,0,2,0,0
A-original,balanced,6652,106652,14,False,0,6,0,7,1,0,1,1,0,0,0
A-original,balanced,6653,106653,20,True,8,9,0,8,5,3,2,2,1,0,0
A-original,balanced,6654,106654,20,True,6,8,0,8,0,0,0,0,2,0,0
A-original,balanced,6655,106655,20,True,4,5,3,7,0,0,0,0,1,0,0
A-original,balanced,6656,106656,20,True,4,6,1,11,1,0,1,1,3,0,0
A-original,balanced,6657,106657,20,True,8,8,4,15,1,1,0,0,6,0,0
A-original,balanced,6658,106658,20,True,7,9,6,10,1,0,1,1,4,0,0
A-original,balanced,6659,106659,20,True,4,6,0,8,0,0,0,0,1,0,0
A-original,balanced,6660,106660,20,True,1,5,2,7,0,0,0,0,0,0,0
A-original,balanced,6661,106661,20,True,9,9,9,9,1,1,0,0,2,0,0
A-original,balanced,6662,106662,20,True,6,8,0,12,1,1,0,0,3,0,0
A-original,balanced,6663,106663,20,True,8,11,0,15,4,2,2,2,1,0,0
A-original,balanced,6664,106664,20,True,7,7,4,11,0,0,0,0,3,0,0
A-original,balanced,6665,106665,20,True,10,10,2,12,1,0,1,1,4,0,0
A-original,balanced,6666,106666,20,True,4,5,0,9,1,1,0,0,1,0,0
A-original,balanced,6667,106667,20,True,2,5,1,7,0,0,0,0,2,0,0
A-original,balanced,6668,106668,20,True,7,7,1,11,0,0,0,0,4,0,0
A-original,balanced,6669,106669,20,True,7,8,5,8,2,1,1,1,4,0,0
A-original,balanced,6670,106670,20,True,9,10,1,9,4,2,2,2,3,0,0
A-original,balanced,6671,106671,20,True,1,6,0,7,1,0,1,1,1,0,0
A-original,balanced,6672,106672,17,False,1,6,0,11,1,0,1,1,1,0,0
A-original,balanced,6673,106673,17,False,0,6,0,7,0,0,0,0,0,0,0
A-original,balanced,6674,106674,20,True,8,9,0,17,4,0,4,4,8,0,0
A-original,balanced,6675,106675,20,True,6,7,0,7,1,0,1,1,2,0,0
A-original,balanced,6676,106676,20,True,3,7,0,7,0,0,0,0,1,0,0
A-original,balanced,6677,106677,20,True,4,5,5,8,0,0,0,0,1,0,0
A-original,balanced,6678,106678,20,True,4,6,4,11,0,0,0,0,1,0,0
A-original,balanced,6679,106679,20,True,2,6,0,10,1,1,0,0,1,0,0
A-original,balanced,6680,106680,20,True,6,7,0,8,1,0,1,1,3,0,0
A-original,balanced,6681,106681,20,True,3,6,0,7,0,0,0,0,1,0,0
A-original,balanced,6682,106682,20,True,1,6,1,7,0,0,0,0,0,0,0
A-original,balanced,6683,106683,20,True,5,5,0,7,0,0,0,0,2,0,0
A-original,balanced,6684,106684,20,True,8,9,0,8,2,2,0,0,3,0,0
A-original,balanced,6685,106685,20,False,0,5,0,7,0,0,0,0,1,0,0
A-original,balanced,6686,106686,20,True,4,7,0,11,2,2,0,0,2,0,0
A-original,balanced,6687,106687,20,True,9,9,3,7,3,2,1,1,1,0,0
A-original,balanced,6688,106688,20,True,7,8,3,10,1,0,1,1,3,0,0
A-original,balanced,6689,106689,11,False,1,5,0,7,0,0,0,0,1,0,0
A-original,balanced,6690,106690,20,True,6,8,3,14,1,0,1,1,3,0,0
A-original,balanced,6691,106691,20,True,9,10,7,16,2,1,1,1,4,0,0
A-original,balanced,6692,106692,20,True,5,7,2,13,1,1,0,0,3,0,0
A-original,balanced,6693,106693,20,True,5,7,0,7,2,1,1,1,0,0,0
A-original,balanced,6694,106694,20,True,9,10,1,12,2,1,1,1,3,0,0
A-original,balanced,6695,106695,20,True,4,7,0,7,2,1,1,1,1,0,0
A-original,balanced,6696,106696,20,True,2,5,0,7,0,0,0,0,1,0,0
A-original,balanced,6697,106697,20,True,1,5,4,7,0,0,0,0,1,0,0
A-original,balanced,6698,106698,20,True,1,5,0,7,0,0,0,0,1,0,0
A-original,balanced,6699,106699,20,True,8,10,3,11,3,2,1,1,3,0,0
A-original,balanced,6700,106700,20,True,1,6,1,7,0,0,0,0,1,0,0
A-original,balanced,6701,106701,20,True,6,8,4,8,1,0,1,1,2,0,0
A-original,balanced,6702,106702,20,True,10,10,6,10,2,2,0,0,2,0,0
A-original,balanced,6703,106703,20,True,6,8,2,12,1,1,0,0,2,0,0
A-original,balanced,6704,106704,20,True,4,7,1,7,1,0,1,1,2,0,0
A-original,balanced,6705,106705,20,True,3,6,0,8,1,1,0,0,1,0,0
A-original,balanced,6706,106706,20,True,8,8,15,15,2,1,1,1,4,0,0
A-original,balanced,6707,106707,20,True,4,6,1,7,2,1,1,1,2,0,0
A-original,balanced,6708,106708,20,True,6,8,2,9,3,2,1,1,2,0,0
A-original,balanced,6709,106709,20,True,12,12,27,27,4,3,1,1,4,0,0
A-original,balanced,6710,106710,20,True,2,6,1,7,0,0,0,0,1,0,0
A-original,balanced,6711,106711,20,True,3,6,2,7,0,0,0,0,3,0,0
A-original,balanced,6712,106712,20,True,5,6,0,10,0,0,0,0,3,0,0
A-original,balanced,6713,106713,20,True,6,7,1,12,1,0,1,1,2,0,0
A-original,balanced,6714,106714,20,True,6,7,0,7,2,1,1,1,2,0,0
A-original,balanced,6715,106715,20,True,5,7,0,12,1,0,1,1,4,0,0
A-original,balanced,6716,106716,20,True,10,10,0,9,2,2,0,0,2,0,0
A-original,balanced,6717,106717,20,True,7,7,0,11,1,1,0,0,2,0,0
A-original,balanced,6718,106718,20,True,7,7,3,7,1,1,0,0,3,0,0
A-original,balanced,6719,106719,20,True,4,6,0,7,1,1,0,0,2,0,0
A-original,balanced,6720,106720,20,True,5,7,2,11,1,1,0,0,3,0,0
A-original,balanced,6721,106721,20,True,2,6,0,10,1,0,1,1,1,0,0
A-original,balanced,6722,106722,20,True,8,8,2,7,1,1,0,0,2,0,0
A-original,balanced,6723,106723,18,False,1,6,0,7,2,0,2,2,1,0,0
A-original,balanced,6724,106724,18,False,1,6,0,7,1,0,1,1,2,0,0
A-original,balanced,6725,106725,20,True,8,8,4,14,2,1,1,1,4,0,0
A-original,balanced,6726,106726,20,True,4,7,4,7,1,0,1,1,1,0,0
A-original,balanced,6727,106727,20,True,5,5,0,11,0,0,0,0,2,0,0
A-original,balanced,6728,106728,20,True,11,11,6,16,2,1,1,1,3,0,0
A-original,balanced,6729,106729,20,True,4,7,0,11,1,1,0,0,2,0,0
A-original,balanced,6730,106730,20,True,8,8,2,13,1,1,0,0,5,0,0
A-original,balanced,6731,106731,20,True,1,6,0,7,1,0,1,1,1,0,0
A-original,balanced,6732,106732,20,True,6,7,0,8,1,1,0,0,3,0,0
A-original,balanced,6733,106733,20,True,7,8,0,12,1,1,0,0,3,0,0
A-original,balanced,6734,106734,20,True,7,7,3,7,0,0,0,0,0,0,0
A-original,balanced,6735,106735,20,True,4,6,0,7,0,0,0,0,3,0,0
A-original,balanced,6736,106736,20,True,1,7,3,7,0,0,0,0,0,0,0
A-original,balanced,6737,106737,20,True,6,6,8,9,1,0,1,1,2,0,0
A-original,balanced,6738,106738,17,False,1,6,0,7,0,0,0,0,0,0,0
A-original,balanced,6739,106739,20,True,4,6,0,11,1,1,0,0,2,0,0
A-original,balanced,6740,106740,20,True,3,6,0,13,1,0,1,1,3,0,0
A-original,balanced,6741,106741,20,True,9,9,9,10,1,1,0,0,3,0,0
A-original,balanced,6742,106742,20,True,5,8,0,7,3,2,1,1,1,0,0
A-original,balanced,6743,106743,20,True,9,9,10,13,2,2,0,0,2,0,0
A-original,balanced,6744,106744,20,True,1,6,2,7,0,0,0,0,2,0,0
A-original,balanced,6745,106745,20,True,9,9,0,11,1,1,0,0,3,0,0
A-original,balanced,6746,106746,20,True,1,6,0,7,0,0,0,0,1,0,0
A-original,balanced,6747,106747,20,True,3,6,0,9,0,0,0,0,2,0,0
A-original,balanced,6748,106748,20,True,1,5,1,7,0,0,0,0,1,0,0
A-original,balanced,6749,106749,20,True,3,5,0,7,0,0,0,0,2,0,0
A-original,balanced,6750,106750,20,True,4,6,0,7,0,0,0,0,2,0,0
A-original,balanced,6751,106751,20,True,1,5,2,7,0,0,0,0,0,0,0
A-original,balanced,6752,106752,20,True,7,8,0,7,2,1,1,1,1,0,0
A-original,balanced,6753,106753,20,True,7,8,6,8,2,1,1,1,3,0,0
A-original,balanced,6754,106754,14,False,0,5,0,7,0,0,0,0,1,0,0
A-original,balanced,6755,106755,20,True,3,5,3,7,1,1,0,0,1,0,0
A-original,balanced,6756,106756,20,True,7,10,0,11,2,1,1,1,4,0,0
A-original,balanced,6757,106757,14,False,1,5,0,7,0,0,0,0,0,0,0
A-original,balanced,6758,106758,20,True,7,7,0,9,2,1,1,1,2,0,0
A-original,balanced,6759,106759,20,True,5,8,0,8,4,2,2,2,1,0,0
A-original,balanced,6760,106760,20,True,1,5,0,7,0,0,0,0,1,0,0
A-original,balanced,6761,106761,20,True,7,9,0,14,2,2,0,0,5,0,0
A-original,balanced,6762,106762,20,True,6,8,0,7,2,1,1,1,2,0,0
A-original,balanced,6763,106763,20,True,3,6,5,7,1,0,1,1,3,0,0
A-original,balanced,6764,106764,20,True,11,12,10,15,4,2,2,2,4,0,0
A-original,balanced,6765,106765,20,True,7,7,6,10,0,0,0,0,3,0,0
A-original,balanced,6766,106766,20,True,10,10,9,9,2,2,0,0,2,0,0
A-original,balanced,6767,106767,20,True,7,7,1,7,2,1,1,1,0,0,0
A-original,balanced,6768,106768,20,True,3,5,0,7,0,0,0,0,1,0,0
A-original,balanced,6769,106769,20,True,5,6,4,9,0,0,0,0,2,0,0
A-original,balanced,6770,106770,20,True,4,5,1,9,1,1,0,0,2,0,0
A-original,balanced,6771,106771,20,True,4,6,1,9,1,1,0,0,2,0,0
A-original,balanced,6772,106772,20,True,7,9,0,7,2,1,1,1,2,0,0
A-original,balanced,6773,106773,20,True,2,6,3,7,3,1,2,2,1,0,0
A-original,balanced,6774,106774,20,True,9,10,8,9,3,2,1,1,3,0,0
A-original,balanced,6775,106775,20,True,6,8,0,11,1,1,0,0,4,0,0
A-original,balanced,6776,106776,20,True,8,9,5,7,5,2,3,3,3,0,0
A-original,balanced,6777,106777,20,True,4,7,0,7,2,1,1,1,1,0,0
A-original,balanced,6778,106778,20,True,2,7,0,7,1,0,1,1,1,0,0
A-original,balanced,6779,106779,20,True,3,6,0,7,1,0,1,1,2,0,0
A-original,balanced,6780,106780,20,True,10,10,0,12,2,1,1,1,6,0,0
A-original,balanced,6781,106781,20,True,7,8,0,8,1,1,0,0,3,0,0
A-original,balanced,6782,106782,20,True,3,7,0,7,1,1,0,0,3,0,0
A-original,balanced,6783,106783,20,True,10,10,9,11,1,0,1,1,2,0,0
A-original,balanced,6784,106784,20,True,7,8,0,7,2,2,0,0,2,0,0
A-original,balanced,6785,106785,20,True,4,6,4,7,1,1,0,0,2,0,0
A-original,balanced,6786,106786,20,True,5,7,2,7,0,0,0,0,2,0,0
A-original,balanced,6787,106787,16,False,0,5,0,7,0,0,0,0,0,0,0
A-original,balanced,6788,106788,20,True,4,7,2,8,1,0,1,1,3,0,0
A-original,balanced,6789,106789,20,True,9,10,4,10,5,2,3,3,3,0,0
A-original,balanced,6790,106790,20,True,3,6,3,7,2,2,0,0,2,0,0
A-original,balanced,6791,106791,20,True,6,8,4,9,0,0,0,0,2,0,0
A-original,balanced,6792,106792,20,True,5,8,4,11,2,0,2,2,3,0,0
A-original,balanced,6793,106793,20,True,3,6,0,11,1,0,1,1,1,0,0
A-original,balanced,6794,106794,20,True,5,7,0,7,1,0,1,1,2,0,0
A-original,balanced,6795,106795,20,True,13,13,1,14,5,5,0,0,6,0,0
A-original,balanced,6796,106796,20,True,7,8,1,7,2,1,1,1,4,0,0
A-original,balanced,6797,106797,20,True,2,5,3,7,2,0,2,2,1,0,0
A-original,balanced,6798,106798,20,True,1,5,1,7,0,0,0,0,1,0,0
A-original,balanced,6799,106799,20,True,7,7,2,7,2,2,0,0,1,0,0
A-original,balanced,6800,106800,20,True,6,7,1,8,0,0,0,0,3,0,0
A-original,balanced,6801,106801,20,True,6,6,3,12,0,0,0,0,4,0,0
A-original,balanced,6802,106802,20,True,1,6,7,8,0,0,0,0,1,0,0
A-original,balanced,6803,106803,19,False,0,5,0,7,0,0,0,0,1,0,0
A-original,balanced,6804,106804,20,True,7,7,1,12,1,1,0,0,3,0,0
A-original,balanced,6805,106805,20,True,8,8,7,9,1,1,0,0,4,0,0
A-original,balanced,6806,106806,20,True,9,9,9,9,2,1,1,1,3,0,0
A-original,balanced,6807,106807,20,True,2,6,0,7,0,0,0,0,1,0,0
A-original,balanced,6808,106808,20,True,8,8,4,10,3,3,0,0,2,0,0
A-original,balanced,6809,106809,20,True,6,6,2,7,0,0,0,0,2,0,0
A-original,balanced,6810,106810,20,True,6,7,1,7,2,1,1,1,3,0,0
A-original,balanced,6811,106811,20,True,3,7,0,8,1,0,1,1,0,0,0
A-original,balanced,6812,106812,20,True,5,6,6,9,2,1,1,1,2,0,0
A-original,balanced,6813,106813,15,False,1,6,0,7,0,0,0,0,1,0,0
A-original,balanced,6814,106814,20,True,1,5,0,7,0,0,0,0,1,0,0
A-original,balanced,6815,106815,19,False,1,7,0,7,2,0,2,2,1,0,0
A-original,balanced,6816,106816,20,True,5,6,0,10,0,0,0,0,2,0,0
A-original,balanced,6817,106817,20,True,5,7,6,7,3,1,2,2,1,0,0
A-original,balanced,6818,106818,20,True,5,7,0,8,0,0,0,0,2,0,0
A-original,balanced,6819,106819,20,True,9,9,11,11,2,1,1,1,2,0,0
A-original,balanced,6820,106820,20,True,5,7,4,7,2,2,0,0,1,0,0
A-original,balanced,6821,106821,20,True,8,8,0,13,1,1,0,0,2,0,0
A-original,balanced,6822,106822,20,True,2,7,0,7,1,0,1,1,1,0,0
A-original,balanced,6823,106823,20,True,6,7,5,12,0,0,0,0,4,0,0
A-original,balanced,6824,106824,20,True,7,8,0,10,1,1,0,0,3,0,0
A-original,balanced,6825,106825,20,True,5,6,1,10,2,0,2,2,2,0,0
A-original,balanced,6826,106826,20,True,6,7,1,11,0,0,0,0,2,0,0
A-original,balanced,6827,106827,20,True,4,5,0,7,1,0,1,1,1,0,0
A-original,balanced,6828,106828,20,True,4,6,1,8,1,0,1,1,1,0,0
A-original,balanced,6829,106829,20,True,12,12,2,18,4,4,0,0,4,0,0
A-original,balanced,6830,106830,20,True,5,6,0,12,1,1,0,0,2,0,0
A-original,balanced,6831,106831,20,True,8,9,0,12,2,2,0,0,4,0,0
A-original,balanced,6832,106832,20,True,7,9,0,10,0,0,0,0,4,0,0
A-original,balanced,6833,106833,20,True,1,6,0,7,0,0,0,0,1,0,0
A-original,balanced,6834,106834,20,True,9,9,1,11,1,1,0,0,6,0,0
A-original,balanced,6835,106835,20,True,2,7,0,7,0,0,0,0,0,0,0
A-original,balanced,6836,106836,20,True,5,6,0,9,2,1,1,1,1,0,0
A-original,balanced,6837,106837,20,True,2,5,0,7,0,0,0,0,1,0,0
A-original,balanced,6838,106838,20,True,3,6,0,7,1,1,0,0,1,0,0
A-original,balanced,6839,106839,20,True,3,6,0,7,1,1,0,0,2,0,0
A-original,balanced,6840,106840,20,True,10,10,4,15,1,1,0,0,3,0,0
A-original,balanced,6841,106841,12,False,1,5,0,7,0,0,0,0,0,0,0
A-original,balanced,6842,106842,20,True,6,7,2,8,3,1,2,2,3,0,0
A-original,balanced,6843,106843,20,True,5,8,0,7,1,0,1,1,2,0,0
A-original,balanced,6844,106844,20,True,5,7,4,8,1,0,1,1,0,0,0
A-original,balanced,6845,106845,20,True,1,5,0,7,0,0,0,0,0,0,0
A-original,balanced,6846,106846,18,False,0,6,0,7,2,1,1,1,1,0,0
A-original,balanced,6847,106847,20,True,3,5,0,7,0,0,0,0,1,0,0
A-original,balanced,6848,106848,20,True,3,6,0,7,2,0,2,2,1,0,0
A-original,balanced,6849,106849,20,True,3,7,0,7,0,0,0,0,1,0,0
A-original,balanced,6850,106850,20,True,2,6,2,7,1,1,0,0,2,0,0
A-original,balanced,6851,106851,20,True,6,7,0,7,1,1,0,0,2,0,0
A-original,balanced,6852,106852,20,True,4,7,8,8,0,0,0,0,4,0,0
A-original,balanced,6853,106853,20,True,7,9,0,16,2,1,1,1,3,0,0
A-original,balanced,6854,106854,20,True,5,7,0,9,1,1,0,0,0,0,0
A-original,balanced,6855,106855,20,True,2,6,0,7,0,0,0,0,1,0,0
A-original,balanced,6856,106856,20,True,7,7,0,13,3,2,1,1,5,0,0
A-original,balanced,6857,106857,20,True,4,8,0,7,0,0,0,0,2,0,0
A-original,balanced,6858,106858,20,True,12,12,16,16,3,3,0,0,7,0,0
A-original,balanced,6859,106859,20,True,4,6,0,7,3,2,1,1,2,0,0
A-original,balanced,6860,106860,20,True,6,7,6,12,0,0,0,0,4,0,0
A-original,balanced,6861,106861,20,True,7,8,0,10,1,1,0,0,2,0,0
A-original,balanced,6862,106862,20,True,1,7,1,7,1,0,1,1,2,0,0
A-original,balanced,6863,106863,20,True,1,5,7,8,0,0,0,0,0,0,0
A-original,balanced,6864,106864,20,True,5,9,3,12,3,2,1,1,1,0,0
A-original,balanced,6865,106865,20,True,6,6,5,9,1,1,0,0,2,0,0
A-original,balanced,6866,106866,20,True,4,6,6,7,1,1,0,0,1,0,0
A-original,balanced,6867,106867,20,True,4,7,6,13,0,0,0,0,3,0,0
A-original,balanced,6868,106868,20,True,10,10,2,13,2,1,1,1,4,0,0
A-original,balanced,6869,106869,20,True,5,7,0,12,1,1,0,0,3,0,0
A-original,balanced,6870,106870,20,True,7,7,12,12,1,1,0,0,2,0,0
A-original,balanced,6871,106871,20,True,5,6,3,8,1,0,1,1,3,0,0
A-original,balanced,6872,106872,20,True,7,8,1,14,2,2,0,0,1,0,0
A-original,balanced,6873,106873,20,True,3,6,0,7,0,0,0,0,1,0,0
A-original,balanced,6874,106874,20,True,6,7,0,10,2,1,1,1,1,0,0
A-original,balanced,6875,106875,20,True,6,7,9,9,1,0,1,1,3,0,0
A-original,balanced,6876,106876,20,True,7,9,0,9,2,0,2,2,2,0,0
A-original,balanced,6877,106877,20,True,7,9,2,12,2,2,0,0,3,0,0
A-original,balanced,6878,106878,20,True,7,8,2,9,0,0,0,0,5,0,0
A-original,balanced,6879,106879,20,True,10,10,2,7,1,0,1,1,2,0,0
A-original,balanced,6880,106880,20,True,12,12,3,14,1,1,0,0,5,0,0
A-original,balanced,6881,106881,20,True,2,5,1,7,1,0,1,1,2,0,0
A-original,balanced,6882,106882,20,True,4,8,0,10,2,1,1,1,2,0,0
A-original,balanced,6883,106883,20,True,1,6,1,7,1,0,1,1,0,0,0
A-original,balanced,6884,106884,20,True,10,10,1,21,2,1,1,1,4,0,0
A-original,balanced,6885,106885,20,True,8,8,7,9,2,1,1,1,4,0,0
A-original,balanced,6886,106886,20,True,4,6,0,7,1,0,1,1,2,0,0
A-original,balanced,6887,106887,20,True,6,6,3,8,0,0,0,0,3,0,0
A-original,balanced,6888,106888,20,True,4,7,0,10,0,0,0,0,2,0,0
A-original,balanced,6889,106889,20,True,5,7,1,11,0,0,0,0,1,0,0
A-original,balanced,6890,106890,20,True,4,7,5,7,1,0,1,1,2,0,0
A-original,balanced,6891,106891,20,True,4,7,0,7,1,1,0,0,3,0,0
A-original,balanced,6892,106892,20,True,2,5,2,7,0,0,0,0,1,0,0
A-original,balanced,6893,106893,20,True,1,6,0,7,1,1,0,0,1,0,0
A-original,balanced,6894,106894,20,True,7,8,6,8,0,0,0,0,2,0,0
A-original,balanced,6895,106895,20,True,4,7,1,11,1,1,0,0,2,0,0
A-original,balanced,6896,106896,20,True,6,7,4,13,1,0,1,1,4,0,0
A-original,balanced,6897,106897,20,True,3,6,0,7,1,1,0,0,1,0,0
A-original,balanced,6898,106898,20,True,10,10,9,9,3,2,1,1,4,0,0
A-original,balanced,6899,106899,20,True,6,7,0,7,0,0,0,0,3,0,0
A-original,balanced,6900,106900,20,True,1,5,1,7,0,0,0,0,0,0,0
A-original,balanced,6901,106901,20,True,6,7,0,12,1,1,0,0,3,0,0
A-original,balanced,6902,106902,20,True,6,7,0,7,1,0,1,1,2,0,0
A-original,balanced,6903,106903,20,True,5,6,2,10,0,0,0,0,4,0,0
A-original,balanced,6904,106904,20,True,9,10,3,12,0,0,0,0,4,0,0
A-original,balanced,6905,106905,18,False,1,5,0,7,0,0,0,0,2,0,0
A-original,balanced,6906,106906,17,False,1,6,0,7,1,0,1,1,0,0,0
A-original,balanced,6907,106907,20,True,7,10,0,8,6,3,3,3,3,0,0
A-original,balanced,6908,106908,17,False,0,5,0,7,0,0,0,0,0,0,0
A-original,balanced,6909,106909,20,True,5,7,0,7,2,0,2,2,3,0,0
A-original,balanced,6910,106910,20,True,9,9,2,20,2,2,0,0,4,0,0
A-original,balanced,6911,106911,20,True,3,5,0,7,0,0,0,0,2,0,0
A-original,balanced,6912,106912,20,True,5,8,6,7,0,0,0,0,0,0,0
A-original,balanced,6913,106913,20,True,4,7,0,7,0,0,0,0,3,0,0
A-original,balanced,6914,106914,20,True,10,11,0,11,0,0,0,0,2,0,0
A-original,balanced,6915,106915,20,True,7,7,5,13,2,2,0,0,4,0,0
A-original,balanced,6916,106916,20,True,5,5,0,7,1,1,0,0,1,0,0
A-original,balanced,6917,106917,20,True,1,5,2,7,0,0,0,0,1,0,0
A-original,balanced,6918,106918,20,True,3,7,0,7,3,2,1,1,1,0,0
A-original,balanced,6919,106919,20,True,7,9,0,14,3,1,2,2,2,0,0
A-original,balanced,6920,106920,20,True,10,10,1,9,2,2,0,0,4,0,0
A-original,balanced,6921,106921,20,True,2,6,2,7,1,1,0,0,1,0,0
A-original,balanced,6922,106922,20,True,9,11,4,15,3,3,0,0,2,0,0
A-original,balanced,6923,106923,20,True,2,6,1,7,0,0,0,0,0,0,0
A-original,balanced,6924,106924,20,True,9,9,9,15,2,1,1,1,2,0,0
A-original,balanced,6925,106925,20,True,5,6,0,7,0,0,0,0,1,0,0
A-original,balanced,6926,106926,20,True,6,7,0,8,1,0,1,1,3,0,0
A-original,balanced,6927,106927,20,True,7,9,0,7,1,0,1,1,2,0,0
A-original,balanced,6928,106928,20,True,3,7,2,7,1,1,0,0,1,0,0
A-original,balanced,6929,106929,20,True,6,8,4,8,0,0,0,0,3,0,0
A-original,balanced,6930,106930,20,True,12,12,3,15,5,5,0,0,3,0,0
A-original,balanced,6931,106931,20,True,2,5,0,7,1,0,1,1,2,0,0
A-original,balanced,6932,106932,20,True,4,5,0,7,0,0,0,0,1,0,0
A-original,balanced,6933,106933,20,True,13,13,16,17,2,2,0,0,2,0,0
A-original,balanced,6934,106934,20,True,1,6,0,7,2,1,1,1,1,0,0
A-original,balanced,6935,106935,20,True,4,6,2,7,2,0,2,2,0,0,0
A-original,balanced,6936,106936,20,True,5,7,1,14,1,0,1,1,1,0,0
A-original,balanced,6937,106937,18,False,1,6,0,7,1,1,0,0,1,0,0
A-original,balanced,6938,106938,20,True,2,5,0,7,0,0,0,0,1,0,0
A-original,balanced,6939,106939,20,True,10,11,11,12,5,2,3,3,3,0,0
A-original,balanced,6940,106940,16,False,1,5,0,7,0,0,0,0,1,0,0
A-original,balanced,6941,106941,20,True,7,8,0,13,3,3,0,0,2,0,0
A-original,balanced,6942,106942,20,True,8,9,10,10,1,1,0,0,2,0,0
A-original,balanced,6943,106943,20,True,4,6,1,7,1,0,1,1,1,0,0
A-original,balanced,6944,106944,14,False,1,6,0,7,0,0,0,0,0,0,0
A-original,balanced,6945,106945,20,True,5,7,0,7,1,1,0,0,2,0,0
A-original,balanced,6946,106946,20,True,14,14,11,25,5,5,0,0,6,0,0
A-original,balanced,6947,106947,20,True,10,10,6,13,3,3,0,0,1,0,0
A-original,balanced,6948,106948,20,True,6,7,2,7,0,0,0,0,2,0,0
A-original,balanced,6949,106949,20,True,1,5,1,8,1,1,0,0,1,0,0
A-original,balanced,6950,106950,20,True,5,7,6,12,1,0,1,1,2,0,0
A-original,balanced,6951,106951,20,True,7,8,2,14,3,1,2,2,3,0,0
A-original,balanced,6952,106952,20,True,14,14,0,17,4,3,1,1,7,0,0
A-original,balanced,6953,106953,20,True,2,7,2,15,0,0,0,0,3,0,0
A-original,balanced,6954,106954,20,True,1,6,4,7,0,0,0,0,1,0,0
A-original,balanced,6955,106955,20,True,5,8,0,10,0,0,0,0,3,0,0
A-original,balanced,6956,106956,20,True,1,6,0,7,1,0,1,1,2,0,0
A-original,balanced,6957,106957,20,True,2,5,3,7,0,0,0,0,1,0,0
A-original,balanced,6958,106958,20,True,6,6,1,13,0,0,0,0,2,0,0
A-original,balanced,6959,106959,20,True,1,5,9,9,0,0,0,0,1,0,0
A-original,balanced,6960,106960,20,True,5,7,7,10,1,0,1,1,3,0,0
A-original,balanced,6961,106961,20,True,7,8,0,7,1,1,0,0,2,0,0
A-original,balanced,6962,106962,20,True,3,6,0,8,2,0,2,2,2,0,0
A-original,balanced,6963,106963,20,True,6,10,0,8,3,0,3,3,1,0,0
A-original,balanced,6964,106964,20,True,4,6,0,7,1,1,0,0,2,0,0
A-original,balanced,6965,106965,20,True,2,6,0,7,0,0,0,0,1,0,0
A-original,balanced,6966,106966,12,False,1,5,0,7,0,0,0,0,0,0,0
A-original,balanced,6967,106967,20,True,2,6,0,7,2,1,1,1,2,0,0
A-original,balanced,6968,106968,20,True,2,5,1,7,1,1,0,0,1,0,0
A-original,balanced,6969,106969,20,True,7,7,0,8,0,0,0,0,4,0,0
A-original,balanced,6970,106970,20,True,7,8,0,7,1,0,1,1,3,0,0
A-original,balanced,6971,106971,20,True,1,5,1,7,0,0,0,0,0,0,0
A-original,balanced,6972,106972,20,True,13,13,8,21,3,3,0,0,5,0,0
A-original,balanced,6973,106973,20,True,7,7,7,7,2,1,1,1,1,0,0
A-original,balanced,6974,106974,14,False,0,5,0,7,0,0,0,0,1,0,0
A-original,balanced,6975,106975,20,True,5,6,1,7,2,1,1,1,2,0,0
A-original,balanced,6976,106976,20,True,10,10,3,11,3,1,2,2,4,0,0
A-original,balanced,6977,106977,20,True,1,5,1,7,0,0,0,0,1,0,0
A-original,balanced,6978,106978,20,True,4,6,2,7,2,0,2,2,2,0,0
A-original,balanced,6979,106979,20,True,4,6,1,9,0,0,0,0,2,0,0
A-original,balanced,6980,106980,20,True,6,8,0,7,1,1,0,0,1,0,0
A-original,balanced,6981,106981,20,True,8,9,1,9,4,1,3,3,2,0,0
A-original,balanced,6982,106982,20,True,3,7,0,14,0,0,0,0,2,0,0
A-original,balanced,6983,106983,17,False,1,5,0,8,0,0,0,0,1,0,0
A-original,balanced,6984,106984,20,True,6,7,1,10,0,0,0,0,4,0,0
A-original,balanced,6985,106985,20,True,9,9,5,15,1,1,0,0,5,0,0
A-original,balanced,6986,106986,12,False,0,5,0,7,0,0,0,0,0,0,0
A-original,balanced,6987,106987,20,True,6,10,7,9,3,3,0,0,1,0,0
A-original,balanced,6988,106988,20,True,4,5,0,13,0,0,0,0,3,0,0
A-original,balanced,6989,106989,20,True,5,6,0,11,1,1,0,0,3,0,0
A-original,balanced,6990,106990,20,True,1,6,0,7,2,1,1,1,1,0,0
A-original,balanced,6991,106991,20,True,10,10,5,15,1,0,1,1,5,0,0
A-original,balanced,6992,106992,20,True,8,9,1,7,6,3,3,3,2,0,0
A-original,balanced,6993,106993,20,True,6,8,0,14,0,0,0,0,4,0,0
A-original,balanced,6994,106994,20,True,10,10,1,8,4,2,2,2,2,0,0
A-original,balanced,6995,106995,20,True,1,5,2,7,0,0,0,0,1,0,0
A-original,balanced,6996,106996,20,True,2,5,0,7,1,0,1,1,0,0,0
A-original,balanced,6997,106997,20,True,5,7,0,7,2,0,2,2,1,0,0
A-original,balanced,6998,106998,20,True,3,7,0,7,1,0,1,1,2,0,0
A-original,balanced,6999,106999,20,False,0,6,0,7,0,0,0,0,2,0,0
A-original,balanced,7000,107000,20,True,5,8,5,7,0,0,0,0,2,0,0
B-threat-always,random,1,100001,10,False,0,5,0,7,4,0,4,2,2,2,1
B-threat-always,random,2,100002,2,False,3,5,0,7,1,0,1,1,0,0,0
B-threat-always,random,3,100003,8,False,0,5,10,10,1,0,1,1,1,0,3
B-threat-always,random,4,100004,5,False,1,5,0,7,2,0,2,1,0,0,0
B-threat-always,random,5,100005,5,False,3,5,0,7,2,1,1,1,1,2,0
B-threat-always,random,6,100006,6,False,1,5,0,7,2,0,2,1,1,0,0
B-threat-always,random,7,100007,6,False,0,5,0,7,2,0,2,1,2,0,1
B-threat-always,random,8,100008,20,True,1,5,0,24,9,3,6,3,2,2,5
B-threat-always,random,9,100009,5,False,3,5,0,13,3,0,3,1,0,0,1
B-threat-always,random,10,100010,6,False,1,6,0,7,3,1,2,1,2,0,2
B-threat-always,random,11,100011,17,False,3,8,0,23,11,3,8,1,0,6,4
B-threat-always,random,12,100012,10,False,0,5,0,15,3,1,2,0,3,2,3
B-threat-always,random,13,100013,13,False,0,5,0,9,7,1,6,2,1,4,2
B-threat-always,random,14,100014,10,False,0,5,23,23,2,1,1,1,1,0,4
B-threat-always,random,15,100015,14,False,1,6,0,12,6,2,4,0,2,2,0
B-threat-always,random,16,100016,13,False,0,5,11,11,2,2,0,0,2,2,2
B-threat-always,random,17,100017,8,False,0,5,0,7,4,0,4,1,1,0,1
B-threat-always,random,18,100018,2,False,3,5,0,7,1,0,1,1,0,0,0
B-threat-always,random,19,100019,5,False,1,5,0,7,1,0,1,1,0,0,1
B-threat-always,random,20,100020,7,False,0,5,10,10,3,0,3,2,0,2,1
B-threat-always,random,21,100021,12,False,1,5,0,14,5,0,5,2,1,2,2
B-threat-always,random,22,100022,5,False,1,5,0,7,3,0,3,2,1,0,1
B-threat-always,random,23,100023,6,False,1,5,0,7,2,0,2,2,1,0,0
B-threat-always,random,24,100024,6,False,1,5,0,7,3,0,3,0,0,2,1
B-threat-always,random,25,100025,11,False,1,5,0,7,2,0,2,0,0,2,1
B-threat-always,random,26,100026,6,False,3,5,0,16,0,0,0,0,0,0,1
B-threat-always,random,27,100027,10,False,1,5,0,20,5,1,4,2,1,4,2
B-threat-always,random,28,100028,6,False,1,5,0,7,1,0,1,0,0,2,2
B-threat-always,random,29,100029,3,False,1,5,0,7,1,0,1,1,1,2,1
B-threat-always,random,30,100030,8,False,0,5,0,7,1,0,1,1,1,0,1
B-threat-always,random,31,100031,5,False,1,5,0,7,3,0,3,2,1,0,1
B-threat-always,random,32,100032,4,False,3,5,0,7,1,0,1,0,0,0,0
B-threat-always,random,33,100033,5,False,3,5,0,7,1,0,1,1,0,0,0
B-threat-always,random,34,100034,11,False,0,5,0,14,2,0,2,1,1,0,2
B-threat-always,random,35,100035,11,False,0,5,0,7,5,0,5,1,0,0,0
B-threat-always,random,36,100036,3,False,3,5,0,7,1,0,1,1,0,0,1
B-threat-always,random,37,100037,14,False,0,5,19,22,4,1,3,3,1,2,2
B-threat-always,random,38,100038,5,False,3,5,0,7,2,1,1,0,1,0,2
B-threat-always,random,39,100039,8,False,0,5,0,7,3,0,3,1,0,4,0
B-threat-always,random,40,100040,14,False,1,5,0,24,3,0,3,0,3,0,4
B-threat-always,random,41,100041,5,False,0,5,0,7,2,0,2,1,0,0,2
B-threat-always,random,42,100042,20,True,1,5,20,25,5,2,3,1,2,4,5
B-threat-always,random,43,100043,9,False,0,5,0,7,3,0,3,2,0,2,0
B-threat-always,random,44,100044,7,False,1,5,0,7,1,0,1,1,1,0,1
B-threat-always,random,45,100045,7,False,0,5,0,7,1,0,1,0,2,2,2
B-threat-always,random,46,100046,15,False,0,5,7,12,7,2,5,3,2,6,2
B-threat-always,random,47,100047,14,False,0,5,0,18,7,1,6,2,3,2,3
B-threat-always,random,48,100048,18,False,1,7,0,9,9,3,6,0,1,6,1
B-threat-always,random,49,100049,7,False,0,5,0,9,3,1,2,1,2,0,2
B-threat-always,random,50,100050,5,False,3,5,0,7,1,0,1,0,2,2,2
B-threat-always,random,51,100051,10,False,0,5,46,46,4,1,3,2,0,2,5
B-threat-always,random,52,100052,6,False,1,5,0,7,1,0,1,1,0,4,0
B-threat-always,random,53,100053,4,False,1,5,0,7,3,0,3,3,0,0,0
B-threat-always,random,54,100054,17,False,0,5,14,14,5,1,4,0,2,2,2
B-threat-always,random,55,100055,7,False,1,5,0,9,2,1,1,1,0,0,1
B-threat-always,random,56,100056,10,False,0,5,0,7,4,1,3,2,2,4,1
B-threat-always,random,57,100057,7,False,0,5,7,18,5,1,4,3,0,0,2
B-threat-always,random,58,100058,13,False,0,5,0,24,4,1,3,1,1,4,2
B-threat-always,random,59,100059,5,False,0,5,12,12,2,0,2,2,1,0,2
B-threat-always,random,60,100060,20,True,1,6,0,14,10,3,7,3,2,6,0
B-threat-always,random,61,100061,5,False,1,5,0,7,2,0,2,2,0,2,0
B-threat-always,random,62,100062,6,False,3,6,0,7,1,0,1,0,0,0,1
B-threat-always,random,63,100063,2,False,3,5,0,7,1,0,1,1,0,0,0
B-threat-always,random,64,100064,6,False,1,5,0,7,3,0,3,1,1,0,1
B-threat-always,random,65,100065,19,False,0,5,23,28,5,3,2,1,3,2,3
B-threat-always,random,66,100066,7,False,0,5,0,7,4,1,3,3,1,0,0
B-threat-always,random,67,100067,11,False,0,5,12,14,3,1,2,0,4,2,5
B-threat-always,random,68,100068,9,False,0,5,0,9,4,1,3,1,1,0,4
B-threat-always,random,69,100069,5,False,1,5,0,7,3,0,3,2,0,0,0
B-threat-always,random,70,100070,6,False,3,5,0,7,1,0,1,1,0,0,2
B-threat-always,random,71,100071,20,True,1,5,13,22,7,2,5,4,3,8,4
B-threat-always,random,72,100072,17,False,0,6,10,12,3,1,2,1,1,4,4
B-threat-always,random,73,100073,2,False,3,5,0,7,0,0,0,0,1,0,1
B-threat-always,random,74,100074,9,False,0,5,0,7,1,0,1,0,1,2,0
B-threat-always,random,75,100075,5,False,3,5,0,7,0,0,0,0,1,0,1
B-threat-always,random,76,100076,6,False,1,5,0,7,1,0,1,0,1,0,1
B-threat-always,random,77,100077,12,False,0,5,0,7,4,1,3,3,1,2,1
B-threat-always,random,78,100078,9,False,0,5,0,7,4,0,4,1,2,0,2
B-threat-always,random,79,100079,14,False,1,6,0,14,9,4,5,1,2,4,0
B-threat-always,random,80,100080,8,False,0,5,1,7,6,0,6,4,1,0,0
B-threat-always,random,81,100081,4,False,1,5,0,7,2,0,2,2,0,0,0
B-threat-always,random,82,100082,4,False,3,5,0,7,3,1,2,1,0,2,0
B-threat-always,random,83,100083,6,False,3,5,0,7,3,1,2,1,1,0,0
B-threat-always,random,84,100084,8,False,1,5,0,13,2,0,2,2,1,0,2
B-threat-always,random,85,100085,4,False,3,5,0,7,1,0,1,0,1,0,1
B-threat-always,random,86,100086,15,False,0,5,7,15,6,1,5,1,1,8,5
B-threat-always,random,87,100087,14,False,0,5,0,15,8,3,5,1,2,6,1
B-threat-always,random,88,100088,11,False,1,5,0,7,5,2,3,1,2,4,1
B-threat-always,random,89,100089,9,False,0,5,6,13,3,0,3,2,0,4,2
B-threat-always,random,90,100090,4,False,1,5,0,7,2,1,1,1,1,2,2
B-threat-always,random,91,100091,20,True,1,6,11,16,4,1,3,2,2,4,4
B-threat-always,random,92,100092,6,False,0,5,0,12,1,1,0,0,3,0,4
B-threat-always,random,93,100093,11,False,0,6,0,7,6,2,4,1,2,0,2
B-threat-always,random,94,100094,9,False,1,5,0,12,3,1,2,1,1,0,0
B-threat-always,random,95,100095,20,True,1,5,0,16,3,0,3,2,2,10,4
B-threat-always,random,96,100096,7,False,0,5,0,7,3,0,3,1,0,0,1
B-threat-always,random,97,100097,7,False,0,5,9,9,2,0,2,2,2,2,3
B-threat-always,random,98,100098,7,False,1,5,0,7,1,0,1,1,0,0,0
B-threat-always,random,99,100099,8,False,0,5,0,7,5,1,4,1,3,2,3
B-threat-always,random,100,100100,7,False,1,5,0,7,4,1,3,2,0,2,2
B-threat-always,random,101,100101,6,False,0,5,0,7,1,0,1,1,2,0,2
B-threat-always,random,102,100102,8,False,1,5,0,7,0,0,0,0,0,4,0
B-threat-always,random,103,100103,9,False,0,5,0,11,3,0,3,2,2,2,2
B-threat-always,random,104,100104,5,False,1,5,0,7,1,0,1,1,1,0,1
B-threat-always,random,105,100105,5,False,1,5,0,7,0,0,0,0,2,0,2
B-threat-always,random,106,100106,10,False,0,6,0,7,3,1,2,2,1,2,2
B-threat-always,random,107,100107,10,False,0,5,2,9,6,3,3,2,1,2,1
B-threat-always,random,108,100108,16,False,0,5,0,7,4,0,4,0,1,4,1
B-threat-always,random,109,100109,5,False,3,5,0,7,2,1,1,1,1,0,0
B-threat-always,random,110,100110,19,False,0,5,26,26,5,1,4,0,1,4,5
B-threat-always,random,111,100111,10,False,1,5,0,12,4,1,3,3,1,0,0
B-threat-always,random,112,100112,20,False,0,7,0,12,10,4,6,5,2,6,3
B-threat-always,random,113,100113,11,False,0,6,0,7,4,1,3,1,2,2,2
B-threat-always,random,114,100114,13,False,1,6,0,7,5,1,4,2,2,4,2
B-threat-always,random,115,100115,10,False,0,5,0,11,2,1,1,0,1,0,3
B-threat-always,random,116,100116,7,False,1,5,0,7,2,0,2,1,0,0,0
B-threat-always,random,117,100117,14,False,1,5,0,9,8,1,7,1,1,2,3
B-threat-always,random,118,100118,8,False,0,5,0,7,3,0,3,3,1,0,0
B-threat-always,random,119,100119,5,False,0,5,18,18,4,2,2,2,2,0,3
B-threat-always,random,120,100120,19,False,0,5,0,20,6,1,5,2,1,8,4
B-threat-always,random,121,100121,4,False,1,5,0,7,1,0,1,1,1,0,1
B-threat-always,random,122,100122,11,False,0,5,0,7,5,1,4,2,0,0,0
B-threat-always,random,123,100123,16,False,0,5,18,18,5,2,3,0,3,4,5
B-threat-always,random,124,100124,11,False,0,5,1,7,5,1,4,1,2,4,0
B-threat-always,random,125,100125,10,False,3,5,0,8,5,2,3,1,2,0,2
B-threat-always,random,126,100126,12,False,1,5,0,7,1,0,1,0,2,6,2
B-threat-always,random,127,100127,5,False,0,5,0,7,2,0,2,1,2,0,1
B-threat-always,random,128,100128,11,False,1,5,0,11,3,0,3,1,0,2,1
B-threat-always,random,129,100129,6,False,0,5,0,7,3,0,3,2,0,2,1
B-threat-always,random,130,100130,10,False,0,5,0,9,3,0,3,2,1,2,4
B-threat-always,random,131,100131,4,False,3,5,0,11,2,1,1,1,0,2,0
B-threat-always,random,132,100132,7,False,1,5,0,8,3,1,2,0,3,2,2
B-threat-always,random,133,100133,10,False,0,5,0,10,6,1,5,2,0,0,0
B-threat-always,random,134,100134,10,False,0,5,5,13,6,1,5,2,4,0,3
B-threat-always,random,135,100135,10,False,1,5,0,7,5,2,3,1,2,2,2
B-threat-always,random,136,100136,7,False,1,5,0,11,4,0,4,1,0,2,2
B-threat-always,random,137,100137,6,False,1,5,0,7,3,0,3,1,1,0,0
B-threat-always,random,138,100138,13,False,0,6,0,13,5,2,3,1,2,4,0
B-threat-always,random,139,100139,3,False,3,5,0,7,1,0,1,1,0,0,0
B-threat-always,random,140,100140,5,False,1,5,0,7,1,0,1,1,0,2,0
B-threat-always,random,141,100141,9,False,0,5,0,7,2,0,2,0,1,2,1
B-threat-always,random,142,100142,20,True,1,6,2,12,8,1,7,3,3,4,3
B-threat-always,random,143,100143,15,False,1,5,0,18,6,1,5,1,1,4,2
B-threat-always,random,144,100144,12,False,0,5,0,7,2,0,2,1,1,2,1
B-threat-always,random,145,100145,10,False,3,6,0,9,4,2,2,0,0,2,0
B-threat-always,random,146,100146,3,False,3,5,0,7,0,0,0,0,1,0,2
B-threat-always,random,147,100147,5,False,1,5,0,7,2,0,2,1,2,0,1
B-threat-always,random,148,100148,17,False,0,5,1,13,9,1,8,4,1,2,1
B-threat-always,random,149,100149,6,False,1,5,0,7,1,0,1,1,2,0,2
B-threat-always,random,150,100150,13,False,0,5,0,11,4,2,2,1,1,2,2
B-threat-always,random,151,100151,8,False,1,5,0,7,2,0,2,1,0,2,0
B-threat-always,random,152,100152,6,False,1,5,0,7,1,0,1,0,1,2,1
B-threat-always,random,153,100153,15,False,1,5,0,18,7,2,5,2,2,4,3
B-threat-always,random,154,100154,8,False,0,5,0,10,3,2,1,1,2,4,3
B-threat-always,random,155,100155,16,False,3,5,0,16,8,2,6,2,1,8,2
B-threat-always,random,156,100156,5,False,1,5,0,7,2,0,2,1,1,2,0
B-threat-always,random,157,100157,2,False,3,5,0,7,1,0,1,0,1,0,1
B-threat-always,random,158,100158,7,False,1,5,0,7,1,0,1,0,1,0,1
B-threat-always,random,159,100159,8,False,0,5,9,15,5,2,3,2,3,0,3
B-threat-always,random,160,100160,9,False,1,5,0,17,3,1,2,1,2,2,3
B-threat-always,random,161,100161,11,False,0,5,2,7,6,1,5,2,1,2,1
B-threat-always,random,162,100162,7,False,0,5,0,7,4,0,4,2,2,0,1
B-threat-always,random,163,100163,13,False,0,5,21,21,4,1,3,0,2,2,5
B-threat-always,random,164,100164,6,False,0,5,16,17,4,2,2,2,3,2,4
B-threat-always,random,165,100165,12,False,0,6,0,8,4,1,3,0,2,2,4
B-threat-always,random,166,100166,14,False,0,6,0,12,8,3,5,1,3,4,3
B-threat-always,random,167,100167,7,False,1,5,0,8,4,1,3,2,0,2,0
B-threat-always,random,168,100168,7,False,1,5,0,7,4,0,4,2,0,0,0
B-threat-always,random,169,100169,9,False,0,5,23,23,2,0,2,1,0,2,3
B-threat-always,random,170,100170,7,False,1,5,0,12,5,2,3,2,2,0,1
B-threat-always,random,171,100171,6,False,0,5,0,7,2,0,2,1,1,4,0
B-threat-always,random,172,100172,20,True,1,5,6,13,5,2,3,1,2,4,4
B-threat-always,random,173,100173,20,True,1,5,9,34,10,3,7,3,0,4,3
B-threat-always,random,174,100174,8,False,0,5,20,21,4,2,2,2,2,0,3
B-threat-always,random,175,100175,11,False,1,5,0,7,6,2,4,2,0,2,1
B-threat-always,random,176,100176,12,False,1,5,0,8,10,2,8,0,0,0,0
B-threat-always,random,177,100177,3,False,1,5,0,7,2,0,2,2,0,2,0
B-threat-always,random,178,100178,7,False,1,5,0,7,3,0,3,1,0,0,0
B-threat-always,random,179,100179,2,False,3,5,0,7,1,0,1,1,0,0,0
B-threat-always,random,180,100180,10,False,0,5,0,7,4,1,3,2,2,2,0
B-threat-always,random,181,100181,4,False,5,6,0,7,1,1,0,0,0,2,0
B-threat-always,random,182,100182,8,False,1,6,0,7,2,0,2,1,0,4,1
B-threat-always,random,183,100183,2,False,3,5,0,7,1,0,1,0,1,0,1
B-threat-always,random,184,100184,8,False,0,5,6,7,2,1,1,1,2,4,2
B-threat-always,random,185,100185,9,False,0,5,2,7,4,0,4,2,0,4,0
B-threat-always,random,186,100186,8,False,1,6,0,10,2,2,0,0,3,0,4
B-threat-always,random,187,100187,14,False,0,5,0,7,8,2,6,1,2,4,1
B-threat-always,random,188,100188,9,False,0,5,0,7,2,1,1,0,1,2,2
B-threat-always,random,189,100189,8,False,0,5,0,9,3,1,2,1,2,0,3
B-threat-always,random,190,100190,11,False,0,5,0,13,5,1,4,2,2,4,1
B-threat-always,random,191,100191,3,False,3,5,0,7,1,0,1,0,1,0,0
B-threat-always,random,192,100192,9,False,0,5,0,7,3,0,3,2,0,0,0
B-threat-always,random,193,100193,7,False,1,5,0,10,3,1,2,1,0,0,2
B-threat-always,random,194,100194,9,False,0,5,21,24,5,2,3,2,1,2,3
B-threat-always,random,195,100195,13,False,3,5,0,28,2,1,1,0,2,6,2
B-threat-always,random,196,100196,5,False,1,5,0,7,4,0,4,0,1,0,1
B-threat-always,random,197,100197,8,False,3,5,0,7,1,1,0,0,0,2,0
B-threat-always,random,198,100198,8,False,1,5,0,14,2,0,2,1,0,2,1
B-threat-always,random,199,100199,19,False,0,6,0,12,5,2,3,2,0,12,2
B-threat-always,random,200,100200,16,False,0,5,0,7,5,1,4,2,1,2,3
B-threat-always,random,201,100201,10,False,0,5,0,8,4,0,4,2,2,0,3
B-threat-always,random,202,100202,5,False,0,5,0,7,4,1,3,3,0,0,2
B-threat-always,random,203,100203,14,False,1,5,0,8,4,1,3,1,1,4,1
B-threat-always,random,204,100204,7,False,1,5,0,8,2,2,0,0,0,2,2
B-threat-always,random,205,100205,6,False,0,5,0,7,3,0,3,1,2,0,1
B-threat-always,random,206,100206,5,False,1,5,0,7,2,0,2,0,1,0,1
B-threat-always,random,207,100207,4,False,0,5,0,7,2,0,2,2,1,0,1
B-threat-always,random,208,100208,7,False,1,5,0,13,2,0,2,1,0,2,2
B-threat-always,random,209,100209,16,False,0,5,0,8,6,1,5,2,1,0,3
B-threat-always,random,210,100210,12,False,1,7,0,11,5,2,3,0,3,0,2
B-threat-always,random,211,100211,8,False,0,5,0,11,3,0,3,2,1,2,3
B-threat-always,random,212,100212,3,False,3,5,0,7,2,0,2,0,0,0,1
B-threat-always,random,213,100213,12,False,1,5,0,11,7,2,5,2,1,2,1
B-threat-always,random,214,100214,9,False,0,5,0,13,4,1,3,2,3,2,2
B-threat-always,random,215,100215,9,False,0,5,27,27,5,1,4,2,0,2,5
B-threat-always,random,216,100216,8,False,1,5,0,8,4,2,2,2,2,0,2
B-threat-always,random,217,100217,11,False,0,6,0,9,6,3,3,1,1,2,0
B-threat-always,random,218,100218,15,False,3,6,0,8,4,2,2,0,2,10,3
B-threat-always,random,219,100219,18,False,0,6,0,20,6,2,4,1,3,2,4
B-threat-always,random,220,100220,10,False,0,5,17,17,2,0,2,1,1,2,2
B-threat-always,random,221,100221,20,True,1,5,5,17,6,2,4,0,4,4,5
B-threat-always,random,222,100222,9,False,0,6,0,7,6,1,5,1,3,0,3
B-threat-always,random,223,100223,2,False,3,5,0,7,1,0,1,1,0,0,0
B-threat-always,random,224,100224,3,False,1,5,0,7,0,0,0,0,2,0,3
B-threat-always,random,225,100225,7,False,1,5,0,7,2,0,2,0,0,0,1
B-threat-always,random,226,100226,3,False,3,5,0,7,1,0,1,1,0,0,0
B-threat-always,random,227,100227,5,False,1,5,0,7,1,0,1,1,0,0,0
B-threat-always,random,228,100228,13,False,0,5,1,8,1,0,1,1,0,6,2
B-threat-always,random,229,100229,4,False,1,5,0,7,2,0,2,2,1,2,1
B-threat-always,random,230,100230,5,False,1,5,0,7,2,0,2,1,3,0,2
B-threat-always,random,231,100231,11,False,0,5,14,24,5,1,4,1,1,0,4
B-threat-always,random,232,100232,6,False,1,5,0,7,2,0,2,1,1,0,2
B-threat-always,random,233,100233,7,False,0,5,0,11,2,1,1,0,0,2,2
B-threat-always,random,234,100234,20,True,1,5,7,25,6,1,5,3,2,2,3
B-threat-always,random,235,100235,4,False,1,5,0,7,2,0,2,1,2,2,2
B-threat-always,random,236,100236,5,False,3,6,0,9,2,1,1,1,0,2,0
B-threat-always,random,237,100237,10,False,1,5,0,9,4,1,3,1,1,4,1
B-threat-always,random,238,100238,12,False,3,5,0,14,5,2,3,1,2,4,3
B-threat-always,random,239,100239,10,False,0,5,4,9,4,1,3,2,2,0,3
B-threat-always,random,240,100240,8,False,0,5,1,7,2,0,2,0,3,0,3
B-threat-always,random,241,100241,20,True,1,5,9,10,6,0,6,1,3,2,4
B-threat-always,random,242,100242,11,False,1,5,0,7,5,2,3,0,1,2,0
B-threat-always,random,243,100243,7,False,0,5,18,28,3,1,2,2,2,0,4
B-threat-always,random,244,100244,15,False,0,5,10,21,12,2,10,6,0,2,1
B-threat-always,random,245,100245,5,False,3,5,0,7,2,1,1,0,1,0,1
B-threat-always,random,246,100246,10,False,1,5,0,7,1,0,1,0,0,0,0
B-threat-always,random,247,100247,3,False,3,5,0,7,0,0,0,0,0,0,1
B-threat-always,random,248,100248,11,False,0,5,0,14,6,2,4,0,2,0,4
B-threat-always,random,249,100249,17,False,0,6,0,18,12,4,8,4,2,4,2
B-threat-always,random,250,100250,5,False,3,5,0,8,2,0,2,1,0,2,1
B-threat-always,random,251,100251,13,False,0,5,0,8,3,0,3,3,1,4,1
B-threat-always,random,252,100252,6,False,3,5,0,9,4,1,3,2,0,0,1
B-threat-always,random,253,100253,3,False,3,5,0,7,0,0,0,0,0,0,0
B-threat-always,random,254,100254,2,False,3,5,0,7,1,0,1,1,0,0,0
B-threat-always,random,255,100255,11,False,0,5,0,12,5,2,3,2,2,0,0
B-threat-always,random,256,100256,13,False,0,5,12,12,6,2,4,2,1,0,2
B-threat-always,random,257,100257,11,False,1,5,0,17,5,2,3,1,2,0,3
B-threat-always,random,258,100258,15,False,0,5,0,14,10,3,7,2,1,4,3
B-threat-always,random,259,100259,12,False,1,6,0,7,5,3,2,1,1,4,2
B-threat-always,random,260,100260,7,False,1,5,0,8,5,1,4,2,1,2,0
B-threat-always,random,261,100261,9,False,1,5,0,7,1,0,1,0,1,4,1
B-threat-always,random,262,100262,13,False,0,5,12,13,4,0,4,2,0,2,2
B-threat-always,random,263,100263,20,True,3,5,5,25,8,2,6,1,2,10,3
B-threat-always,random,264,100264,10,False,1,5,0,8,1,0,1,1,0,0,1
B-threat-always,random,265,100265,5,False,1,5,0,7,2,0,2,1,2,2,1
B-threat-always,random,266,100266,10,False,0,5,0,7,5,1,4,2,1,6,1
B-threat-always,random,267,100267,4,False,0,5,0,7,3,0,3,2,1,2,2
B-threat-always,random,268,100268,14,False,1,6,0,14,4,1,3,2,2,2,1
B-threat-always,random,269,100269,12,False,0,5,0,7,2,1,1,1,0,2,0
B-threat-always,random,270,100270,8,False,0,5,0,7,4,0,4,2,0,0,1
B-threat-always,random,271,100271,8,False,0,5,11,11,5,1,4,1,1,2,1
B-threat-always,random,272,100272,6,False,1,5,0,9,3,1,2,1,0,4,0
B-threat-always,random,273,100273,2,False,3,5,0,7,0,0,0,0,1,0,1
B-threat-always,random,274,100274,10,False,0,5,0,8,3,0,3,2,1,2,1
B-threat-always,random,275,100275,2,False,3,5,0,7,1,0,1,1,0,0,0
B-threat-always,random,276,100276,9,False,3,6,0,14,4,2,2,1,0,0,1
B-threat-always,random,277,100277,9,False,1,5,0,9,3,1,2,2,1,2,1
B-threat-always,random,278,100278,5,False,1,5,0,7,1,0,1,1,1,0,0
B-threat-always,random,279,100279,15,False,0,5,8,9,2,0,2,1,1,4,2
B-threat-always,random,280,100280,11,False,0,5,0,7,4,0,4,0,0,0,0
B-threat-always,random,281,100281,5,False,0,5,0,7,2,0,2,1,1,2,1
B-threat-always,random,282,100282,13,False,0,5,0,9,7,1,6,1,2,2,3
B-threat-always,random,283,100283,5,False,1,5,0,7,2,0,2,1,0,0,0
B-threat-always,random,284,100284,9,False,0,5,0,7,1,0,1,1,0,4,0
B-threat-always,random,285,100285,11,False,0,5,8,15,4,0,4,3,1,4,2
B-threat-always,random,286,100286,4,False,0,5,0,7,1,0,1,1,2,0,2
B-threat-always,random,287,100287,4,False,3,5,0,7,1,0,1,0,0,0,0
B-threat-always,random,288,100288,4,False,1,5,0,7,2,0,2,1,1,0,1
B-threat-always,random,289,100289,5,False,3,5,0,7,3,1,2,0,0,4,0
B-threat-always,random,290,100290,6,False,1,5,0,7,3,0,3,0,1,0,0
B-threat-always,random,291,100291,6,False,0,5,13,14,3,0,3,3,1,0,2
B-threat-always,random,292,100292,16,False,0,6,0,10,8,2,6,3,0,4,0
B-threat-always,random,293,100293,7,False,1,5,0,7,1,0,1,1,1,6,0
B-threat-always,random,294,100294,11,False,1,5,0,7,1,0,1,1,1,0,2
B-threat-always,random,295,100295,6,False,1,5,0,7,1,0,1,1,1,0,0
B-threat-always,random,296,100296,4,False,1,5,0,7,2,0,2,2,1,2,1
B-threat-always,random,297,100297,20,True,3,6,13,32,7,4,3,3,3,10,4
B-threat-always,random,298,100298,5,False,1,5,0,7,1,0,1,1,1,0,1
B-threat-always,random,299,100299,5,False,3,5,0,10,1,0,1,1,1,2,1
B-threat-always,random,300,100300,17,False,0,5,1,8,6,2,4,2,2,2,2
B-threat-always,random,301,100301,8,False,0,5,0,14,4,0,4,3,0,0,1
B-threat-always,random,302,100302,11,False,1,5,0,7,3,1,2,1,1,2,2
B-threat-always,random,303,100303,7,False,0,5,34,35,3,1,2,2,0,0,3
B-threat-always,random,304,100304,20,True,1,5,1,22,9,2,7,1,3,0,4
B-threat-always,random,305,100305,13,False,0,5,15,17,4,0,4,2,2,0,4
B-threat-always,random,306,100306,5,False,0,5,0,7,3,0,3,2,2,0,1
B-threat-always,random,307,100307,14,False,0,5,0,9,4,1,3,0,2,2,2
B-threat-always,random,308,100308,6,False,1,5,0,7,1,0,1,1,1,0,1
B-threat-always,random,309,100309,13,False,3,7,0,10,4,2,2,1,1,2,1
B-threat-always,random,310,100310,11,False,0,5,7,9,4,0,4,2,1,0,2
B-threat-always,random,311,100311,8,False,1,5,0,7,1,0,1,1,0,0,1
B-threat-always,random,312,100312,7,False,1,5,0,7,3,1,2,1,0,4,0
B-threat-always,random,313,100313,5,False,1,5,0,7,2,0,2,1,1,0,1
B-threat-always,random,314,100314,7,False,1,5,0,7,2,0,2,1,1,0,0
B-threat-always,random,315,100315,11,False,0,5,20,23,5,1,4,3,1,0,2
B-threat-always,random,316,100316,11,False,0,5,4,7,6,1,5,2,1,0,0
B-threat-always,random,317,100317,9,False,0,5,12,14,3,1,2,2,2,0,3
B-threat-always,random,318,100318,5,False,3,5,0,7,1,0,1,0,0,0,0
B-threat-always,random,319,100319,9,False,0,5,0,7,4,1,3,2,0,2,1
B-threat-always,random,320,100320,8,False,0,6,0,7,2,1,1,0,3,0,2
B-threat-always,random,321,100321,10,False,0,5,0,8,4,0,4,2,0,0,0
B-threat-always,random,322,100322,10,False,3,5,0,7,4,3,1,1,2,0,0
B-threat-always,random,323,100323,10,False,0,6,20,20,4,0,4,2,0,0,4
B-threat-always,random,324,100324,19,False,0,5,33,37,9,4,5,1,1,2,5
B-threat-always,random,325,100325,11,False,0,5,2,13,3,1,2,1,4,0,3
B-threat-always,random,326,100326,2,False,3,5,0,7,1,0,1,1,0,0,0
B-threat-always,random,327,100327,13,False,0,5,0,14,8,3,5,1,2,6,4
B-threat-always,random,328,100328,12,False,1,5,0,7,6,3,3,0,3,4,3
B-threat-always,random,329,100329,8,False,0,5,0,7,1,0,1,1,1,0,0
B-threat-always,random,330,100330,17,False,0,5,1,17,2,0,2,1,4,0,4
B-threat-always,random,331,100331,14,False,0,5,0,15,6,2,4,0,3,2,3
B-threat-always,random,332,100332,8,False,0,5,2,7,4,0,4,3,1,2,1
B-threat-always,random,333,100333,20,True,1,7,2,10,7,2,5,2,1,6,1
B-threat-always,random,334,100334,10,False,0,5,6,9,8,3,5,4,1,0,1
B-threat-always,random,335,100335,5,False,0,5,0,7,4,0,4,2,1,0,1
B-threat-always,random,336,100336,20,False,0,6,0,7,4,2,2,0,4,6,4
B-threat-always,random,337,100337,4,False,3,5,0,7,1,0,1,1,0,0,0
B-threat-always,random,338,100338,7,False,1,5,0,7,3,0,3,1,0,0,0
B-threat-always,random,339,100339,3,False,3,5,0,7,2,0,2,1,0,2,0
B-threat-always,random,340,100340,12,False,0,5,2,8,6,1,5,2,1,2,3
B-threat-always,random,341,100341,7,False,0,5,0,9,2,0,2,2,1,2,2
B-threat-always,random,342,100342,5,False,0,5,8,9,3,0,3,1,1,4,3
B-threat-always,random,343,100343,9,False,0,5,0,7,6,2,4,1,1,2,2
B-threat-always,random,344,100344,6,False,0,5,0,7,2,0,2,2,0,0,0
B-threat-always,random,345,100345,9,False,1,5,0,7,2,1,1,0,0,0,2
B-threat-always,random,346,100346,7,False,1,5,0,7,3,1,2,1,0,4,1
B-threat-always,random,347,100347,8,False,1,5,0,11,4,1,3,2,1,0,1
B-threat-always,random,348,100348,3,False,3,5,0,7,1,0,1,0,1,0,0
B-threat-always,random,349,100349,8,False,0,5,0,7,2,0,2,1,1,2,0
B-threat-always,random,350,100350,8,False,1,6,0,10,4,2,2,1,1,0,1
B-threat-always,random,351,100351,6,False,0,5,3,10,5,0,5,4,0,2,1
B-threat-always,random,352,100352,7,False,0,5,0,7,3,0,3,3,0,0,0
B-threat-always,random,353,100353,5,False,0,5,0,7,3,1,2,2,3,0,2
B-threat-always,random,354,100354,3,False,3,5,0,7,2,0,2,0,0,0,0
B-threat-always,random,355,100355,17,False,1,5,0,12,8,2,6,3,1,10,1
B-threat-always,random,356,100356,6,False,1,5,0,7,4,0,4,1,0,0,1
B-threat-always,random,357,100357,20,True,1,6,0,10,4,1,3,2,4,4,5
B-threat-always,random,358,100358,10,False,0,5,0,7,4,2,2,1,1,2,4
B-threat-always,random,359,100359,11,False,0,5,10,11,2,0,2,1,2,2,2
B-threat-always,random,360,100360,6,False,0,5,0,7,5,0,5,2,1,0,1
B-threat-always,random,361,100361,2,False,3,5,0,7,1,0,1,1,0,0,0
B-threat-always,random,362,100362,7,False,3,5,0,8,2,1,1,0,0,0,0
B-threat-always,random,363,100363,15,False,0,5,0,12,9,3,6,3,3,4,2
B-threat-always,random,364,100364,9,False,0,5,0,11,5,2,3,2,1,0,1
B-threat-always,random,365,100365,9,False,0,5,2,7,4,0,4,1,0,2,2
B-threat-always,random,366,100366,3,False,3,5,0,7,1,0,1,1,0,0,0
B-threat-always,random,367,100367,7,False,1,5,0,7,1,0,1,0,1,2,1
B-threat-always,random,368,100368,15,False,0,6,0,20,4,1,3,1,2,6,4
B-threat-always,random,369,100369,13,False,1,5,0,13,5,1,4,1,1,2,4
B-threat-always,random,370,100370,7,False,0,6,0,7,3,0,3,2,1,2,0
B-threat-always,random,371,100371,14,False,0,5,0,7,5,1,4,1,1,0,1
B-threat-always,random,372,100372,7,False,0,5,0,7,3,0,3,3,1,0,0
B-threat-always,random,373,100373,8,False,0,5,10,15,5,1,4,2,1,0,3
B-threat-always,random,374,100374,14,False,0,5,0,12,9,3,6,3,2,4,3
B-threat-always,random,375,100375,13,False,0,5,0,9,4,2,2,2,1,4,2
B-threat-always,random,376,100376,12,False,0,5,1,9,2,0,2,2,1,4,1
B-threat-always,random,377,100377,9,False,0,5,0,7,3,0,3,1,3,2,1
B-threat-always,random,378,100378,6,False,0,5,0,7,4,0,4,1,1,0,1
B-threat-always,random,379,100379,16,False,0,5,10,11,5,1,4,2,2,2,4
B-threat-always,random,380,100380,18,False,0,6,0,27,9,3,6,3,1,8,3
B-threat-always,random,381,100381,6,False,1,5,0,7,3,0,3,1,1,2,1
B-threat-always,random,382,100382,18,False,0,5,0,17,7,1,6,4,3,4,2
B-threat-always,random,383,100383,7,False,0,5,0,7,4,0,4,2,0,2,0
B-threat-always,random,384,100384,11,False,0,5,43,43,4,2,2,1,1,0,4
B-threat-always,random,385,100385,12,False,0,5,0,10,8,3,5,0,1,6,2
B-threat-always,random,386,100386,7,False,0,5,0,7,2,0,2,1,1,2,1
B-threat-always,random,387,100387,7,False,1,5,0,7,2,1,1,0,1,2,1
B-threat-always,random,388,100388,11,False,1,5,0,16,6,3,3,2,2,0,2
B-threat-always,random,389,100389,2,False,3,5,0,7,1,0,1,1,0,0,0
B-threat-always,random,390,100390,2,False,3,5,0,7,1,0,1,1,0,0,0
B-threat-always,random,391,100391,12,False,0,5,0,18,2,0,2,2,2,0,2
B-threat-always,random,392,100392,6,False,1,5,0,7,2,0,2,1,1,2,1
B-threat-always,random,393,100393,11,False,0,5,0,7,5,0,5,1,0,2,0
B-threat-always,random,394,100394,8,False,0,5,10,10,2,0,2,1,0,4,1
B-threat-always,random,395,100395,9,False,1,5,0,17,2,0,2,0,1,0,3
B-threat-always,random,396,100396,10,False,0,5,0,13,4,0,4,3,1,2,3
B-threat-always,random,397,100397,15,False,0,5,0,14,8,1,7,2,3,2,3
B-threat-always,random,398,100398,17,False,0,5,5,15,6,1,5,3,1,2,4
B-threat-always,random,399,100399,10,False,1,6,0,14,4,1,3,2,1,0,2
B-threat-always,random,400,100400,10,False,0,5,0,7,2,0,2,0,3,0,2
B-threat-always,random,401,100401,7,False,0,5,0,7,4,1,3,1,1,2,3
B-threat-always,random,402,100402,20,True,1,5,4,12,2,0,2,1,4,2,4
B-threat-always,random,403,100403,6,False,3,6,0,7,4,1,3,0,0,0,1
B-threat-always,random,404,100404,15,False,0,5,10,10,4,2,2,2,1,6,2
B-threat-always,random,405,100405,7,False,3,6,0,13,2,1,1,1,0,0,1
B-threat-always,random,406,100406,4,False,1,5,0,7,2,0,2,2,1,2,1
B-threat-always,random,407,100407,3,False,3,5,0,8,2,0,2,1,0,0,0
B-threat-always,random,408,100408,4,False,0,5,0,7,2,0,2,2,0,0,1
B-threat-always,random,409,100409,3,False,3,5,0,7,1,0,1,1,0,2,0
B-threat-always,random,410,100410,9,False,1,5,0,17,4,1,3,2,2,0,2
B-threat-always,random,411,100411,5,False,1,5,0,7,2,0,2,2,0,2,0
B-threat-always,random,412,100412,11,False,0,5,0,21,7,2,5,2,2,4,2
B-threat-always,random,413,100413,6,False,0,5,0,7,2,0,2,1,2,0,2
B-threat-always,random,414,100414,14,False,0,5,0,13,4,1,3,2,2,4,3
B-threat-always,random,415,100415,11,False,0,5,2,9,4,1,3,1,2,0,4
B-threat-always,random,416,100416,6,False,1,5,0,7,2,0,2,1,1,0,2
B-threat-always,random,417,100417,10,False,1,5,0,17,4,1,3,2,0,4,1
B-threat-always,random,418,100418,8,False,0,5,0,7,2,0,2,1,1,2,0
B-threat-always,random,419,100419,9,False,0,5,0,7,5,1,4,2,0,2,0
B-threat-always,random,420,100420,17,False,0,5,1,14,5,0,5,2,1,6,3
B-threat-always,random,421,100421,7,False,0,5,0,7,1,0,1,0,0,4,1
B-threat-always,random,422,100422,9,False,0,6,9,9,4,1,3,2,1,0,2
B-threat-always,random,423,100423,5,False,1,5,0,7,2,0,2,0,1,4,1
B-threat-always,random,424,100424,11,False,0,5,0,8,5,1,4,0,1,2,1
B-threat-always,random,425,100425,4,False,0,5,0,7,2,0,2,2,1,0,0
B-threat-always,random,426,100426,2,False,3,5,0,7,0,0,0,0,1,0,1
B-threat-always,random,427,100427,2,False,3,5,0,7,1,0,1,1,0,0,0
B-threat-always,random,428,100428,11,False,1,6,0,14,7,2,5,1,1,2,0
B-threat-always,random,429,100429,5,False,3,5,0,7,0,0,0,0,0,0,1
B-threat-always,random,430,100430,9,False,1,5,0,7,3,0,3,2,1,0,2
B-threat-always,random,431,100431,10,False,0,5,0,8,5,1,4,2,0,2,1
B-threat-always,random,432,100432,2,False,3,5,0,7,0,0,0,0,1,0,1
B-threat-always,random,433,100433,3,False,3,5,0,7,1,0,1,1,0,0,0
B-threat-always,random,434,100434,6,False,3,5,0,17,1,0,1,0,0,0,2
B-threat-always,random,435,100435,9,False,0,5,0,11,2,0,2,2,1,0,0
B-threat-always,random,436,100436,10,False,0,5,0,7,2,0,2,2,0,2,0
B-threat-always,random,437,100437,9,False,1,5,0,10,5,1,4,2,1,0,2
B-threat-always,random,438,100438,20,True,1,5,16,20,6,0,6,2,1,6,4
B-threat-always,random,439,100439,10,False,1,6,0,13,5,2,3,3,2,2,1
B-threat-always,random,440,100440,4,False,1,5,0,7,2,0,2,2,0,2,0
B-threat-always,random,441,100441,11,False,0,5,0,13,4,1,3,1,0,0,2
B-threat-always,random,442,100442,5,False,3,5,0,7,3,1,2,0,2,0,2
B-threat-always,random,443,100443,5,False,3,5,0,7,3,0,3,0,0,2,0
B-threat-always,random,444,100444,9,False,1,5,0,8,0,0,0,0,1,2,4
B-threat-always,random,445,100445,5,False,3,5,0,7,2,0,2,0,0,0,0
B-threat-always,random,446,100446,8,False,0,5,0,7,3,2,1,1,1,2,2
B-threat-always,random,447,100447,8,False,0,5,0,12,4,1,3,0,3,0,3
B-threat-always,random,448,100448,10,False,0,5,0,14,5,1,4,0,2,0,3
B-threat-always,random,449,100449,6,False,0,5,11,11,2,0,2,2,2,2,3
B-threat-always,random,450,100450,6,False,1,5,0,7,2,1,1,0,1,2,1
B-threat-always,random,451,100451,8,False,0,5,0,7,4,0,4,1,0,2,0
B-threat-always,random,452,100452,8,False,0,5,20,27,2,0,2,1,3,0,4
B-threat-always,random,453,100453,10,False,0,5,0,7,4,0,4,0,2,0,1
B-threat-always,random,454,100454,10,False,0,5,0,14,2,0,2,1,2,2,2
B-threat-always,random,455,100455,8,False,1,5,0,7,3,0,3,1,1,0,1
B-threat-always,random,456,100456,8,False,1,5,0,7,4,1,3,2,0,0,0
B-threat-always,random,457,100457,5,False,3,5,0,7,1,0,1,1,0,0,0
B-threat-always,random,458,100458,10,False,1,5,0,22,6,0,6,4,0,0,2
B-threat-always,random,459,100459,3,False,3,5,0,7,2,1,1,1,0,2,0
B-threat-always,random,460,100460,11,False,1,5,0,11,4,1,3,1,3,2,3
B-threat-always,random,461,100461,5,False,3,5,0,7,0,0,0,0,0,0,0
B-threat-always,random,462,100462,3,False,3,5,0,7,1,0,1,0,1,2,1
B-threat-always,random,463,100463,10,False,1,5,0,10,3,1,2,1,1,4,1
B-threat-always,random,464,100464,11,False,0,5,0,7,6,2,4,2,0,2,0
B-threat-always,random,465,100465,7,False,1,5,0,7,3,1,2,1,0,0,0
B-threat-always,random,466,100466,5,False,0,5,0,7,1,0,1,1,2,0,2
B-threat-always,random,467,100467,8,False,0,6,21,22,4,1,3,1,1,4,4
B-threat-always,random,468,100468,11,False,0,5,0,7,7,2,5,2,2,2,0
B-threat-always,random,469,100469,17,False,0,5,5,15,6,2,4,1,1,6,3
B-threat-always,random,470,100470,9,False,1,5,0,7,5,2,3,3,1,4,2
B-threat-always,random,471,100471,5,False,0,5,0,7,2,0,2,1,1,0,2
B-threat-always,random,472,100472,14,False,1,5,0,10,9,3,6,2,1,4,2
B-threat-always,random,473,100473,14,False,1,7,0,8,5,2,3,0,2,4,1
B-threat-always,random,474,100474,11,False,0,5,0,8,5,1,4,0,0,4,2
B-threat-always,random,475,100475,20,True,1,5,9,18,6,1,5,1,1,2,3
B-threat-always,random,476,100476,5,False,0,5,0,7,4,0,4,2,0,0,0
B-threat-always,random,477,100477,13,False,0,5,0,12,3,1,2,0,1,2,2
B-threat-always,random,478,100478,6,False,0,5,0,7,6,0,6,2,0,0,1
B-threat-always,random,479,100479,5,False,0,5,0,7,3,0,3,2,0,2,1
B-threat-always,random,480,100480,13,False,0,5,6,8,6,2,4,2,0,2,3
B-threat-always,random,481,100481,5,False,1,5,0,7,4,0,4,1,1,2,0
B-threat-always,random,482,100482,20,True,3,5,8,36,7,2,5,3,0,2,3
B-threat-always,random,483,100483,7,False,1,5,0,7,2,0,2,1,0,0,0
B-threat-always,random,484,100484,12,False,0,5,1,9,6,1,5,2,1,4,0
B-threat-always,random,485,100485,10,False,0,5,0,7,2,0,2,0,1,2,0
B-threat-always,random,486,100486,9,False,0,5,0,14,3,0,3,2,0,4,2
B-threat-always,random,487,100487,8,False,1,6,0,7,4,0,4,0,0,4,1
B-threat-always,random,488,100488,8,False,0,5,16,16,4,1,3,1,2,0,3
B-threat-always,random,489,100489,10,False,0,6,1,8,4,1,3,3,0,2,1
B-threat-always,random,490,100490,10,False,0,5,0,7,6,1,5,1,1,2,0
B-threat-always,random,491,100491,4,False,0,5,6,7,3,0,3,3,1,0,2
B-threat-always,random,492,100492,12,False,0,5,10,13,6,2,4,2,0,2,3
B-threat-always,random,493,100493,5,False,3,5,0,7,1,0,1,0,0,2,0
B-threat-always,random,494,100494,11,False,0,5,0,16,2,0,2,1,1,8,3
B-threat-always,random,495,100495,8,False,1,5,0,7,5,2,3,2,2,6,1
B-threat-always,random,496,100496,4,False,3,5,0,7,1,0,1,0,1,0,2
B-threat-always,random,497,100497,5,False,3,5,0,7,0,0,0,0,0,0,0
B-threat-always,random,498,100498,11,False,0,5,1,8,5,0,5,2,1,2,3
B-threat-always,random,499,100499,6,False,0,5,0,7,4,0,4,3,1,0,1
B-threat-always,random,500,100500,20,True,1,5,2,12,9,1,8,3,2,6,2
B-threat-always,random,501,100501,19,False,0,5,11,17,7,1,6,5,1,6,1
B-threat-always,random,502,100502,12,False,0,5,0,7,5,1,4,4,1,2,0
B-threat-always,random,503,100503,4,False,1,5,0,8,2,0,2,1,0,0,1
B-threat-always,random,504,100504,11,False,1,5,0,14,2,0,2,1,1,4,1
B-threat-always,random,505,100505,12,False,0,5,8,12,3,1,2,2,3,4,3
B-threat-always,random,506,100506,20,True,1,5,8,19,8,2,6,0,3,4,5
B-threat-always,random,507,100507,2,False,3,5,0,7,0,0,0,0,1,0,1
B-threat-always,random,508,100508,8,False,1,5,0,7,4,0,4,2,0,2,0
B-threat-always,random,509,100509,19,False,0,5,19,19,5,1,4,2,2,4,4
B-threat-always,random,510,100510,9,False,0,5,0,7,4,1,3,2,1,2,3
B-threat-always,random,511,100511,2,False,3,5,0,7,0,0,0,0,1,0,1
B-threat-always,random,512,100512,14,False,0,5,1,21,5,1,4,1,1,4,3
B-threat-always,random,513,100513,20,True,1,5,2,22,8,2,6,1,4,6,4
B-threat-always,random,514,100514,15,False,1,5,0,12,3,1,2,1,1,2,2
B-threat-always,random,515,100515,6,False,1,5,0,8,4,0,4,2,1,0,1
B-threat-always,random,516,100516,14,False,0,6,0,11,5,1,4,0,1,6,1
B-threat-always,random,517,100517,5,False,1,5,0,7,2,0,2,1,1,0,1
B-threat-always,random,518,100518,11,False,0,5,0,9,4,1,3,1,2,0,4
B-threat-always,random,519,100519,8,False,0,5,19,19,5,0,5,2,1,2,3
B-threat-always,random,520,100520,7,False,1,5,0,7,3,0,3,1,1,4,0
B-threat-always,random,521,100521,8,False,0,5,9,9,5,1,4,2,1,0,2
B-threat-always,random,522,100522,4,False,0,5,0,7,3,0,3,2,1,0,2
B-threat-always,random,523,100523,14,False,0,5,10,15,4,1,3,2,1,2,5
B-threat-always,random,524,100524,11,False,0,6,0,7,3,0,3,1,2,2,0
B-threat-always,random,525,100525,6,False,1,5,0,7,2,0,2,1,1,0,1
B-threat-always,random,526,100526,3,False,3,5,0,7,2,0,2,1,0,2,0
B-threat-always,random,527,100527,12,False,0,5,1,7,5,0,5,3,2,4,2
B-threat-always,random,528,100528,5,False,1,5,0,7,1,0,1,0,1,4,1
B-threat-always,random,529,100529,9,False,3,5,0,7,0,0,0,0,0,4,0
B-threat-always,random,530,100530,17,False,0,6,0,13,8,2,6,1,3,2,2
B-threat-always,random,531,100531,20,False,0,5,0,26,4,1,3,2,1,10,4
B-threat-always,random,532,100532,7,False,3,5,0,7,1,0,1,0,0,0,0
B-threat-always,random,533,100533,16,False,0,5,0,12,10,3,7,2,2,6,0
B-threat-always,random,534,100534,14,False,0,5,7,17,6,1,5,4,1,2,1
B-threat-always,random,535,100535,5,False,3,5,0,7,1,0,1,0,0,0,0
B-threat-always,random,536,100536,10,False,1,5,0,12,3,1,2,2,1,2,2
B-threat-always,random,537,100537,14,False,1,5,0,17,8,2,6,2,1,4,2
B-threat-always,random,538,100538,6,False,0,5,0,7,3,0,3,3,0,0,0
B-threat-always,random,539,100539,5,False,1,5,0,7,1,0,1,1,1,0,0
B-threat-always,random,540,100540,10,False,0,5,0,7,3,1,2,1,2,2,2
B-threat-always,random,541,100541,6,False,1,5,0,7,2,0,2,1,1,2,1
B-threat-always,random,542,100542,9,False,0,5,3,14,6,0,6,3,1,0,2
B-threat-always,random,543,100543,5,False,3,5,0,7,1,0,1,0,0,0,0
B-threat-always,random,544,100544,6,False,3,5,0,13,3,0,3,1,1,0,1
B-threat-always,random,545,100545,7,False,1,5,0,8,3,0,3,0,3,0,3
B-threat-always,random,546,100546,20,True,1,5,17,23,5,1,4,2,2,6,4
B-threat-always,random,547,100547,6,False,0,5,0,7,1,0,1,0,2,2,3
B-threat-always,random,548,100548,7,False,3,6,0,15,2,0,2,1,0,0,1
B-threat-always,random,549,100549,10,False,0,5,16,17,3,1,2,1,1,0,4
B-threat-always,random,550,100550,9,False,1,5,0,7,1,0,1,0,0,6,0
B-threat-always,random,551,100551,15,False,0,5,4,10,4,1,3,2,1,4,3
B-threat-always,random,552,100552,11,False,1,5,0,11,5,2,3,3,0,4,1
B-threat-always,random,553,100553,4,False,1,5,0,7,1,0,1,0,2,2,3
B-threat-always,random,554,100554,20,True,2,6,4,9,7,4,3,1,3,4,1
B-threat-always,random,555,100555,7,False,0,5,0,7,3,0,3,2,1,0,0
B-threat-always,random,556,100556,2,False,3,5,0,7,1,0,1,1,0,0,0
B-threat-always,random,557,100557,11,False,1,5,0,15,3,1,2,1,1,2,2
B-threat-always,random,558,100558,4,False,1,5,0,7,3,0,3,2,0,0,1
B-threat-always,random,559,100559,10,False,0,5,0,7,4,0,4,2,1,0,0
B-threat-always,random,560,100560,9,False,0,5,3,13,3,0,3,2,1,0,4
B-threat-always,random,561,100561,4,False,0,5,0,7,0,0,0,0,2,0,3
B-threat-always,random,562,100562,15,False,0,5,0,18,6,0,6,3,0,0,2
B-threat-always,random,563,100563,5,False,1,5,0,7,1,0,1,1,0,2,0
B-threat-always,random,564,100564,9,False,0,5,0,7,4,1,3,2,3,4,2
B-threat-always,random,565,100565,3,False,3,5,0,7,0,0,0,0,0,2,0
B-threat-always,random,566,100566,8,False,1,5,0,9,2,1,1,0,1,0,1
B-threat-always,random,567,100567,8,False,1,5,0,7,4,1,3,1,1,2,0
B-threat-always,random,568,100568,15,False,1,5,0,11,8,2,6,3,2,2,2
B-threat-always,random,569,100569,6,False,0,5,0,7,3,0,3,2,1,0,1
B-threat-always,random,570,100570,7,False,0,5,0,8,3,1,2,0,2,2,2
B-threat-always,random,571,100571,7,False,0,5,11,16,3,1,2,2,3,2,4
B-threat-always,random,572,100572,14,False,1,5,0,7,4,2,2,0,2,4,2
B-threat-always,random,573,100573,8,False,0,5,0,7,4,0,4,2,0,0,1
B-threat-always,random,574,100574,8,False,1,5,0,7,3,0,3,1,1,0,1
B-threat-always,random,575,100575,2,False,3,5,0,7,1,0,1,1,0,0,0
B-threat-always,random,576,100576,17,False,0,5,3,17,6,2,4,3,3,4,4
B-threat-always,random,577,100577,9,False,1,6,0,10,4,2,2,2,1,0,0
B-threat-always,random,578,100578,12,False,5,6,0,20,3,2,1,0,1,6,2
B-threat-always,random,579,100579,9,False,1,5,0,16,3,0,3,2,1,2,2
B-threat-always,random,580,100580,20,False,0,5,0,13,6,1,5,2,3,6,3
B-threat-always,random,581,100581,20,True,2,7,0,18,11,3,8,2,2,2,2
B-threat-always,random,582,100582,5,False,0,5,0,7,4,0,4,1,2,0,2
B-threat-always,random,583,100583,10,False,0,5,0,9,5,1,4,1,0,4,1
B-threat-always,random,584,100584,9,False,1,6,0,8,5,2,3,2,1,2,1
B-threat-always,random,585,100585,9,False,1,5,0,8,6,3,3,1,2,2,2
B-threat-always,random,586,100586,11,False,0,5,10,15,8,1,7,1,3,4,4
B-threat-always,random,587,100587,4,False,1,5,0,7,1,0,1,1,1,0,2
B-threat-always,random,588,100588,6,False,1,5,0,7,0,0,0,0,2,0,2
B-threat-always,random,589,100589,17,False,0,6,12,12,3,0,3,0,1,6,3
B-threat-always,random,590,100590,13,False,0,5,0,14,8,2,6,3,2,0,3
B-threat-always,random,591,100591,14,False,1,5,0,25,6,3,3,2,1,2,3
B-threat-always,random,592,100592,2,False,3,5,0,7,0,0,0,0,1,0,1
B-threat-always,random,593,100593,13,False,1,5,0,10,3,1,2,2,1,4,2
B-threat-always,random,594,100594,16,False,1,5,0,17,4,1,3,0,1,2,4
B-threat-always,random,595,100595,7,False,0,5,0,7,3,0,3,0,2,0,1
B-threat-always,random,596,100596,14,False,0,5,0,9,3,1,2,0,3,0,0
B-threat-always,random,597,100597,19,False,0,5,2,7,5,0,5,1,1,4,2
B-threat-always,random,598,100598,7,False,1,6,0,7,6,2,4,2,0,0,0
B-threat-always,random,599,100599,10,False,0,6,0,13,3,0,3,1,0,4,5
B-threat-always,random,600,100600,7,False,1,5,0,7,3,1,2,1,1,2,1
B-threat-always,random,601,100601,12,False,1,7,0,15,2,1,1,1,0,0,2
B-threat-always,random,602,100602,20,False,0,5,13,22,7,2,5,4,2,4,2
B-threat-always,random,603,100603,19,False,0,5,1,7,4,0,4,1,3,8,4
B-threat-always,random,604,100604,5,False,3,5,0,7,1,0,1,0,0,0,0
B-threat-always,random,605,100605,14,False,0,6,0,10,1,0,1,1,1,0,1
B-threat-always,random,606,100606,3,False,3,5,0,7,1,0,1,1,0,0,0
B-threat-always,random,607,100607,7,False,1,5,0,7,3,0,3,1,1,2,1
B-threat-always,random,608,100608,6,False,1,5,0,7,3,1,2,1,0,2,0
B-threat-always,random,609,100609,11,False,0,6,0,10,5,3,2,1,1,2,2
B-threat-always,random,610,100610,3,False,3,5,0,7,0,0,0,0,1,0,1
B-threat-always,random,611,100611,12,False,0,5,0,7,4,1,3,1,2,2,2
B-threat-always,random,612,100612,6,False,1,5,0,7,3,1,2,2,1,2,1
B-threat-always,random,613,100613,5,False,1,5,0,7,3,0,3,2,0,0,0
B-threat-always,random,614,100614,12,False,0,5,10,11,6,1,5,3,0,2,0
B-threat-always,random,615,100615,2,False,3,5,0,7,1,0,1,1,0,0,0
B-threat-always,random,616,100616,12,False,0,5,18,21,8,4,4,1,4,0,5
B-threat-always,random,617,100617,7,False,1,5,0,7,2,0,2,0,2,2,1
B-threat-always,random,618,100618,9,False,3,5,0,11,4,3,1,0,1,4,0
B-threat-always,random,619,100619,8,False,0,5,5,7,7,2,5,2,1,2,1
B-threat-always,random,620,100620,9,False,0,5,0,12,4,1,3,1,0,2,1
B-threat-always,random,621,100621,8,False,0,5,9,12,7,2,5,3,2,0,2
B-threat-always,random,622,100622,5,False,0,5,0,7,4,0,4,3,1,0,0
B-threat-always,random,623,100623,12,False,0,6,0,7,5,1,4,1,2,4,3
B-threat-always,random,624,100624,9,False,3,5,0,7,3,1,2,0,2,2,1
B-threat-always,random,625,100625,3,False,1,5,0,7,1,0,1,1,0,0,2
B-threat-always,random,626,100626,20,True,2,5,0,27,4,1,3,0,3,0,5
B-threat-always,random,627,100627,5,False,0,5,0,7,2,0,2,1,0,0,2
B-threat-always,random,628,100628,8,False,1,5,0,7,2,0,2,1,0,0,0
B-threat-always,random,629,100629,2,False,3,5,0,7,1,0,1,1,0,0,0
B-threat-always,random,630,100630,17,False,0,5,17,20,5,1,4,1,1,6,5
B-threat-always,random,631,100631,10,False,3,8,0,13,7,3,4,2,0,2,2
B-threat-always,random,632,100632,10,False,0,5,0,7,3,1,2,1,0,0,1
B-threat-always,random,633,100633,8,False,1,5,0,7,2,0,2,0,0,2,0
B-threat-always,random,634,100634,8,False,1,5,0,8,2,1,1,0,1,0,3
B-threat-always,random,635,100635,4,False,3,5,0,7,2,0,2,0,0,2,0
B-threat-always,random,636,100636,14,False,0,7,0,9,7,2,5,2,2,0,1
B-threat-always,random,637,100637,12,False,0,5,0,11,4,2,2,1,2,8,2
B-threat-always,random,638,100638,10,False,1,5,0,7,5,2,3,1,2,4,2
B-threat-always,random,639,100639,7,False,0,5,0,7,1,0,1,1,1,0,2
B-threat-always,random,640,100640,8,False,0,5,0,7,5,0,5,3,2,0,1
B-threat-always,random,641,100641,5,False,1,5,0,7,2,0,2,1,1,2,0
B-threat-always,random,642,100642,20,True,2,5,9,26,10,1,9,2,3,4,5
B-threat-always,random,643,100643,7,False,0,5,0,7,1,0,1,1,0,0,1
B-threat-always,random,644,100644,9,False,3,6,0,10,4,2,2,0,1,2,0
B-threat-always,random,645,100645,9,False,0,5,9,16,3,1,2,2,1,0,4
B-threat-always,random,646,100646,12,False,0,7,0,13,9,3,6,2,1,0,2
B-threat-always,random,647,100647,15,False,0,5,13,18,6,1,5,2,2,2,4
B-threat-always,random,648,100648,5,False,3,6,0,7,2,1,1,0,0,2,1
B-threat-always,random,649,100649,4,False,1,5,0,7,2,0,2,1,1,0,2
B-threat-always,random,650,100650,4,False,1,5,0,7,2,0,2,1,1,0,1
B-threat-always,random,651,100651,6,False,3,6,0,15,2,1,1,1,0,2,1
B-threat-always,random,652,100652,5,False,1,5,0,7,2,0,2,2,0,0,0
B-threat-always,random,653,100653,6,False,1,5,0,7,2,0,2,1,1,0,0
B-threat-always,random,654,100654,7,False,1,5,0,7,2,0,2,0,0,0,0
B-threat-always,random,655,100655,20,True,1,5,12,12,12,3,9,5,2,0,2
B-threat-always,random,656,100656,11,False,0,5,0,7,5,0,5,2,2,0,2
B-threat-always,random,657,100657,10,False,1,5,0,10,5,2,3,2,0,2,1
B-threat-always,random,658,100658,8,False,0,5,0,7,1,0,1,0,2,0,1
B-threat-always,random,659,100659,10,False,0,5,13,15,3,1,2,1,0,4,2
B-threat-always,random,660,100660,13,False,1,5,0,15,7,2,5,0,1,6,2
B-threat-always,random,661,100661,15,False,1,5,0,7,5,2,3,3,2,6,1
B-threat-always,random,662,100662,12,False,0,5,0,9,7,3,4,1,2,2,3
B-threat-always,random,663,100663,7,False,3,6,0,7,6,3,3,2,0,0,1
B-threat-always,random,664,100664,9,False,0,5,0,7,4,1,3,2,0,4,0
B-threat-always,random,665,100665,20,True,3,7,7,14,12,3,9,3,1,6,4
B-threat-always,random,666,100666,2,False,3,5,0,7,1,0,1,0,0,2,1
B-threat-always,random,667,100667,10,False,0,5,0,7,2,0,2,2,1,0,0
B-threat-always,random,668,100668,20,True,1,5,28,31,5,3,2,2,1,8,2
B-threat-always,random,669,100669,6,False,0,5,0,7,2,0,2,0,2,0,2
B-threat-always,random,670,100670,15,False,0,5,15,15,4,0,4,2,1,0,4
B-threat-always,random,671,100671,5,False,3,5,0,7,3,1,2,1,0,0,0
B-threat-always,random,672,100672,10,False,1,5,0,7,3,1,2,1,0,0,1
B-threat-always,random,673,100673,6,False,3,5,0,14,1,1,0,0,3,0,2
B-threat-always,random,674,100674,8,False,0,5,0,7,2,0,2,0,1,2,2
B-threat-always,random,675,100675,16,False,0,5,0,18,8,1,7,1,0,2,1
B-threat-always,random,676,100676,4,False,1,5,0,7,2,0,2,1,1,0,1
B-threat-always,random,677,100677,7,False,3,6,0,9,4,2,2,1,0,0,2
B-threat-always,random,678,100678,16,False,0,5,0,11,11,5,6,1,2,4,2
B-threat-always,random,679,100679,18,False,0,5,10,10,4,1,3,1,2,4,3
B-threat-always,random,680,100680,20,True,2,5,0,24,10,2,8,4,1,8,2
B-threat-always,random,681,100681,2,False,3,5,0,7,0,0,0,0,1,0,1
B-threat-always,random,682,100682,7,False,1,5,0,7,1,0,1,1,0,2,0
B-threat-always,random,683,100683,13,False,1,5,0,10,4,0,4,2,1,4,2
B-threat-always,random,684,100684,4,False,3,5,0,7,0,0,0,0,0,2,1
B-threat-always,random,685,100685,20,True,2,5,0,15,6,2,4,0,1,4,3
B-threat-always,random,686,100686,10,False,0,5,7,9,4,0,4,3,1,2,1
B-threat-always,random,687,100687,17,False,0,6,0,7,5,2,3,2,1,2,1
B-threat-always,random,688,100688,6,False,3,5,0,7,3,0,3,1,0,0,0
B-threat-always,random,689,100689,3,False,3,5,0,7,1,0,1,1,0,0,0
B-threat-always,random,690,100690,11,False,0,5,0,7,4,1,3,2,2,0,1
B-threat-always,random,691,100691,12,False,0,5,0,17,6,2,4,3,1,0,4
B-threat-always,random,692,100692,6,False,3,5,0,7,3,1,2,2,1,0,0
B-threat-always,random,693,100693,10,False,3,6,0,13,2,2,0,0,1,0,3
B-threat-always,random,694,100694,16,False,1,5,0,10,6,1,5,1,0,2,2
B-threat-always,random,695,100695,2,False,3,5,0,7,1,0,1,1,0,0,0
B-threat-always,random,696,100696,7,False,1,5,0,7,3,1,2,0,1,2,1
B-threat-always,random,697,100697,10,False,1,5,0,7,0,0,0,0,2,2,0
B-threat-always,random,698,100698,2,False,3,5,0,7,1,0,1,0,1,0,1
B-threat-always,random,699,100699,3,False,3,5,0,7,2,0,2,1,0,0,0
B-threat-always,random,700,100700,20,True,2,5,3,23,11,2,9,4,3,2,3
B-threat-always,random,701,100701,2,False,3,5,0,7,1,0,1,1,0,0,0
B-threat-always,random,702,100702,7,False,3,5,0,13,3,1,2,0,0,0,2
B-threat-always,random,703,100703,13,False,0,5,0,8,4,1,3,1,0,2,0
B-threat-always,random,704,100704,8,False,1,6,0,7,4,2,2,1,1,2,1
B-threat-always,random,705,100705,17,False,0,5,12,16,8,1,7,2,1,4,2
B-threat-always,random,706,100706,8,False,0,5,0,7,2,0,2,1,0,2,0
B-threat-always,random,707,100707,16,False,0,5,11,11,5,1,4,0,0,0,3
B-threat-always,random,708,100708,19,False,0,5,2,15,4,0,4,0,5,8,5
B-threat-always,random,709,100709,7,False,1,5,0,7,3,1,2,0,1,6,0
B-threat-always,random,710,100710,6,False,1,5,0,7,2,0,2,2,0,0,0
B-threat-always,random,711,100711,8,False,0,5,0,7,4,0,4,0,3,2,2
B-threat-always,random,712,100712,6,False,1,5,0,7,1,0,1,1,0,2,1
B-threat-always,random,713,100713,9,False,0,5,0,8,3,0,3,3,0,0,2
B-threat-always,random,714,100714,7,False,3,5,0,7,4,2,2,1,1,0,0
B-threat-always,random,715,100715,8,False,0,5,0,10,3,1,2,1,2,2,1
B-threat-always,random,716,100716,7,False,0,5,7,8,4,0,4,3,1,0,3
B-threat-always,random,717,100717,14,False,0,5,0,7,7,1,6,3,1,2,1
B-threat-always,random,718,100718,17,False,0,5,0,25,12,3,9,3,3,4,4
B-threat-always,random,719,100719,8,False,1,5,0,14,2,0,2,2,1,0,2
B-threat-always,random,720,100720,7,False,1,5,0,7,2,0,2,0,1,2,0
B-threat-always,random,721,100721,15,False,0,5,20,20,5,1,4,2,3,2,3
B-threat-always,random,722,100722,10,False,0,5,10,10,1,0,1,0,1,2,1
B-threat-always,random,723,100723,6,False,0,5,0,7,3,1,2,1,2,2,2
B-threat-always,random,724,100724,11,False,0,5,8,16,5,3,2,2,3,4,3
B-threat-always,random,725,100725,11,False,1,6,0,7,5,1,4,1,2,2,1
B-threat-always,random,726,100726,20,True,2,5,0,19,9,5,4,1,3,8,4
B-threat-always,random,727,100727,10,False,1,5,0,7,2,1,1,1,1,0,0
B-threat-always,random,728,100728,6,False,1,5,0,7,1,0,1,1,1,0,2
B-threat-always,random,729,100729,9,False,0,5,11,11,1,0,1,0,3,0,5
B-threat-always,random,730,100730,18,False,0,6,0,23,10,3,7,3,1,6,1
B-threat-always,random,731,100731,20,True,1,6,0,13,7,4,3,2,4,6,3
B-threat-always,random,732,100732,8,False,0,5,12,12,2,0,2,1,2,2,2
B-threat-always,random,733,100733,5,False,1,5,0,7,2,0,2,0,1,0,2
B-threat-always,random,734,100734,11,False,1,5,0,9,6,2,4,2,2,4,1
B-threat-always,random,735,100735,9,False,0,5,0,9,7,2,5,2,1,2,1
B-threat-always,random,736,100736,5,False,1,5,0,7,2,0,2,2,0,0,0
B-threat-always,random,737,100737,14,False,1,6,0,14,4,1,3,0,1,4,2
B-threat-always,random,738,100738,10,False,1,6,0,10,5,1,4,3,2,2,3
B-threat-always,random,739,100739,7,False,3,5,0,7,3,1,2,0,1,2,0
B-threat-always,random,740,100740,10,False,0,5,1,8,7,2,5,4,1,4,2
B-threat-always,random,741,100741,2,False,3,5,0,7,1,0,1,1,0,0,0
B-threat-always,random,742,100742,14,False,1,6,0,15,5,4,1,1,2,4,3
B-threat-always,random,743,100743,20,True,2,7,0,13,9,3,6,3,2,6,3
B-threat-always,random,744,100744,19,False,3,6,0,20,11,3,8,2,2,8,2
B-threat-always,random,745,100745,5,False,3,5,0,14,3,1,2,1,1,2,0
B-threat-always,random,746,100746,4,False,3,5,0,7,2,0,2,1,0,0,1
B-threat-always,random,747,100747,13,False,0,5,0,7,4,0,4,1,2,2,0
B-threat-always,random,748,100748,8,False,0,5,0,7,2,0,2,2,1,0,0
B-threat-always,random,749,100749,10,False,1,5,0,14,5,1,4,3,0,0,1
B-threat-always,random,750,100750,10,False,0,5,10,10,3,1,2,0,2,0,2
B-threat-always,random,751,100751,17,False,0,5,0,7,7,2,5,2,1,6,0
B-threat-always,random,752,100752,5,False,0,5,0,7,3,0,3,2,0,2,1
B-threat-always,random,753,100753,10,False,0,5,0,7,4,0,4,1,0,0,0
B-threat-always,random,754,100754,6,False,0,5,0,7,1,0,1,0,1,2,2
B-threat-always,random,755,100755,5,False,3,6,0,7,1,0,1,0,1,0,1
B-threat-always,random,756,100756,5,False,0,5,0,7,2,0,2,2,2,0,2
B-threat-always,random,757,100757,7,False,0,5,20,20,3,0,3,2,1,0,2
B-threat-always,random,758,100758,11,False,1,5,0,7,5,1,4,2,1,4,1
B-threat-always,random,759,100759,4,False,0,5,0,7,2,0,2,2,0,0,1
B-threat-always,random,760,100760,5,False,1,5,0,7,1,0,1,1,0,2,0
B-threat-always,random,761,100761,5,False,3,5,0,7,1,0,1,0,0,0,0
B-threat-always,random,762,100762,11,False,0,5,0,7,6,3,3,1,2,2,1
B-threat-always,random,763,100763,10,False,0,6,0,12,5,1,4,1,1,0,1
B-threat-always,random,764,100764,3,False,3,5,0,7,1,0,1,0,0,2,0
B-threat-always,random,765,100765,2,False,3,5,0,7,0,0,0,0,1,0,1
B-threat-always,random,766,100766,4,False,3,5,0,7,2,1,1,1,0,2,0
B-threat-always,random,767,100767,6,False,1,5,0,7,0,0,0,0,1,0,3
B-threat-always,random,768,100768,9,False,1,5,0,7,5,1,4,2,0,2,0
B-threat-always,random,769,100769,10,False,0,5,0,7,7,0,7,2,0,0,1
B-threat-always,random,770,100770,9,False,1,5,0,15,3,1,2,1,0,2,1
B-threat-always,random,771,100771,3,False,3,5,0,7,0,0,0,0,1,0,2
B-threat-always,random,772,100772,6,False,0,5,1,7,5,0,5,3,0,0,0
B-threat-always,random,773,100773,7,False,3,6,0,10,3,2,1,1,0,0,0
B-threat-always,random,774,100774,5,False,3,5,0,7,0,0,0,0,0,0,0
B-threat-always,random,775,100775,12,False,0,5,0,9,4,1,3,1,2,2,3
B-threat-always,random,776,100776,6,False,0,5,0,7,3,0,3,0,2,0,2
B-threat-always,random,777,100777,12,False,1,5,0,7,5,1,4,0,1,4,1
B-threat-always,random,778,100778,20,True,3,5,0,14,8,3,5,1,1,6,4
B-threat-always,random,779,100779,2,False,3,5,0,7,1,0,1,1,0,0,0
B-threat-always,random,780,100780,15,False,0,5,0,12,3,0,3,1,1,0,2
B-threat-always,random,781,100781,9,False,0,5,20,20,4,2,2,2,1,2,3
B-threat-always,random,782,100782,11,False,0,6,0,7,7,2,5,0,2,2,2
B-threat-always,random,783,100783,6,False,1,5,0,7,3,0,3,2,0,4,0
B-threat-always,random,784,100784,6,False,0,5,1,7,3,0,3,2,2,2,3
B-threat-always,random,785,100785,15,False,1,5,0,16,5,1,4,2,2,2,3
B-threat-always,random,786,100786,6,False,3,5,0,7,2,1,1,0,3,2,2
B-threat-always,random,787,100787,14,False,3,5,0,26,7,3,4,3,0,6,2
B-threat-always,random,788,100788,5,False,0,5,10,10,3,1,2,2,1,0,3
B-threat-always,random,789,100789,13,False,0,5,0,7,4,1,3,2,1,0,1
B-threat-always,random,790,100790,17,False,0,5,0,19,3,0,3,0,2,2,5
B-threat-always,random,791,100791,19,False,0,5,0,14,5,0,5,1,2,4,2
B-threat-always,random,792,100792,11,False,0,5,0,11,6,1,5,2,1,4,2
B-threat-always,random,793,100793,12,False,0,5,0,9,3,1,2,2,2,0,3
B-threat-always,random,794,100794,14,False,0,5,0,15,4,2,2,2,2,0,2
B-threat-always,random,795,100795,13,False,1,6,0,9,5,2,3,2,1,0,1
B-threat-always,random,796,100796,2,False,3,5,0,7,1,0,1,0,1,0,1
B-threat-always,random,797,100797,6,False,0,5,0,8,3,1,2,1,3,0,2
B-threat-always,random,798,100798,4,False,1,5,0,7,2,0,2,2,0,0,0
B-threat-always,random,799,100799,7,False,0,5,10,10,6,1,5,3,1,2,1
B-threat-always,random,800,100800,8,False,0,5,0,7,3,0,3,3,1,2,1
B-threat-always,random,801,100801,8,False,0,5,0,7,3,0,3,1,3,0,2
B-threat-always,random,802,100802,9,False,0,5,0,15,3,1,2,2,3,2,4
B-threat-always,random,803,100803,12,False,0,5,0,7,5,1,4,3,2,2,1
B-threat-always,random,804,100804,17,False,0,5,31,31,9,3,6,1,2,2,7
B-threat-always,random,805,100805,3,False,3,5,0,7,0,0,0,0,0,0,1
B-threat-always,random,806,100806,10,False,0,5,0,7,3,0,3,1,1,2,1
B-threat-always,random,807,100807,14,False,0,5,8,14,5,1,4,3,2,4,2
B-threat-always,random,808,100808,20,True,1,5,12,18,7,2,5,2,4,4,4
B-threat-always,random,809,100809,10,False,0,5,0,7,4,1,3,2,2,0,1
B-threat-always,random,810,100810,5,False,3,5,0,10,2,1,1,1,0,0,1
B-threat-always,random,811,100811,20,True,4,6,0,36,8,2,6,3,3,10,3
B-threat-always,random,812,100812,6,False,0,5,17,20,4,0,4,2,1,2,4
B-threat-always,random,813,100813,6,False,1,5,0,9,3,1,2,1,1,4,1
B-threat-always,random,814,100814,7,False,3,7,0,13,2,1,1,1,1,0,2
B-threat-always,random,815,100815,11,False,0,5,0,13,6,0,6,2,2,2,2
B-threat-always,random,816,100816,13,False,0,5,8,11,6,0,6,1,1,2,3
B-threat-always,random,817,100817,10,False,0,6,0,11,4,1,3,1,1,4,1
B-threat-always,random,818,100818,13,False,0,5,0,7,4,1,3,0,1,2,2
B-threat-always,random,819,100819,15,False,0,5,0,9,4,0,4,0,3,4,2
B-threat-always,random,820,100820,6,False,0,5,0,7,3,0,3,1,2,2,2
B-threat-always,random,821,100821,8,False,0,5,0,13,4,0,4,3,1,0,1
B-threat-always,random,822,100822,12,False,0,5,11,11,4,1,3,1,2,0,4
B-threat-always,random,823,100823,5,False,0,5,0,7,3,0,3,3,1,0,1
B-threat-always,random,824,100824,8,False,1,5,0,9,3,1,2,1,0,4,0
B-threat-always,random,825,100825,13,False,1,5,0,7,5,2,3,1,0,0,0
B-threat-always,random,826,100826,10,False,0,5,12,25,3,1,2,2,0,2,5
B-threat-always,random,827,100827,2,False,3,5,0,7,1,0,1,1,0,0,0
B-threat-always,random,828,100828,4,False,1,5,0,7,3,0,3,2,0,0,0
B-threat-always,random,829,100829,9,False,0,5,0,7,6,2,4,2,1,2,0
B-threat-always,random,830,100830,8,False,1,5,0,7,1,0,1,1,0,0,0
B-threat-always,random,831,100831,20,True,1,5,12,17,8,2,6,1,3,6,4
B-threat-always,random,832,100832,7,False,1,5,0,7,3,1,2,1,0,0,0
B-threat-always,random,833,100833,15,False,1,5,0,19,7,2,5,3,1,6,1
B-threat-always,random,834,100834,17,False,0,5,13,20,6,2,4,1,2,4,3
B-threat-always,random,835,100835,5,False,1,5,0,7,1,0,1,1,0,0,0
B-threat-always,random,836,100836,17,False,0,5,0,27,8,2,6,2,3,0,5
B-threat-always,random,837,100837,8,False,1,5,0,8,2,1,1,1,1,2,2
B-threat-always,random,838,100838,6,False,3,6,0,13,3,1,2,0,1,2,1
B-threat-always,random,839,100839,11,False,1,5,0,11,2,1,1,1,0,0,2
B-threat-always,random,840,100840,20,True,2,5,13,19,11,2,9,2,2,6,4
B-threat-always,random,841,100841,5,False,1,5,0,7,1,0,1,1,1,0,1
B-threat-always,random,842,100842,16,False,0,5,0,7,6,2,4,3,2,2,1
B-threat-always,random,843,100843,14,False,1,5,0,15,8,3,5,4,1,0,1
B-threat-always,random,844,100844,7,False,1,5,0,7,1,0,1,1,0,2,0
B-threat-always,random,845,100845,14,False,0,5,8,12,3,0,3,1,1,2,4
B-threat-always,random,846,100846,8,False,0,5,5,8,5,1,4,3,1,2,2
B-threat-always,random,847,100847,6,False,0,5,0,7,2,0,2,2,1,2,2
B-threat-always,random,848,100848,7,False,0,5,15,15,3,1,2,0,1,2,3
B-threat-always,random,849,100849,4,False,3,5,0,7,1,0,1,0,0,0,1
B-threat-always,random,850,100850,9,False,0,5,0,7,2,1,1,1,1,0,0
B-threat-always,random,851,100851,5,False,5,6,0,13,2,0,2,0,0,0,1
B-threat-always,random,852,100852,15,False,0,6,0,7,5,3,2,0,1,2,3
B-threat-always,random,853,100853,7,False,1,5,0,7,1,0,1,0,0,2,1
B-threat-always,random,854,100854,9,False,0,5,4,7,6,1,5,3,3,0,2
B-threat-always,random,855,100855,2,False,3,5,0,7,1,0,1,0,1,0,1
B-threat-always,random,856,100856,11,False,0,5,2,12,4,0,4,2,1,0,3
B-threat-always,random,857,100857,8,False,0,5,0,12,4,1,3,2,1,0,1
B-threat-always,random,858,100858,5,False,1,5,0,7,1,0,1,0,1,2,1
B-threat-always,random,859,100859,16,False,1,5,0,12,8,3,5,4,1,4,2
B-threat-always,random,860,100860,13,False,0,5,9,20,4,2,2,1,2,0,4
B-threat-always,random,861,100861,7,False,1,5,0,7,2,0,2,2,0,2,0
B-threat-always,random,862,100862,11,False,3,6,0,23,4,0,4,1,1,4,1
B-threat-always,random,863,100863,11,False,0,5,0,7,6,4,2,2,2,0,1
B-threat-always,random,864,100864,10,False,1,5,0,11,2,0,2,1,1,0,2
B-threat-always,random,865,100865,12,False,0,5,22,25,2,1,1,1,2,2,4
B-threat-always,random,866,100866,8,False,0,5,0,12,3,0,3,2,1,4,1
B-threat-always,random,867,100867,12,False,3,6,0,20,6,3,3,1,0,2,2
B-threat-always,random,868,100868,12,False,0,5,14,17,6,2,4,1,1,4,2
B-threat-always,random,869,100869,15,False,0,5,0,15,7,1,6,3,1,4,2
B-threat-always,random,870,100870,11,False,1,6,0,7,3,1,2,1,1,2,1
B-threat-always,random,871,100871,6,False,0,5,10,10,2,0,2,1,0,4,1
B-threat-always,random,872,100872,7,False,0,5,0,7,2,0,2,0,1,4,0
B-threat-always,random,873,100873,20,True,1,5,2,11,3,0,3,1,1,6,2
B-threat-always,random,874,100874,12,False,0,5,0,7,3,0,3,1,1,0,2
B-threat-always,random,875,100875,17,False,0,5,22,28,11,1,10,3,1,0,3
B-threat-always,random,876,100876,20,True,1,5,8,16,4,0,4,1,2,8,5
B-threat-always,random,877,100877,3,False,0,5,0,7,3,0,3,1,2,0,2
B-threat-always,random,878,100878,5,False,0,5,0,7,3,0,3,2,1,0,2
B-threat-always,random,879,100879,6,False,3,5,0,10,3,2,1,1,2,2,0
B-threat-always,random,880,100880,11,False,0,5,7,9,5,1,4,4,2,2,2
B-threat-always,random,881,100881,8,False,0,5,15,15,4,1,3,2,2,0,4
B-threat-always,random,882,100882,6,False,1,5,0,7,1,0,1,0,1,0,1
B-threat-always,random,883,100883,14,False,3,7,0,10,7,3,4,0,2,8,3
B-threat-always,random,884,100884,2,False,0,5,26,26,2,0,2,2,0,0,3
B-threat-always,random,885,100885,4,False,3,5,0,7,1,0,1,0,1,0,1
B-threat-always,random,886,100886,12,False,0,5,0,7,8,1,7,2,1,2,1
B-threat-always,random,887,100887,7,False,0,5,0,7,5,2,3,1,2,0,4
B-threat-always,random,888,100888,10,False,0,5,0,7,3,2,1,1,1,2,1
B-threat-always,random,889,100889,7,False,1,5,0,7,5,2,3,2,0,0,1
B-threat-always,random,890,100890,8,False,0,5,0,10,2,1,1,1,2,0,2
B-threat-always,random,891,100891,7,False,1,5,0,7,2,0,2,1,0,0,0
B-threat-always,random,892,100892,19,False,0,5,0,10,9,2,7,2,1,8,1
B-threat-always,random,893,100893,13,False,0,5,0,13,6,2,4,0,2,4,1
B-threat-always,random,894,100894,8,False,1,5,0,7,4,1,3,2,1,0,2
B-threat-always,random,895,100895,4,False,3,5,0,7,1,1,0,0,0,2,1
B-threat-always,random,896,100896,7,False,0,5,0,7,2,0,2,2,1,0,0
B-threat-always,random,897,100897,12,False,0,5,0,15,5,1,4,3,2,0,0
B-threat-always,random,898,100898,16,False,1,5,0,33,9,4,5,1,3,6,3
B-threat-always,random,899,100899,5,False,3,6,0,7,2,1,1,0,0,2,1
B-threat-always,random,900,100900,6,False,1,5,0,7,1,0,1,0,1,0,0
B-threat-always,random,901,100901,6,False,3,5,0,10,2,2,0,0,3,2,2
B-threat-always,random,902,100902,2,False,3,5,0,7,1,0,1,1,0,2,0
B-threat-always,random,903,100903,20,True,1,5,9,26,9,1,8,1,1,8,6
B-threat-always,random,904,100904,12,False,0,6,0,13,7,1,6,2,4,2,2
B-threat-always,random,905,100905,6,False,0,5,0,7,4,0,4,3,0,2,1
B-threat-always,random,906,100906,5,False,1,5,0,7,4,1,3,2,0,0,0
B-threat-always,random,907,100907,7,False,1,5,0,7,3,0,3,2,0,2,0
B-threat-always,random,908,100908,14,False,0,5,0,8,6,1,5,2,1,4,2
B-threat-always,random,909,100909,5,False,1,5,0,7,1,0,1,1,0,0,0
B-threat-always,random,910,100910,5,False,1,5,0,7,3,0,3,2,0,2,0
B-threat-always,random,911,100911,8,False,0,5,0,7,4,0,4,2,0,0,0
B-threat-always,random,912,100912,20,True,3,5,5,24,7,1,6,3,2,2,2
B-threat-always,random,913,100913,5,False,1,5,0,7,2,0,2,2,1,0,0
B-threat-always,random,914,100914,5,False,3,5,0,7,1,0,1,0,0,0,0
B-threat-always,random,915,100915,8,False,0,5,0,13,6,1,5,0,1,0,2
B-threat-always,random,916,100916,9,False,1,5,0,7,0,0,0,0,1,2,2
B-threat-always,random,917,100917,7,False,0,5,0,7,3,0,3,3,1,0,0
B-threat-always,random,918,100918,2,False,3,5,0,7,1,0,1,1,0,0,0
B-threat-always,random,919,100919,7,False,0,5,10,10,2,1,1,1,2,2,3
B-threat-always,random,920,100920,6,False,1,5,0,7,1,0,1,1,1,2,2
B-threat-always,random,921,100921,13,False,0,5,1,7,5,1,4,1,2,0,3
B-threat-always,random,922,100922,4,False,0,5,0,7,3,0,3,3,1,0,0
B-threat-always,random,923,100923,9,False,1,5,0,13,3,0,3,0,1,0,3
B-threat-always,random,924,100924,9,False,1,5,0,7,4,1,3,2,0,0,0
B-threat-always,random,925,100925,10,False,0,5,13,13,1,0,1,0,1,2,2
B-threat-always,random,926,100926,6,False,1,5,0,7,3,0,3,0,0,0,1
B-threat-always,random,927,100927,9,False,0,6,0,9,4,0,4,2,0,2,1
B-threat-always,random,928,100928,6,False,1,5,0,7,2,0,2,1,0,0,0
B-threat-always,random,929,100929,6,False,1,5,0,13,3,0,3,0,2,2,3
B-threat-always,random,930,100930,10,False,0,5,0,17,4,1,3,1,1,2,1
B-threat-always,random,931,100931,18,False,1,5,0,13,11,2,9,2,1,2,2
B-threat-always,random,932,100932,9,False,1,6,0,11,4,1,3,1,1,2,0
B-threat-always,random,933,100933,8,False,0,5,0,7,1,0,1,0,1,2,1
B-threat-always,random,934,100934,14,False,1,5,0,14,6,0,6,3,0,4,1
B-threat-always,random,935,100935,20,True,1,5,17,37,6,1,5,3,1,6,4
B-threat-always,random,936,100936,19,False,0,6,0,20,9,2,7,3,2,4,3
B-threat-always,random,937,100937,2,False,3,5,0,7,2,0,2,1,0,0,0
B-threat-always,random,938,100938,5,False,1,5,0,7,1,0,1,1,1,2,1
B-threat-always,random,939,100939,8,False,0,5,0,7,2,0,2,2,1,2,0
B-threat-always,random,940,100940,19,False,0,6,0,26,4,0,4,2,0,2,3
B-threat-always,random,941,100941,8,False,1,5,0,8,3,1,2,0,0,4,1
B-threat-always,random,942,100942,12,False,0,5,1,12,4,1,3,2,2,2,3
B-threat-always,random,943,100943,12,False,0,6,2,9,4,1,3,1,4,4,4
B-threat-always,random,944,100944,16,False,0,7,0,13,5,1,4,1,1,4,2
B-threat-always,random,945,100945,8,False,1,5,0,10,5,2,3,1,2,0,1
B-threat-always,random,946,100946,7,False,0,5,0,7,2,0,2,2,0,0,0
B-threat-always,random,947,100947,6,False,1,5,0,7,3,0,3,1,0,2,0
B-threat-always,random,948,100948,15,False,0,5,0,17,5,0,5,3,2,2,1
B-threat-always,random,949,100949,15,False,0,5,0,12,3,1,2,1,2,4,1
B-threat-always,random,950,100950,17,False,0,5,26,26,6,1,5,1,2,4,4
B-threat-always,random,951,100951,12,False,0,5,0,7,7,1,6,2,0,2,1
B-threat-always,random,952,100952,17,False,0,6,0,7,7,2,5,2,0,4,1
B-threat-always,random,953,100953,2,False,3,5,0,7,1,0,1,1,0,0,0
B-threat-always,random,954,100954,3,False,3,5,0,7,1,0,1,1,0,0,0
B-threat-always,random,955,100955,6,False,1,5,0,7,2,0,2,1,2,2,2
B-threat-always,random,956,100956,2,False,3,5,0,7,1,0,1,1,0,0,0
B-threat-always,random,957,100957,7,False,0,6,0,7,3,1,2,1,1,0,3
B-threat-always,random,958,100958,18,False,0,5,1,7,4,0,4,1,3,2,4
B-threat-always,random,959,100959,2,False,3,5,0,7,2,0,2,1,0,0,0
B-threat-always,random,960,100960,7,False,0,5,10,10,3,0,3,3,0,2,1
B-threat-always,random,961,100961,16,False,1,5,0,13,4,2,2,2,1,6,3
B-threat-always,random,962,100962,6,False,3,6,0,11,1,1,0,0,0,0,1
B-threat-always,random,963,100963,7,False,1,5,0,7,2,0,2,2,0,2,0
B-threat-always,random,964,100964,10,False,0,5,0,7,3,1,2,2,1,2,0
B-threat-always,random,965,100965,10,False,1,5,0,10,6,1,5,3,0,0,2
B-threat-always,random,966,100966,11,False,0,5,0,11,4,0,4,1,2,2,1
B-threat-always,random,967,100967,11,False,1,6,0,9,6,4,2,0,1,6,1
B-threat-always,random,968,100968,11,False,1,5,0,7,5,3,2,0,1,2,1
B-threat-always,random,969,100969,11,False,0,5,0,18,3,0,3,1,2,0,4
B-threat-always,random,970,100970,8,False,1,5,0,7,5,0,5,1,1,0,2
B-threat-always,random,971,100971,5,False,1,5,0,7,4,1,3,2,1,0,1
B-threat-always,random,972,100972,6,False,3,5,0,7,2,0,2,0,0,0,1
B-threat-always,random,973,100973,7,False,1,5,0,10,4,0,4,2,1,0,2
B-threat-always,random,974,100974,6,False,0,5,0,7,3,0,3,1,1,0,1
B-threat-always,random,975,100975,6,False,0,5,0,7,2,0,2,1,0,0,1
B-threat-always,random,976,100976,17,False,0,5,17,17,8,1,7,0,2,6,5
B-threat-always,random,977,100977,18,False,0,6,0,7,5,1,4,2,2,2,0
B-threat-always,random,978,100978,12,False,0,5,0,12,6,2,4,2,0,0,3
B-threat-always,random,979,100979,4,False,0,5,0,7,3,0,3,1,1,0,2
B-threat-always,random,980,100980,8,False,1,6,0,11,1,1,0,0,3,2,2
B-threat-always,random,981,100981,12,False,0,5,3,13,4,1,3,2,2,4,2
B-threat-always,random,982,100982,12,False,0,5,0,7,7,1,6,1,0,2,0
B-threat-always,random,983,100983,9,False,1,5,0,11,4,2,2,1,1,4,0
B-threat-always,random,984,100984,10,False,0,5,0,13,7,1,6,2,2,0,0
B-threat-always,random,985,100985,12,False,0,5,0,8,4,1,3,2,2,2,1
B-threat-always,random,986,100986,9,False,0,5,0,7,2,0,2,0,0,2,0
B-threat-always,random,987,100987,8,False,1,5,0,14,4,1,3,3,1,4,0
B-threat-always,random,988,100988,5,False,1,5,0,7,4,1,3,2,0,0,1
B-threat-always,random,989,100989,6,False,3,5,0,7,0,0,0,0,1,2,0
B-threat-always,random,990,100990,12,False,1,5,0,9,4,1,3,0,2,6,4
B-threat-always,random,991,100991,7,False,1,5,0,7,0,0,0,0,0,0,1
B-threat-always,random,992,100992,7,False,0,5,14,17,4,0,4,3,1,0,2
B-threat-always,random,993,100993,4,False,5,6,0,7,2,1,1,0,0,0,0
B-threat-always,random,994,100994,2,False,3,5,0,7,1,0,1,1,0,0,0
B-threat-always,random,995,100995,18,False,1,6,0,21,7,1,6,3,1,4,3
B-threat-always,random,996,100996,6,False,0,5,11,15,1,0,1,1,1,2,4
B-threat-always,random,997,100997,7,False,0,6,0,9,3,1,2,2,1,0,2
B-threat-always,random,998,100998,11,False,0,5,24,28,4,1,3,3,1,2,3
B-threat-always,random,999,100999,2,False,3,5,0,7,1,0,1,1,0,0,0
B-threat-always,random,1000,101000,9,False,0,5,0,7,3,0,3,2,1,0,1
B-threat-always,food,1001,101001,20,True,1,5,25,29,9,4,5,4,0,0,0
B-threat-always,food,1002,101002,20,True,1,5,42,47,14,6,8,4,0,0,0
B-threat-always,food,1003,101003,20,True,1,5,21,21,9,3,6,4,0,0,0
B-threat-always,food,1004,101004,20,True,2,5,67,80,20,10,10,3,0,0,0
B-threat-always,food,1005,101005,20,True,2,5,29,36,20,9,11,3,0,0,0
B-threat-always,food,1006,101006,20,True,1,5,68,74,20,13,7,4,0,0,0
B-threat-always,food,1007,101007,20,True,1,5,6,15,12,3,9,4,0,0,0
B-threat-always,food,1008,101008,20,True,1,5,59,66,18,9,9,4,0,0,0
B-threat-always,food,1009,101009,20,True,1,5,67,67,13,9,4,4,0,0,0
B-threat-always,food,1010,101010,20,True,1,5,59,64,12,8,4,4,0,0,0
B-threat-always,food,1011,101011,20,True,1,5,55,59,15,7,8,4,0,0,0
B-threat-always,food,1012,101012,20,True,1,5,33,37,14,8,6,4,0,0,0
B-threat-always,food,1013,101013,20,True,1,5,5,9,4,0,4,4,0,0,0
B-threat-always,food,1014,101014,20,True,1,5,60,65,13,8,5,4,0,0,0
B-threat-always,food,1015,101015,20,True,1,5,60,66,16,11,5,4,0,0,0
B-threat-always,food,1016,101016,20,True,1,5,59,64,13,7,6,4,0,0,0
B-threat-always,food,1017,101017,20,True,1,5,11,15,10,3,7,4,0,0,0
B-threat-always,food,1018,101018,20,True,1,5,37,45,11,6,5,4,0,0,0
B-threat-always,food,1019,101019,20,True,1,5,78,84,20,13,7,4,0,0,0
B-threat-always,food,1020,101020,20,True,1,5,38,44,13,6,7,4,0,0,0
B-threat-always,food,1021,101021,20,True,1,5,72,83,15,10,5,4,0,0,0
B-threat-always,food,1022,101022,20,True,1,5,68,69,15,10,5,4,0,0,0
B-threat-always,food,1023,101023,20,True,1,5,110,114,19,14,5,4,0,0,0
B-threat-always,food,1024,101024,20,True,1,5,9,9,4,0,4,4,0,0,0
B-threat-always,food,1025,101025,20,True,2,5,61,74,20,11,9,3,0,0,0
B-threat-always,food,1026,101026,20,True,1,5,50,53,15,8,7,4,0,0,0
B-threat-always,food,1027,101027,20,True,2,5,98,109,20,13,7,3,0,0,0
B-threat-always,food,1028,101028,20,True,1,5,20,24,12,6,6,4,0,0,0
B-threat-always,food,1029,101029,20,True,1,5,67,73,14,8,6,4,0,0,0
B-threat-always,food,1030,101030,20,True,1,5,27,32,13,7,6,4,0,0,0
B-threat-always,food,1031,101031,20,True,1,5,52,56,14,7,7,4,0,0,0
B-threat-always,food,1032,101032,20,True,1,5,73,73,16,11,5,4,0,0,0
B-threat-always,food,1033,101033,20,True,1,5,34,34,10,6,4,4,0,0,0
B-threat-always,food,1034,101034,20,True,1,5,19,21,7,3,4,4,0,0,0
B-threat-always,food,1035,101035,20,True,2,5,62,82,20,12,8,3,0,0,0
B-threat-always,food,1036,101036,20,True,1,5,24,31,16,7,9,4,0,0,0
B-threat-always,food,1037,101037,20,True,1,5,59,64,20,11,9,4,0,0,0
B-threat-always,food,1038,101038,20,True,1,5,49,60,17,8,9,4,0,0,0
B-threat-always,food,1039,101039,20,True,1,5,17,21,5,1,4,4,0,0,0
B-threat-always,food,1040,101040,20,True,1,5,39,45,17,7,10,4,0,0,0
B-threat-always,food,1041,101041,20,True,1,5,22,27,17,8,9,4,0,0,0
B-threat-always,food,1042,101042,20,True,1,5,14,22,7,3,4,4,0,0,0
B-threat-always,food,1043,101043,20,True,1,5,19,20,9,2,7,4,0,0,0
B-threat-always,food,1044,101044,20,True,1,5,21,23,11,2,9,4,0,0,0
B-threat-always,food,1045,101045,20,True,1,5,20,26,13,4,9,4,0,0,0
B-threat-always,food,1046,101046,20,True,1,5,35,43,16,8,8,4,0,0,0
B-threat-always,food,1047,101047,20,True,1,5,24,25,10,4,6,4,0,0,0
B-threat-always,food,1048,101048,20,True,1,5,14,15,8,3,5,4,0,0,0
B-threat-always,food,1049,101049,20,True,1,5,47,49,15,8,7,4,0,0,0
B-threat-always,food,1050,101050,20,True,1,5,2,7,5,0,5,4,0,0,0
B-threat-always,food,1051,101051,20,True,1,5,35,38,10,6,4,4,0,0,0
B-threat-always,food,1052,101052,20,True,1,5,32,38,16,6,10,4,0,0,0
B-threat-always,food,1053,101053,20,True,1,5,40,49,16,7,9,4,0,0,0
B-threat-always,food,1054,101054,20,True,1,5,42,56,20,7,13,4,0,0,0
B-threat-always,food,1055,101055,20,True,1,5,61,61,13,8,5,4,0,0,0
B-threat-always,food,1056,101056,20,True,2,5,85,93,20,13,7,3,0,0,0
B-threat-always,food,1057,101057,20,True,2,5,59,72,20,10,10,3,0,0,0
B-threat-always,food,1058,101058,20,True,1,5,60,60,12,7,5,4,0,0,0
B-threat-always,food,1059,101059,20,True,1,5,62,66,14,9,5,4,0,0,0
B-threat-always,food,1060,101060,20,True,1,5,82,88,18,12,6,4,0,0,0
B-threat-always,food,1061,101061,20,True,1,5,29,47,20,7,13,4,0,0,0
B-threat-always,food,1062,101062,20,True,1,5,33,34,12,6,6,4,0,0,0
B-threat-always,food,1063,101063,20,True,1,5,42,49,12,8,4,4,0,0,0
B-threat-always,food,1064,101064,20,True,1,5,46,53,12,7,5,4,0,0,0
B-threat-always,food,1065,101065,20,True,1,5,10,23,7,2,5,4,0,0,0
B-threat-always,food,1066,101066,20,True,1,5,38,38,10,6,4,4,0,0,0
B-threat-always,food,1067,101067,20,True,2,5,83,90,20,13,7,3,0,0,0
B-threat-always,food,1068,101068,20,True,1,5,43,43,18,5,13,4,0,0,0
B-threat-always,food,1069,101069,20,True,1,5,56,59,11,7,4,4,0,0,0
B-threat-always,food,1070,101070,20,True,1,5,59,59,17,9,8,4,0,0,0
B-threat-always,food,1071,101071,20,True,1,5,66,68,15,10,5,4,0,0,0
B-threat-always,food,1072,101072,20,True,1,5,73,77,17,12,5,4,0,0,0
B-threat-always,food,1073,101073,20,True,1,5,30,32,11,5,6,4,0,0,0
B-threat-always,food,1074,101074,20,True,1,5,85,86,17,11,6,4,0,0,0
B-threat-always,food,1075,101075,20,True,1,5,36,44,15,7,8,4,0,0,0
B-threat-always,food,1076,101076,20,True,1,5,56,57,12,7,5,4,0,0,0
B-threat-always,food,1077,101077,20,True,1,5,57,61,19,9,10,4,0,0,0
B-threat-always,food,1078,101078,20,True,1,5,20,30,14,6,8,4,0,0,0
B-threat-always,food,1079,101079,20,True,1,5,31,34,12,5,7,4,0,0,0
B-threat-always,food,1080,101080,20,True,1,5,60,64,13,8,5,4,0,0,0
B-threat-always,food,1081,101081,20,True,1,5,32,45,15,7,8,4,0,0,0
B-threat-always,food,1082,101082,20,True,1,5,54,56,16,10,6,4,0,0,0
B-threat-always,food,1083,101083,20,True,1,5,9,18,6,1,5,4,0,0,0
B-threat-always,food,1084,101084,20,True,1,5,45,46,13,8,5,4,0,0,0
B-threat-always,food,1085,101085,20,True,1,5,38,49,12,7,5,4,0,0,0
B-threat-always,food,1086,101086,20,True,1,5,39,39,15,6,9,4,0,0,0
B-threat-always,food,1087,101087,20,True,1,5,10,10,5,1,4,4,0,0,0
B-threat-always,food,1088,101088,20,True,1,5,4,10,10,2,8,4,0,0,0
B-threat-always,food,1089,101089,20,True,1,5,61,62,12,8,4,4,0,0,0
B-threat-always,food,1090,101090,20,True,1,5,38,39,10,6,4,4,0,0,0
B-threat-always,food,1091,101091,20,True,1,5,43,44,13,7,6,4,0,0,0
B-threat-always,food,1092,101092,20,True,1,5,20,21,14,2,12,4,0,0,0
B-threat-always,food,1093,101093,20,True,1,5,59,66,15,8,7,4,0,0,0
B-threat-always,food,1094,101094,20,True,1,5,31,32,11,6,5,4,0,0,0
B-threat-always,food,1095,101095,20,True,1,5,15,25,9,3,6,4,0,0,0
B-threat-always,food,1096,101096,20,True,1,5,61,69,15,8,7,4,0,0,0
B-threat-always,food,1097,101097,20,True,1,5,23,29,11,6,5,4,0,0,0
B-threat-always,food,1098,101098,20,True,1,5,82,97,19,11,8,4,0,0,0
B-threat-always,food,1099,101099,20,True,1,5,35,38,14,7,7,4,0,0,0
B-threat-always,food,1100,101100,20,True,1,5,67,71,13,9,4,4,0,0,0
B-threat-always,food,1101,101101,20,True,1,5,20,21,10,4,6,4,0,0,0
B-threat-always,food,1102,101102,20,True,1,5,5,7,4,0,4,4,0,0,0
B-threat-always,food,1103,101103,20,True,1,5,50,55,15,7,8,4,0,0,0
B-threat-always,food,1104,101104,20,True,1,5,77,77,15,10,5,4,0,0,0
B-threat-always,food,1105,101105,20,True,1,5,45,51,19,8,11,4,0,0,0
B-threat-always,food,1106,101106,20,True,2,5,40,48,20,9,11,3,0,0,0
B-threat-always,food,1107,101107,20,True,1,5,37,42,17,8,9,4,0,0,0
B-threat-always,food,1108,101108,20,True,1,5,37,37,11,5,6,4,0,0,0
B-threat-always,food,1109,101109,20,True,1,5,56,59,16,9,7,4,0,0,0
B-threat-always,food,1110,101110,20,True,1,5,25,29,16,6,10,4,0,0,0
B-threat-always,food,1111,101111,20,True,1,5,54,55,12,6,6,4,0,0,0
B-threat-always,food,1112,101112,20,True,1,5,51,51,10,5,5,4,0,0,0
B-threat-always,food,1113,101113,20,True,1,5,54,56,17,11,6,4,0,0,0
B-threat-always,food,1114,101114,20,True,1,5,21,26,10,6,4,4,0,0,0
B-threat-always,food,1115,101115,20,True,1,5,52,63,16,8,8,4,0,0,0
B-threat-always,food,1116,101116,20,True,1,5,60,63,12,7,5,4,0,0,0
B-threat-always,food,1117,101117,20,True,1,5,70,74,16,11,5,4,0,0,0
B-threat-always,food,1118,101118,20,True,1,5,53,57,11,6,5,4,0,0,0
B-threat-always,food,1119,101119,20,True,1,5,7,9,8,3,5,4,0,0,0
B-threat-always,food,1120,101120,20,True,1,5,49,56,11,7,4,4,0,0,0
B-threat-always,food,1121,101121,20,True,1,5,21,23,7,3,4,4,0,0,0
B-threat-always,food,1122,101122,20,True,1,5,31,38,11,7,4,4,0,0,0
B-threat-always,food,1123,101123,20,True,2,5,95,109,20,14,6,3,0,0,0
B-threat-always,food,1124,101124,20,True,1,5,34,41,10,6,4,4,0,0,0
B-threat-always,food,1125,101125,20,True,1,5,33,40,16,6,10,4,0,0,0
B-threat-always,food,1126,101126,20,True,1,5,36,47,14,9,5,4,0,0,0
B-threat-always,food,1127,101127,20,True,1,5,25,26,9,5,4,4,0,0,0
B-threat-always,food,1128,101128,20,True,1,5,64,72,14,9,5,4,0,0,0
B-threat-always,food,1129,101129,20,True,1,5,82,83,18,10,8,4,0,0,0
B-threat-always,food,1130,101130,20,True,1,5,67,70,16,12,4,4,0,0,0
B-threat-always,food,1131,101131,20,True,1,5,26,27,11,4,7,4,0,0,0
B-threat-always,food,1132,101132,20,True,1,5,41,43,12,8,4,4,0,0,0
B-threat-always,food,1133,101133,20,True,1,5,86,87,17,12,5,4,0,0,0
B-threat-always,food,1134,101134,20,True,2,5,97,102,20,13,7,3,0,0,0
B-threat-always,food,1135,101135,20,True,1,5,11,13,7,2,5,4,0,0,0
B-threat-always,food,1136,101136,20,True,1,5,54,61,13,9,4,4,0,0,0
B-threat-always,food,1137,101137,20,True,1,5,35,35,13,7,6,4,0,0,0
B-threat-always,food,1138,101138,20,True,1,5,11,21,7,3,4,4,0,0,0
B-threat-always,food,1139,101139,20,True,1,5,35,38,14,7,7,4,0,0,0
B-threat-always,food,1140,101140,20,True,1,5,24,32,13,6,7,4,0,0,0
B-threat-always,food,1141,101141,20,True,1,5,52,61,16,10,6,4,0,0,0
B-threat-always,food,1142,101142,20,True,1,5,40,46,14,7,7,4,0,0,0
B-threat-always,food,1143,101143,20,True,1,5,75,85,17,9,8,4,0,0,0
B-threat-always,food,1144,101144,20,True,1,5,20,21,8,3,5,4,0,0,0
B-threat-always,food,1145,101145,20,True,1,5,19,21,8,3,5,4,0,0,0
B-threat-always,food,1146,101146,20,True,1,5,25,29,20,7,13,4,0,0,0
B-threat-always,food,1147,101147,20,True,1,5,38,41,13,6,7,4,0,0,0
B-threat-always,food,1148,101148,20,True,1,5,21,21,6,2,4,4,0,0,0
B-threat-always,food,1149,101149,20,True,1,5,11,14,6,2,4,4,0,0,0
B-threat-always,food,1150,101150,20,True,1,5,42,50,13,6,7,4,0,0,0
B-threat-always,food,1151,101151,20,True,1,5,50,57,12,8,4,4,0,0,0
B-threat-always,food,1152,101152,20,True,1,5,31,42,17,6,11,4,0,0,0
B-threat-always,food,1153,101153,20,True,1,5,27,27,11,4,7,4,0,0,0
B-threat-always,food,1154,101154,20,True,1,5,64,67,13,8,5,4,0,0,0
B-threat-always,food,1155,101155,20,True,1,5,45,45,11,6,5,4,0,0,0
B-threat-always,food,1156,101156,20,True,1,5,52,54,12,8,4,4,0,0,0
B-threat-always,food,1157,101157,20,True,1,5,60,67,20,10,10,4,0,0,0
B-threat-always,food,1158,101158,20,True,1,5,100,108,19,14,5,4,0,0,0
B-threat-always,food,1159,101159,20,True,1,5,44,45,13,7,6,4,0,0,0
B-threat-always,food,1160,101160,20,True,1,5,32,50,20,8,12,4,0,0,0
B-threat-always,food,1161,101161,20,True,1,5,21,21,9,3,6,4,0,0,0
B-threat-always,food,1162,101162,20,True,1,5,78,82,15,10,5,4,0,0,0
B-threat-always,food,1163,101163,13,False,0,5,0,10,5,1,4,4,0,0,0
B-threat-always,food,1164,101164,20,True,1,5,74,83,15,9,6,4,0,0,0
B-threat-always,food,1165,101165,20,True,2,5,89,96,20,14,6,3,0,0,0
B-threat-always,food,1166,101166,20,True,2,5,78,82,20,12,8,3,0,0,0
B-threat-always,food,1167,101167,20,True,1,5,82,87,17,12,5,4,0,0,0
B-threat-always,food,1168,101168,20,True,1,5,56,59,14,9,5,4,0,0,0
B-threat-always,food,1169,101169,20,True,1,5,58,62,12,8,4,4,0,0,0
B-threat-always,food,1170,101170,20,True,1,5,32,40,13,8,5,4,0,0,0
B-threat-always,food,1171,101171,20,True,1,5,58,63,15,10,5,4,0,0,0
B-threat-always,food,1172,101172,20,True,1,5,22,30,16,6,10,4,0,0,0
B-threat-always,food,1173,101173,20,True,1,5,79,79,16,11,5,4,0,0,0
B-threat-always,food,1174,101174,20,True,1,5,19,22,9,4,5,4,0,0,0
B-threat-always,food,1175,101175,20,True,1,5,31,31,8,4,4,4,0,0,0
B-threat-always,food,1176,101176,20,True,1,5,40,47,20,11,9,4,0,0,0
B-threat-always,food,1177,101177,20,True,1,5,4,9,6,2,4,4,0,0,0
B-threat-always,food,1178,101178,20,True,1,5,35,35,13,5,8,4,0,0,0
B-threat-always,food,1179,101179,20,True,1,5,28,38,15,7,8,4,0,0,0
B-threat-always,food,1180,101180,20,True,2,5,63,67,20,11,9,3,0,0,0
B-threat-always,food,1181,101181,20,True,1,5,74,81,19,11,8,4,0,0,0
B-threat-always,food,1182,101182,20,True,1,5,60,63,14,10,4,4,0,0,0
B-threat-always,food,1183,101183,20,True,1,5,37,50,16,7,9,4,0,0,0
B-threat-always,food,1184,101184,20,True,1,5,47,47,15,8,7,4,0,0,0
B-threat-always,food,1185,101185,20,True,1,5,38,40,9,5,4,4,0,0,0
B-threat-always,food,1186,101186,20,True,1,5,25,26,7,3,4,4,0,0,0
B-threat-always,food,1187,101187,20,True,1,5,23,26,7,3,4,4,0,0,0
B-threat-always,food,1188,101188,20,True,1,5,52,55,13,8,5,4,0,0,0
B-threat-always,food,1189,101189,20,True,1,5,55,57,17,8,9,4,0,0,0
B-threat-always,food,1190,101190,20,True,1,5,41,42,15,7,8,4,0,0,0
B-threat-always,food,1191,101191,20,True,1,5,85,88,15,10,5,4,0,0,0
B-threat-always,food,1192,101192,20,True,2,5,36,45,20,7,13,3,0,0,0
B-threat-always,food,1193,101193,20,True,1,5,9,12,7,2,5,4,0,0,0
B-threat-always,food,1194,101194,20,True,1,5,8,10,6,1,5,4,0,0,0
B-threat-always,food,1195,101195,20,True,1,5,26,35,12,5,7,4,0,0,0
B-threat-always,food,1196,101196,20,True,1,5,62,65,13,9,4,4,0,0,0
B-threat-always,food,1197,101197,20,True,1,5,41,41,12,5,7,4,0,0,0
B-threat-always,food,1198,101198,20,True,1,5,47,51,12,6,6,4,0,0,0
B-threat-always,food,1199,101199,20,True,1,5,5,10,5,1,4,4,0,0,0
B-threat-always,food,1200,101200,20,True,1,5,30,36,11,5,6,4,0,0,0
B-threat-always,food,1201,101201,20,True,1,5,36,36,12,6,6,4,0,0,0
B-threat-always,food,1202,101202,20,True,1,5,47,47,9,5,4,4,0,0,0
B-threat-always,food,1203,101203,20,True,1,5,82,83,19,12,7,4,0,0,0
B-threat-always,food,1204,101204,20,True,1,5,66,70,14,9,5,4,0,0,0
B-threat-always,food,1205,101205,20,True,1,5,24,31,18,5,13,4,0,0,0
B-threat-always,food,1206,101206,20,True,1,5,39,40,11,5,6,4,0,0,0
B-threat-always,food,1207,101207,20,True,1,5,24,24,7,3,4,4,0,0,0
B-threat-always,food,1208,101208,20,True,1,5,74,76,15,10,5,4,0,0,0
B-threat-always,food,1209,101209,20,True,1,5,41,43,11,6,5,4,0,0,0
B-threat-always,food,1210,101210,20,True,1,5,42,42,10,6,4,4,0,0,0
B-threat-always,food,1211,101211,20,True,1,5,28,30,9,5,4,4,0,0,0
B-threat-always,food,1212,101212,20,True,1,5,45,45,12,7,5,4,0,0,0
B-threat-always,food,1213,101213,20,True,1,5,77,82,16,10,6,4,0,0,0
B-threat-always,food,1214,101214,20,True,1,5,61,61,17,11,6,4,0,0,0
B-threat-always,food,1215,101215,20,True,1,5,7,17,11,3,8,4,0,0,0
B-threat-always,food,1216,101216,20,True,1,5,17,24,13,6,7,4,0,0,0
B-threat-always,food,1217,101217,20,True,1,5,58,64,18,11,7,4,0,0,0
B-threat-always,food,1218,101218,20,True,2,5,72,80,20,12,8,3,0,0,0
B-threat-always,food,1219,101219,20,True,1,5,24,25,9,5,4,4,0,0,0
B-threat-always,food,1220,101220,20,True,1,5,30,38,11,6,5,4,0,0,0
B-threat-always,food,1221,101221,20,True,1,5,94,99,15,11,4,4,0,0,0
B-threat-always,food,1222,101222,20,True,1,5,27,30,11,6,5,4,0,0,0
B-threat-always,food,1223,101223,20,True,1,5,61,64,12,7,5,4,0,0,0
B-threat-always,food,1224,101224,20,True,1,5,59,59,14,7,7,4,0,0,0
B-threat-always,food,1225,101225,20,True,1,5,13,17,15,3,12,4,0,0,0
B-threat-always,food,1226,101226,20,True,1,5,54,56,13,8,5,4,0,0,0
B-threat-always,food,1227,101227,20,True,1,5,61,61,15,8,7,4,0,0,0
B-threat-always,food,1228,101228,20,True,1,5,9,13,6,2,4,4,0,0,0
B-threat-always,food,1229,101229,20,True,2,5,88,101,20,13,7,3,0,0,0
B-threat-always,food,1230,101230,20,True,1,5,58,61,13,8,5,4,0,0,0
B-threat-always,food,1231,101231,20,True,1,5,31,37,10,6,4,4,0,0,0
B-threat-always,food,1232,101232,20,True,1,5,28,31,14,4,10,4,0,0,0
B-threat-always,food,1233,101233,20,True,1,5,66,70,13,9,4,4,0,0,0
B-threat-always,food,1234,101234,20,True,2,5,64,76,20,11,9,3,0,0,0
B-threat-always,food,1235,101235,20,True,1,5,31,33,10,4,6,4,0,0,0
B-threat-always,food,1236,101236,20,True,1,5,37,42,10,6,4,4,0,0,0
B-threat-always,food,1237,101237,20,True,1,5,92,95,17,13,4,4,0,0,0
B-threat-always,food,1238,101238,20,True,1,5,50,50,12,8,4,4,0,0,0
B-threat-always,food,1239,101239,20,True,1,5,67,68,13,9,4,4,0,0,0
B-threat-always,food,1240,101240,20,True,1,5,73,76,17,12,5,4,0,0,0
B-threat-always,food,1241,101241,20,True,1,5,48,58,20,10,10,4,0,0,0
B-threat-always,food,1242,101242,20,True,1,5,35,36,9,5,4,4,0,0,0
B-threat-always,food,1243,101243,20,True,1,5,77,83,18,13,5,4,0,0,0
B-threat-always,food,1244,101244,20,True,1,5,25,27,9,5,4,4,0,0,0
B-threat-always,food,1245,101245,20,True,1,5,59,63,10,6,4,4,0,0,0
B-threat-always,food,1246,101246,20,True,1,5,38,39,13,7,6,4,0,0,0
B-threat-always,food,1247,101247,20,True,1,5,37,38,11,6,5,4,0,0,0
B-threat-always,food,1248,101248,20,True,1,5,69,74,19,11,8,4,0,0,0
B-threat-always,food,1249,101249,20,True,2,5,44,52,20,7,13,3,0,0,0
B-threat-always,food,1250,101250,20,True,1,5,62,62,14,8,6,4,0,0,0
B-threat-always,food,1251,101251,20,True,1,5,24,24,7,3,4,4,0,0,0
B-threat-always,food,1252,101252,20,True,1,5,36,47,14,8,6,4,0,0,0
B-threat-always,food,1253,101253,20,True,1,5,47,50,15,7,8,4,0,0,0
B-threat-always,food,1254,101254,20,True,1,5,36,55,17,7,10,4,0,0,0
B-threat-always,food,1255,101255,20,True,1,5,80,80,12,7,5,4,0,0,0
B-threat-always,food,1256,101256,20,True,1,5,48,48,17,9,8,4,0,0,0
B-threat-always,food,1257,101257,20,True,1,5,59,59,12,7,5,4,0,0,0
B-threat-always,food,1258,101258,20,True,1,5,57,57,10,6,4,4,0,0,0
B-threat-always,food,1259,101259,20,True,1,5,29,33,13,6,7,4,0,0,0
B-threat-always,food,1260,101260,20,True,1,5,26,35,11,5,6,4,0,0,0
B-threat-always,food,1261,101261,20,True,1,5,51,52,13,7,6,4,0,0,0
B-threat-always,food,1262,101262,20,True,1,5,38,50,13,8,5,4,0,0,0
B-threat-always,food,1263,101263,20,True,1,5,31,32,11,6,5,4,0,0,0
B-threat-always,food,1264,101264,20,True,1,5,21,28,12,4,8,4,0,0,0
B-threat-always,food,1265,101265,20,True,1,5,29,36,19,9,10,4,0,0,0
B-threat-always,food,1266,101266,20,True,1,5,32,35,12,6,6,4,0,0,0
B-threat-always,food,1267,101267,20,True,1,5,70,74,19,11,8,4,0,0,0
B-threat-always,food,1268,101268,20,True,1,5,58,62,19,12,7,4,0,0,0
B-threat-always,food,1269,101269,20,True,1,5,86,91,18,13,5,4,0,0,0
B-threat-always,food,1270,101270,20,True,1,5,26,27,8,3,5,4,0,0,0
B-threat-always,food,1271,101271,20,True,1,5,35,45,14,7,7,4,0,0,0
B-threat-always,food,1272,101272,20,True,1,5,50,52,16,9,7,4,0,0,0
B-threat-always,food,1273,101273,20,True,1,5,36,54,15,7,8,4,0,0,0
B-threat-always,food,1274,101274,20,True,1,5,55,57,16,10,6,4,0,0,0
B-threat-always,food,1275,101275,20,True,1,5,69,75,14,8,6,4,0,0,0
B-threat-always,food,1276,101276,20,True,1,5,31,38,12,6,6,4,0,0,0
B-threat-always,food,1277,101277,20,True,1,5,49,52,16,7,9,4,0,0,0
B-threat-always,food,1278,101278,20,True,1,5,53,53,13,7,6,4,0,0,0
B-threat-always,food,1279,101279,20,True,1,5,98,101,17,12,5,4,0,0,0
B-threat-always,food,1280,101280,20,True,1,5,41,46,10,6,4,4,0,0,0
B-threat-always,food,1281,101281,20,True,1,5,30,31,11,5,6,4,0,0,0
B-threat-always,food,1282,101282,20,True,1,5,55,62,20,9,11,4,0,0,0
B-threat-always,food,1283,101283,20,True,1,5,35,36,11,5,6,4,0,0,0
B-threat-always,food,1284,101284,20,True,1,5,36,40,11,6,5,4,0,0,0
B-threat-always,food,1285,101285,20,True,1,5,42,46,12,7,5,4,0,0,0
B-threat-always,food,1286,101286,20,True,1,5,58,66,15,9,6,4,0,0,0
B-threat-always,food,1287,101287,20,True,1,5,19,19,6,2,4,4,0,0,0
B-threat-always,food,1288,101288,20,True,1,5,63,69,19,11,8,4,0,0,0
B-threat-always,food,1289,101289,20,True,2,5,97,107,20,13,7,3,0,0,0
B-threat-always,food,1290,101290,20,True,1,5,8,9,6,1,5,1,0,0,0
B-threat-always,food,1291,101291,20,True,1,5,58,58,10,6,4,4,0,0,0
B-threat-always,food,1292,101292,20,True,1,5,96,96,16,11,5,4,0,0,0
B-threat-always,food,1293,101293,20,True,1,5,77,78,16,11,5,4,0,0,0
B-threat-always,food,1294,101294,20,True,1,5,33,35,9,5,4,4,0,0,0
B-threat-always,food,1295,101295,20,True,1,5,22,24,15,4,11,4,0,0,0
B-threat-always,food,1296,101296,20,True,1,5,26,30,9,2,7,4,0,0,0
B-threat-always,food,1297,101297,20,True,1,5,105,108,18,13,5,4,0,0,0
B-threat-always,food,1298,101298,20,True,1,5,73,75,15,10,5,4,0,0,0
B-threat-always,food,1299,101299,20,True,1,5,59,64,16,10,6,4,0,0,0
B-threat-always,food,1300,101300,20,True,1,5,79,85,19,12,7,4,0,0,0
B-threat-always,food,1301,101301,20,True,1,5,29,31,11,6,5,4,0,0,0
B-threat-always,food,1302,101302,20,True,1,5,52,58,12,7,5,4,0,0,0
B-threat-always,food,1303,101303,20,True,1,5,56,60,15,8,7,4,0,0,0
B-threat-always,food,1304,101304,20,True,1,5,28,44,16,7,9,4,0,0,0
B-threat-always,food,1305,101305,20,True,1,5,40,44,15,6,9,4,0,0,0
B-threat-always,food,1306,101306,20,True,1,5,62,68,15,10,5,4,0,0,0
B-threat-always,food,1307,101307,20,True,1,5,55,60,17,7,10,4,0,0,0
B-threat-always,food,1308,101308,20,True,1,5,35,38,10,6,4,4,0,0,0
B-threat-always,food,1309,101309,20,True,1,5,37,49,14,7,7,4,0,0,0
B-threat-always,food,1310,101310,20,True,1,5,46,48,17,6,11,4,0,0,0
B-threat-always,food,1311,101311,20,True,1,5,50,52,12,6,6,4,0,0,0
B-threat-always,food,1312,101312,20,True,2,5,79,88,20,13,7,3,0,0,0
B-threat-always,food,1313,101313,20,True,1,5,43,53,19,8,11,4,0,0,0
B-threat-always,food,1314,101314,20,True,2,5,51,63,20,10,10,3,0,0,0
B-threat-always,food,1315,101315,20,True,1,5,43,52,15,8,7,4,0,0,0
B-threat-always,food,1316,101316,20,True,1,5,31,40,15,7,8,4,0,0,0
B-threat-always,food,1317,101317,20,True,1,5,52,52,10,5,5,4,0,0,0
B-threat-always,food,1318,101318,20,True,1,5,19,22,5,1,4,4,0,0,0
B-threat-always,food,1319,101319,20,True,1,5,39,39,11,5,6,4,0,0,0
B-threat-always,food,1320,101320,20,True,1,5,14,24,19,8,11,4,0,0,0
B-threat-always,food,1321,101321,20,True,1,5,18,22,10,4,6,4,0,0,0
B-threat-always,food,1322,101322,20,True,1,5,11,22,15,4,11,4,0,0,0
B-threat-always,food,1323,101323,20,True,1,5,61,62,17,9,8,4,0,0,0
B-threat-always,food,1324,101324,20,True,1,5,72,80,18,11,7,4,0,0,0
B-threat-always,food,1325,101325,20,True,1,5,63,69,19,11,8,4,0,0,0
B-threat-always,food,1326,101326,20,True,1,5,29,37,12,7,5,4,0,0,0
B-threat-always,food,1327,101327,20,True,2,5,23,39,20,5,15,3,0,0,0
B-threat-always,food,1328,101328,20,True,1,5,54,60,18,10,8,4,0,0,0
B-threat-always,food,1329,101329,20,True,1,5,47,51,13,5,8,4,0,0,0
B-threat-always,food,1330,101330,20,True,2,5,36,41,17,7,10,3,0,0,0
B-threat-always,food,1331,101331,20,True,1,5,23,24,11,5,6,4,0,0,0
B-threat-always,food,1332,101332,20,True,1,5,52,59,15,8,7,4,0,0,0
B-threat-always,food,1333,101333,20,True,1,5,56,56,10,6,4,4,0,0,0
B-threat-always,food,1334,101334,20,True,1,5,46,46,12,6,6,4,0,0,0
B-threat-always,food,1335,101335,20,True,1,5,50,51,14,8,6,4,0,0,0
B-threat-always,food,1336,101336,20,True,2,5,80,89,20,12,8,3,0,0,0
B-threat-always,food,1337,101337,20,True,1,5,41,44,13,5,8,4,0,0,0
B-threat-always,food,1338,101338,20,True,1,5,95,103,19,12,7,4,0,0,0
B-threat-always,food,1339,101339,20,True,1,5,16,20,6,2,4,4,0,0,0
B-threat-always,food,1340,101340,20,True,1,5,80,86,14,10,4,4,0,0,0
B-threat-always,food,1341,101341,20,True,1,5,79,83,16,12,4,4,0,0,0
B-threat-always,food,1342,101342,20,True,1,5,67,71,17,11,6,4,0,0,0
B-threat-always,food,1343,101343,20,True,1,5,60,66,15,11,4,4,0,0,0
B-threat-always,food,1344,101344,20,True,1,5,80,84,20,12,8,4,0,0,0
B-threat-always,food,1345,101345,20,True,1,5,26,42,16,8,8,4,0,0,0
B-threat-always,food,1346,101346,20,True,1,5,18,27,18,5,13,4,0,0,0
B-threat-always,food,1347,101347,20,True,1,5,48,58,13,7,6,4,0,0,0
B-threat-always,food,1348,101348,20,True,1,5,50,60,16,9,7,4,0,0,0
B-threat-always,food,1349,101349,20,True,1,5,9,9,6,1,5,4,0,0,0
B-threat-always,food,1350,101350,20,True,2,5,87,93,20,13,7,3,0,0,0
B-threat-always,food,1351,101351,20,True,1,5,41,41,10,6,4,4,0,0,0
B-threat-always,food,1352,101352,20,True,1,5,58,61,19,10,9,4,0,0,0
B-threat-always,food,1353,101353,20,True,1,5,39,39,12,6,6,4,0,0,0
B-threat-always,food,1354,101354,20,True,1,5,48,53,10,6,4,4,0,0,0
B-threat-always,food,1355,101355,20,True,1,5,63,65,18,12,6,4,0,0,0
B-threat-always,food,1356,101356,20,True,1,5,72,83,19,12,7,4,0,0,0
B-threat-always,food,1357,101357,20,True,1,5,47,48,13,6,7,4,0,0,0
B-threat-always,food,1358,101358,20,True,1,5,65,69,12,7,5,4,0,0,0
B-threat-always,food,1359,101359,20,True,1,5,27,37,15,4,11,4,0,0,0
B-threat-always,food,1360,101360,20,True,1,5,59,63,13,8,5,4,0,0,0
B-threat-always,food,1361,101361,20,True,1,5,46,52,19,8,11,4,0,0,0
B-threat-always,food,1362,101362,20,True,1,5,45,50,12,8,4,4,0,0,0
B-threat-always,food,1363,101363,20,True,1,5,71,73,15,9,6,4,0,0,0
B-threat-always,food,1364,101364,20,True,1,5,27,36,19,5,14,4,0,0,0
B-threat-always,food,1365,101365,20,True,1,5,47,47,11,7,4,4,0,0,0
B-threat-always,food,1366,101366,20,True,1,5,64,64,13,9,4,4,0,0,0
B-threat-always,food,1367,101367,20,True,1,5,17,22,13,7,6,4,0,0,0
B-threat-always,food,1368,101368,20,True,1,5,66,68,13,8,5,4,0,0,0
B-threat-always,food,1369,101369,20,True,1,5,52,54,11,7,4,4,0,0,0
B-threat-always,food,1370,101370,20,True,1,5,39,42,12,8,4,4,0,0,0
B-threat-always,food,1371,101371,20,True,1,5,23,31,14,6,8,4,0,0,0
B-threat-always,food,1372,101372,20,True,1,5,55,62,12,8,4,4,0,0,0
B-threat-always,food,1373,101373,20,True,1,5,42,50,16,7,9,4,0,0,0
B-threat-always,food,1374,101374,20,True,1,5,46,55,19,8,11,4,0,0,0
B-threat-always,food,1375,101375,20,True,1,5,39,44,13,6,7,4,0,0,0
B-threat-always,food,1376,101376,20,True,1,5,18,18,6,1,5,4,0,0,0
B-threat-always,food,1377,101377,20,True,1,5,48,49,10,6,4,4,0,0,0
B-threat-always,food,1378,101378,20,True,1,5,32,34,12,4,8,4,0,0,0
B-threat-always,food,1379,101379,20,True,1,5,25,41,15,7,8,4,0,0,0
B-threat-always,food,1380,101380,20,True,2,5,38,49,20,8,12,3,0,0,0
B-threat-always,food,1381,101381,20,True,1,5,75,78,16,11,5,4,0,0,0
B-threat-always,food,1382,101382,20,True,1,5,68,74,16,11,5,4,0,0,0
B-threat-always,food,1383,101383,20,True,1,5,31,35,11,4,7,4,0,0,0
B-threat-always,food,1384,101384,20,True,1,5,31,39,13,6,7,4,0,0,0
B-threat-always,food,1385,101385,20,True,1,5,15,17,8,4,4,4,0,0,0
B-threat-always,food,1386,101386,20,True,1,5,37,49,18,6,12,4,0,0,0
B-threat-always,food,1387,101387,20,True,1,5,34,35,11,6,5,4,0,0,0
B-threat-always,food,1388,101388,20,True,1,5,59,67,14,8,6,4,0,0,0
B-threat-always,food,1389,101389,20,True,1,5,60,63,13,9,4,4,0,0,0
B-threat-always,food,1390,101390,20,True,1,5,24,32,10,6,4,4,0,0,0
B-threat-always,food,1391,101391,20,True,2,5,58,66,20,11,9,3,0,0,0
B-threat-always,food,1392,101392,20,True,1,5,29,34,13,5,8,4,0,0,0
B-threat-always,food,1393,101393,20,True,1,5,75,78,17,9,8,4,0,0,0
B-threat-always,food,1394,101394,20,True,1,5,18,21,12,4,8,4,0,0,0
B-threat-always,food,1395,101395,20,True,1,5,8,15,8,4,4,4,0,0,0
B-threat-always,food,1396,101396,20,True,1,5,88,99,18,12,6,4,0,0,0
B-threat-always,food,1397,101397,20,True,1,5,49,56,15,10,5,4,0,0,0
B-threat-always,food,1398,101398,20,True,1,5,22,23,10,4,6,4,0,0,0
B-threat-always,food,1399,101399,20,True,1,5,51,52,10,6,4,4,0,0,0
B-threat-always,food,1400,101400,16,False,0,5,0,9,12,2,10,4,0,0,0
B-threat-always,food,1401,101401,20,True,1,5,26,39,12,7,5,4,0,0,0
B-threat-always,food,1402,101402,20,True,1,5,36,47,14,8,6,4,0,0,0
B-threat-always,food,1403,101403,20,True,1,5,84,89,20,12,8,4,0,0,0
B-threat-always,food,1404,101404,20,True,1,5,67,77,16,8,8,4,0,0,0
B-threat-always,food,1405,101405,20,True,1,5,48,48,13,6,7,4,0,0,0
B-threat-always,food,1406,101406,20,True,1,5,39,50,12,6,6,4,0,0,0
B-threat-always,food,1407,101407,20,True,1,5,72,72,14,9,5,4,0,0,0
B-threat-always,food,1408,101408,20,True,1,5,18,21,12,4,8,4,0,0,0
B-threat-always,food,1409,101409,20,True,1,5,30,32,15,6,9,4,0,0,0
B-threat-always,food,1410,101410,20,True,1,5,53,62,15,9,6,4,0,0,0
B-threat-always,food,1411,101411,20,True,1,5,71,71,14,8,6,4,0,0,0
B-threat-always,food,1412,101412,20,True,1,5,51,64,13,8,5,4,0,0,0
B-threat-always,food,1413,101413,20,True,1,5,34,47,15,6,9,4,0,0,0
B-threat-always,food,1414,101414,20,True,1,5,7,7,5,0,5,3,0,0,0
B-threat-always,food,1415,101415,20,True,1,5,39,40,11,6,5,4,0,0,0
B-threat-always,food,1416,101416,20,True,1,5,47,51,15,9,6,4,0,0,0
B-threat-always,food,1417,101417,20,True,1,5,48,49,12,8,4,4,0,0,0
B-threat-always,food,1418,101418,20,True,1,5,27,28,10,5,5,4,0,0,0
B-threat-always,food,1419,101419,20,True,1,5,48,52,12,8,4,4,0,0,0
B-threat-always,food,1420,101420,20,True,1,5,18,21,16,3,13,4,0,0,0
B-threat-always,food,1421,101421,20,True,1,5,34,49,20,7,13,4,0,0,0
B-threat-always,food,1422,101422,20,True,1,5,46,46,13,7,6,4,0,0,0
B-threat-always,food,1423,101423,20,True,1,5,66,66,11,7,4,4,0,0,0
B-threat-always,food,1424,101424,20,True,1,5,35,37,13,5,8,4,0,0,0
B-threat-always,food,1425,101425,20,True,1,5,74,74,15,9,6,4,0,0,0
B-threat-always,food,1426,101426,20,True,1,5,42,42,10,6,4,4,0,0,0
B-threat-always,food,1427,101427,20,True,1,5,2,11,5,1,4,4,0,0,0
B-threat-always,food,1428,101428,20,True,1,5,16,27,15,7,8,4,0,0,0
B-threat-always,food,1429,101429,20,True,1,5,50,50,11,7,4,4,0,0,0
B-threat-always,food,1430,101430,20,True,2,5,104,116,20,14,6,3,0,0,0
B-threat-always,food,1431,101431,20,True,1,5,42,47,13,9,4,4,0,0,0
B-threat-always,food,1432,101432,20,True,1,5,56,56,12,7,5,4,0,0,0
B-threat-always,food,1433,101433,20,True,1,5,32,32,9,5,4,4,0,0,0
B-threat-always,food,1434,101434,20,True,1,5,46,51,14,6,8,4,0,0,0
B-threat-always,food,1435,101435,20,True,1,5,54,54,13,8,5,4,0,0,0
B-threat-always,food,1436,101436,20,True,1,5,73,80,18,12,6,4,0,0,0
B-threat-always,food,1437,101437,20,True,1,5,43,49,11,7,4,4,0,0,0
B-threat-always,food,1438,101438,20,True,1,5,27,31,10,5,5,4,0,0,0
B-threat-always,food,1439,101439,20,True,1,5,49,61,16,8,8,4,0,0,0
B-threat-always,food,1440,101440,20,True,2,5,64,70,20,11,9,3,0,0,0
B-threat-always,food,1441,101441,20,True,1,5,19,22,10,4,6,4,0,0,0
B-threat-always,food,1442,101442,20,True,3,5,97,109,20,14,6,2,0,0,0
B-threat-always,food,1443,101443,20,True,1,5,71,76,17,9,8,4,0,0,0
B-threat-always,food,1444,101444,20,True,1,5,61,68,16,7,9,4,0,0,0
B-threat-always,food,1445,101445,20,True,1,5,69,70,15,9,6,4,0,0,0
B-threat-always,food,1446,101446,20,True,1,5,48,49,11,7,4,4,0,0,0
B-threat-always,food,1447,101447,20,True,1,5,11,12,10,2,8,4,0,0,0
B-threat-always,food,1448,101448,20,True,1,5,60,62,14,8,6,4,0,0,0
B-threat-always,food,1449,101449,20,True,2,5,82,93,20,12,8,3,0,0,0
B-threat-always,food,1450,101450,20,True,1,5,65,68,13,8,5,4,0,0,0
B-threat-always,food,1451,101451,20,True,1,5,30,30,11,6,5,4,0,0,0
B-threat-always,food,1452,101452,20,True,1,5,24,28,10,4,6,4,0,0,0
B-threat-always,food,1453,101453,20,True,1,5,10,19,7,2,5,4,0,0,0
B-threat-always,food,1454,101454,20,True,2,5,69,73,20,10,10,3,0,0,0
B-threat-always,food,1455,101455,20,True,1,5,12,13,6,2,4,4,0,0,0
B-threat-always,food,1456,101456,20,True,1,5,47,50,11,6,5,4,0,0,0
B-threat-always,food,1457,101457,20,True,1,5,4,8,7,1,6,4,0,0,0
B-threat-always,food,1458,101458,20,True,1,5,26,31,14,6,8,4,0,0,0
B-threat-always,food,1459,101459,20,True,2,5,45,60,20,9,11,3,0,0,0
B-threat-always,food,1460,101460,20,True,1,5,43,45,14,7,7,4,0,0,0
B-threat-always,food,1461,101461,20,True,1,5,40,40,11,5,6,4,0,0,0
B-threat-always,food,1462,101462,20,True,2,5,78,86,20,14,6,3,0,0,0
B-threat-always,food,1463,101463,20,True,1,5,69,75,15,10,5,4,0,0,0
B-threat-always,food,1464,101464,20,True,1,5,32,32,8,4,4,4,0,0,0
B-threat-always,food,1465,101465,20,True,1,5,67,67,15,10,5,4,0,0,0
B-threat-always,food,1466,101466,20,True,1,5,20,25,13,5,8,4,0,0,0
B-threat-always,food,1467,101467,20,True,1,5,68,68,13,8,5,4,0,0,0
B-threat-always,food,1468,101468,20,True,1,5,36,38,11,4,7,4,0,0,0
B-threat-always,food,1469,101469,20,True,1,5,34,44,13,7,6,4,0,0,0
B-threat-always,food,1470,101470,20,True,1,5,36,47,16,6,10,4,0,0,0
B-threat-always,food,1471,101471,20,True,1,5,113,123,18,14,4,4,0,0,0
B-threat-always,food,1472,101472,20,True,1,5,67,70,20,9,11,4,0,0,0
B-threat-always,food,1473,101473,20,True,2,5,33,45,20,8,12,3,0,0,0
B-threat-always,food,1474,101474,20,True,1,5,76,87,20,12,8,4,0,0,0
B-threat-always,food,1475,101475,20,True,1,5,5,7,5,0,5,4,0,0,0
B-threat-always,food,1476,101476,20,True,1,5,42,42,14,8,6,4,0,0,0
B-threat-always,food,1477,101477,20,True,1,5,40,43,13,6,7,4,0,0,0
B-threat-always,food,1478,101478,20,True,1,5,47,47,12,5,7,4,0,0,0
B-threat-always,food,1479,101479,20,True,1,5,34,34,12,8,4,4,0,0,0
B-threat-always,food,1480,101480,20,True,1,5,25,26,12,4,8,4,0,0,0
B-threat-always,food,1481,101481,20,True,1,5,22,31,19,7,12,4,0,0,0
B-threat-always,food,1482,101482,20,True,1,5,26,36,16,8,8,4,0,0,0
B-threat-always,food,1483,101483,20,True,1,5,24,26,13,6,7,4,0,0,0
B-threat-always,food,1484,101484,20,True,1,5,18,26,17,5,12,4,0,0,0
B-threat-always,food,1485,101485,20,True,1,5,46,46,11,7,4,4,0,0,0
B-threat-always,food,1486,101486,20,True,1,5,42,47,14,7,7,4,0,0,0
B-threat-always,food,1487,101487,20,True,1,5,32,35,13,5,8,4,0,0,0
B-threat-always,food,1488,101488,20,True,1,5,45,48,12,6,6,4,0,0,0
B-threat-always,food,1489,101489,20,True,1,5,27,28,11,6,5,4,0,0,0
B-threat-always,food,1490,101490,20,True,1,5,34,41,20,6,14,4,0,0,0
B-threat-always,food,1491,101491,20,True,1,5,51,54,13,8,5,4,0,0,0
B-threat-always,food,1492,101492,20,True,1,5,11,14,5,1,4,4,0,0,0
B-threat-always,food,1493,101493,20,True,1,5,22,22,8,4,4,4,0,0,0
B-threat-always,food,1494,101494,20,True,1,5,61,68,15,8,7,4,0,0,0
B-threat-always,food,1495,101495,20,True,1,5,57,57,17,9,8,4,0,0,0
B-threat-always,food,1496,101496,20,True,1,5,19,25,13,6,7,4,0,0,0
B-threat-always,food,1497,101497,20,True,1,5,28,29,8,4,4,4,0,0,0
B-threat-always,food,1498,101498,20,True,1,5,26,31,9,5,4,4,0,0,0
B-threat-always,food,1499,101499,20,True,1,5,45,45,12,6,6,4,0,0,0
B-threat-always,food,1500,101500,20,True,1,5,28,29,9,5,4,4,0,0,0
B-threat-always,food,1501,101501,20,True,1,5,63,69,17,10,7,4,0,0,0
B-threat-always,food,1502,101502,20,True,1,5,27,30,11,6,5,4,0,0,0
B-threat-always,food,1503,101503,20,True,1,5,40,41,11,6,5,4,0,0,0
B-threat-always,food,1504,101504,20,True,1,5,36,40,12,6,6,4,0,0,0
B-threat-always,food,1505,101505,20,True,1,5,71,72,18,9,9,4,0,0,0
B-threat-always,food,1506,101506,20,True,1,5,99,103,18,14,4,4,0,0,0
B-threat-always,food,1507,101507,20,True,1,5,19,19,9,2,7,4,0,0,0
B-threat-always,food,1508,101508,20,True,1,5,17,28,13,4,9,4,0,0,0
B-threat-always,food,1509,101509,20,True,1,5,18,18,9,2,7,4,0,0,0
B-threat-always,food,1510,101510,20,True,1,5,14,17,8,2,6,4,0,0,0
B-threat-always,food,1511,101511,20,True,1,5,48,53,15,9,6,4,0,0,0
B-threat-always,food,1512,101512,20,True,1,5,45,45,14,8,6,4,0,0,0
B-threat-always,food,1513,101513,20,True,1,5,66,68,20,10,10,4,0,0,0
B-threat-always,food,1514,101514,20,True,1,5,66,70,16,11,5,4,0,0,0
B-threat-always,food,1515,101515,20,True,1,5,28,36,16,6,10,4,0,0,0
B-threat-always,food,1516,101516,20,True,1,5,51,57,15,7,8,4,0,0,0
B-threat-always,food,1517,101517,20,True,1,5,71,79,17,11,6,4,0,0,0
B-threat-always,food,1518,101518,20,True,1,5,27,28,11,3,8,4,0,0,0
B-threat-always,food,1519,101519,20,True,1,5,77,86,19,14,5,4,0,0,0
B-threat-always,food,1520,101520,20,True,1,5,37,45,11,7,4,4,0,0,0
B-threat-always,food,1521,101521,20,True,1,5,21,23,11,4,7,4,0,0,0
B-threat-always,food,1522,101522,20,True,1,5,13,16,8,3,5,4,0,0,0
B-threat-always,food,1523,101523,20,True,1,5,50,50,10,5,5,4,0,0,0
B-threat-always,food,1524,101524,20,True,1,5,77,82,18,13,5,4,0,0,0
B-threat-always,food,1525,101525,20,True,1,5,49,61,15,8,7,4,0,0,0
B-threat-always,food,1526,101526,20,True,1,5,25,33,11,7,4,4,0,0,0
B-threat-always,food,1527,101527,20,True,1,5,37,42,14,6,8,4,0,0,0
B-threat-always,food,1528,101528,20,True,1,5,28,28,6,2,4,4,0,0,0
B-threat-always,food,1529,101529,20,True,1,5,55,59,15,8,7,4,0,0,0
B-threat-always,food,1530,101530,20,True,1,5,57,58,13,9,4,4,0,0,0
B-threat-always,food,1531,101531,20,True,1,5,40,48,15,6,9,4,0,0,0
B-threat-always,food,1532,101532,20,True,1,5,22,24,9,4,5,4,0,0,0
B-threat-always,food,1533,101533,20,True,1,5,54,57,18,8,10,4,0,0,0
B-threat-always,food,1534,101534,20,True,1,5,48,48,14,7,7,4,0,0,0
B-threat-always,food,1535,101535,20,True,1,5,44,51,13,8,5,4,0,0,0
B-threat-always,food,1536,101536,20,True,1,5,66,66,14,10,4,4,0,0,0
B-threat-always,food,1537,101537,20,True,1,5,36,36,10,6,4,4,0,0,0
B-threat-always,food,1538,101538,20,True,1,5,7,11,5,1,4,4,0,0,0
B-threat-always,food,1539,101539,15,False,0,5,0,12,8,1,7,4,0,0,0
B-threat-always,food,1540,101540,20,True,1,5,76,76,15,10,5,4,0,0,0
B-threat-always,food,1541,101541,20,True,1,5,45,45,15,6,9,4,0,0,0
B-threat-always,food,1542,101542,20,True,1,5,10,15,16,4,12,4,0,0,0
B-threat-always,food,1543,101543,20,True,1,5,33,39,16,8,8,4,0,0,0
B-threat-always,food,1544,101544,20,True,1,5,29,36,10,4,6,4,0,0,0
B-threat-always,food,1545,101545,20,True,1,5,41,45,15,8,7,4,0,0,0
B-threat-always,food,1546,101546,20,True,1,5,53,54,15,7,8,4,0,0,0
B-threat-always,food,1547,101547,20,True,1,5,47,49,15,7,8,4,0,0,0
B-threat-always,food,1548,101548,20,True,1,5,45,45,15,7,8,4,0,0,0
B-threat-always,food,1549,101549,20,True,1,5,27,40,15,5,10,4,0,0,0
B-threat-always,food,1550,101550,20,True,1,5,13,16,13,4,9,4,0,0,0
B-threat-always,food,1551,101551,20,True,1,5,66,72,16,11,5,4,0,0,0
B-threat-always,food,1552,101552,20,True,1,5,28,28,11,4,7,4,0,0,0
B-threat-always,food,1553,101553,20,True,1,5,21,26,16,5,11,4,0,0,0
B-threat-always,food,1554,101554,20,True,1,5,36,36,9,4,5,4,0,0,0
B-threat-always,food,1555,101555,20,True,1,5,53,59,15,9,6,4,0,0,0
B-threat-always,food,1556,101556,20,True,1,5,63,65,11,6,5,4,0,0,0
B-threat-always,food,1557,101557,20,True,1,5,87,98,18,13,5,4,0,0,0
B-threat-always,food,1558,101558,20,True,1,5,6,18,17,6,11,4,0,0,0
B-threat-always,food,1559,101559,20,True,1,5,47,47,15,7,8,4,0,0,0
B-threat-always,food,1560,101560,20,True,1,5,71,75,15,11,4,4,0,0,0
B-threat-always,food,1561,101561,20,True,1,5,24,27,11,5,6,4,0,0,0
B-threat-always,food,1562,101562,20,True,1,5,62,63,16,9,7,4,0,0,0
B-threat-always,food,1563,101563,20,True,1,5,56,60,13,9,4,4,0,0,0
B-threat-always,food,1564,101564,20,True,1,5,36,37,14,6,8,4,0,0,0
B-threat-always,food,1565,101565,20,True,1,5,20,21,6,2,4,4,0,0,0
B-threat-always,food,1566,101566,20,True,1,5,33,35,12,6,6,4,0,0,0
B-threat-always,food,1567,101567,20,True,2,5,70,80,20,12,8,3,0,0,0
B-threat-always,food,1568,101568,20,True,1,5,47,47,10,6,4,4,0,0,0
B-threat-always,food,1569,101569,20,True,1,5,100,111,19,12,7,4,0,0,0
B-threat-always,food,1570,101570,20,True,1,5,45,45,13,8,5,4,0,0,0
B-threat-always,food,1571,101571,20,True,1,5,38,38,9,5,4,4,0,0,0
B-threat-always,food,1572,101572,20,True,1,5,48,49,11,5,6,4,0,0,0
B-threat-always,food,1573,101573,20,True,1,5,26,26,12,4,8,4,0,0,0
B-threat-always,food,1574,101574,20,True,1,5,99,100,17,13,4,4,0,0,0
B-threat-always,food,1575,101575,20,True,1,5,59,61,15,11,4,4,0,0,0
B-threat-always,food,1576,101576,20,True,1,5,70,73,15,9,6,4,0,0,0
B-threat-always,food,1577,101577,20,True,2,5,43,57,20,7,13,3,0,0,0
B-threat-always,food,1578,101578,20,True,1,5,1,7,7,0,7,4,0,0,0
B-threat-always,food,1579,101579,20,True,1,5,47,50,14,6,8,4,0,0,0
B-threat-always,food,1580,101580,20,True,1,5,33,33,8,4,4,4,0,0,0
B-threat-always,food,1581,101581,20,True,1,5,61,70,12,7,5,4,0,0,0
B-threat-always,food,1582,101582,20,True,1,5,38,38,10,6,4,4,0,0,0
B-threat-always,food,1583,101583,20,True,1,5,86,89,18,13,5,4,0,0,0
B-threat-always,food,1584,101584,20,True,1,5,49,50,13,8,5,4,0,0,0
B-threat-always,food,1585,101585,20,True,1,5,34,41,10,6,4,4,0,0,0
B-threat-always,food,1586,101586,20,True,1,5,47,49,14,9,5,4,0,0,0
B-threat-always,food,1587,101587,20,True,1,5,27,27,9,4,5,4,0,0,0
B-threat-always,food,1588,101588,20,True,1,5,57,58,14,8,6,4,0,0,0
B-threat-always,food,1589,101589,20,True,1,5,76,78,13,8,5,4,0,0,0
B-threat-always,food,1590,101590,20,True,1,5,35,36,14,6,8,4,0,0,0
B-threat-always,food,1591,101591,20,True,1,5,12,15,11,2,9,4,0,0,0
B-threat-always,food,1592,101592,20,True,1,5,68,75,16,10,6,4,0,0,0
B-threat-always,food,1593,101593,20,True,1,5,47,50,10,6,4,4,0,0,0
B-threat-always,food,1594,101594,20,True,1,5,83,85,14,10,4,4,0,0,0
B-threat-always,food,1595,101595,20,True,1,5,62,62,14,10,4,4,0,0,0
B-threat-always,food,1596,101596,20,True,1,5,45,53,16,7,9,4,0,0,0
B-threat-always,food,1597,101597,20,True,1,5,50,52,13,7,6,4,0,0,0
B-threat-always,food,1598,101598,20,True,1,5,47,64,19,8,11,4,0,0,0
B-threat-always,food,1599,101599,20,True,1,5,7,12,6,1,5,4,0,0,0
B-threat-always,food,1600,101600,20,True,1,5,33,38,10,3,7,4,0,0,0
B-threat-always,food,1601,101601,20,True,1,5,31,46,18,7,11,4,0,0,0
B-threat-always,food,1602,101602,20,True,1,5,24,28,12,8,4,4,0,0,0
B-threat-always,food,1603,101603,20,True,1,5,46,56,16,10,6,4,0,0,0
B-threat-always,food,1604,101604,20,True,1,5,2,7,5,0,5,4,0,0,0
B-threat-always,food,1605,101605,20,True,1,5,53,61,18,10,8,4,0,0,0
B-threat-always,food,1606,101606,20,True,1,5,62,62,10,6,4,4,0,0,0
B-threat-always,food,1607,101607,20,True,1,5,45,55,14,8,6,4,0,0,0
B-threat-always,food,1608,101608,20,True,1,5,37,39,11,6,5,4,0,0,0
B-threat-always,food,1609,101609,20,True,1,5,47,52,13,9,4,4,0,0,0
B-threat-always,food,1610,101610,20,True,1,5,22,28,13,6,7,4,0,0,0
B-threat-always,food,1611,101611,20,True,1,5,54,54,14,8,6,4,0,0,0
B-threat-always,food,1612,101612,20,True,1,5,63,63,12,8,4,4,0,0,0
B-threat-always,food,1613,101613,20,True,1,5,73,79,18,11,7,4,0,0,0
B-threat-always,food,1614,101614,20,True,1,5,20,21,8,3,5,4,0,0,0
B-threat-always,food,1615,101615,20,True,1,5,45,51,12,7,5,4,0,0,0
B-threat-always,food,1616,101616,20,True,1,5,52,57,10,6,4,4,0,0,0
B-threat-always,food,1617,101617,20,True,1,5,50,51,11,7,4,4,0,0,0
B-threat-always,food,1618,101618,20,True,1,5,86,87,14,10,4,4,0,0,0
B-threat-always,food,1619,101619,20,True,1,5,102,105,15,11,4,4,0,0,0
B-threat-always,food,1620,101620,20,True,1,5,45,49,13,6,7,4,0,0,0
B-threat-always,food,1621,101621,20,True,1,5,47,49,12,6,6,4,0,0,0
B-threat-always,food,1622,101622,20,True,1,5,43,45,14,7,7,4,0,0,0
B-threat-always,food,1623,101623,20,True,1,5,49,51,16,8,8,4,0,0,0
B-threat-always,food,1624,101624,20,True,1,5,5,8,4,0,4,4,0,0,0
B-threat-always,food,1625,101625,20,True,1,5,52,53,12,8,4,4,0,0,0
B-threat-always,food,1626,101626,20,True,1,5,68,80,18,9,9,4,0,0,0
B-threat-always,food,1627,101627,20,True,1,5,87,88,15,9,6,4,0,0,0
B-threat-always,food,1628,101628,20,True,1,5,80,84,14,10,4,4,0,0,0
B-threat-always,food,1629,101629,20,True,1,5,55,55,15,8,7,4,0,0,0
B-threat-always,food,1630,101630,20,True,2,5,6,16,20,4,16,3,0,0,0
B-threat-always,food,1631,101631,20,True,1,5,17,19,7,2,5,4,0,0,0
B-threat-always,food,1632,101632,20,True,1,5,59,62,11,7,4,4,0,0,0
B-threat-always,food,1633,101633,20,True,1,5,81,83,15,10,5,4,0,0,0
B-threat-always,food,1634,101634,20,True,1,5,59,64,15,7,8,4,0,0,0
B-threat-always,food,1635,101635,20,True,1,5,8,9,5,0,5,4,0,0,0
B-threat-always,food,1636,101636,20,True,1,5,88,88,18,11,7,4,0,0,0
B-threat-always,food,1637,101637,20,True,1,5,52,57,12,8,4,4,0,0,0
B-threat-always,food,1638,101638,20,True,1,5,44,50,13,8,5,4,0,0,0
B-threat-always,food,1639,101639,20,True,1,5,1,14,13,2,11,4,0,0,0
B-threat-always,food,1640,101640,20,True,1,5,7,18,14,3,11,4,0,0,0
B-threat-always,food,1641,101641,20,True,1,5,8,8,6,1,5,4,0,0,0
B-threat-always,food,1642,101642,20,True,1,5,40,46,17,8,9,4,0,0,0
B-threat-always,food,1643,101643,20,True,1,5,63,67,18,11,7,4,0,0,0
B-threat-always,food,1644,101644,20,True,1,5,58,64,12,7,5,4,0,0,0
B-threat-always,food,1645,101645,20,True,1,5,83,89,19,12,7,4,0,0,0
B-threat-always,food,1646,101646,20,True,1,5,75,78,16,10,6,4,0,0,0
B-threat-always,food,1647,101647,20,True,1,5,44,46,14,7,7,4,0,0,0
B-threat-always,food,1648,101648,20,True,1,5,45,53,14,9,5,4,0,0,0
B-threat-always,food,1649,101649,20,True,2,5,76,86,20,12,8,3,0,0,0
B-threat-always,food,1650,101650,20,True,1,5,44,49,13,7,6,4,0,0,0
B-threat-always,food,1651,101651,20,True,1,5,51,52,12,8,4,4,0,0,0
B-threat-always,food,1652,101652,20,True,1,5,39,42,13,8,5,4,0,0,0
B-threat-always,food,1653,101653,20,True,1,5,13,14,7,2,5,4,0,0,0
B-threat-always,food,1654,101654,14,False,0,5,0,8,5,1,4,4,0,0,0
B-threat-always,food,1655,101655,20,True,1,5,44,52,13,8,5,4,0,0,0
B-threat-always,food,1656,101656,20,True,1,5,60,62,11,7,4,4,0,0,0
B-threat-always,food,1657,101657,20,True,1,5,50,52,12,8,4,4,0,0,0
B-threat-always,food,1658,101658,20,True,1,5,68,71,16,9,7,4,0,0,0
B-threat-always,food,1659,101659,20,True,2,5,55,68,20,12,8,3,0,0,0
B-threat-always,food,1660,101660,20,True,1,5,30,30,11,5,6,4,0,0,0
B-threat-always,food,1661,101661,20,True,1,5,37,38,12,5,7,4,0,0,0
B-threat-always,food,1662,101662,20,True,1,5,40,40,11,6,5,4,0,0,0
B-threat-always,food,1663,101663,20,True,1,5,42,42,11,7,4,4,0,0,0
B-threat-always,food,1664,101664,20,True,1,5,37,37,10,5,5,4,0,0,0
B-threat-always,food,1665,101665,20,True,1,5,56,65,19,9,10,4,0,0,0
B-threat-always,food,1666,101666,20,True,1,5,46,46,9,5,4,4,0,0,0
B-threat-always,food,1667,101667,20,True,1,5,43,43,13,8,5,4,0,0,0
B-threat-always,food,1668,101668,20,True,1,5,42,47,17,7,10,4,0,0,0
B-threat-always,food,1669,101669,20,True,1,5,37,40,10,6,4,4,0,0,0
B-threat-always,food,1670,101670,20,True,1,5,61,64,13,8,5,4,0,0,0
B-threat-always,food,1671,101671,20,True,1,5,39,47,16,7,9,4,0,0,0
B-threat-always,food,1672,101672,20,True,1,5,19,25,8,2,6,4,0,0,0
B-threat-always,food,1673,101673,20,True,1,5,57,58,18,8,10,4,0,0,0
B-threat-always,food,1674,101674,20,True,1,5,30,36,12,5,7,4,0,0,0
B-threat-always,food,1675,101675,20,True,1,5,86,90,15,10,5,4,0,0,0
B-threat-always,food,1676,101676,20,True,1,5,66,70,13,9,4,4,0,0,0
B-threat-always,food,1677,101677,20,True,1,5,34,35,9,5,4,4,0,0,0
B-threat-always,food,1678,101678,20,True,1,5,21,23,13,6,7,4,0,0,0
B-threat-always,food,1679,101679,20,True,1,5,17,20,7,3,4,4,0,0,0
B-threat-always,food,1680,101680,20,True,1,5,30,33,14,5,9,4,0,0,0
B-threat-always,food,1681,101681,20,True,1,5,53,56,15,8,7,4,0,0,0
B-threat-always,food,1682,101682,20,True,1,5,77,81,17,13,4,4,0,0,0
B-threat-always,food,1683,101683,20,True,1,5,99,101,18,12,6,4,0,0,0
B-threat-always,food,1684,101684,20,True,1,5,34,35,16,7,9,4,0,0,0
B-threat-always,food,1685,101685,20,True,2,5,54,61,20,9,11,3,0,0,0
B-threat-always,food,1686,101686,20,True,1,5,48,51,13,7,6,4,0,0,0
B-threat-always,food,1687,101687,20,True,1,5,22,25,8,4,4,4,0,0,0
B-threat-always,food,1688,101688,20,True,1,5,34,34,8,4,4,4,0,0,0
B-threat-always,food,1689,101689,20,True,2,5,67,79,20,11,9,3,0,0,0
B-threat-always,food,1690,101690,20,True,2,5,32,39,20,7,13,3,0,0,0
B-threat-always,food,1691,101691,20,True,1,5,35,45,20,8,12,4,0,0,0
B-threat-always,food,1692,101692,20,True,1,5,47,58,20,10,10,4,0,0,0
B-threat-always,food,1693,101693,20,True,1,5,14,16,8,2,6,4,0,0,0
B-threat-always,food,1694,101694,20,True,1,5,40,48,15,7,8,4,0,0,0
B-threat-always,food,1695,101695,20,True,1,5,38,43,14,9,5,4,0,0,0
B-threat-always,food,1696,101696,20,True,2,5,75,82,20,12,8,3,0,0,0
B-threat-always,food,1697,101697,20,True,1,5,32,36,11,6,5,4,0,0,0
B-threat-always,food,1698,101698,20,True,1,5,73,78,16,10,6,4,0,0,0
B-threat-always,food,1699,101699,20,True,1,5,56,58,11,7,4,4,0,0,0
B-threat-always,food,1700,101700,20,True,1,5,30,39,16,5,11,4,0,0,0
B-threat-always,food,1701,101701,20,True,1,5,33,44,9,5,4,4,0,0,0
B-threat-always,food,1702,101702,20,True,1,5,35,35,11,6,5,4,0,0,0
B-threat-always,food,1703,101703,20,True,1,5,47,49,15,7,8,4,0,0,0
B-threat-always,food,1704,101704,20,True,1,5,8,8,5,1,4,4,0,0,0
B-threat-always,food,1705,101705,20,True,1,5,35,43,14,7,7,4,0,0,0
B-threat-always,food,1706,101706,20,True,1,5,51,54,10,6,4,4,0,0,0
B-threat-always,food,1707,101707,20,True,1,5,16,20,10,4,6,4,0,0,0
B-threat-always,food,1708,101708,20,True,1,5,78,78,16,11,5,4,0,0,0
B-threat-always,food,1709,101709,20,True,1,5,82,82,17,10,7,4,0,0,0
B-threat-always,food,1710,101710,20,True,1,5,12,21,11,4,7,4,0,0,0
B-threat-always,food,1711,101711,20,True,1,5,13,19,8,3,5,4,0,0,0
B-threat-always,food,1712,101712,20,True,1,5,12,17,7,2,5,4,0,0,0
B-threat-always,food,1713,101713,20,True,1,5,28,29,17,6,11,4,0,0,0
B-threat-always,food,1714,101714,20,True,1,5,50,54,10,6,4,4,0,0,0
B-threat-always,food,1715,101715,20,True,1,5,55,64,13,7,6,4,0,0,0
B-threat-always,food,1716,101716,20,True,1,5,63,72,15,8,7,4,0,0,0
B-threat-always,food,1717,101717,20,True,1,5,45,46,14,6,8,4,0,0,0
B-threat-always,food,1718,101718,20,True,1,5,51,52,11,7,4,4,0,0,0
B-threat-always,food,1719,101719,20,True,1,5,51,64,18,9,9,4,0,0,0
B-threat-always,food,1720,101720,20,True,1,5,22,23,7,2,5,4,0,0,0
B-threat-always,food,1721,101721,20,True,1,5,97,100,16,10,6,4,0,0,0
B-threat-always,food,1722,101722,20,True,1,5,61,68,13,7,6,4,0,0,0
B-threat-always,food,1723,101723,20,True,2,5,78,89,20,13,7,3,0,0,0
B-threat-always,food,1724,101724,20,True,1,5,46,47,12,7,5,4,0,0,0
B-threat-always,food,1725,101725,20,True,1,5,53,58,19,9,10,4,0,0,0
B-threat-always,food,1726,101726,20,True,1,5,37,38,11,6,5,4,0,0,0
B-threat-always,food,1727,101727,20,True,1,5,58,66,13,9,4,4,0,0,0
B-threat-always,food,1728,101728,20,True,1,5,62,69,18,12,6,4,0,0,0
B-threat-always,food,1729,101729,20,True,1,5,45,50,14,9,5,4,0,0,0
B-threat-always,food,1730,101730,20,True,1,5,16,20,7,2,5,4,0,0,0
B-threat-always,food,1731,101731,20,True,1,5,24,24,9,3,6,4,0,0,0
B-threat-always,food,1732,101732,20,True,1,5,90,97,16,12,4,4,0,0,0
B-threat-always,food,1733,101733,20,True,1,5,101,109,19,13,6,4,0,0,0
B-threat-always,food,1734,101734,20,True,2,5,81,93,20,14,6,3,0,0,0
B-threat-always,food,1735,101735,20,True,1,5,48,50,13,6,7,4,0,0,0
B-threat-always,food,1736,101736,20,True,1,5,51,63,12,7,5,4,0,0,0
B-threat-always,food,1737,101737,20,True,1,5,44,45,13,6,7,4,0,0,0
B-threat-always,food,1738,101738,20,True,1,5,79,83,19,13,6,4,0,0,0
B-threat-always,food,1739,101739,20,True,1,5,54,60,15,8,7,4,0,0,0
B-threat-always,food,1740,101740,20,True,1,5,46,50,10,6,4,4,0,0,0
B-threat-always,food,1741,101741,20,True,1,5,43,52,14,7,7,4,0,0,0
B-threat-always,food,1742,101742,20,True,1,5,81,81,12,7,5,4,0,0,0
B-threat-always,food,1743,101743,20,True,1,5,55,56,13,7,6,4,0,0,0
B-threat-always,food,1744,101744,20,True,1,5,53,58,14,7,7,4,0,0,0
B-threat-always,food,1745,101745,20,True,1,5,55,60,16,8,8,4,0,0,0
B-threat-always,food,1746,101746,20,True,1,5,51,56,17,7,10,4,0,0,0
B-threat-always,food,1747,101747,20,True,1,5,43,53,18,8,10,4,0,0,0
B-threat-always,food,1748,101748,20,True,1,5,56,57,13,9,4,4,0,0,0
B-threat-always,food,1749,101749,20,True,1,5,64,72,19,9,10,4,0,0,0
B-threat-always,food,1750,101750,20,True,1,5,35,40,10,6,4,4,0,0,0
B-threat-always,food,1751,101751,20,True,1,5,74,74,13,9,4,4,0,0,0
B-threat-always,food,1752,101752,20,True,1,5,46,48,11,6,5,4,0,0,0
B-threat-always,food,1753,101753,20,True,1,5,72,72,14,10,4,4,0,0,0
B-threat-always,food,1754,101754,20,True,1,5,73,74,16,11,5,4,0,0,0
B-threat-always,food,1755,101755,20,True,1,5,63,69,19,11,8,4,0,0,0
B-threat-always,food,1756,101756,20,True,1,5,22,24,10,4,6,4,0,0,0
B-threat-always,food,1757,101757,20,True,1,5,13,13,5,0,5,4,0,0,0
B-threat-always,food,1758,101758,20,True,1,5,33,33,11,6,5,4,0,0,0
B-threat-always,food,1759,101759,20,True,1,5,29,36,15,6,9,4,0,0,0
B-threat-always,food,1760,101760,20,True,1,5,37,41,15,5,10,4,0,0,0
B-threat-always,food,1761,101761,20,True,1,5,47,56,13,7,6,4,0,0,0
B-threat-always,food,1762,101762,20,True,1,5,60,72,19,11,8,4,0,0,0
B-threat-always,food,1763,101763,20,True,1,5,55,58,17,9,8,4,0,0,0
B-threat-always,food,1764,101764,20,True,1,5,33,43,12,7,5,4,0,0,0
B-threat-always,food,1765,101765,20,True,1,5,69,69,16,11,5,4,0,0,0
B-threat-always,food,1766,101766,20,True,1,5,7,11,5,1,4,4,0,0,0
B-threat-always,food,1767,101767,20,True,1,5,32,43,15,6,9,4,0,0,0
B-threat-always,food,1768,101768,20,True,1,5,13,15,5,0,5,4,0,0,0
B-threat-always,food,1769,101769,20,True,1,5,46,51,19,8,11,4,0,0,0
B-threat-always,food,1770,101770,20,True,1,5,35,35,13,5,8,4,0,0,0
B-threat-always,food,1771,101771,20,True,1,5,61,67,15,10,5,4,0,0,0
B-threat-always,food,1772,101772,20,True,1,5,29,29,8,4,4,4,0,0,0
B-threat-always,food,1773,101773,20,True,1,5,43,49,14,7,7,4,0,0,0
B-threat-always,food,1774,101774,20,True,1,5,44,45,11,7,4,4,0,0,0
B-threat-always,food,1775,101775,20,True,1,5,17,17,6,1,5,4,0,0,0
B-threat-always,food,1776,101776,20,True,2,5,54,60,20,9,11,3,0,0,0
B-threat-always,food,1777,101777,20,True,1,5,27,29,10,6,4,4,0,0,0
B-threat-always,food,1778,101778,20,True,1,5,70,79,20,10,10,4,0,0,0
B-threat-always,food,1779,101779,20,True,1,5,55,58,15,9,6,4,0,0,0
B-threat-always,food,1780,101780,20,True,2,5,30,42,20,10,10,3,0,0,0
B-threat-always,food,1781,101781,20,True,1,5,83,92,19,13,6,4,0,0,0
B-threat-always,food,1782,101782,20,True,1,5,34,38,10,4,6,4,0,0,0
B-threat-always,food,1783,101783,20,True,1,5,17,21,9,5,4,4,0,0,0
B-threat-always,food,1784,101784,20,True,1,5,70,71,16,10,6,4,0,0,0
B-threat-always,food,1785,101785,20,True,1,5,86,86,15,10,5,4,0,0,0
B-threat-always,food,1786,101786,20,True,1,5,47,48,13,6,7,4,0,0,0
B-threat-always,food,1787,101787,20,True,1,5,23,24,6,2,4,4,0,0,0
B-threat-always,food,1788,101788,20,True,2,5,93,106,20,14,6,3,0,0,0
B-threat-always,food,1789,101789,20,True,1,5,27,32,13,5,8,4,0,0,0
B-threat-always,food,1790,101790,20,True,1,5,26,29,13,3,10,4,0,0,0
B-threat-always,food,1791,101791,20,True,1,5,37,43,15,7,8,4,0,0,0
B-threat-always,food,1792,101792,20,True,1,5,34,37,10,5,5,4,0,0,0
B-threat-always,food,1793,101793,20,True,1,5,41,46,15,8,7,4,0,0,0
B-threat-always,food,1794,101794,20,True,1,5,66,67,11,7,4,4,0,0,0
B-threat-always,food,1795,101795,20,True,1,5,75,79,14,9,5,4,0,0,0
B-threat-always,food,1796,101796,20,True,1,5,16,17,10,4,6,4,0,0,0
B-threat-always,food,1797,101797,20,True,1,5,25,28,17,6,11,4,0,0,0
B-threat-always,food,1798,101798,20,True,1,5,30,33,14,7,7,4,0,0,0
B-threat-always,food,1799,101799,20,True,1,5,45,51,14,8,6,4,0,0,0
B-threat-always,food,1800,101800,20,True,1,5,64,65,15,10,5,4,0,0,0
B-threat-always,food,1801,101801,20,True,1,5,64,68,16,11,5,4,0,0,0
B-threat-always,food,1802,101802,20,True,1,5,57,59,14,8,6,4,0,0,0
B-threat-always,food,1803,101803,20,True,1,5,31,34,10,6,4,4,0,0,0
B-threat-always,food,1804,101804,20,True,1,5,41,42,11,7,4,4,0,0,0
B-threat-always,food,1805,101805,20,True,1,5,79,84,14,8,6,4,0,0,0
B-threat-always,food,1806,101806,20,True,1,5,29,35,15,6,9,4,0,0,0
B-threat-always,food,1807,101807,20,True,1,5,70,72,16,11,5,4,0,0,0
B-threat-always,food,1808,101808,20,True,2,5,29,43,20,6,14,3,0,0,0
B-threat-always,food,1809,101809,20,True,1,5,17,22,11,5,6,4,0,0,0
B-threat-always,food,1810,101810,20,True,1,5,69,72,15,10,5,4,0,0,0
B-threat-always,food,1811,101811,20,True,1,5,38,42,15,7,8,4,0,0,0
B-threat-always,food,1812,101812,20,True,1,5,32,38,14,7,7,4,0,0,0
B-threat-always,food,1813,101813,20,True,1,5,66,73,17,10,7,4,0,0,0
B-threat-always,food,1814,101814,20,True,1,5,48,55,16,10,6,4,0,0,0
B-threat-always,food,1815,101815,20,True,1,5,23,24,11,5,6,4,0,0,0
B-threat-always,food,1816,101816,20,True,1,5,23,23,7,2,5,4,0,0,0
B-threat-always,food,1817,101817,20,True,1,5,41,41,12,4,8,4,0,0,0
B-threat-always,food,1818,101818,20,True,1,5,32,35,10,5,5,4,0,0,0
B-threat-always,food,1819,101819,20,True,1,5,38,47,14,7,7,4,0,0,0
B-threat-always,food,1820,101820,20,True,1,5,21,26,11,4,7,4,0,0,0
B-threat-always,food,1821,101821,20,True,1,5,48,58,16,7,9,4,0,0,0
B-threat-always,food,1822,101822,20,True,1,5,29,38,15,7,8,4,0,0,0
B-threat-always,food,1823,101823,20,True,1,5,10,16,6,2,4,4,0,0,0
B-threat-always,food,1824,101824,20,True,1,5,22,31,9,4,5,4,0,0,0
B-threat-always,food,1825,101825,20,True,1,5,68,68,10,6,4,4,0,0,0
B-threat-always,food,1826,101826,20,True,1,5,51,55,14,7,7,4,0,0,0
B-threat-always,food,1827,101827,20,True,1,5,12,13,11,1,10,4,0,0,0
B-threat-always,food,1828,101828,20,True,1,5,44,49,16,8,8,4,0,0,0
B-threat-always,food,1829,101829,20,True,1,5,35,45,12,7,5,4,0,0,0
B-threat-always,food,1830,101830,20,True,1,5,49,51,14,8,6,4,0,0,0
B-threat-always,food,1831,101831,20,True,1,5,33,37,10,6,4,4,0,0,0
B-threat-always,food,1832,101832,20,True,1,5,52,52,10,5,5,4,0,0,0
B-threat-always,food,1833,101833,20,True,1,5,59,63,12,7,5,4,0,0,0
B-threat-always,food,1834,101834,20,True,2,5,74,83,20,13,7,3,0,0,0
B-threat-always,food,1835,101835,20,True,1,5,31,34,13,7,6,4,0,0,0
B-threat-always,food,1836,101836,20,True,1,5,30,32,14,5,9,4,0,0,0
B-threat-always,food,1837,101837,20,True,1,5,37,41,10,5,5,4,0,0,0
B-threat-always,food,1838,101838,20,True,1,5,39,40,14,4,10,4,0,0,0
B-threat-always,food,1839,101839,20,True,1,5,14,24,14,4,10,4,0,0,0
B-threat-always,food,1840,101840,20,True,1,5,67,68,14,8,6,4,0,0,0
B-threat-always,food,1841,101841,20,True,1,5,46,46,11,7,4,4,0,0,0
B-threat-always,food,1842,101842,20,True,1,5,4,9,4,0,4,4,0,0,0
B-threat-always,food,1843,101843,20,True,1,5,40,48,17,7,10,4,0,0,0
B-threat-always,food,1844,101844,20,True,1,5,45,45,13,7,6,4,0,0,0
B-threat-always,food,1845,101845,20,True,1,5,28,33,12,3,9,4,0,0,0
B-threat-always,food,1846,101846,20,True,1,5,18,21,10,4,6,4,0,0,0
B-threat-always,food,1847,101847,20,True,1,5,61,61,12,6,6,4,0,0,0
B-threat-always,food,1848,101848,20,True,2,5,90,99,20,11,9,3,0,0,0
B-threat-always,food,1849,101849,20,True,1,5,61,62,13,8,5,4,0,0,0
B-threat-always,food,1850,101850,20,True,1,5,22,28,14,5,9,4,0,0,0
B-threat-always,food,1851,101851,20,True,1,5,5,15,13,2,11,4,0,0,0
B-threat-always,food,1852,101852,20,True,2,5,35,47,20,9,11,3,0,0,0
B-threat-always,food,1853,101853,20,True,1,5,28,33,10,6,4,4,0,0,0
B-threat-always,food,1854,101854,20,True,1,5,62,66,18,10,8,4,0,0,0
B-threat-always,food,1855,101855,20,True,1,5,36,36,11,7,4,4,0,0,0
B-threat-always,food,1856,101856,20,True,1,5,16,17,8,2,6,4,0,0,0
B-threat-always,food,1857,101857,20,True,1,5,20,23,9,5,4,4,0,0,0
B-threat-always,food,1858,101858,20,True,1,5,25,27,16,7,9,4,0,0,0
B-threat-always,food,1859,101859,20,True,1,5,30,31,10,6,4,4,0,0,0
B-threat-always,food,1860,101860,20,True,1,5,15,15,10,2,8,4,0,0,0
B-threat-always,food,1861,101861,20,True,1,5,30,31,9,5,4,4,0,0,0
B-threat-always,food,1862,101862,20,True,1,5,13,17,5,1,4,4,0,0,0
B-threat-always,food,1863,101863,20,True,1,5,35,43,10,6,4,4,0,0,0
B-threat-always,food,1864,101864,20,True,1,5,81,85,20,12,8,4,0,0,0
B-threat-always,food,1865,101865,20,True,1,5,37,38,8,4,4,4,0,0,0
B-threat-always,food,1866,101866,20,True,1,5,19,19,7,2,5,4,0,0,0
B-threat-always,food,1867,101867,20,True,1,5,37,39,10,4,6,4,0,0,0
B-threat-always,food,1868,101868,20,True,1,5,11,23,15,3,12,4,0,0,0
B-threat-always,food,1869,101869,20,True,1,5,62,68,18,10,8,4,0,0,0
B-threat-always,food,1870,101870,20,True,1,5,54,54,16,9,7,4,0,0,0
B-threat-always,food,1871,101871,20,True,1,5,20,21,8,4,4,4,0,0,0
B-threat-always,food,1872,101872,20,True,1,5,62,64,15,8,7,4,0,0,0
B-threat-always,food,1873,101873,20,True,1,5,43,48,17,8,9,4,0,0,0
B-threat-always,food,1874,101874,20,True,1,5,8,15,13,3,10,4,0,0,0
B-threat-always,food,1875,101875,20,True,1,5,20,20,7,3,4,4,0,0,0
B-threat-always,food,1876,101876,20,True,1,5,71,79,20,12,8,4,0,0,0
B-threat-always,food,1877,101877,20,True,1,5,77,79,16,11,5,4,0,0,0
B-threat-always,food,1878,101878,20,True,1,5,42,46,15,7,8,4,0,0,0
B-threat-always,food,1879,101879,20,True,1,5,45,47,14,7,7,4,0,0,0
B-threat-always,food,1880,101880,20,True,1,5,16,16,5,1,4,4,0,0,0
B-threat-always,food,1881,101881,20,True,1,5,24,27,8,4,4,4,0,0,0
B-threat-always,food,1882,101882,20,True,1,5,53,53,13,6,7,4,0,0,0
B-threat-always,food,1883,101883,20,True,1,5,67,73,15,9,6,4,0,0,0
B-threat-always,food,1884,101884,20,True,1,5,29,32,11,5,6,4,0,0,0
B-threat-always,food,1885,101885,20,True,1,5,36,46,18,9,9,4,0,0,0
B-threat-always,food,1886,101886,20,True,1,5,33,37,10,5,5,4,0,0,0
B-threat-always,food,1887,101887,20,True,1,5,31,32,10,6,4,4,0,0,0
B-threat-always,food,1888,101888,20,True,1,5,63,63,14,10,4,4,0,0,0
B-threat-always,food,1889,101889,20,True,1,5,14,19,8,4,4,4,0,0,0
B-threat-always,food,1890,101890,20,True,1,5,36,36,8,4,4,4,0,0,0
B-threat-always,food,1891,101891,20,True,1,5,56,61,16,9,7,4,0,0,0
B-threat-always,food,1892,101892,20,True,1,5,89,95,19,14,5,4,0,0,0
B-threat-always,food,1893,101893,20,True,1,5,32,34,11,7,4,4,0,0,0
B-threat-always,food,1894,101894,20,True,1,5,104,111,20,12,8,4,0,0,0
B-threat-always,food,1895,101895,20,True,1,5,40,44,11,7,4,4,0,0,0
B-threat-always,food,1896,101896,20,True,1,5,8,23,13,3,10,4,0,0,0
B-threat-always,food,1897,101897,20,True,1,5,22,26,12,4,8,4,0,0,0
B-threat-always,food,1898,101898,20,True,1,5,37,37,10,6,4,4,0,0,0
B-threat-always,food,1899,101899,20,True,1,5,35,35,12,5,7,4,0,0,0
B-threat-always,food,1900,101900,20,True,1,5,62,65,16,11,5,4,0,0,0
B-threat-always,food,1901,101901,20,True,1,5,53,60,16,9,7,4,0,0,0
B-threat-always,food,1902,101902,20,True,1,5,57,64,17,9,8,4,0,0,0
B-threat-always,food,1903,101903,20,True,1,5,61,61,13,9,4,4,0,0,0
B-threat-always,food,1904,101904,20,True,1,5,93,101,18,13,5,4,0,0,0
B-threat-always,food,1905,101905,20,True,2,5,61,78,20,10,10,3,0,0,0
B-threat-always,food,1906,101906,20,True,1,5,45,45,12,5,7,4,0,0,0
B-threat-always,food,1907,101907,20,True,1,5,26,28,12,6,6,4,0,0,0
B-threat-always,food,1908,101908,20,True,1,5,24,26,7,2,5,4,0,0,0
B-threat-always,food,1909,101909,20,True,1,5,8,16,12,2,10,4,0,0,0
B-threat-always,food,1910,101910,20,True,1,5,46,49,12,8,4,4,0,0,0
B-threat-always,food,1911,101911,20,True,1,5,43,53,15,7,8,4,0,0,0
B-threat-always,food,1912,101912,20,True,1,5,47,58,13,8,5,4,0,0,0
B-threat-always,food,1913,101913,20,True,1,5,13,13,6,1,5,4,0,0,0
B-threat-always,food,1914,101914,20,True,1,5,72,82,16,11,5,4,0,0,0
B-threat-always,food,1915,101915,20,True,1,5,66,72,15,9,6,4,0,0,0
B-threat-always,food,1916,101916,20,True,1,5,85,93,19,12,7,4,0,0,0
B-threat-always,food,1917,101917,20,True,1,5,28,38,11,5,6,4,0,0,0
B-threat-always,food,1918,101918,20,True,1,5,70,75,15,10,5,4,0,0,0
B-threat-always,food,1919,101919,20,True,1,5,44,48,10,5,5,4,0,0,0
B-threat-always,food,1920,101920,20,True,1,5,61,63,15,11,4,4,0,0,0
B-threat-always,food,1921,101921,20,True,1,5,27,48,19,8,11,4,0,0,0
B-threat-always,food,1922,101922,20,True,1,5,10,12,9,5,4,4,0,0,0
B-threat-always,food,1923,101923,20,True,1,5,36,40,14,6,8,4,0,0,0
B-threat-always,food,1924,101924,20,True,2,5,58,70,20,10,10,3,0,0,0
B-threat-always,food,1925,101925,20,True,1,5,16,21,11,4,7,4,0,0,0
B-threat-always,food,1926,101926,20,True,1,5,31,33,8,4,4,4,0,0,0
B-threat-always,food,1927,101927,20,True,1,5,51,55,15,9,6,4,0,0,0
B-threat-always,food,1928,101928,20,True,1,5,18,25,16,6,10,4,0,0,0
B-threat-always,food,1929,101929,20,True,1,5,48,48,18,9,9,4,0,0,0
B-threat-always,food,1930,101930,20,True,1,5,56,58,13,9,4,4,0,0,0
B-threat-always,food,1931,101931,20,True,1,5,22,27,8,4,4,4,0,0,0
B-threat-always,food,1932,101932,20,True,1,5,22,25,9,4,5,4,0,0,0
B-threat-always,food,1933,101933,20,True,1,5,19,20,6,2,4,4,0,0,0
B-threat-always,food,1934,101934,20,True,1,5,36,37,15,6,9,4,0,0,0
B-threat-always,food,1935,101935,20,True,1,5,60,60,12,7,5,4,0,0,0
B-threat-always,food,1936,101936,20,True,1,5,39,41,12,7,5,4,0,0,0
B-threat-always,food,1937,101937,20,True,1,5,17,18,8,2,6,4,0,0,0
B-threat-always,food,1938,101938,20,True,1,5,42,49,12,5,7,4,0,0,0
B-threat-always,food,1939,101939,20,True,1,5,44,44,9,5,4,4,0,0,0
B-threat-always,food,1940,101940,20,True,1,5,20,22,10,4,6,4,0,0,0
B-threat-always,food,1941,101941,20,True,1,5,99,104,18,13,5,4,0,0,0
B-threat-always,food,1942,101942,20,True,1,5,5,8,10,1,9,4,0,0,0
B-threat-always,food,1943,101943,20,True,1,5,28,40,14,6,8,4,0,0,0
B-threat-always,food,1944,101944,20,True,1,5,20,23,9,4,5,4,0,0,0
B-threat-always,food,1945,101945,20,True,1,5,34,35,11,6,5,4,0,0,0
B-threat-always,food,1946,101946,20,True,1,5,30,34,13,7,6,4,0,0,0
B-threat-always,food,1947,101947,20,True,1,5,64,69,17,9,8,4,0,0,0
B-threat-always,food,1948,101948,20,True,1,5,33,34,9,5,4,4,0,0,0
B-threat-always,food,1949,101949,20,True,1,5,64,68,15,11,4,4,0,0,0
B-threat-always,food,1950,101950,20,True,1,5,18,26,9,5,4,4,0,0,0
B-threat-always,food,1951,101951,20,True,1,5,42,43,10,6,4,4,0,0,0
B-threat-always,food,1952,101952,20,True,1,5,46,50,13,7,6,4,0,0,0
B-threat-always,food,1953,101953,20,True,1,5,32,43,17,8,9,4,0,0,0
B-threat-always,food,1954,101954,20,True,1,5,37,41,16,7,9,4,0,0,0
B-threat-always,food,1955,101955,20,True,1,5,64,70,15,9,6,4,0,0,0
B-threat-always,food,1956,101956,20,True,1,5,20,21,10,2,8,4,0,0,0
B-threat-always,food,1957,101957,20,True,1,5,25,26,7,3,4,4,0,0,0
B-threat-always,food,1958,101958,20,True,1,5,24,35,15,5,10,4,0,0,0
B-threat-always,food,1959,101959,20,True,2,5,37,49,20,7,13,3,0,0,0
B-threat-always,food,1960,101960,20,True,1,5,76,77,15,10,5,4,0,0,0
B-threat-always,food,1961,101961,20,True,1,5,69,72,19,12,7,4,0,0,0
B-threat-always,food,1962,101962,20,True,1,5,80,85,17,11,6,4,0,0,0
B-threat-always,food,1963,101963,20,True,1,5,40,41,10,5,5,4,0,0,0
B-threat-always,food,1964,101964,20,True,1,5,52,53,12,7,5,4,0,0,0
B-threat-always,food,1965,101965,20,True,1,5,59,61,12,6,6,4,0,0,0
B-threat-always,food,1966,101966,20,True,1,5,20,35,15,6,9,4,0,0,0
B-threat-always,food,1967,101967,20,True,1,5,38,38,11,4,7,4,0,0,0
B-threat-always,food,1968,101968,20,True,1,5,46,46,16,9,7,4,0,0,0
B-threat-always,food,1969,101969,20,True,1,5,45,47,13,7,6,4,0,0,0
B-threat-always,food,1970,101970,20,True,1,5,53,61,14,7,7,4,0,0,0
B-threat-always,food,1971,101971,20,True,1,5,38,41,13,7,6,4,0,0,0
B-threat-always,food,1972,101972,20,True,1,5,90,99,19,12,7,4,0,0,0
B-threat-always,food,1973,101973,20,True,1,5,36,46,16,5,11,4,0,0,0
B-threat-always,food,1974,101974,20,True,1,5,61,62,17,9,8,4,0,0,0
B-threat-always,food,1975,101975,20,True,1,5,47,49,13,7,6,4,0,0,0
B-threat-always,food,1976,101976,20,True,1,5,43,53,15,8,7,4,0,0,0
B-threat-always,food,1977,101977,20,True,1,5,8,17,9,1,8,4,0,0,0
B-threat-always,food,1978,101978,20,True,2,5,41,59,20,9,11,3,0,0,0
B-threat-always,food,1979,101979,20,True,1,5,97,111,19,12,7,4,0,0,0
B-threat-always,food,1980,101980,20,True,1,5,57,62,15,9,6,4,0,0,0
B-threat-always,food,1981,101981,20,True,1,5,46,47,11,7,4,4,0,0,0
B-threat-always,food,1982,101982,20,True,1,5,86,87,15,11,4,4,0,0,0
B-threat-always,food,1983,101983,20,True,1,5,25,26,9,4,5,4,0,0,0
B-threat-always,food,1984,101984,20,True,1,5,30,34,10,5,5,4,0,0,0
B-threat-always,food,1985,101985,20,True,1,5,41,46,12,7,5,4,0,0,0
B-threat-always,food,1986,101986,20,True,1,5,72,72,16,10,6,4,0,0,0
B-threat-always,food,1987,101987,20,True,1,5,28,38,12,6,6,4,0,0,0
B-threat-always,food,1988,101988,20,True,1,5,23,27,8,4,4,4,0,0,0
B-threat-always,food,1989,101989,20,True,1,5,60,71,20,11,9,4,0,0,0
B-threat-always,food,1990,101990,20,True,1,5,36,42,13,7,6,4,0,0,0
B-threat-always,food,1991,101991,20,True,1,5,34,35,10,6,4,4,0,0,0
B-threat-always,food,1992,101992,20,True,1,5,57,64,15,11,4,4,0,0,0
B-threat-always,food,1993,101993,20,True,1,5,50,51,12,8,4,4,0,0,0
B-threat-always,food,1994,101994,20,True,1,5,58,60,11,7,4,4,0,0,0
B-threat-always,food,1995,101995,20,True,2,5,36,48,20,8,12,3,0,0,0
B-threat-always,food,1996,101996,20,True,1,5,44,48,14,7,7,4,0,0,0
B-threat-always,food,1997,101997,20,True,1,5,41,49,13,7,6,4,0,0,0
B-threat-always,food,1998,101998,20,True,1,5,13,15,5,0,5,4,0,0,0
B-threat-always,food,1999,101999,20,True,1,5,35,36,13,6,7,4,0,0,0
B-threat-always,food,2000,102000,20,True,2,5,70,76,20,11,9,3,0,0,0
B-threat-always,hunt,2001,102001,19,False,0,5,15,26,19,7,12,5,0,0,0
B-threat-always,hunt,2002,102002,16,False,0,5,43,51,16,8,8,5,0,0,0
B-threat-always,hunt,2003,102003,12,False,0,5,35,42,12,6,6,5,0,0,0
B-threat-always,hunt,2004,102004,11,False,0,5,23,28,11,5,6,5,0,0,0
B-threat-always,hunt,2005,102005,16,False,0,5,45,49,16,7,9,5,0,0,0
B-threat-always,hunt,2006,102006,19,False,0,5,28,37,18,6,12,5,0,0,0
B-threat-always,hunt,2007,102007,20,True,1,5,66,74,20,10,10,4,0,0,0
B-threat-always,hunt,2008,102008,15,False,0,5,46,53,15,6,9,5,0,0,0
B-threat-always,hunt,2009,102009,16,False,0,5,41,44,16,7,9,5,0,0,0
B-threat-always,hunt,2010,102010,14,False,0,5,50,61,14,7,7,5,0,0,0
B-threat-always,hunt,2011,102011,17,False,0,5,38,47,17,6,11,5,0,0,0
B-threat-always,hunt,2012,102012,17,False,0,5,46,54,17,9,8,5,0,0,0
B-threat-always,hunt,2013,102013,20,True,1,5,39,51,20,8,12,4,0,0,0
B-threat-always,hunt,2014,102014,11,False,0,5,40,41,11,6,5,5,0,0,0
B-threat-always,hunt,2015,102015,12,False,0,5,34,40,12,6,6,5,0,0,0
B-threat-always,hunt,2016,102016,20,True,2,5,38,55,20,7,13,3,0,0,0
B-threat-always,hunt,2017,102017,20,True,1,5,33,51,20,8,12,4,0,0,0
B-threat-always,hunt,2018,102018,16,False,0,5,30,41,16,5,11,5,0,0,0
B-threat-always,hunt,2019,102019,13,False,0,5,14,19,13,4,9,5,0,0,0
B-threat-always,hunt,2020,102020,16,False,0,5,79,85,16,11,5,5,0,0,0
B-threat-always,hunt,2021,102021,15,False,0,5,43,46,15,6,9,5,0,0,0
B-threat-always,hunt,2022,102022,20,True,1,5,80,86,20,13,7,4,0,0,0
B-threat-always,hunt,2023,102023,19,False,0,5,43,54,19,8,11,5,0,0,0
B-threat-always,hunt,2024,102024,20,True,1,5,55,65,20,8,12,4,0,0,0
B-threat-always,hunt,2025,102025,19,False,0,5,88,90,19,9,10,5,0,0,0
B-threat-always,hunt,2026,102026,13,False,0,5,41,46,13,6,7,5,0,0,0
B-threat-always,hunt,2027,102027,13,False,0,5,54,62,13,7,6,5,0,0,0
B-threat-always,hunt,2028,102028,20,True,1,5,27,36,20,7,13,4,0,0,0
B-threat-always,hunt,2029,102029,14,False,0,5,25,32,14,4,10,5,0,0,0
B-threat-always,hunt,2030,102030,14,False,0,5,56,58,14,7,7,5,0,0,0
B-threat-always,hunt,2031,102031,20,True,3,5,86,92,20,13,7,2,0,0,0
B-threat-always,hunt,2032,102032,20,True,2,5,50,53,20,9,11,3,0,0,0
B-threat-always,hunt,2033,102033,10,False,0,5,33,34,10,5,5,5,0,0,0
B-threat-always,hunt,2034,102034,16,False,0,5,62,63,16,9,7,5,0,0,0
B-threat-always,hunt,2035,102035,20,False,0,5,58,63,20,9,11,5,0,0,0
B-threat-always,hunt,2036,102036,9,False,0,5,23,24,9,4,5,5,0,0,0
B-threat-always,hunt,2037,102037,16,False,0,5,82,86,16,8,8,5,0,0,0
B-threat-always,hunt,2038,102038,9,False,0,5,25,27,9,4,5,5,0,0,0
B-threat-always,hunt,2039,102039,10,False,0,5,27,30,10,5,5,5,0,0,0
B-threat-always,hunt,2040,102040,13,False,0,5,76,77,13,7,6,5,0,0,0
B-threat-always,hunt,2041,102041,17,False,0,5,13,24,17,6,11,5,0,0,0
B-threat-always,hunt,2042,102042,20,True,1,5,78,84,20,12,8,4,0,0,0
B-threat-always,hunt,2043,102043,20,True,2,5,35,46,20,7,13,3,0,0,0
B-threat-always,hunt,2044,102044,15,False,0,5,74,78,15,8,7,5,0,0,0
B-threat-always,hunt,2045,102045,15,False,0,5,40,48,15,8,7,5,0,0,0
B-threat-always,hunt,2046,102046,14,False,0,5,32,41,14,6,8,5,0,0,0
B-threat-always,hunt,2047,102047,20,True,1,5,48,56,20,7,13,4,0,0,0
B-threat-always,hunt,2048,102048,20,True,1,5,56,63,20,8,12,4,0,0,0
B-threat-always,hunt,2049,102049,20,True,1,5,51,56,20,8,12,4,0,0,0
B-threat-always,hunt,2050,102050,20,True,2,5,89,100,20,12,8,3,0,0,0
B-threat-always,hunt,2051,102051,15,False,0,5,53,65,15,8,7,5,0,0,0
B-threat-always,hunt,2052,102052,20,True,3,5,62,72,20,13,7,2,0,0,0
B-threat-always,hunt,2053,102053,14,False,0,5,35,44,14,6,8,5,0,0,0
B-threat-always,hunt,2054,102054,16,False,0,5,31,39,16,5,11,5,0,0,0
B-threat-always,hunt,2055,102055,20,False,0,5,34,39,20,8,12,5,0,0,0
B-threat-always,hunt,2056,102056,20,True,1,5,73,77,20,10,10,4,0,0,0
B-threat-always,hunt,2057,102057,14,False,0,5,56,65,14,7,7,5,0,0,0
B-threat-always,hunt,2058,102058,11,False,0,5,46,49,11,6,5,5,0,0,0
B-threat-always,hunt,2059,102059,13,False,0,5,38,47,13,6,7,5,0,0,0
B-threat-always,hunt,2060,102060,18,False,0,5,49,57,18,8,10,5,0,0,0
B-threat-always,hunt,2061,102061,16,False,0,5,48,51,16,8,8,5,0,0,0
B-threat-always,hunt,2062,102062,17,False,0,5,17,40,17,5,12,5,0,0,0
B-threat-always,hunt,2063,102063,20,True,1,5,49,53,20,7,13,4,0,0,0
B-threat-always,hunt,2064,102064,20,True,4,5,88,101,20,13,7,1,0,0,0
B-threat-always,hunt,2065,102065,16,False,0,5,69,73,16,8,8,5,0,0,0
B-threat-always,hunt,2066,102066,18,False,0,5,48,56,18,7,11,5,0,0,0
B-threat-always,hunt,2067,102067,20,True,2,5,93,96,20,13,7,3,0,0,0
B-threat-always,hunt,2068,102068,20,True,2,5,92,96,20,12,8,3,0,0,0
B-threat-always,hunt,2069,102069,13,False,0,5,29,37,13,4,9,5,0,0,0
B-threat-always,hunt,2070,102070,20,True,3,5,125,126,20,14,6,2,0,0,0
B-threat-always,hunt,2071,102071,20,False,0,5,54,62,20,10,10,5,0,0,0
B-threat-always,hunt,2072,102072,13,False,0,5,46,49,13,5,8,5,0,0,0
B-threat-always,hunt,2073,102073,16,False,0,5,23,30,16,6,10,5,0,0,0
B-threat-always,hunt,2074,102074,20,False,0,5,67,74,20,10,10,5,0,0,0
B-threat-always,hunt,2075,102075,19,False,0,5,60,67,19,9,10,5,0,0,0
B-threat-always,hunt,2076,102076,17,False,0,5,27,30,17,9,8,5,0,0,0
B-threat-always,hunt,2077,102077,17,False,0,5,31,35,17,8,9,5,0,0,0
B-threat-always,hunt,2078,102078,19,False,0,5,63,69,19,10,9,5,0,0,0
B-threat-always,hunt,2079,102079,20,True,2,5,66,71,20,11,9,3,0,0,0
B-threat-always,hunt,2080,102080,14,False,0,5,37,45,14,6,8,5,0,0,0
B-threat-always,hunt,2081,102081,17,False,0,5,64,65,17,8,9,5,0,0,0
B-threat-always,hunt,2082,102082,13,False,0,5,49,58,13,7,6,5,0,0,0
B-threat-always,hunt,2083,102083,20,True,1,5,70,73,20,9,11,4,0,0,0
B-threat-always,hunt,2084,102084,17,False,0,5,42,46,17,8,9,5,0,0,0
B-threat-always,hunt,2085,102085,13,False,0,5,24,30,13,4,9,5,0,0,0
B-threat-always,hunt,2086,102086,15,False,0,5,31,33,13,6,7,5,0,0,0
B-threat-always,hunt,2087,102087,14,False,0,5,80,80,14,9,5,5,0,0,0
B-threat-always,hunt,2088,102088,12,False,0,5,62,63,12,7,5,5,0,0,0
B-threat-always,hunt,2089,102089,15,False,0,5,51,52,15,8,7,5,0,0,0
B-threat-always,hunt,2090,102090,13,False,0,5,27,33,13,6,7,5,0,0,0
B-threat-always,hunt,2091,102091,20,True,1,5,48,59,20,9,11,4,0,0,0
B-threat-always,hunt,2092,102092,11,False,0,5,35,39,11,5,6,5,0,0,0
B-threat-always,hunt,2093,102093,20,False,0,5,74,82,20,10,10,5,0,0,0
B-threat-always,hunt,2094,102094,19,False,0,5,62,70,19,8,11,5,0,0,0
B-threat-always,hunt,2095,102095,16,False,0,5,51,58,16,8,8,5,0,0,0
B-threat-always,hunt,2096,102096,20,True,1,5,23,30,20,5,15,4,0,0,0
B-threat-always,hunt,2097,102097,18,False,0,5,83,83,18,11,7,5,0,0,0
B-threat-always,hunt,2098,102098,16,False,0,5,38,51,16,7,9,5,0,0,0
B-threat-always,hunt,2099,102099,18,False,0,5,37,43,18,8,10,5,0,0,0
B-threat-always,hunt,2100,102100,8,False,0,5,3,9,8,1,7,5,0,0,0
B-threat-always,hunt,2101,102101,18,False,0,5,43,46,18,9,9,5,0,0,0
B-threat-always,hunt,2102,102102,10,False,0,5,24,29,10,3,7,5,0,0,0
B-threat-always,hunt,2103,102103,19,False,0,5,53,58,19,8,11,5,0,0,0
B-threat-always,hunt,2104,102104,18,False,0,5,62,64,18,10,8,5,0,0,0
B-threat-always,hunt,2105,102105,20,False,0,5,37,44,20,8,12,5,0,0,0
B-threat-always,hunt,2106,102106,20,True,3,5,68,77,20,11,9,2,0,0,0
B-threat-always,hunt,2107,102107,16,False,0,5,56,62,16,9,7,5,0,0,0
B-threat-always,hunt,2108,102108,12,False,0,5,34,39,12,4,8,5,0,0,0
B-threat-always,hunt,2109,102109,20,True,2,5,78,81,20,11,9,3,0,0,0
B-threat-always,hunt,2110,102110,19,False,0,5,52,57,19,10,9,5,0,0,0
B-threat-always,hunt,2111,102111,18,False,0,5,45,56,18,6,12,5,0,0,0
B-threat-always,hunt,2112,102112,14,False,0,5,31,33,14,7,7,5,0,0,0
B-threat-always,hunt,2113,102113,14,False,0,5,65,73,14,8,6,5,0,0,0
B-threat-always,hunt,2114,102114,20,True,1,5,75,79,20,9,11,4,0,0,0
B-threat-always,hunt,2115,102115,12,False,0,5,60,63,12,7,5,5,0,0,0
B-threat-always,hunt,2116,102116,20,True,1,5,18,31,20,5,15,4,0,0,0
B-threat-always,hunt,2117,102117,17,False,0,5,47,57,17,8,9,5,0,0,0
B-threat-always,hunt,2118,102118,15,False,0,5,81,84,15,10,5,5,0,0,0
B-threat-always,hunt,2119,102119,12,False,0,5,35,39,12,5,7,5,0,0,0
B-threat-always,hunt,2120,102120,20,True,1,5,65,66,20,10,10,4,0,0,0
B-threat-always,hunt,2121,102121,13,False,0,5,20,27,13,5,8,5,0,0,0
B-threat-always,hunt,2122,102122,14,False,0,5,33,37,14,7,7,5,0,0,0
B-threat-always,hunt,2123,102123,20,True,2,5,52,64,20,11,9,3,0,0,0
B-threat-always,hunt,2124,102124,12,False,0,5,28,32,12,6,6,5,0,0,0
B-threat-always,hunt,2125,102125,12,False,0,5,62,68,12,7,5,5,0,0,0
B-threat-always,hunt,2126,102126,16,False,0,5,44,47,16,8,8,5,0,0,0
B-threat-always,hunt,2127,102127,16,False,0,5,67,76,16,9,7,5,0,0,0
B-threat-always,hunt,2128,102128,14,False,0,5,62,68,14,9,5,5,0,0,0
B-threat-always,hunt,2129,102129,11,False,0,5,48,51,11,6,5,5,0,0,0
B-threat-always,hunt,2130,102130,20,False,0,5,41,50,20,7,13,5,0,0,0
B-threat-always,hunt,2131,102131,20,True,3,5,54,79,20,10,10,2,0,0,0
B-threat-always,hunt,2132,102132,20,True,1,5,17,26,19,4,15,4,0,0,0
B-threat-always,hunt,2133,102133,19,False,0,5,73,81,19,9,10,5,0,0,0
B-threat-always,hunt,2134,102134,20,True,1,5,87,91,20,10,10,4,0,0,0
B-threat-always,hunt,2135,102135,18,False,0,5,47,57,18,6,12,5,0,0,0
B-threat-always,hunt,2136,102136,12,False,0,5,0,10,10,1,9,4,0,0,0
B-threat-always,hunt,2137,102137,12,False,0,5,51,52,12,6,6,5,0,0,0
B-threat-always,hunt,2138,102138,13,False,0,5,47,52,13,6,7,5,0,0,0
B-threat-always,hunt,2139,102139,19,False,0,5,64,69,19,8,11,5,0,0,0
B-threat-always,hunt,2140,102140,20,True,2,5,82,85,20,10,10,3,0,0,0
B-threat-always,hunt,2141,102141,8,False,0,5,18,20,8,2,6,5,0,0,0
B-threat-always,hunt,2142,102142,14,False,0,5,41,45,14,7,7,5,0,0,0
B-threat-always,hunt,2143,102143,18,False,0,5,13,26,18,2,16,5,0,0,0
B-threat-always,hunt,2144,102144,20,True,1,5,44,61,20,6,14,4,0,0,0
B-threat-always,hunt,2145,102145,15,False,0,5,41,49,15,8,7,5,0,0,0
B-threat-always,hunt,2146,102146,15,False,0,5,53,57,15,8,7,5,0,0,0
B-threat-always,hunt,2147,102147,16,False,0,5,76,82,16,9,7,5,0,0,0
B-threat-always,hunt,2148,102148,12,False,0,5,38,45,12,6,6,5,0,0,0
B-threat-always,hunt,2149,102149,16,False,0,5,27,39,16,4,12,5,0,0,0
B-threat-always,hunt,2150,102150,20,True,1,5,58,65,20,8,12,4,0,0,0
B-threat-always,hunt,2151,102151,17,False,0,5,28,37,17,6,11,5,0,0,0
B-threat-always,hunt,2152,102152,19,False,0,5,40,45,19,9,10,5,0,0,0
B-threat-always,hunt,2153,102153,12,False,0,5,58,61,12,7,5,5,0,0,0
B-threat-always,hunt,2154,102154,13,False,0,5,26,34,13,7,6,5,0,0,0
B-threat-always,hunt,2155,102155,16,False,0,5,27,36,16,7,9,5,0,0,0
B-threat-always,hunt,2156,102156,20,True,1,5,84,93,19,12,7,4,0,0,0
B-threat-always,hunt,2157,102157,14,False,0,5,44,55,14,6,8,5,0,0,0
B-threat-always,hunt,2158,102158,11,False,0,5,35,40,11,5,6,5,0,0,0
B-threat-always,hunt,2159,102159,11,False,0,5,16,19,11,3,8,5,0,0,0
B-threat-always,hunt,2160,102160,12,False,0,5,17,22,12,5,7,5,0,0,0
B-threat-always,hunt,2161,102161,20,True,2,5,81,90,20,11,9,3,0,0,0
B-threat-always,hunt,2162,102162,15,False,0,5,68,71,15,7,8,5,0,0,0
B-threat-always,hunt,2163,102163,10,False,0,5,28,34,10,5,5,5,0,0,0
B-threat-always,hunt,2164,102164,20,True,1,5,40,49,20,8,12,4,0,0,0
B-threat-always,hunt,2165,102165,20,True,1,5,93,95,20,11,9,4,0,0,0
B-threat-always,hunt,2166,102166,17,False,0,5,46,54,17,6,11,5,0,0,0
B-threat-always,hunt,2167,102167,20,True,1,5,43,52,20,8,12,4,0,0,0
B-threat-always,hunt,2168,102168,10,False,0,5,30,35,10,3,7,5,0,0,0
B-threat-always,hunt,2169,102169,20,True,1,5,90,95,20,11,9,4,0,0,0
B-threat-always,hunt,2170,102170,12,False,0,5,47,51,12,5,7,5,0,0,0
B-threat-always,hunt,2171,102171,16,False,0,5,37,44,16,7,9,5,0,0,0
B-threat-always,hunt,2172,102172,20,True,3,5,90,100,20,12,8,2,0,0,0
B-threat-always,hunt,2173,102173,18,False,0,5,62,65,18,10,8,5,0,0,0
B-threat-always,hunt,2174,102174,13,False,0,5,36,41,13,4,9,5,0,0,0
B-threat-always,hunt,2175,102175,20,False,0,5,48,50,20,10,10,5,0,0,0
B-threat-always,hunt,2176,102176,18,False,0,5,55,61,18,8,10,5,0,0,0
B-threat-always,hunt,2177,102177,20,True,1,5,57,61,20,8,12,4,0,0,0
B-threat-always,hunt,2178,102178,20,True,1,5,62,75,20,10,10,4,0,0,0
B-threat-always,hunt,2179,102179,14,False,0,5,7,17,14,2,12,5,0,0,0
B-threat-always,hunt,2180,102180,10,False,0,5,31,34,10,5,5,5,0,0,0
B-threat-always,hunt,2181,102181,20,False,0,5,75,79,20,12,8,5,0,0,0
B-threat-always,hunt,2182,102182,11,False,0,5,29,33,11,5,6,5,0,0,0
B-threat-always,hunt,2183,102183,20,True,1,5,70,76,20,10,10,4,0,0,0
B-threat-always,hunt,2184,102184,14,False,0,5,58,59,14,8,6,5,0,0,0
B-threat-always,hunt,2185,102185,20,True,2,5,56,64,20,10,10,3,0,0,0
B-threat-always,hunt,2186,102186,20,True,1,5,41,49,20,7,13,4,0,0,0
B-threat-always,hunt,2187,102187,20,True,2,5,87,96,20,13,7,3,0,0,0
B-threat-always,hunt,2188,102188,20,True,1,5,55,63,20,9,11,4,0,0,0
B-threat-always,hunt,2189,102189,20,False,0,5,72,80,20,11,9,5,0,0,0
B-threat-always,hunt,2190,102190,11,False,0,5,48,53,11,5,6,5,0,0,0
B-threat-always,hunt,2191,102191,15,False,0,5,61,72,15,6,9,5,0,0,0
B-threat-always,hunt,2192,102192,15,False,0,5,65,76,15,8,7,5,0,0,0
B-threat-always,hunt,2193,102193,20,True,1,5,72,76,20,10,10,4,0,0,0
B-threat-always,hunt,2194,102194,19,False,0,5,54,63,19,8,11,5,0,0,0
B-threat-always,hunt,2195,102195,11,False,0,5,16,22,11,5,6,5,0,0,0
B-threat-always,hunt,2196,102196,20,True,2,5,102,105,20,13,7,3,0,0,0
B-threat-always,hunt,2197,102197,12,False,0,5,32,41,12,3,9,5,0,0,0
B-threat-always,hunt,2198,102198,14,False,0,5,36,38,14,7,7,5,0,0,0
B-threat-always,hunt,2199,102199,13,False,0,5,24,34,13,5,8,5,0,0,0
B-threat-always,hunt,2200,102200,14,False,0,5,49,51,14,7,7,5,0,0,0
B-threat-always,hunt,2201,102201,19,False,0,5,55,62,19,7,12,5,0,0,0
B-threat-always,hunt,2202,102202,17,False,0,5,32,39,17,7,10,5,0,0,0
B-threat-always,hunt,2203,102203,17,False,0,5,50,58,17,7,10,5,0,0,0
B-threat-always,hunt,2204,102204,17,False,0,5,49,51,17,10,7,5,0,0,0
B-threat-always,hunt,2205,102205,16,False,0,5,64,68,16,10,6,5,0,0,0
B-threat-always,hunt,2206,102206,20,True,2,5,15,30,19,4,15,3,0,0,0
B-threat-always,hunt,2207,102207,20,True,1,5,108,111,20,12,8,4,0,0,0
B-threat-always,hunt,2208,102208,20,True,1,5,70,82,20,9,11,4,0,0,0
B-threat-always,hunt,2209,102209,14,False,0,5,73,85,14,8,6,5,0,0,0
B-threat-always,hunt,2210,102210,14,False,0,5,37,49,14,6,8,5,0,0,0
B-threat-always,hunt,2211,102211,20,True,2,5,103,108,20,13,7,3,0,0,0
B-threat-always,hunt,2212,102212,13,False,0,5,4,9,11,1,10,5,0,0,0
B-threat-always,hunt,2213,102213,10,False,0,5,42,45,10,5,5,5,0,0,0
B-threat-always,hunt,2214,102214,15,False,0,5,44,47,15,7,8,5,0,0,0
B-threat-always,hunt,2215,102215,13,False,0,5,35,37,13,6,7,5,0,0,0
B-threat-always,hunt,2216,102216,15,False,0,5,41,47,15,7,8,5,0,0,0
B-threat-always,hunt,2217,102217,20,True,1,5,68,73,20,9,11,4,0,0,0
B-threat-always,hunt,2218,102218,20,True,1,5,79,83,20,11,9,4,0,0,0
B-threat-always,hunt,2219,102219,15,False,0,5,56,57,15,9,6,5,0,0,0
B-threat-always,hunt,2220,102220,15,False,0,5,50,52,15,7,8,5,0,0,0
B-threat-always,hunt,2221,102221,20,True,1,5,47,53,20,9,11,4,0,0,0
B-threat-always,hunt,2222,102222,20,False,0,5,73,80,20,11,9,5,0,0,0
B-threat-always,hunt,2223,102223,19,False,0,5,73,80,19,9,10,5,0,0,0
B-threat-always,hunt,2224,102224,13,False,0,5,50,56,13,8,5,5,0,0,0
B-threat-always,hunt,2225,102225,20,True,2,5,82,88,20,10,10,3,0,0,0
B-threat-always,hunt,2226,102226,13,False,0,5,43,48,13,6,7,5,0,0,0
B-threat-always,hunt,2227,102227,13,False,0,5,30,35,12,5,7,5,0,0,0
B-threat-always,hunt,2228,102228,20,True,1,5,41,51,20,7,13,4,0,0,0
B-threat-always,hunt,2229,102229,14,False,0,5,47,53,14,8,6,5,0,0,0
B-threat-always,hunt,2230,102230,20,True,1,5,65,72,20,9,11,4,0,0,0
B-threat-always,hunt,2231,102231,14,False,0,5,38,45,14,6,8,5,0,0,0
B-threat-always,hunt,2232,102232,19,False,0,5,30,39,19,9,10,5,0,0,0
B-threat-always,hunt,2233,102233,12,False,0,5,39,43,12,5,7,5,0,0,0
B-threat-always,hunt,2234,102234,12,False,0,5,54,57,12,6,6,5,0,0,0
B-threat-always,hunt,2235,102235,20,True,2,5,67,77,20,11,9,3,0,0,0
B-threat-always,hunt,2236,102236,14,False,0,5,4,13,14,4,10,5,0,0,0
B-threat-always,hunt,2237,102237,20,True,1,5,28,43,20,8,12,4,0,0,0
B-threat-always,hunt,2238,102238,12,False,0,5,55,63,12,6,6,5,0,0,0
B-threat-always,hunt,2239,102239,18,False,0,5,69,71,18,11,7,5,0,0,0
B-threat-always,hunt,2240,102240,13,False,0,5,29,43,13,7,6,5,0,0,0
B-threat-always,hunt,2241,102241,16,False,0,5,33,34,16,7,9,5,0,0,0
B-threat-always,hunt,2242,102242,10,False,0,5,29,30,10,4,6,5,0,0,0
B-threat-always,hunt,2243,102243,14,False,0,5,32,36,14,6,8,5,0,0,0
B-threat-always,hunt,2244,102244,20,True,3,5,76,78,20,12,8,2,0,0,0
B-threat-always,hunt,2245,102245,19,False,0,5,44,55,19,9,10,5,0,0,0
B-threat-always,hunt,2246,102246,20,False,0,5,65,68,20,9,11,5,0,0,0
B-threat-always,hunt,2247,102247,20,True,1,5,111,114,20,13,7,4,0,0,0
B-threat-always,hunt,2248,102248,20,True,1,5,72,83,20,9,11,4,0,0,0
B-threat-always,hunt,2249,102249,20,True,2,5,74,77,20,11,9,3,0,0,0
B-threat-always,hunt,2250,102250,20,True,2,5,78,87,20,13,7,3,0,0,0
B-threat-always,hunt,2251,102251,14,False,0,5,37,42,14,4,10,5,0,0,0
B-threat-always,hunt,2252,102252,17,False,0,5,40,50,17,9,8,5,0,0,0
B-threat-always,hunt,2253,102253,20,True,1,5,64,72,20,10,10,4,0,0,0
B-threat-always,hunt,2254,102254,16,False,0,5,58,64,16,8,8,5,0,0,0
B-threat-always,hunt,2255,102255,14,False,0,5,48,51,14,6,8,5,0,0,0
B-threat-always,hunt,2256,102256,16,False,0,5,37,43,16,7,9,5,0,0,0
B-threat-always,hunt,2257,102257,12,False,0,5,51,59,12,6,6,5,0,0,0
B-threat-always,hunt,2258,102258,15,False,0,5,31,36,15,6,9,5,0,0,0
B-threat-always,hunt,2259,102259,20,True,2,5,68,73,20,12,8,3,0,0,0
B-threat-always,hunt,2260,102260,18,False,0,5,32,41,18,7,11,5,0,0,0
B-threat-always,hunt,2261,102261,18,False,0,5,89,92,18,10,8,5,0,0,0
B-threat-always,hunt,2262,102262,14,False,0,5,31,35,14,4,10,5,0,0,0
B-threat-always,hunt,2263,102263,13,False,0,5,29,32,13,6,7,5,0,0,0
B-threat-always,hunt,2264,102264,13,False,0,5,28,35,13,5,8,5,0,0,0
B-threat-always,hunt,2265,102265,11,False,0,5,21,29,11,4,7,5,0,0,0
B-threat-always,hunt,2266,102266,20,True,1,5,82,92,20,12,8,4,0,0,0
B-threat-always,hunt,2267,102267,17,False,0,5,48,55,17,9,8,5,0,0,0
B-threat-always,hunt,2268,102268,20,True,3,5,118,122,20,13,7,2,0,0,0
B-threat-always,hunt,2269,102269,12,False,0,5,56,63,12,6,6,5,0,0,0
B-threat-always,hunt,2270,102270,20,False,0,5,81,84,20,10,10,5,0,0,0
B-threat-always,hunt,2271,102271,15,False,0,5,42,46,15,6,9,5,0,0,0
B-threat-always,hunt,2272,102272,20,True,3,5,67,77,20,10,10,2,0,0,0
B-threat-always,hunt,2273,102273,11,False,0,5,29,35,11,5,6,5,0,0,0
B-threat-always,hunt,2274,102274,20,True,3,5,88,98,20,14,6,2,0,0,0
B-threat-always,hunt,2275,102275,15,False,0,5,37,49,15,6,9,5,0,0,0
B-threat-always,hunt,2276,102276,13,False,0,5,22,31,13,6,7,5,0,0,0
B-threat-always,hunt,2277,102277,14,False,0,5,39,41,13,6,7,5,0,0,0
B-threat-always,hunt,2278,102278,20,True,1,5,67,77,20,9,11,4,0,0,0
B-threat-always,hunt,2279,102279,12,False,0,5,19,22,12,5,7,5,0,0,0
B-threat-always,hunt,2280,102280,14,False,0,5,3,16,14,5,9,5,0,0,0
B-threat-always,hunt,2281,102281,20,True,1,5,81,86,20,10,10,4,0,0,0
B-threat-always,hunt,2282,102282,19,False,0,5,59,68,19,9,10,5,0,0,0
B-threat-always,hunt,2283,102283,20,True,1,5,43,64,20,8,12,4,0,0,0
B-threat-always,hunt,2284,102284,20,True,3,5,38,51,20,10,10,2,0,0,0
B-threat-always,hunt,2285,102285,13,False,0,5,37,40,13,8,5,5,0,0,0
B-threat-always,hunt,2286,102286,12,False,0,5,37,41,12,5,7,5,0,0,0
B-threat-always,hunt,2287,102287,16,False,0,5,78,83,16,9,7,5,0,0,0
B-threat-always,hunt,2288,102288,17,False,0,5,64,71,17,8,9,5,0,0,0
B-threat-always,hunt,2289,102289,16,False,0,5,49,55,16,8,8,5,0,0,0
B-threat-always,hunt,2290,102290,20,True,1,5,67,73,20,9,11,4,0,0,0
B-threat-always,hunt,2291,102291,18,False,0,5,43,52,18,10,8,5,0,0,0
B-threat-always,hunt,2292,102292,20,False,0,5,67,74,20,10,10,5,0,0,0
B-threat-always,hunt,2293,102293,15,False,0,5,75,75,15,10,5,5,0,0,0
B-threat-always,hunt,2294,102294,14,False,0,5,51,54,14,7,7,5,0,0,0
B-threat-always,hunt,2295,102295,17,False,0,5,48,53,17,8,9,5,0,0,0
B-threat-always,hunt,2296,102296,18,False,0,5,76,82,18,11,7,5,0,0,0
B-threat-always,hunt,2297,102297,10,False,0,5,10,16,10,3,7,5,0,0,0
B-threat-always,hunt,2298,102298,17,False,0,5,41,51,17,9,8,5,0,0,0
B-threat-always,hunt,2299,102299,17,False,0,5,20,30,17,6,11,5,0,0,0
B-threat-always,hunt,2300,102300,20,True,2,5,60,64,20,9,11,3,0,0,0
B-threat-always,hunt,2301,102301,17,False,0,5,47,54,17,8,9,5,0,0,0
B-threat-always,hunt,2302,102302,18,False,0,5,42,48,18,7,11,5,0,0,0
B-threat-always,hunt,2303,102303,12,False,0,5,36,42,12,6,6,5,0,0,0
B-threat-always,hunt,2304,102304,15,False,0,5,46,55,15,7,8,5,0,0,0
B-threat-always,hunt,2305,102305,13,False,0,5,13,25,13,4,9,5,0,0,0
B-threat-always,hunt,2306,102306,20,True,1,5,64,82,20,9,11,4,0,0,0
B-threat-always,hunt,2307,102307,15,False,0,5,46,53,15,7,8,5,0,0,0
B-threat-always,hunt,2308,102308,20,True,1,5,6,18,20,5,15,4,0,0,0
B-threat-always,hunt,2309,102309,20,True,2,5,92,96,20,11,9,3,0,0,0
B-threat-always,hunt,2310,102310,15,False,0,5,49,54,15,7,8,5,0,0,0
B-threat-always,hunt,2311,102311,20,True,1,5,59,68,20,8,12,4,0,0,0
B-threat-always,hunt,2312,102312,20,True,1,5,53,66,20,9,11,4,0,0,0
B-threat-always,hunt,2313,102313,20,True,2,5,52,56,20,8,12,3,0,0,0
B-threat-always,hunt,2314,102314,16,False,0,5,65,72,16,9,7,5,0,0,0
B-threat-always,hunt,2315,102315,19,False,0,5,83,87,19,10,9,5,0,0,0
B-threat-always,hunt,2316,102316,15,False,0,5,60,67,15,7,8,5,0,0,0
B-threat-always,hunt,2317,102317,17,False,0,5,43,50,17,7,10,5,0,0,0
B-threat-always,hunt,2318,102318,19,False,0,5,66,68,19,10,9,5,0,0,0
B-threat-always,hunt,2319,102319,12,False,0,5,18,22,12,4,8,5,0,0,0
B-threat-always,hunt,2320,102320,20,True,2,5,55,63,20,8,12,3,0,0,0
B-threat-always,hunt,2321,102321,14,False,0,5,32,37,14,7,7,5,0,0,0
B-threat-always,hunt,2322,102322,17,False,0,5,80,85,17,9,8,5,0,0,0
B-threat-always,hunt,2323,102323,17,False,0,5,89,90,17,10,7,5,0,0,0
B-threat-always,hunt,2324,102324,19,False,0,5,113,113,19,11,8,5,0,0,0
B-threat-always,hunt,2325,102325,11,False,0,5,26,27,11,5,6,5,0,0,0
B-threat-always,hunt,2326,102326,13,False,0,5,49,56,13,6,7,5,0,0,0
B-threat-always,hunt,2327,102327,20,True,1,5,51,58,20,10,10,4,0,0,0
B-threat-always,hunt,2328,102328,20,False,0,5,30,43,20,8,12,5,0,0,0
B-threat-always,hunt,2329,102329,13,False,0,5,15,24,13,6,7,5,0,0,0
B-threat-always,hunt,2330,102330,17,False,0,5,54,58,17,7,10,5,0,0,0
B-threat-always,hunt,2331,102331,18,False,0,5,41,47,18,7,11,5,0,0,0
B-threat-always,hunt,2332,102332,20,True,1,5,41,45,20,7,13,4,0,0,0
B-threat-always,hunt,2333,102333,18,False,0,5,26,33,18,7,11,5,0,0,0
B-threat-always,hunt,2334,102334,16,False,0,5,38,40,16,7,9,5,0,0,0
B-threat-always,hunt,2335,102335,10,False,0,5,6,11,10,2,8,5,0,0,0
B-threat-always,hunt,2336,102336,13,False,0,5,39,48,13,7,6,5,0,0,0
B-threat-always,hunt,2337,102337,12,False,0,5,28,28,12,6,6,5,0,0,0
B-threat-always,hunt,2338,102338,20,True,2,5,66,75,20,11,9,3,0,0,0
B-threat-always,hunt,2339,102339,20,True,1,5,35,44,20,9,11,4,0,0,0
B-threat-always,hunt,2340,102340,16,False,0,5,58,63,16,9,7,5,0,0,0
B-threat-always,hunt,2341,102341,20,True,1,5,41,63,20,7,13,4,0,0,0
B-threat-always,hunt,2342,102342,18,False,0,5,60,65,18,10,8,5,0,0,0
B-threat-always,hunt,2343,102343,14,False,0,5,28,37,14,6,8,5,0,0,0
B-threat-always,hunt,2344,102344,14,False,0,5,0,7,13,2,11,4,0,0,0
B-threat-always,hunt,2345,102345,15,False,0,5,30,33,15,7,8,5,0,0,0
B-threat-always,hunt,2346,102346,12,False,0,5,12,23,12,3,9,5,0,0,0
B-threat-always,hunt,2347,102347,15,False,0,5,41,47,15,5,10,5,0,0,0
B-threat-always,hunt,2348,102348,16,False,0,5,27,37,16,5,11,5,0,0,0
B-threat-always,hunt,2349,102349,15,False,0,5,62,64,15,9,6,5,0,0,0
B-threat-always,hunt,2350,102350,16,False,0,5,45,50,16,7,9,5,0,0,0
B-threat-always,hunt,2351,102351,20,True,2,5,56,74,20,9,11,3,0,0,0
B-threat-always,hunt,2352,102352,17,False,0,5,53,57,17,9,8,5,0,0,0
B-threat-always,hunt,2353,102353,16,False,0,5,51,56,16,9,7,5,0,0,0
B-threat-always,hunt,2354,102354,12,False,0,5,15,17,12,5,7,5,0,0,0
B-threat-always,hunt,2355,102355,9,False,0,5,7,13,9,2,7,5,0,0,0
B-threat-always,hunt,2356,102356,12,False,0,5,39,43,12,5,7,5,0,0,0
B-threat-always,hunt,2357,102357,13,False,0,5,22,30,13,4,9,5,0,0,0
B-threat-always,hunt,2358,102358,16,False,0,5,35,37,16,9,7,5,0,0,0
B-threat-always,hunt,2359,102359,12,False,0,5,15,23,12,4,8,5,0,0,0
B-threat-always,hunt,2360,102360,20,False,0,5,60,67,20,10,10,5,0,0,0
B-threat-always,hunt,2361,102361,20,True,2,5,86,91,20,11,9,3,0,0,0
B-threat-always,hunt,2362,102362,13,False,0,5,29,34,13,4,9,5,0,0,0
B-threat-always,hunt,2363,102363,15,False,0,5,29,33,15,7,8,5,0,0,0
B-threat-always,hunt,2364,102364,16,False,0,5,54,56,16,8,8,5,0,0,0
B-threat-always,hunt,2365,102365,10,False,0,5,20,26,10,4,6,5,0,0,0
B-threat-always,hunt,2366,102366,20,True,1,5,56,65,20,7,13,4,0,0,0
B-threat-always,hunt,2367,102367,13,False,0,5,38,45,13,6,7,5,0,0,0
B-threat-always,hunt,2368,102368,19,False,0,5,28,38,19,5,14,5,0,0,0
B-threat-always,hunt,2369,102369,20,True,1,5,116,122,20,13,7,4,0,0,0
B-threat-always,hunt,2370,102370,12,False,0,5,42,43,12,7,5,5,0,0,0
B-threat-always,hunt,2371,102371,20,True,2,5,35,46,20,10,10,3,0,0,0
B-threat-always,hunt,2372,102372,20,True,1,5,63,75,20,8,12,4,0,0,0
B-threat-always,hunt,2373,102373,12,False,0,5,10,15,11,3,8,5,0,0,0
B-threat-always,hunt,2374,102374,16,False,0,5,43,51,16,7,9,5,0,0,0
B-threat-always,hunt,2375,102375,20,False,0,5,49,64,20,8,12,5,0,0,0
B-threat-always,hunt,2376,102376,19,False,0,5,10,30,19,6,13,5,0,0,0
B-threat-always,hunt,2377,102377,19,False,0,5,50,59,19,9,10,5,0,0,0
B-threat-always,hunt,2378,102378,20,True,3,5,26,39,20,7,13,2,0,0,0
B-threat-always,hunt,2379,102379,11,False,0,5,38,44,11,6,5,5,0,0,0
B-threat-always,hunt,2380,102380,20,True,2,5,62,69,20,9,11,3,0,0,0
B-threat-always,hunt,2381,102381,20,True,1,5,41,54,20,7,13,4,0,0,0
B-threat-always,hunt,2382,102382,14,False,0,5,62,64,14,8,6,5,0,0,0
B-threat-always,hunt,2383,102383,17,False,0,5,49,52,17,9,8,5,0,0,0
B-threat-always,hunt,2384,102384,20,True,1,5,77,79,20,9,11,4,0,0,0
B-threat-always,hunt,2385,102385,14,False,0,5,70,74,14,8,6,5,0,0,0
B-threat-always,hunt,2386,102386,9,False,0,5,15,21,9,3,6,5,0,0,0
B-threat-always,hunt,2387,102387,20,True,1,5,99,104,20,12,8,4,0,0,0
B-threat-always,hunt,2388,102388,14,False,0,5,36,41,14,7,7,5,0,0,0
B-threat-always,hunt,2389,102389,13,False,0,5,35,37,13,6,7,5,0,0,0
B-threat-always,hunt,2390,102390,20,True,3,5,102,110,20,12,8,2,0,0,0
B-threat-always,hunt,2391,102391,16,False,0,5,25,32,16,5,11,5,0,0,0
B-threat-always,hunt,2392,102392,20,True,1,5,65,68,20,11,9,4,0,0,0
B-threat-always,hunt,2393,102393,13,False,0,5,62,68,13,8,5,5,0,0,0
B-threat-always,hunt,2394,102394,18,False,0,5,77,89,18,10,8,5,0,0,0
B-threat-always,hunt,2395,102395,10,False,0,5,38,39,10,5,5,5,0,0,0
B-threat-always,hunt,2396,102396,15,False,0,5,57,63,15,8,7,5,0,0,0
B-threat-always,hunt,2397,102397,20,True,1,5,75,83,20,10,10,4,0,0,0
B-threat-always,hunt,2398,102398,16,False,0,5,73,80,16,10,6,5,0,0,0
B-threat-always,hunt,2399,102399,14,False,0,5,46,53,14,7,7,5,0,0,0
B-threat-always,hunt,2400,102400,16,False,0,5,57,59,16,9,7,5,0,0,0
B-threat-always,hunt,2401,102401,13,False,0,5,31,43,13,7,6,5,0,0,0
B-threat-always,hunt,2402,102402,14,False,0,5,62,67,14,8,6,5,0,0,0
B-threat-always,hunt,2403,102403,12,False,0,5,38,41,12,7,5,5,0,0,0
B-threat-always,hunt,2404,102404,20,True,2,5,64,80,20,11,9,3,0,0,0
B-threat-always,hunt,2405,102405,15,False,0,5,45,52,15,8,7,5,0,0,0
B-threat-always,hunt,2406,102406,11,False,0,5,6,11,11,3,8,5,0,0,0
B-threat-always,hunt,2407,102407,14,False,0,5,9,19,14,5,9,5,0,0,0
B-threat-always,hunt,2408,102408,18,False,0,5,91,99,18,11,7,5,0,0,0
B-threat-always,hunt,2409,102409,19,False,0,5,78,83,19,10,9,5,0,0,0
B-threat-always,hunt,2410,102410,13,False,0,5,15,21,13,5,8,5,0,0,0
B-threat-always,hunt,2411,102411,20,True,1,5,81,86,20,11,9,4,0,0,0
B-threat-always,hunt,2412,102412,13,False,0,5,35,43,13,6,7,5,0,0,0
B-threat-always,hunt,2413,102413,14,False,0,5,46,53,14,7,7,5,0,0,0
B-threat-always,hunt,2414,102414,20,True,1,5,80,88,20,13,7,4,0,0,0
B-threat-always,hunt,2415,102415,20,True,1,5,82,87,20,11,9,4,0,0,0
B-threat-always,hunt,2416,102416,14,False,0,5,34,44,14,6,8,5,0,0,0
B-threat-always,hunt,2417,102417,12,False,0,5,23,29,12,6,6,5,0,0,0
B-threat-always,hunt,2418,102418,20,False,0,5,62,64,20,11,9,5,0,0,0
B-threat-always,hunt,2419,102419,20,True,2,5,68,83,20,11,9,3,0,0,0
B-threat-always,hunt,2420,102420,20,True,1,5,58,68,20,9,11,4,0,0,0
B-threat-always,hunt,2421,102421,19,False,0,5,82,85,19,11,8,5,0,0,0
B-threat-always,hunt,2422,102422,20,False,0,5,47,50,20,8,12,5,0,0,0
B-threat-always,hunt,2423,102423,14,False,0,5,33,38,14,6,8,5,0,0,0
B-threat-always,hunt,2424,102424,19,False,0,5,42,48,19,9,10,5,0,0,0
B-threat-always,hunt,2425,102425,18,False,0,5,65,76,18,10,8,5,0,0,0
B-threat-always,hunt,2426,102426,12,False,0,5,26,29,12,5,7,5,0,0,0
B-threat-always,hunt,2427,102427,20,True,2,5,62,70,20,8,12,3,0,0,0
B-threat-always,hunt,2428,102428,13,False,0,5,37,44,13,7,6,5,0,0,0
B-threat-always,hunt,2429,102429,20,True,4,5,89,98,20,13,7,1,0,0,0
B-threat-always,hunt,2430,102430,17,False,0,5,91,95,17,10,7,5,0,0,0
B-threat-always,hunt,2431,102431,20,True,2,5,70,81,20,10,10,3,0,0,0
B-threat-always,hunt,2432,102432,20,True,3,5,82,87,20,12,8,2,0,0,0
B-threat-always,hunt,2433,102433,13,False,0,5,27,34,13,6,7,5,0,0,0
B-threat-always,hunt,2434,102434,18,False,0,5,35,43,18,5,13,5,0,0,0
B-threat-always,hunt,2435,102435,20,True,1,5,41,47,20,5,15,4,0,0,0
B-threat-always,hunt,2436,102436,15,False,0,5,48,55,15,8,7,5,0,0,0
B-threat-always,hunt,2437,102437,14,False,0,5,59,61,14,7,7,5,0,0,0
B-threat-always,hunt,2438,102438,9,False,0,5,21,27,9,4,5,5,0,0,0
B-threat-always,hunt,2439,102439,12,False,0,5,43,47,12,6,6,5,0,0,0
B-threat-always,hunt,2440,102440,20,True,2,5,72,78,20,11,9,3,0,0,0
B-threat-always,hunt,2441,102441,20,True,2,5,67,79,20,11,9,3,0,0,0
B-threat-always,hunt,2442,102442,20,True,2,5,44,53,20,10,10,3,0,0,0
B-threat-always,hunt,2443,102443,14,False,0,5,27,39,14,4,10,5,0,0,0
B-threat-always,hunt,2444,102444,14,False,0,5,43,47,14,5,9,5,0,0,0
B-threat-always,hunt,2445,102445,20,True,2,5,96,100,20,12,8,3,0,0,0
B-threat-always,hunt,2446,102446,7,False,0,5,1,13,5,1,4,4,0,0,0
B-threat-always,hunt,2447,102447,12,False,0,5,32,36,12,5,7,5,0,0,0
B-threat-always,hunt,2448,102448,19,False,0,5,55,61,19,8,11,5,0,0,0
B-threat-always,hunt,2449,102449,15,False,0,5,29,42,15,5,10,5,0,0,0
B-threat-always,hunt,2450,102450,20,False,0,5,50,62,20,9,11,5,0,0,0
B-threat-always,hunt,2451,102451,8,False,0,5,26,30,8,3,5,5,0,0,0
B-threat-always,hunt,2452,102452,15,False,0,5,53,58,15,7,8,5,0,0,0
B-threat-always,hunt,2453,102453,20,True,1,5,82,86,20,11,9,4,0,0,0
B-threat-always,hunt,2454,102454,7,False,0,5,14,18,7,2,5,5,0,0,0
B-threat-always,hunt,2455,102455,13,False,0,5,31,38,13,5,8,5,0,0,0
B-threat-always,hunt,2456,102456,14,False,0,5,41,45,14,6,8,5,0,0,0
B-threat-always,hunt,2457,102457,19,False,0,5,62,67,19,9,10,5,0,0,0
B-threat-always,hunt,2458,102458,20,False,0,5,83,86,20,11,9,5,0,0,0
B-threat-always,hunt,2459,102459,20,True,1,5,66,77,20,10,10,4,0,0,0
B-threat-always,hunt,2460,102460,15,False,0,5,12,22,15,4,11,5,0,0,0
B-threat-always,hunt,2461,102461,15,False,0,5,55,62,15,8,7,5,0,0,0
B-threat-always,hunt,2462,102462,18,False,0,5,70,75,18,11,7,5,0,0,0
B-threat-always,hunt,2463,102463,19,False,0,5,48,52,19,9,10,5,0,0,0
B-threat-always,hunt,2464,102464,12,False,0,5,8,17,12,4,8,5,0,0,0
B-threat-always,hunt,2465,102465,20,True,1,5,64,70,20,8,12,4,0,0,0
B-threat-always,hunt,2466,102466,15,False,0,5,64,70,15,9,6,5,0,0,0
B-threat-always,hunt,2467,102467,15,False,0,5,50,56,15,7,8,5,0,0,0
B-threat-always,hunt,2468,102468,18,False,0,5,60,66,18,8,10,5,0,0,0
B-threat-always,hunt,2469,102469,20,True,2,5,75,88,20,12,8,3,0,0,0
B-threat-always,hunt,2470,102470,20,True,1,5,46,55,20,9,11,4,0,0,0
B-threat-always,hunt,2471,102471,19,False,0,5,38,46,19,8,11,5,0,0,0
B-threat-always,hunt,2472,102472,20,True,1,5,81,89,20,10,10,4,0,0,0
B-threat-always,hunt,2473,102473,12,False,0,5,15,20,12,4,8,5,0,0,0
B-threat-always,hunt,2474,102474,20,False,0,5,65,71,20,9,11,5,0,0,0
B-threat-always,hunt,2475,102475,14,False,0,5,46,52,14,7,7,5,0,0,0
B-threat-always,hunt,2476,102476,16,False,0,5,56,59,16,9,7,5,0,0,0
B-threat-always,hunt,2477,102477,19,False,0,5,51,62,19,8,11,5,0,0,0
B-threat-always,hunt,2478,102478,13,False,0,5,17,24,13,3,10,5,0,0,0
B-threat-always,hunt,2479,102479,13,False,0,5,12,16,10,2,8,5,0,0,0
B-threat-always,hunt,2480,102480,20,True,1,5,49,59,20,12,8,4,0,0,0
B-threat-always,hunt,2481,102481,16,False,0,5,39,46,16,6,10,5,0,0,0
B-threat-always,hunt,2482,102482,14,False,0,5,25,36,14,6,8,5,0,0,0
B-threat-always,hunt,2483,102483,20,True,2,5,69,79,20,9,11,3,0,0,0
B-threat-always,hunt,2484,102484,19,False,0,5,44,51,19,9,10,5,0,0,0
B-threat-always,hunt,2485,102485,18,False,0,5,50,56,18,8,10,5,0,0,0
B-threat-always,hunt,2486,102486,17,False,0,5,52,58,17,9,8,5,0,0,0
B-threat-always,hunt,2487,102487,18,False,0,5,72,77,18,10,8,5,0,0,0
B-threat-always,hunt,2488,102488,14,False,0,5,35,48,14,6,8,5,0,0,0
B-threat-always,hunt,2489,102489,14,False,0,5,35,41,14,6,8,5,0,0,0
B-threat-always,hunt,2490,102490,16,False,0,5,69,71,16,9,7,5,0,0,0
B-threat-always,hunt,2491,102491,7,False,0,5,26,27,7,2,5,5,0,0,0
B-threat-always,hunt,2492,102492,20,False,0,5,50,56,20,9,11,5,0,0,0
B-threat-always,hunt,2493,102493,15,False,0,5,42,43,15,8,7,5,0,0,0
B-threat-always,hunt,2494,102494,20,False,0,5,76,89,20,10,10,5,0,0,0
B-threat-always,hunt,2495,102495,11,False,0,5,21,24,11,4,7,5,0,0,0
B-threat-always,hunt,2496,102496,15,False,0,5,44,49,15,6,9,5,0,0,0
B-threat-always,hunt,2497,102497,19,False,0,5,44,55,19,8,11,5,0,0,0
B-threat-always,hunt,2498,102498,12,False,0,5,40,49,12,5,7,5,0,0,0
B-threat-always,hunt,2499,102499,12,False,0,5,39,41,12,5,7,5,0,0,0
B-threat-always,hunt,2500,102500,20,True,2,5,67,77,20,13,7,3,0,0,0
B-threat-always,hunt,2501,102501,19,False,0,5,62,65,19,9,10,5,0,0,0
B-threat-always,hunt,2502,102502,20,True,2,5,97,99,20,13,7,3,0,0,0
B-threat-always,hunt,2503,102503,10,False,0,5,36,39,10,5,5,5,0,0,0
B-threat-always,hunt,2504,102504,20,True,1,5,68,73,20,11,9,4,0,0,0
B-threat-always,hunt,2505,102505,20,True,2,5,85,91,20,12,8,3,0,0,0
B-threat-always,hunt,2506,102506,15,False,0,5,50,55,15,8,7,5,0,0,0
B-threat-always,hunt,2507,102507,12,False,0,5,49,50,12,6,6,5,0,0,0
B-threat-always,hunt,2508,102508,17,False,0,5,41,50,17,9,8,5,0,0,0
B-threat-always,hunt,2509,102509,19,False,0,5,67,70,19,9,10,5,0,0,0
B-threat-always,hunt,2510,102510,17,False,0,5,28,44,17,5,12,5,0,0,0
B-threat-always,hunt,2511,102511,13,False,0,5,46,53,13,7,6,5,0,0,0
B-threat-always,hunt,2512,102512,20,True,1,5,68,77,20,9,11,4,0,0,0
B-threat-always,hunt,2513,102513,15,False,0,5,45,48,15,8,7,5,0,0,0
B-threat-always,hunt,2514,102514,16,False,0,5,75,75,16,10,6,5,0,0,0
B-threat-always,hunt,2515,102515,13,False,0,5,28,34,13,4,9,5,0,0,0
B-threat-always,hunt,2516,102516,18,False,0,5,75,82,18,9,9,5,0,0,0
B-threat-always,hunt,2517,102517,8,False,0,5,21,23,8,2,6,5,0,0,0
B-threat-always,hunt,2518,102518,18,False,0,5,75,78,18,10,8,5,0,0,0
B-threat-always,hunt,2519,102519,20,False,0,5,50,53,20,8,12,5,0,0,0
B-threat-always,hunt,2520,102520,20,True,2,5,106,108,20,13,7,3,0,0,0
B-threat-always,hunt,2521,102521,17,False,0,5,78,85,17,8,9,5,0,0,0
B-threat-always,hunt,2522,102522,20,True,2,5,79,82,20,11,9,3,0,0,0
B-threat-always,hunt,2523,102523,15,False,0,5,78,83,15,9,6,5,0,0,0
B-threat-always,hunt,2524,102524,13,False,0,5,28,28,13,5,8,5,0,0,0
B-threat-always,hunt,2525,102525,12,False,0,5,48,52,12,6,6,5,0,0,0
B-threat-always,hunt,2526,102526,16,False,0,5,47,57,16,8,8,5,0,0,0
B-threat-always,hunt,2527,102527,20,True,1,5,50,59,20,8,12,4,0,0,0
B-threat-always,hunt,2528,102528,9,False,0,5,19,22,9,3,6,5,0,0,0
B-threat-always,hunt,2529,102529,15,False,0,5,49,55,15,7,8,5,0,0,0
B-threat-always,hunt,2530,102530,18,False,0,5,39,41,18,9,9,5,0,0,0
B-threat-always,hunt,2531,102531,20,True,1,5,97,101,20,11,9,4,0,0,0
B-threat-always,hunt,2532,102532,16,False,0,5,50,53,16,8,8,5,0,0,0
B-threat-always,hunt,2533,102533,16,False,0,5,18,28,16,5,11,5,0,0,0
B-threat-always,hunt,2534,102534,11,False,0,5,15,19,11,3,8,5,0,0,0
B-threat-always,hunt,2535,102535,17,False,0,5,63,72,17,10,7,5,0,0,0
B-threat-always,hunt,2536,102536,15,False,0,5,38,47,15,6,9,5,0,0,0
B-threat-always,hunt,2537,102537,20,True,3,5,54,61,20,9,11,2,0,0,0
B-threat-always,hunt,2538,102538,14,False,0,5,24,31,14,5,9,5,0,0,0
B-threat-always,hunt,2539,102539,17,False,0,5,73,78,17,8,9,5,0,0,0
B-threat-always,hunt,2540,102540,8,False,0,5,1,7,7,0,7,5,0,0,0
B-threat-always,hunt,2541,102541,20,True,1,5,17,34,20,6,14,4,0,0,0
B-threat-always,hunt,2542,102542,15,False,0,5,28,38,15,6,9,5,0,0,0
B-threat-always,hunt,2543,102543,16,False,0,5,25,35,16,6,10,5,0,0,0
B-threat-always,hunt,2544,102544,10,False,0,5,20,27,10,4,6,5,0,0,0
B-threat-always,hunt,2545,102545,19,False,0,5,84,91,19,11,8,5,0,0,0
B-threat-always,hunt,2546,102546,20,True,1,5,20,36,20,5,15,4,0,0,0
B-threat-always,hunt,2547,102547,11,False,0,5,14,20,11,2,9,5,0,0,0
B-threat-always,hunt,2548,102548,15,False,0,5,41,49,15,7,8,5,0,0,0
B-threat-always,hunt,2549,102549,19,False,0,5,60,68,19,8,11,5,0,0,0
B-threat-always,hunt,2550,102550,19,False,0,5,19,37,19,4,15,5,0,0,0
B-threat-always,hunt,2551,102551,20,True,1,5,62,74,20,10,10,4,0,0,0
B-threat-always,hunt,2552,102552,18,False,0,5,93,96,18,10,8,5,0,0,0
B-threat-always,hunt,2553,102553,20,True,1,5,19,33,20,5,15,4,0,0,0
B-threat-always,hunt,2554,102554,20,True,1,5,85,86,20,10,10,4,0,0,0
B-threat-always,hunt,2555,102555,20,True,1,5,74,84,20,10,10,4,0,0,0
B-threat-always,hunt,2556,102556,15,False,0,5,43,46,15,8,7,5,0,0,0
B-threat-always,hunt,2557,102557,16,False,0,5,31,42,16,5,11,5,0,0,0
B-threat-always,hunt,2558,102558,10,False,0,5,21,28,10,3,7,5,0,0,0
B-threat-always,hunt,2559,102559,18,False,0,5,23,37,18,6,12,5,0,0,0
B-threat-always,hunt,2560,102560,14,False,0,5,59,60,14,8,6,5,0,0,0
B-threat-always,hunt,2561,102561,20,True,2,5,49,62,20,8,12,3,0,0,0
B-threat-always,hunt,2562,102562,16,False,0,5,35,44,16,8,8,5,0,0,0
B-threat-always,hunt,2563,102563,11,False,0,5,53,59,11,6,5,5,0,0,0
B-threat-always,hunt,2564,102564,11,False,0,5,45,50,11,6,5,5,0,0,0
B-threat-always,hunt,2565,102565,20,True,1,5,66,81,20,8,12,4,0,0,0
B-threat-always,hunt,2566,102566,15,False,0,5,32,37,15,5,10,5,0,0,0
B-threat-always,hunt,2567,102567,20,True,1,5,65,81,20,10,10,4,0,0,0
B-threat-always,hunt,2568,102568,17,False,0,5,80,80,17,11,6,5,0,0,0
B-threat-always,hunt,2569,102569,16,False,0,5,61,73,16,9,7,5,0,0,0
B-threat-always,hunt,2570,102570,18,False,0,5,47,56,18,9,9,5,0,0,0
B-threat-always,hunt,2571,102571,14,False,0,5,43,53,14,6,8,5,0,0,0
B-threat-always,hunt,2572,102572,20,False,0,5,53,60,20,9,11,5,0,0,0
B-threat-always,hunt,2573,102573,13,False,0,5,38,43,13,6,7,5,0,0,0
B-threat-always,hunt,2574,102574,20,True,1,5,26,37,20,5,15,4,0,0,0
B-threat-always,hunt,2575,102575,14,False,0,5,38,44,14,7,7,5,0,0,0
B-threat-always,hunt,2576,102576,18,False,0,5,49,55,18,9,9,5,0,0,0
B-threat-always,hunt,2577,102577,20,True,3,5,95,105,20,13,7,2,0,0,0
B-threat-always,hunt,2578,102578,20,True,2,5,72,74,20,10,10,3,0,0,0
B-threat-always,hunt,2579,102579,14,False,0,5,38,45,14,7,7,5,0,0,0
B-threat-always,hunt,2580,102580,20,False,0,5,78,81,20,10,10,5,0,0,0
B-threat-always,hunt,2581,102581,20,False,0,5,79,82,20,10,10,5,0,0,0
B-threat-always,hunt,2582,102582,16,False,0,5,26,34,16,6,10,5,0,0,0
B-threat-always,hunt,2583,102583,20,True,1,5,67,73,20,9,11,4,0,0,0
B-threat-always,hunt,2584,102584,11,False,0,5,31,33,11,6,5,5,0,0,0
B-threat-always,hunt,2585,102585,20,True,1,5,53,63,20,11,9,4,0,0,0
B-threat-always,hunt,2586,102586,20,True,1,5,54,58,20,10,10,4,0,0,0
B-threat-always,hunt,2587,102587,17,False,0,5,38,46,17,6,11,5,0,0,0
B-threat-always,hunt,2588,102588,12,False,0,5,28,33,12,5,7,5,0,0,0
B-threat-always,hunt,2589,102589,20,True,1,5,103,104,20,12,8,4,0,0,0
B-threat-always,hunt,2590,102590,19,False,0,5,81,88,19,12,7,5,0,0,0
B-threat-always,hunt,2591,102591,17,False,0,5,37,49,17,8,9,5,0,0,0
B-threat-always,hunt,2592,102592,10,False,0,5,13,19,10,4,6,5,0,0,0
B-threat-always,hunt,2593,102593,12,False,0,5,39,42,12,5,7,5,0,0,0
B-threat-always,hunt,2594,102594,18,False,0,5,64,70,18,10,8,5,0,0,0
B-threat-always,hunt,2595,102595,15,False,0,5,49,53,15,7,8,5,0,0,0
B-threat-always,hunt,2596,102596,19,False,0,5,53,62,19,8,11,5,0,0,0
B-threat-always,hunt,2597,102597,11,False,0,5,32,34,11,4,7,5,0,0,0
B-threat-always,hunt,2598,102598,20,True,1,5,54,61,20,8,12,4,0,0,0
B-threat-always,hunt,2599,102599,18,False,0,5,64,66,18,10,8,5,0,0,0
B-threat-always,hunt,2600,102600,18,False,0,5,68,70,18,10,8,5,0,0,0
B-threat-always,hunt,2601,102601,19,False,0,5,47,50,19,10,9,5,0,0,0
B-threat-always,hunt,2602,102602,20,True,3,5,72,72,20,10,10,2,0,0,0
B-threat-always,hunt,2603,102603,20,True,1,5,61,68,20,11,9,4,0,0,0
B-threat-always,hunt,2604,102604,18,False,0,5,36,45,18,6,12,5,0,0,0
B-threat-always,hunt,2605,102605,14,False,0,5,36,43,14,6,8,5,0,0,0
B-threat-always,hunt,2606,102606,20,True,1,5,70,76,20,10,10,4,0,0,0
B-threat-always,hunt,2607,102607,16,False,0,5,49,57,16,9,7,5,0,0,0
B-threat-always,hunt,2608,102608,20,False,0,5,90,93,20,11,9,5,0,0,0
B-threat-always,hunt,2609,102609,16,False,0,5,21,25,16,6,10,5,0,0,0
B-threat-always,hunt,2610,102610,20,True,1,5,25,37,20,4,16,4,0,0,0
B-threat-always,hunt,2611,102611,9,False,0,5,11,19,9,2,7,5,0,0,0
B-threat-always,hunt,2612,102612,20,True,1,5,54,63,20,10,10,4,0,0,0
B-threat-always,hunt,2613,102613,17,False,0,5,29,40,17,7,10,5,0,0,0
B-threat-always,hunt,2614,102614,15,False,0,5,32,40,15,5,10,5,0,0,0
B-threat-always,hunt,2615,102615,20,True,1,5,45,50,20,9,11,4,0,0,0
B-threat-always,hunt,2616,102616,20,True,1,5,71,76,20,9,11,4,0,0,0
B-threat-always,hunt,2617,102617,15,False,0,5,63,65,15,8,7,5,0,0,0
B-threat-always,hunt,2618,102618,18,False,0,5,57,64,18,10,8,5,0,0,0
B-threat-always,hunt,2619,102619,19,False,0,5,39,54,19,6,13,5,0,0,0
B-threat-always,hunt,2620,102620,12,False,0,5,29,41,12,4,8,5,0,0,0
B-threat-always,hunt,2621,102621,15,False,0,5,26,35,15,5,10,5,0,0,0
B-threat-always,hunt,2622,102622,15,False,0,5,8,18,15,6,9,5,0,0,0
B-threat-always,hunt,2623,102623,20,True,2,5,64,76,20,10,10,3,0,0,0
B-threat-always,hunt,2624,102624,20,True,2,5,77,81,20,11,9,3,0,0,0
B-threat-always,hunt,2625,102625,13,False,0,5,33,43,13,5,8,5,0,0,0
B-threat-always,hunt,2626,102626,17,False,0,5,25,33,17,7,10,5,0,0,0
B-threat-always,hunt,2627,102627,16,False,0,5,66,71,16,10,6,5,0,0,0
B-threat-always,hunt,2628,102628,20,True,1,5,63,69,20,10,10,4,0,0,0
B-threat-always,hunt,2629,102629,8,False,0,5,9,15,8,3,5,5,0,0,0
B-threat-always,hunt,2630,102630,17,False,0,5,36,39,17,9,8,5,0,0,0
B-threat-always,hunt,2631,102631,12,False,0,5,25,28,12,4,8,5,0,0,0
B-threat-always,hunt,2632,102632,14,False,0,5,75,77,14,8,6,5,0,0,0
B-threat-always,hunt,2633,102633,20,True,1,5,48,55,20,8,12,4,0,0,0
B-threat-always,hunt,2634,102634,14,False,0,5,24,32,14,7,7,5,0,0,0
B-threat-always,hunt,2635,102635,20,True,3,5,89,95,20,12,8,2,0,0,0
B-threat-always,hunt,2636,102636,15,False,0,5,1,10,13,1,12,5,0,0,0
B-threat-always,hunt,2637,102637,14,False,0,5,51,54,14,8,6,5,0,0,0
B-threat-always,hunt,2638,102638,15,False,0,5,35,51,15,7,8,5,0,0,0
B-threat-always,hunt,2639,102639,18,False,0,5,64,70,18,10,8,5,0,0,0
B-threat-always,hunt,2640,102640,17,False,0,5,50,61,17,9,8,5,0,0,0
B-threat-always,hunt,2641,102641,15,False,0,5,52,58,15,8,7,5,0,0,0
B-threat-always,hunt,2642,102642,17,False,0,5,78,80,17,11,6,5,0,0,0
B-threat-always,hunt,2643,102643,20,True,1,5,63,70,20,9,11,4,0,0,0
B-threat-always,hunt,2644,102644,17,False,0,5,67,75,17,8,9,5,0,0,0
B-threat-always,hunt,2645,102645,20,True,2,5,51,54,20,9,11,3,0,0,0
B-threat-always,hunt,2646,102646,13,False,0,5,37,45,13,6,7,5,0,0,0
B-threat-always,hunt,2647,102647,20,True,1,5,50,57,20,9,11,4,0,0,0
B-threat-always,hunt,2648,102648,13,False,0,5,66,67,13,8,5,5,0,0,0
B-threat-always,hunt,2649,102649,13,False,0,5,28,36,13,5,8,5,0,0,0
B-threat-always,hunt,2650,102650,14,False,0,5,46,49,14,7,7,5,0,0,0
B-threat-always,hunt,2651,102651,14,False,0,5,47,53,14,6,8,5,0,0,0
B-threat-always,hunt,2652,102652,10,False,0,5,30,33,10,5,5,5,0,0,0
B-threat-always,hunt,2653,102653,20,True,2,5,77,80,20,13,7,3,0,0,0
B-threat-always,hunt,2654,102654,14,False,0,5,7,21,14,4,10,5,0,0,0
B-threat-always,hunt,2655,102655,13,False,0,5,37,40,13,6,7,5,0,0,0
B-threat-always,hunt,2656,102656,17,False,0,5,84,87,17,10,7,5,0,0,0
B-threat-always,hunt,2657,102657,20,False,0,5,77,78,20,12,8,5,0,0,0
B-threat-always,hunt,2658,102658,16,False,0,5,22,31,16,6,10,5,0,0,0
B-threat-always,hunt,2659,102659,14,False,0,5,43,51,14,7,7,5,0,0,0
B-threat-always,hunt,2660,102660,20,True,3,5,99,108,20,14,6,2,0,0,0
B-threat-always,hunt,2661,102661,17,False,0,5,30,44,17,7,10,5,0,0,0
B-threat-always,hunt,2662,102662,13,False,0,5,20,28,13,7,6,5,0,0,0
B-threat-always,hunt,2663,102663,10,False,0,5,32,34,10,4,6,5,0,0,0
B-threat-always,hunt,2664,102664,16,False,0,5,66,69,16,10,6,5,0,0,0
B-threat-always,hunt,2665,102665,18,False,0,5,49,56,18,9,9,5,0,0,0
B-threat-always,hunt,2666,102666,20,True,2,5,61,69,20,10,10,3,0,0,0
B-threat-always,hunt,2667,102667,14,False,0,5,42,47,14,8,6,5,0,0,0
B-threat-always,hunt,2668,102668,20,False,0,5,62,64,20,8,12,5,0,0,0
B-threat-always,hunt,2669,102669,12,False,0,5,43,44,12,6,6,5,0,0,0
B-threat-always,hunt,2670,102670,20,True,1,5,51,61,20,7,13,4,0,0,0
B-threat-always,hunt,2671,102671,20,True,1,5,50,57,20,9,11,4,0,0,0
B-threat-always,hunt,2672,102672,12,False,0,5,20,25,12,5,7,5,0,0,0
B-threat-always,hunt,2673,102673,17,False,0,5,10,21,17,3,14,5,0,0,0
B-threat-always,hunt,2674,102674,20,True,3,5,60,63,20,11,9,2,0,0,0
B-threat-always,hunt,2675,102675,20,True,4,5,41,47,20,10,10,1,0,0,0
B-threat-always,hunt,2676,102676,14,False,0,5,51,57,14,5,9,5,0,0,0
B-threat-always,hunt,2677,102677,11,False,0,5,16,23,11,4,7,5,0,0,0
B-threat-always,hunt,2678,102678,19,False,0,5,36,46,19,6,13,5,0,0,0
B-threat-always,hunt,2679,102679,11,False,0,5,27,29,11,5,6,5,0,0,0
B-threat-always,hunt,2680,102680,13,False,0,5,34,44,13,4,9,5,0,0,0
B-threat-always,hunt,2681,102681,12,False,0,5,15,20,12,3,9,5,0,0,0
B-threat-always,hunt,2682,102682,12,False,0,5,43,48,12,5,7,5,0,0,0
B-threat-always,hunt,2683,102683,20,True,1,5,47,59,20,8,12,4,0,0,0
B-threat-always,hunt,2684,102684,16,False,0,5,40,47,16,6,10,5,0,0,0
B-threat-always,hunt,2685,102685,5,False,0,5,1,7,5,0,5,5,0,0,0
B-threat-always,hunt,2686,102686,20,False,0,5,85,86,20,11,9,5,0,0,0
B-threat-always,hunt,2687,102687,12,False,0,5,33,34,12,6,6,5,0,0,0
B-threat-always,hunt,2688,102688,20,False,0,5,46,53,20,10,10,5,0,0,0
B-threat-always,hunt,2689,102689,20,True,1,5,41,56,20,8,12,4,0,0,0
B-threat-always,hunt,2690,102690,9,False,0,5,23,26,9,3,6,5,0,0,0
B-threat-always,hunt,2691,102691,19,False,0,5,59,67,19,8,11,5,0,0,0
B-threat-always,hunt,2692,102692,12,False,0,5,24,32,12,6,6,5,0,0,0
B-threat-always,hunt,2693,102693,15,False,0,5,81,84,15,9,6,5,0,0,0
B-threat-always,hunt,2694,102694,17,False,0,5,39,42,17,7,10,5,0,0,0
B-threat-always,hunt,2695,102695,11,False,0,5,38,44,11,6,5,5,0,0,0
B-threat-always,hunt,2696,102696,19,False,0,5,57,65,19,7,12,5,0,0,0
B-threat-always,hunt,2697,102697,18,False,0,5,74,80,18,9,9,5,0,0,0
B-threat-always,hunt,2698,102698,9,False,0,5,26,28,9,3,6,5,0,0,0
B-threat-always,hunt,2699,102699,11,False,0,5,25,30,11,5,6,5,0,0,0
B-threat-always,hunt,2700,102700,17,False,0,5,55,57,17,8,9,5,0,0,0
B-threat-always,hunt,2701,102701,13,False,0,5,37,41,13,5,8,5,0,0,0
B-threat-always,hunt,2702,102702,12,False,0,5,29,34,12,6,6,5,0,0,0
B-threat-always,hunt,2703,102703,11,False,0,5,30,34,11,5,6,5,0,0,0
B-threat-always,hunt,2704,102704,15,False,0,5,45,53,15,7,8,5,0,0,0
B-threat-always,hunt,2705,102705,20,True,1,5,41,54,20,8,12,4,0,0,0
B-threat-always,hunt,2706,102706,20,True,1,5,54,67,20,10,10,4,0,0,0
B-threat-always,hunt,2707,102707,12,False,0,5,44,45,12,6,6,5,0,0,0
B-threat-always,hunt,2708,102708,20,True,1,5,66,71,20,10,10,4,0,0,0
B-threat-always,hunt,2709,102709,13,False,0,5,31,38,13,2,11,5,0,0,0
B-threat-always,hunt,2710,102710,15,False,0,5,85,91,15,10,5,5,0,0,0
B-threat-always,hunt,2711,102711,17,False,0,5,19,27,17,5,12,5,0,0,0
B-threat-always,hunt,2712,102712,16,False,0,5,53,55,16,9,7,5,0,0,0
B-threat-always,hunt,2713,102713,16,False,0,5,21,28,16,5,11,5,0,0,0
B-threat-always,hunt,2714,102714,14,False,0,5,60,63,14,8,6,5,0,0,0
B-threat-always,hunt,2715,102715,13,False,0,5,16,22,13,4,9,5,0,0,0
B-threat-always,hunt,2716,102716,20,False,0,5,81,89,20,11,9,5,0,0,0
B-threat-always,hunt,2717,102717,17,False,0,5,76,87,17,10,7,5,0,0,0
B-threat-always,hunt,2718,102718,20,True,1,5,57,66,20,10,10,4,0,0,0
B-threat-always,hunt,2719,102719,16,False,0,5,62,64,16,9,7,5,0,0,0
B-threat-always,hunt,2720,102720,18,False,0,5,52,61,18,7,11,5,0,0,0
B-threat-always,hunt,2721,102721,19,False,0,5,48,55,19,10,9,5,0,0,0
B-threat-always,hunt,2722,102722,20,False,0,5,60,67,20,8,12,5,0,0,0
B-threat-always,hunt,2723,102723,20,True,1,5,62,74,20,10,10,4,0,0,0
B-threat-always,hunt,2724,102724,17,False,0,5,29,44,17,7,10,5,0,0,0
B-threat-always,hunt,2725,102725,17,False,0,5,62,77,17,7,10,5,0,0,0
B-threat-always,hunt,2726,102726,11,False,0,5,31,36,11,3,8,5,0,0,0
B-threat-always,hunt,2727,102727,20,True,3,5,83,90,20,10,10,2,0,0,0
B-threat-always,hunt,2728,102728,18,False,0,5,70,72,18,9,9,5,0,0,0
B-threat-always,hunt,2729,102729,20,False,0,5,48,49,20,9,11,5,0,0,0
B-threat-always,hunt,2730,102730,17,False,0,5,70,75,17,10,7,5,0,0,0
B-threat-always,hunt,2731,102731,20,True,1,5,71,73,20,10,10,4,0,0,0
B-threat-always,hunt,2732,102732,16,False,0,5,50,53,16,8,8,5,0,0,0
B-threat-always,hunt,2733,102733,14,False,0,5,43,47,14,8,6,5,0,0,0
B-threat-always,hunt,2734,102734,17,False,0,5,44,49,17,6,11,5,0,0,0
B-threat-always,hunt,2735,102735,14,False,0,5,52,55,14,9,5,5,0,0,0
B-threat-always,hunt,2736,102736,11,False,0,5,41,45,11,5,6,5,0,0,0
B-threat-always,hunt,2737,102737,16,False,0,5,73,74,16,9,7,5,0,0,0
B-threat-always,hunt,2738,102738,17,False,0,5,82,86,17,10,7,5,0,0,0
B-threat-always,hunt,2739,102739,20,True,1,5,65,73,20,11,9,4,0,0,0
B-threat-always,hunt,2740,102740,9,False,0,5,12,22,9,3,6,5,0,0,0
B-threat-always,hunt,2741,102741,13,False,0,5,42,46,13,8,5,5,0,0,0
B-threat-always,hunt,2742,102742,14,False,0,5,44,51,14,8,6,5,0,0,0
B-threat-always,hunt,2743,102743,17,False,0,5,43,50,17,8,9,5,0,0,0
B-threat-always,hunt,2744,102744,10,False,0,5,5,8,9,3,6,5,0,0,0
B-threat-always,hunt,2745,102745,20,True,1,5,59,64,20,9,11,4,0,0,0
B-threat-always,hunt,2746,102746,7,False,0,5,8,14,7,2,5,5,0,0,0
B-threat-always,hunt,2747,102747,17,False,0,5,72,78,17,8,9,5,0,0,0
B-threat-always,hunt,2748,102748,14,False,0,5,1,7,13,2,11,5,0,0,0
B-threat-always,hunt,2749,102749,13,False,0,5,42,44,13,5,8,5,0,0,0
B-threat-always,hunt,2750,102750,12,False,0,5,12,20,12,5,7,5,0,0,0
B-threat-always,hunt,2751,102751,14,False,0,5,49,58,14,5,9,5,0,0,0
B-threat-always,hunt,2752,102752,16,False,0,5,48,58,16,7,9,5,0,0,0
B-threat-always,hunt,2753,102753,8,False,0,5,29,29,8,3,5,5,0,0,0
B-threat-always,hunt,2754,102754,16,False,0,5,62,66,16,9,7,5,0,0,0
B-threat-always,hunt,2755,102755,12,False,0,5,25,29,12,6,6,5,0,0,0
B-threat-always,hunt,2756,102756,20,True,1,5,100,100,20,11,9,4,0,0,0
B-threat-always,hunt,2757,102757,15,False,0,5,46,55,15,6,9,5,0,0,0
B-threat-always,hunt,2758,102758,20,True,1,5,67,69,20,9,11,4,0,0,0
B-threat-always,hunt,2759,102759,20,False,0,5,75,82,20,10,10,5,0,0,0
B-threat-always,hunt,2760,102760,11,False,0,5,32,35,11,5,6,5,0,0,0
B-threat-always,hunt,2761,102761,20,False,0,5,70,79,20,10,10,5,0,0,0
B-threat-always,hunt,2762,102762,15,False,0,5,49,53,15,9,6,5,0,0,0
B-threat-always,hunt,2763,102763,18,False,0,5,18,29,18,5,13,5,0,0,0
B-threat-always,hunt,2764,102764,20,True,1,5,51,65,20,8,12,4,0,0,0
B-threat-always,hunt,2765,102765,12,False,0,5,43,46,12,6,6,5,0,0,0
B-threat-always,hunt,2766,102766,15,False,0,5,48,52,15,7,8,5,0,0,0
B-threat-always,hunt,2767,102767,11,False,0,5,27,30,11,4,7,5,0,0,0
B-threat-always,hunt,2768,102768,11,False,0,5,39,43,11,5,6,5,0,0,0
B-threat-always,hunt,2769,102769,17,False,0,5,44,45,17,7,10,5,0,0,0
B-threat-always,hunt,2770,102770,12,False,0,5,34,36,12,4,8,5,0,0,0
B-threat-always,hunt,2771,102771,18,False,0,5,26,34,18,6,12,5,0,0,0
B-threat-always,hunt,2772,102772,17,False,0,5,67,76,17,9,8,5,0,0,0
B-threat-always,hunt,2773,102773,13,False,0,5,23,29,13,4,9,5,0,0,0
B-threat-always,hunt,2774,102774,15,False,0,5,40,52,15,9,6,5,0,0,0
B-threat-always,hunt,2775,102775,17,False,0,5,10,22,17,3,14,5,0,0,0
B-threat-always,hunt,2776,102776,16,False,0,5,33,43,16,5,11,5,0,0,0
B-threat-always,hunt,2777,102777,19,False,0,5,42,48,19,6,13,5,0,0,0
B-threat-always,hunt,2778,102778,12,False,0,5,10,25,12,4,8,5,0,0,0
B-threat-always,hunt,2779,102779,14,False,0,5,26,31,14,6,8,5,0,0,0
B-threat-always,hunt,2780,102780,9,False,0,5,31,34,9,4,5,5,0,0,0
B-threat-always,hunt,2781,102781,13,False,0,5,18,23,13,3,10,5,0,0,0
B-threat-always,hunt,2782,102782,14,False,0,5,28,35,14,6,8,5,0,0,0
B-threat-always,hunt,2783,102783,15,False,0,5,48,53,15,7,8,5,0,0,0
B-threat-always,hunt,2784,102784,14,False,0,5,44,48,14,7,7,5,0,0,0
B-threat-always,hunt,2785,102785,17,False,0,5,51,62,17,8,9,5,0,0,0
B-threat-always,hunt,2786,102786,16,False,0,5,41,44,16,10,6,5,0,0,0
B-threat-always,hunt,2787,102787,16,False,0,5,27,40,16,6,10,5,0,0,0
B-threat-always,hunt,2788,102788,20,True,1,5,62,75,20,10,10,4,0,0,0
B-threat-always,hunt,2789,102789,20,True,2,5,28,34,20,8,12,3,0,0,0
B-threat-always,hunt,2790,102790,19,False,0,5,52,55,19,8,11,5,0,0,0
B-threat-always,hunt,2791,102791,15,False,0,5,29,37,15,5,10,5,0,0,0
B-threat-always,hunt,2792,102792,14,False,0,5,33,34,14,7,7,5,0,0,0
B-threat-always,hunt,2793,102793,13,False,0,5,57,59,13,8,5,5,0,0,0
B-threat-always,hunt,2794,102794,17,False,0,5,63,64,17,8,9,5,0,0,0
B-threat-always,hunt,2795,102795,17,False,0,5,64,68,17,8,9,5,0,0,0
B-threat-always,hunt,2796,102796,13,False,0,5,30,41,13,6,7,5,0,0,0
B-threat-always,hunt,2797,102797,14,False,0,5,41,51,14,6,8,5,0,0,0
B-threat-always,hunt,2798,102798,10,False,0,5,23,30,10,4,6,5,0,0,0
B-threat-always,hunt,2799,102799,9,False,0,5,37,38,9,4,5,5,0,0,0
B-threat-always,hunt,2800,102800,11,False,0,5,65,68,11,6,5,5,0,0,0
B-threat-always,hunt,2801,102801,20,True,1,5,69,75,20,10,10,4,0,0,0
B-threat-always,hunt,2802,102802,13,False,0,5,21,26,13,3,10,5,0,0,0
B-threat-always,hunt,2803,102803,19,False,0,5,79,88,19,11,8,5,0,0,0
B-threat-always,hunt,2804,102804,20,True,1,5,47,59,20,7,13,4,0,0,0
B-threat-always,hunt,2805,102805,20,False,0,5,36,40,20,9,11,5,0,0,0
B-threat-always,hunt,2806,102806,20,True,1,5,70,79,20,10,10,4,0,0,0
B-threat-always,hunt,2807,102807,12,False,0,5,40,47,12,6,6,5,0,0,0
B-threat-always,hunt,2808,102808,20,True,2,5,91,94,20,11,9,3,0,0,0
B-threat-always,hunt,2809,102809,15,False,0,5,26,37,15,5,10,5,0,0,0
B-threat-always,hunt,2810,102810,20,True,2,5,68,81,20,11,9,3,0,0,0
B-threat-always,hunt,2811,102811,20,True,1,5,56,67,20,8,12,4,0,0,0
B-threat-always,hunt,2812,102812,10,False,0,5,1,11,10,2,8,5,0,0,0
B-threat-always,hunt,2813,102813,16,False,0,5,70,77,16,8,8,5,0,0,0
B-threat-always,hunt,2814,102814,20,True,1,5,64,68,20,11,9,4,0,0,0
B-threat-always,hunt,2815,102815,13,False,0,5,17,20,13,3,10,5,0,0,0
B-threat-always,hunt,2816,102816,20,True,1,5,65,72,20,10,10,4,0,0,0
B-threat-always,hunt,2817,102817,20,True,1,5,37,44,20,7,13,4,0,0,0
B-threat-always,hunt,2818,102818,20,True,1,5,28,42,20,5,15,4,0,0,0
B-threat-always,hunt,2819,102819,12,False,0,5,53,58,12,6,6,5,0,0,0
B-threat-always,hunt,2820,102820,20,True,2,5,75,86,20,10,10,3,0,0,0
B-threat-always,hunt,2821,102821,20,True,1,5,37,58,20,7,13,4,0,0,0
B-threat-always,hunt,2822,102822,13,False,0,5,22,30,13,5,8,5,0,0,0
B-threat-always,hunt,2823,102823,20,False,0,5,60,67,20,9,11,5,0,0,0
B-threat-always,hunt,2824,102824,11,False,0,5,36,37,11,6,5,5,0,0,0
B-threat-always,hunt,2825,102825,20,True,1,5,32,47,20,7,13,4,0,0,0
B-threat-always,hunt,2826,102826,20,False,0,5,48,51,20,6,14,5,0,0,0
B-threat-always,hunt,2827,102827,13,False,0,5,28,34,13,4,9,5,0,0,0
B-threat-always,hunt,2828,102828,14,False,0,5,48,50,14,8,6,5,0,0,0
B-threat-always,hunt,2829,102829,19,False,0,5,32,38,19,5,14,5,0,0,0
B-threat-always,hunt,2830,102830,9,False,0,5,11,11,6,2,4,4,0,0,0
B-threat-always,hunt,2831,102831,17,False,0,5,49,56,17,8,9,5,0,0,0
B-threat-always,hunt,2832,102832,20,True,2,5,70,81,20,11,9,3,0,0,0
B-threat-always,hunt,2833,102833,13,False,0,5,38,44,13,5,8,5,0,0,0
B-threat-always,hunt,2834,102834,14,False,0,5,61,66,14,8,6,5,0,0,0
B-threat-always,hunt,2835,102835,12,False,0,5,36,37,12,7,5,5,0,0,0
B-threat-always,hunt,2836,102836,15,False,0,5,53,56,15,7,8,5,0,0,0
B-threat-always,hunt,2837,102837,20,True,4,5,72,84,20,12,8,1,0,0,0
B-threat-always,hunt,2838,102838,11,False,0,5,71,73,11,6,5,5,0,0,0
B-threat-always,hunt,2839,102839,14,False,0,5,58,59,14,8,6,5,0,0,0
B-threat-always,hunt,2840,102840,16,False,0,5,45,49,16,8,8,5,0,0,0
B-threat-always,hunt,2841,102841,20,True,3,5,98,103,20,12,8,2,0,0,0
B-threat-always,hunt,2842,102842,20,True,1,5,32,51,20,7,13,4,0,0,0
B-threat-always,hunt,2843,102843,15,False,0,5,59,64,15,7,8,5,0,0,0
B-threat-always,hunt,2844,102844,20,True,2,5,94,98,20,11,9,3,0,0,0
B-threat-always,hunt,2845,102845,17,False,0,5,60,73,17,8,9,5,0,0,0
B-threat-always,hunt,2846,102846,20,True,1,5,61,68,20,10,10,4,0,0,0
B-threat-always,hunt,2847,102847,11,False,0,5,24,27,11,4,7,5,0,0,0
B-threat-always,hunt,2848,102848,18,False,0,5,103,104,18,13,5,5,0,0,0
B-threat-always,hunt,2849,102849,20,True,2,5,59,64,20,12,8,3,0,0,0
B-threat-always,hunt,2850,102850,12,False,0,5,61,64,12,7,5,5,0,0,0
B-threat-always,hunt,2851,102851,16,False,0,5,44,51,16,6,10,5,0,0,0
B-threat-always,hunt,2852,102852,16,False,0,5,56,58,16,7,9,5,0,0,0
B-threat-always,hunt,2853,102853,11,False,0,5,40,43,11,5,6,5,0,0,0
B-threat-always,hunt,2854,102854,17,False,0,5,60,68,17,9,8,5,0,0,0
B-threat-always,hunt,2855,102855,19,False,0,5,75,81,19,11,8,5,0,0,0
B-threat-always,hunt,2856,102856,18,False,0,5,50,55,18,8,10,5,0,0,0
B-threat-always,hunt,2857,102857,20,True,3,5,74,85,20,11,9,2,0,0,0
B-threat-always,hunt,2858,102858,16,False,0,5,80,87,16,8,8,5,0,0,0
B-threat-always,hunt,2859,102859,18,False,0,5,45,52,18,7,11,5,0,0,0
B-threat-always,hunt,2860,102860,12,False,0,5,30,37,12,5,7,5,0,0,0
B-threat-always,hunt,2861,102861,20,True,1,5,57,66,20,9,11,4,0,0,0
B-threat-always,hunt,2862,102862,20,True,1,5,90,92,20,10,10,4,0,0,0
B-threat-always,hunt,2863,102863,8,False,0,5,14,24,8,2,6,5,0,0,0
B-threat-always,hunt,2864,102864,16,False,0,5,35,41,16,7,9,5,0,0,0
B-threat-always,hunt,2865,102865,20,True,4,5,90,103,20,14,6,1,0,0,0
B-threat-always,hunt,2866,102866,20,True,1,5,61,66,20,11,9,4,0,0,0
B-threat-always,hunt,2867,102867,19,False,0,5,43,48,19,9,10,5,0,0,0
B-threat-always,hunt,2868,102868,14,False,0,5,34,39,13,6,7,5,0,0,0
B-threat-always,hunt,2869,102869,20,True,1,5,84,88,20,10,10,4,0,0,0
B-threat-always,hunt,2870,102870,20,True,1,5,73,81,20,11,9,4,0,0,0
B-threat-always,hunt,2871,102871,12,False,0,5,52,53,12,7,5,5,0,0,0
B-threat-always,hunt,2872,102872,14,False,0,5,34,40,14,5,9,5,0,0,0
B-threat-always,hunt,2873,102873,13,False,0,5,40,43,13,6,7,5,0,0,0
B-threat-always,hunt,2874,102874,17,False,0,5,64,70,17,9,8,5,0,0,0
B-threat-always,hunt,2875,102875,17,False,0,5,49,54,17,9,8,5,0,0,0
B-threat-always,hunt,2876,102876,15,False,0,5,72,80,15,9,6,5,0,0,0
B-threat-always,hunt,2877,102877,16,False,0,5,52,55,16,8,8,5,0,0,0
B-threat-always,hunt,2878,102878,12,False,0,5,29,32,12,4,8,5,0,0,0
B-threat-always,hunt,2879,102879,20,True,1,5,110,114,20,12,8,4,0,0,0
B-threat-always,hunt,2880,102880,15,False,0,5,37,44,15,6,9,5,0,0,0
B-threat-always,hunt,2881,102881,15,False,0,5,31,38,15,5,10,5,0,0,0
B-threat-always,hunt,2882,102882,11,False,0,5,41,47,11,5,6,5,0,0,0
B-threat-always,hunt,2883,102883,18,False,0,5,35,46,18,7,11,5,0,0,0
B-threat-always,hunt,2884,102884,20,True,1,5,64,74,20,9,11,4,0,0,0
B-threat-always,hunt,2885,102885,14,False,0,5,40,42,14,5,9,5,0,0,0
B-threat-always,hunt,2886,102886,16,False,0,5,37,44,16,7,9,5,0,0,0
B-threat-always,hunt,2887,102887,20,True,2,5,55,60,20,8,12,3,0,0,0
B-threat-always,hunt,2888,102888,20,True,1,5,75,79,20,9,11,4,0,0,0
B-threat-always,hunt,2889,102889,17,False,0,5,82,83,17,11,6,5,0,0,0
B-threat-always,hunt,2890,102890,14,False,0,5,34,37,14,7,7,5,0,0,0
B-threat-always,hunt,2891,102891,15,False,0,5,46,54,15,7,8,5,0,0,0
B-threat-always,hunt,2892,102892,20,True,1,5,55,66,20,11,9,4,0,0,0
B-threat-always,hunt,2893,102893,20,True,2,5,81,89,20,12,8,3,0,0,0
B-threat-always,hunt,2894,102894,20,False,0,5,70,80,20,9,11,5,0,0,0
B-threat-always,hunt,2895,102895,17,False,0,5,32,42,17,7,10,5,0,0,0
B-threat-always,hunt,2896,102896,12,False,0,5,29,33,12,5,7,5,0,0,0
B-threat-always,hunt,2897,102897,15,False,0,5,21,23,14,6,8,5,0,0,0
B-threat-always,hunt,2898,102898,15,False,0,5,53,60,15,7,8,5,0,0,0
B-threat-always,hunt,2899,102899,17,False,0,5,76,84,17,9,8,5,0,0,0
B-threat-always,hunt,2900,102900,20,True,3,5,105,113,20,12,8,2,0,0,0
B-threat-always,hunt,2901,102901,20,True,2,5,54,67,20,7,13,3,0,0,0
B-threat-always,hunt,2902,102902,18,False,0,5,39,41,18,7,11,5,0,0,0
B-threat-always,hunt,2903,102903,15,False,0,5,39,42,15,8,7,5,0,0,0
B-threat-always,hunt,2904,102904,9,False,0,5,11,21,9,1,8,5,0,0,0
B-threat-always,hunt,2905,102905,14,False,0,5,37,42,14,7,7,5,0,0,0
B-threat-always,hunt,2906,102906,13,False,0,5,83,83,13,7,6,5,0,0,0
B-threat-always,hunt,2907,102907,15,False,0,5,53,57,15,9,6,5,0,0,0
B-threat-always,hunt,2908,102908,16,False,0,5,33,40,16,7,9,5,0,0,0
B-threat-always,hunt,2909,102909,15,False,0,5,50,53,15,10,5,5,0,0,0
B-threat-always,hunt,2910,102910,19,False,0,5,21,40,19,5,14,5,0,0,0
B-threat-always,hunt,2911,102911,10,False,0,5,3,7,8,0,8,5,0,0,0
B-threat-always,hunt,2912,102912,15,False,0,5,54,61,15,6,9,5,0,0,0
B-threat-always,hunt,2913,102913,20,True,2,5,83,88,20,9,11,3,0,0,0
B-threat-always,hunt,2914,102914,15,False,0,5,37,46,15,8,7,5,0,0,0
B-threat-always,hunt,2915,102915,13,False,0,5,44,47,13,7,6,5,0,0,0
B-threat-always,hunt,2916,102916,20,True,2,5,89,92,20,12,8,3,0,0,0
B-threat-always,hunt,2917,102917,14,False,0,5,22,31,14,5,9,5,0,0,0
B-threat-always,hunt,2918,102918,12,False,0,5,42,44,12,5,7,5,0,0,0
B-threat-always,hunt,2919,102919,13,False,0,5,29,33,13,5,8,5,0,0,0
B-threat-always,hunt,2920,102920,15,False,0,5,55,58,15,10,5,5,0,0,0
B-threat-always,hunt,2921,102921,20,True,1,5,77,80,20,9,11,4,0,0,0
B-threat-always,hunt,2922,102922,20,True,1,5,55,69,20,8,12,4,0,0,0
B-threat-always,hunt,2923,102923,18,False,0,5,75,75,18,11,7,5,0,0,0
B-threat-always,hunt,2924,102924,15,False,0,5,32,36,15,7,8,5,0,0,0
B-threat-always,hunt,2925,102925,11,False,0,5,42,46,11,5,6,5,0,0,0
B-threat-always,hunt,2926,102926,18,False,0,5,27,35,18,8,10,5,0,0,0
B-threat-always,hunt,2927,102927,20,False,0,5,78,83,20,10,10,5,0,0,0
B-threat-always,hunt,2928,102928,18,False,0,5,53,54,18,10,8,5,0,0,0
B-threat-always,hunt,2929,102929,15,False,0,5,18,30,15,6,9,5,0,0,0
B-threat-always,hunt,2930,102930,16,False,0,5,58,62,16,10,6,5,0,0,0
B-threat-always,hunt,2931,102931,13,False,0,5,19,32,13,4,9,5,0,0,0
B-threat-always,hunt,2932,102932,14,False,0,5,42,47,14,7,7,5,0,0,0
B-threat-always,hunt,2933,102933,14,False,0,5,33,38,14,5,9,5,0,0,0
B-threat-always,hunt,2934,102934,20,False,0,5,70,74,20,10,10,5,0,0,0
B-threat-always,hunt,2935,102935,19,False,0,5,46,53,19,7,12,5,0,0,0
B-threat-always,hunt,2936,102936,17,False,0,5,68,74,17,10,7,5,0,0,0
B-threat-always,hunt,2937,102937,12,False,0,5,38,46,12,6,6,5,0,0,0
B-threat-always,hunt,2938,102938,15,False,0,5,23,32,15,7,8,5,0,0,0
B-threat-always,hunt,2939,102939,17,False,0,5,39,45,17,7,10,5,0,0,0
B-threat-always,hunt,2940,102940,14,False,0,5,49,53,14,5,9,5,0,0,0
B-threat-always,hunt,2941,102941,20,True,2,5,44,50,20,10,10,3,0,0,0
B-threat-always,hunt,2942,102942,15,False,0,5,57,59,15,7,8,5,0,0,0
B-threat-always,hunt,2943,102943,18,False,0,5,28,38,18,7,11,5,0,0,0
B-threat-always,hunt,2944,102944,20,True,1,5,66,77,20,10,10,4,0,0,0
B-threat-always,hunt,2945,102945,14,False,0,5,25,26,14,6,8,5,0,0,0
B-threat-always,hunt,2946,102946,12,False,0,5,54,57,12,6,6,5,0,0,0
B-threat-always,hunt,2947,102947,19,False,0,5,72,76,19,11,8,5,0,0,0
B-threat-always,hunt,2948,102948,20,True,2,5,80,86,20,11,9,3,0,0,0
B-threat-always,hunt,2949,102949,20,True,1,5,61,68,20,9,11,4,0,0,0
B-threat-always,hunt,2950,102950,18,False,0,5,79,86,18,11,7,5,0,0,0
B-threat-always,hunt,2951,102951,20,True,1,5,86,94,20,12,8,4,0,0,0
B-threat-always,hunt,2952,102952,18,False,0,5,61,68,18,6,12,5,0,0,0
B-threat-always,hunt,2953,102953,13,False,0,5,45,51,13,5,8,5,0,0,0
B-threat-always,hunt,2954,102954,14,False,0,5,42,52,14,7,7,5,0,0,0
B-threat-always,hunt,2955,102955,20,True,1,5,61,71,20,9,11,4,0,0,0
B-threat-always,hunt,2956,102956,20,True,3,5,82,87,20,11,9,2,0,0,0
B-threat-always,hunt,2957,102957,5,False,0,5,2,7,5,0,5,5,0,0,0
B-threat-always,hunt,2958,102958,12,False,0,5,24,28,12,3,9,5,0,0,0
B-threat-always,hunt,2959,102959,16,False,0,5,86,89,16,11,5,5,0,0,0
B-threat-always,hunt,2960,102960,15,False,0,5,45,47,15,8,7,5,0,0,0
B-threat-always,hunt,2961,102961,9,False,0,5,17,21,9,2,7,5,0,0,0
B-threat-always,hunt,2962,102962,13,False,0,5,33,38,13,7,6,5,0,0,0
B-threat-always,hunt,2963,102963,15,False,0,5,43,47,15,7,8,5,0,0,0
B-threat-always,hunt,2964,102964,18,False,0,5,35,38,18,8,10,5,0,0,0
B-threat-always,hunt,2965,102965,20,True,1,5,122,127,20,13,7,4,0,0,0
B-threat-always,hunt,2966,102966,13,False,0,5,48,52,13,7,6,5,0,0,0
B-threat-always,hunt,2967,102967,12,False,0,5,25,29,12,5,7,5,0,0,0
B-threat-always,hunt,2968,102968,20,True,1,5,53,61,20,10,10,4,0,0,0
B-threat-always,hunt,2969,102969,20,True,1,5,33,49,20,7,13,4,0,0,0
B-threat-always,hunt,2970,102970,16,False,0,5,65,71,16,9,7,5,0,0,0
B-threat-always,hunt,2971,102971,9,False,0,5,10,16,9,4,5,5,0,0,0
B-threat-always,hunt,2972,102972,20,True,1,5,42,50,20,10,10,4,0,0,0
B-threat-always,hunt,2973,102973,18,False,0,5,52,61,18,11,7,5,0,0,0
B-threat-always,hunt,2974,102974,15,False,0,5,52,57,15,8,7,5,0,0,0
B-threat-always,hunt,2975,102975,14,False,0,5,43,47,14,8,6,5,0,0,0
B-threat-always,hunt,2976,102976,13,False,0,5,38,40,13,5,8,5,0,0,0
B-threat-always,hunt,2977,102977,15,False,0,5,42,47,15,7,8,5,0,0,0
B-threat-always,hunt,2978,102978,20,True,2,5,87,98,20,13,7,3,0,0,0
B-threat-always,hunt,2979,102979,20,False,0,5,36,43,19,7,12,5,0,0,0
B-threat-always,hunt,2980,102980,16,False,0,5,73,80,16,10,6,5,0,0,0
B-threat-always,hunt,2981,102981,15,False,0,5,55,64,15,8,7,5,0,0,0
B-threat-always,hunt,2982,102982,13,False,0,5,49,55,13,8,5,5,0,0,0
B-threat-always,hunt,2983,102983,15,False,0,5,58,67,15,8,7,5,0,0,0
B-threat-always,hunt,2984,102984,15,False,0,5,32,37,15,6,9,5,0,0,0
B-threat-always,hunt,2985,102985,20,True,3,5,58,68,20,10,10,2,0,0,0
B-threat-always,hunt,2986,102986,10,False,0,5,14,17,10,4,6,5,0,0,0
B-threat-always,hunt,2987,102987,20,False,0,5,101,103,20,12,8,5,0,0,0
B-threat-always,hunt,2988,102988,16,False,0,5,39,44,16,7,9,5,0,0,0
B-threat-always,hunt,2989,102989,16,False,0,5,35,46,16,6,10,5,0,0,0
B-threat-always,hunt,2990,102990,13,False,0,5,41,47,13,6,7,5,0,0,0
B-threat-always,hunt,2991,102991,14,False,0,5,24,33,14,4,10,5,0,0,0
B-threat-always,hunt,2992,102992,13,False,0,5,44,47,13,6,7,5,0,0,0
B-threat-always,hunt,2993,102993,12,False,0,5,24,26,11,4,7,5,0,0,0
B-threat-always,hunt,2994,102994,14,False,0,5,36,37,14,7,7,5,0,0,0
B-threat-always,hunt,2995,102995,15,False,0,5,56,63,15,7,8,5,0,0,0
B-threat-always,hunt,2996,102996,11,False,0,5,46,47,11,5,6,5,0,0,0
B-threat-always,hunt,2997,102997,7,False,0,5,23,33,7,2,5,5,0,0,0
B-threat-always,hunt,2998,102998,20,True,2,5,80,82,20,11,9,3,0,0,0
B-threat-always,hunt,2999,102999,18,False,0,5,67,68,18,10,8,5,0,0,0
B-threat-always,hunt,3000,103000,11,False,0,5,31,36,11,5,6,5,0,0,0
B-threat-always,kinship,3001,103001,4,False,5,6,0,7,0,0,0,0,0,0,0
B-threat-always,kinship,3002,103002,4,False,5,6,0,7,0,0,0,0,0,0,0
B-threat-always,kinship,3003,103003,4,False,5,6,0,7,0,0,0,0,0,0,0
B-threat-always,kinship,3004,103004,4,False,5,6,0,7,0,0,0,0,0,0,0
B-threat-always,kinship,3005,103005,4,False,5,6,0,7,0,0,0,0,0,0,0
B-threat-always,kinship,3006,103006,4,False,5,6,0,7,0,0,0,0,0,0,0
B-threat-always,kinship,3007,103007,5,False,3,5,0,7,0,0,0,0,0,0,0
B-threat-always,kinship,3008,103008,5,False,3,5,0,7,0,0,0,0,0,0,0
B-threat-always,kinship,3009,103009,4,False,5,6,0,7,0,0,0,0,0,0,0
B-threat-always,kinship,3010,103010,4,False,5,6,0,7,0,0,0,0,0,0,0
B-threat-always,kinship,3011,103011,5,False,3,5,0,7,0,0,0,0,0,0,0
B-threat-always,kinship,3012,103012,5,False,3,5,0,7,0,0,0,0,0,0,0
B-threat-always,kinship,3013,103013,4,False,5,6,0,7,0,0,0,0,0,0,0
B-threat-always,kinship,3014,103014,4,False,5,6,0,7,0,0,0,0,0,0,0
B-threat-always,kinship,3015,103015,4,False,5,6,0,7,0,0,0,0,0,0,0
B-threat-always,kinship,3016,103016,5,False,3,5,0,7,0,0,0,0,0,0,0
B-threat-always,kinship,3017,103017,5,False,3,5,0,7,0,0,0,0,0,0,0
B-threat-always,kinship,3018,103018,4,False,5,6,0,7,0,0,0,0,0,0,0
B-threat-always,kinship,3019,103019,5,False,3,5,0,7,0,0,0,0,0,0,0
B-threat-always,kinship,3020,103020,4,False,5,6,0,7,0,0,0,0,0,0,0
B-threat-always,kinship,3021,103021,4,False,5,6,0,7,0,0,0,0,0,0,0
B-threat-always,kinship,3022,103022,5,False,3,5,0,7,0,0,0,0,0,0,0
B-threat-always,kinship,3023,103023,4,False,5,6,0,7,0,0,0,0,0,0,0
B-threat-always,kinship,3024,103024,4,False,5,6,0,7,0,0,0,0,0,0,0
B-threat-always,kinship,3025,103025,4,False,5,6,0,7,0,0,0,0,0,0,0
B-threat-always,kinship,3026,103026,4,False,5,6,0,7,0,0,0,0,0,0,0
B-threat-always,kinship,3027,103027,5,False,3,5,0,7,0,0,0,0,0,0,0
B-threat-always,kinship,3028,103028,4,False,5,6,0,7,0,0,0,0,0,0,0
B-threat-always,kinship,3029,103029,5,False,5,7,0,7,0,0,0,0,0,0,0
B-threat-always,kinship,3030,103030,4,False,5,6,0,7,0,0,0,0,0,0,0
B-threat-always,kinship,3031,103031,4,False,5,6,0,7,0,0,0,0,0,0,0
B-threat-always,kinship,3032,103032,4,False,5,6,0,7,0,0,0,0,0,0,0
B-threat-always,kinship,3033,103033,4,False,5,6,0,7,0,0,0,0,0,0,0
B-threat-always,kinship,3034,103034,4,False,5,6,0,7,0,0,0,0,0,0,0
B-threat-always,kinship,3035,103035,5,False,3,5,0,7,0,0,0,0,0,0,0
B-threat-always,kinship,3036,103036,4,False,5,6,0,7,0,0,0,0,0,0,0
B-threat-always,kinship,3037,103037,4,False,5,6,0,7,0,0,0,0,0,0,0
B-threat-always,kinship,3038,103038,5,False,3,5,0,7,0,0,0,0,0,0,0
B-threat-always,kinship,3039,103039,4,False,5,6,0,7,0,0,0,0,0,0,0
B-threat-always,kinship,3040,103040,5,False,3,5,0,7,0,0,0,0,0,0,0
B-threat-always,kinship,3041,103041,4,False,5,6,0,7,0,0,0,0,0,0,0
B-threat-always,kinship,3042,103042,4,False,5,6,0,7,0,0,0,0,0,0,0
B-threat-always,kinship,3043,103043,5,False,3,5,0,7,0,0,0,0,0,0,0
B-threat-always,kinship,3044,103044,5,False,3,5,0,7,0,0,0,0,0,0,0
B-threat-always,kinship,3045,103045,4,False,5,6,0,7,0,0,0,0,0,0,0
B-threat-always,kinship,3046,103046,5,False,3,5,0,7,0,0,0,0,0,0,0
B-threat-always,kinship,3047,103047,5,False,3,5,0,7,0,0,0,0,0,0,0
B-threat-always,kinship,3048,103048,4,False,5,6,0,7,0,0,0,0,0,0,0
B-threat-always,kinship,3049,103049,4,False,5,6,0,7,0,0,0,0,0,0,0
B-threat-always,kinship,3050,103050,4,False,5,6,0,7,0,0,0,0,0,0,0
B-threat-always,kinship,3051,103051,4,False,5,6,0,7,0,0,0,0,0,0,0
B-threat-always,kinship,3052,103052,4,False,5,6,0,7,0,0,0,0,0,0,0
B-threat-always,kinship,3053,103053,4,False,5,6,0,7,0,0,0,0,0,0,0
B-threat-always,kinship,3054,103054,4,False,5,6,0,7,0,0,0,0,0,0,0
B-threat-always,kinship,3055,103055,4,False,5,6,0,7,0,0,0,0,0,0,0
B-threat-always,kinship,3056,103056,4,False,5,6,0,7,0,0,0,0,0,0,0
B-threat-always,kinship,3057,103057,5,False,3,5,0,7,0,0,0,0,0,0,0
B-threat-always,kinship,3058,103058,4,False,5,6,0,7,0,0,0,0,0,0,0
B-threat-always,kinship,3059,103059,5,False,3,5,0,7,0,0,0,0,0,0,0
B-threat-always,kinship,3060,103060,4,False,5,6,0,7,0,0,0,0,0,0,0
B-threat-always,kinship,3061,103061,4,False,5,6,0,7,0,0,0,0,0,0,0
B-threat-always,kinship,3062,103062,4,False,5,6,0,7,0,0,0,0,0,0,0
B-threat-always,kinship,3063,103063,4,False,5,6,0,7,0,0,0,0,0,0,0
B-threat-always,kinship,3064,103064,5,False,3,5,0,7,0,0,0,0,0,0,0
B-threat-always,kinship,3065,103065,4,False,5,6,0,7,0,0,0,0,0,0,0
B-threat-always,kinship,3066,103066,4,False,5,6,0,7,0,0,0,0,0,0,0
B-threat-always,kinship,3067,103067,5,False,3,5,0,7,0,0,0,0,0,0,0
B-threat-always,kinship,3068,103068,5,False,3,5,0,7,0,0,0,0,0,0,0
B-threat-always,kinship,3069,103069,4,False,5,6,0,7,0,0,0,0,0,0,0
B-threat-always,kinship,3070,103070,4,False,5,6,0,7,0,0,0,0,0,0,0
B-threat-always,kinship,3071,103071,4,False,5,6,0,7,0,0,0,0,0,0,0
B-threat-always,kinship,3072,103072,4,False,5,6,0,7,0,0,0,0,0,0,0
B-threat-always,kinship,3073,103073,4,False,5,6,0,7,0,0,0,0,0,0,0
B-threat-always,kinship,3074,103074,4,False,5,6,0,7,0,0,0,0,0,0,0
B-threat-always,kinship,3075,103075,4,False,5,6,0,7,0,0,0,0,0,0,0
B-threat-always,kinship,3076,103076,4,False,5,6,0,7,0,0,0,0,0,0,0
B-threat-always,kinship,3077,103077,5,False,3,5,0,7,0,0,0,0,0,0,0
B-threat-always,kinship,3078,103078,4,False,5,6,0,7,0,0,0,0,0,0,0
B-threat-always,kinship,3079,103079,4,False,5,6,0,7,0,0,0,0,0,0,0
B-threat-always,kinship,3080,103080,4,False,5,6,0,7,0,0,0,0,0,0,0
B-threat-always,kinship,3081,103081,4,False,5,6,0,7,0,0,0,0,0,0,0
B-threat-always,kinship,3082,103082,5,False,3,5,0,7,0,0,0,0,0,0,0
B-threat-always,kinship,3083,103083,5,False,3,5,0,7,0,0,0,0,0,0,0
B-threat-always,kinship,3084,103084,5,False,5,7,0,7,0,0,0,0,0,0,0
B-threat-always,kinship,3085,103085,5,False,3,5,0,7,0,0,0,0,0,0,0
B-threat-always,kinship,3086,103086,4,False,5,6,0,7,0,0,0,0,0,0,0
B-threat-always,kinship,3087,103087,4,False,5,6,0,7,0,0,0,0,0,0,0
B-threat-always,kinship,3088,103088,5,False,3,5,0,7,0,0,0,0,0,0,0
B-threat-always,kinship,3089,103089,4,False,5,6,0,7,0,0,0,0,0,0,0
B-threat-always,kinship,3090,103090,4,False,5,6,0,7,0,0,0,0,0,0,0
B-threat-always,kinship,3091,103091,4,False,5,6,0,7,0,0,0,0,0,0,0
B-threat-always,kinship,3092,103092,4,False,5,6,0,7,0,0,0,0,0,0,0
B-threat-always,kinship,3093,103093,5,False,3,5,0,7,0,0,0,0,0,0,0
B-threat-always,kinship,3094,103094,5,False,3,5,0,7,0,0,0,0,0,0,0
B-threat-always,kinship,3095,103095,4,False,5,6,0,7,0,0,0,0,0,0,0
B-threat-always,kinship,3096,103096,5,False,3,5,0,7,0,0,0,0,0,0,0
B-threat-always,kinship,3097,103097,5,False,3,5,0,7,0,0,0,0,0,0,0
B-threat-always,kinship,3098,103098,4,False,5,6,0,7,0,0,0,0,0,0,0
B-threat-always,kinship,3099,103099,5,False,3,5,0,7,0,0,0,0,0,0,0
B-threat-always,kinship,3100,103100,4,False,5,6,0,7,0,0,0,0,0,0,0
B-threat-always,kinship,3101,103101,5,False,3,5,0,7,0,0,0,0,0,0,0
B-threat-always,kinship,3102,103102,5,False,3,5,0,7,0,0,0,0,0,0,0
B-threat-always,kinship,3103,103103,5,False,3,5,0,7,0,0,0,0,0,0,0
B-threat-always,kinship,3104,103104,4,False,5,6,0,7,0,0,0,0,0,0,0
B-threat-always,kinship,3105,103105,4,False,5,6,0,7,0,0,0,0,0,0,0
B-threat-always,kinship,3106,103106,4,False,5,6,0,7,0,0,0,0,0,0,0
B-threat-always,kinship,3107,103107,4,False,5,6,0,7,0,0,0,0,0,0,0
B-threat-always,kinship,3108,103108,4,False,5,6,0,7,0,0,0,0,0,0,0
B-threat-always,kinship,3109,103109,4,False,5,6,0,7,0,0,0,0,0,0,0
B-threat-always,kinship,3110,103110,4,False,5,6,0,7,0,0,0,0,0,0,0
B-threat-always,kinship,3111,103111,4,False,5,6,0,7,0,0,0,0,0,0,0
B-threat-always,kinship,3112,103112,5,False,5,7,0,7,0,0,0,0,0,0,0
B-threat-always,kinship,3113,103113,5,False,3,5,0,7,0,0,0,0,0,0,0
B-threat-always,kinship,3114,103114,4,False,5,6,0,7,0,0,0,0,0,0,0
B-threat-always,kinship,3115,103115,5,False,3,5,0,7,0,0,0,0,0,0,0
B-threat-always,kinship,3116,103116,4,False,5,6,0,7,0,0,0,0,0,0,0
B-threat-always,kinship,3117,103117,4,False,5,6,0,7,0,0,0,0,0,0,0
B-threat-always,kinship,3118,103118,4,False,5,6,0,7,0,0,0,0,0,0,0
B-threat-always,kinship,3119,103119,4,False,5,6,0,7,0,0,0,0,0,0,0
B-threat-always,kinship,3120,103120,5,False,3,5,0,7,0,0,0,0,0,0,0
B-threat-always,kinship,3121,103121,4,False,5,6,0,7,0,0,0,0,0,0,0
B-threat-always,kinship,3122,103122,4,False,5,6,0,7,0,0,0,0,0,0,0
B-threat-always,kinship,3123,103123,4,False,5,6,0,7,0,0,0,0,0,0,0
B-threat-always,kinship,3124,103124,4,False,5,6,0,7,0,0,0,0,0,0,0
B-threat-always,kinship,3125,103125,5,False,3,5,0,7,0,0,0,0,0,0,0
B-threat-always,kinship,3126,103126,5,False,3,5,0,7,0,0,0,0,0,0,0
B-threat-always,kinship,3127,103127,4,False,5,6,0,7,0,0,0,0,0,0,0
B-threat-always,kinship,3128,103128,4,False,5,6,0,7,0,0,0,0,0,0,0
B-threat-always,kinship,3129,103129,5,False,3,5,0,7,0,0,0,0,0,0,0
B-threat-always,kinship,3130,103130,4,False,5,6,0,7,0,0,0,0,0,0,0
B-threat-always,kinship,3131,103131,4,False,5,6,0,7,0,0,0,0,0,0,0
B-threat-always,kinship,3132,103132,4,False,5,6,0,7,0,0,0,0,0,0,0
B-threat-always,kinship,3133,103133,5,False,3,5,0,7,0,0,0,0,0,0,0
B-threat-always,kinship,3134,103134,4,False,5,6,0,7,0,0,0,0,0,0,0
B-threat-always,kinship,3135,103135,4,False,5,6,0,7,0,0,0,0,0,0,0
B-threat-always,kinship,3136,103136,4,False,5,6,0,7,0,0,0,0,0,0,0
B-threat-always,kinship,3137,103137,5,False,3,5,0,7,0,0,0,0,0,0,0
B-threat-always,kinship,3138,103138,4,False,5,6,0,7,0,0,0,0,0,0,0
B-threat-always,kinship,3139,103139,5,False,3,5,0,7,0,0,0,0,0,0,0
B-threat-always,kinship,3140,103140,4,False,5,6,0,7,0,0,0,0,0,0,0
B-threat-always,kinship,3141,103141,4,False,5,6,0,7,0,0,0,0,0,0,0
B-threat-always,kinship,3142,103142,5,False,3,5,0,7,0,0,0,0,0,0,0
B-threat-always,kinship,3143,103143,4,False,5,6,0,7,0,0,0,0,0,0,0
B-threat-always,kinship,3144,103144,4,False,5,6,0,7,0,0,0,0,0,0,0
B-threat-always,kinship,3145,103145,5,False,3,5,0,7,0,0,0,0,0,0,0
B-threat-always,kinship,3146,103146,4,False,5,6,0,7,0,0,0,0,0,0,0
B-threat-always,kinship,3147,103147,5,False,3,5,0,7,0,0,0,0,0,0,0
B-threat-always,kinship,3148,103148,4,False,5,6,0,7,0,0,0,0,0,0,0
B-threat-always,kinship,3149,103149,5,False,3,5,0,7,0,0,0,0,0,0,0
B-threat-always,kinship,3150,103150,4,False,5,6,0,7,0,0,0,0,0,0,0
B-threat-always,kinship,3151,103151,5,False,5,7,0,7,0,0,0,0,0,0,0
B-threat-always,kinship,3152,103152,5,False,3,5,0,7,0,0,0,0,0,0,0
B-threat-always,kinship,3153,103153,5,False,3,5,0,7,0,0,0,0,0,0,0
B-threat-always,kinship,3154,103154,5,False,3,5,0,7,0,0,0,0,0,0,0
B-threat-always,kinship,3155,103155,4,False,5,6,0,7,0,0,0,0,0,0,0
B-threat-always,kinship,3156,103156,4,False,5,6,0,7,0,0,0,0,0,0,0
B-threat-always,kinship,3157,103157,4,False,5,6,0,7,0,0,0,0,0,0,0
B-threat-always,kinship,3158,103158,4,False,5,6,0,7,0,0,0,0,0,0,0
B-threat-always,kinship,3159,103159,4,False,5,6,0,7,0,0,0,0,0,0,0
B-threat-always,kinship,3160,103160,5,False,3,5,0,7,0,0,0,0,0,0,0
B-threat-always,kinship,3161,103161,5,False,3,5,0,7,0,0,0,0,0,0,0
B-threat-always,kinship,3162,103162,5,False,3,5,0,7,0,0,0,0,0,0,0
B-threat-always,kinship,3163,103163,5,False,3,5,0,7,0,0,0,0,0,0,0
B-threat-always,kinship,3164,103164,5,False,3,5,0,7,0,0,0,0,0,0,0
B-threat-always,kinship,3165,103165,4,False,5,6,0,7,0,0,0,0,0,0,0
B-threat-always,kinship,3166,103166,4,False,5,6,0,7,0,0,0,0,0,0,0
B-threat-always,kinship,3167,103167,5,False,3,5,0,7,0,0,0,0,0,0,0
B-threat-always,kinship,3168,103168,5,False,3,5,0,7,0,0,0,0,0,0,0
B-threat-always,kinship,3169,103169,5,False,3,5,0,7,0,0,0,0,0,0,0
B-threat-always,kinship,3170,103170,4,False,5,6,0,7,0,0,0,0,0,0,0
B-threat-always,kinship,3171,103171,5,False,3,5,0,7,0,0,0,0,0,0,0
B-threat-always,kinship,3172,103172,4,False,5,6,0,7,0,0,0,0,0,0,0
B-threat-always,kinship,3173,103173,4,False,5,6,0,7,0,0,0,0,0,0,0
B-threat-always,kinship,3174,103174,4,False,5,6,0,7,0,0,0,0,0,0,0
B-threat-always,kinship,3175,103175,5,False,3,5,0,7,0,0,0,0,0,0,0
B-threat-always,kinship,3176,103176,5,False,3,5,0,7,0,0,0,0,0,0,0
B-threat-always,kinship,3177,103177,5,False,3,5,0,7,0,0,0,0,0,0,0
B-threat-always,kinship,3178,103178,4,False,5,6,0,7,0,0,0,0,0,0,0
B-threat-always,kinship,3179,103179,5,False,3,5,0,7,0,0,0,0,0,0,0
B-threat-always,kinship,3180,103180,4,False,5,6,0,7,0,0,0,0,0,0,0
B-threat-always,kinship,3181,103181,4,False,5,6,0,7,0,0,0,0,0,0,0
B-threat-always,kinship,3182,103182,5,False,3,5,0,7,0,0,0,0,0,0,0
B-threat-always,kinship,3183,103183,5,False,3,5,0,7,0,0,0,0,0,0,0
B-threat-always,kinship,3184,103184,5,False,3,5,0,7,0,0,0,0,0,0,0
B-threat-always,kinship,3185,103185,4,False,5,6,0,7,0,0,0,0,0,0,0
B-threat-always,kinship,3186,103186,5,False,3,5,0,7,0,0,0,0,0,0,0
B-threat-always,kinship,3187,103187,4,False,5,6,0,7,0,0,0,0,0,0,0
B-threat-always,kinship,3188,103188,4,False,5,6,0,7,0,0,0,0,0,0,0
B-threat-always,kinship,3189,103189,5,False,3,5,0,7,0,0,0,0,0,0,0
B-threat-always,kinship,3190,103190,4,False,5,6,0,7,0,0,0,0,0,0,0
B-threat-always,kinship,3191,103191,4,False,5,6,0,7,0,0,0,0,0,0,0
B-threat-always,kinship,3192,103192,5,False,3,5,0,7,0,0,0,0,0,0,0
B-threat-always,kinship,3193,103193,5,False,3,5,0,7,0,0,0,0,0,0,0
B-threat-always,kinship,3194,103194,4,False,5,6,0,7,0,0,0,0,0,0,0
B-threat-always,kinship,3195,103195,5,False,3,5,0,7,0,0,0,0,0,0,0
B-threat-always,kinship,3196,103196,4,False,5,6,0,7,0,0,0,0,0,0,0
B-threat-always,kinship,3197,103197,4,False,5,6,0,7,0,0,0,0,0,0,0
B-threat-always,kinship,3198,103198,4,False,5,6,0,7,0,0,0,0,0,0,0
B-threat-always,kinship,3199,103199,4,False,5,6,0,7,0,0,0,0,0,0,0
B-threat-always,kinship,3200,103200,4,False,5,6,0,7,0,0,0,0,0,0,0
B-threat-always,kinship,3201,103201,4,False,5,6,0,7,0,0,0,0,0,0,0
B-threat-always,kinship,3202,103202,4,False,5,6,0,7,0,0,0,0,0,0,0
B-threat-always,kinship,3203,103203,5,False,3,5,0,7,0,0,0,0,0,0,0
B-threat-always,kinship,3204,103204,4,False,5,6,0,7,0,0,0,0,0,0,0
B-threat-always,kinship,3205,103205,5,False,3,5,0,7,0,0,0,0,0,0,0
B-threat-always,kinship,3206,103206,4,False,5,6,0,7,0,0,0,0,0,0,0
B-threat-always,kinship,3207,103207,5,False,3,5,0,7,0,0,0,0,0,0,0
B-threat-always,kinship,3208,103208,4,False,5,6,0,7,0,0,0,0,0,0,0
B-threat-always,kinship,3209,103209,4,False,5,6,0,7,0,0,0,0,0,0,0
B-threat-always,kinship,3210,103210,4,False,5,6,0,7,0,0,0,0,0,0,0
B-threat-always,kinship,3211,103211,4,False,5,6,0,7,0,0,0,0,0,0,0
B-threat-always,kinship,3212,103212,4,False,5,6,0,7,0,0,0,0,0,0,0
B-threat-always,kinship,3213,103213,5,False,3,5,0,7,0,0,0,0,0,0,0
B-threat-always,kinship,3214,103214,5,False,3,5,0,7,0,0,0,0,0,0,0
B-threat-always,kinship,3215,103215,4,False,5,6,0,7,0,0,0,0,0,0,0
B-threat-always,kinship,3216,103216,4,False,5,6,0,7,0,0,0,0,0,0,0
B-threat-always,kinship,3217,103217,4,False,5,6,0,7,0,0,0,0,0,0,0
B-threat-always,kinship,3218,103218,4,False,5,6,0,7,0,0,0,0,0,0,0
B-threat-always,kinship,3219,103219,4,False,5,6,0,7,0,0,0,0,0,0,0
B-threat-always,kinship,3220,103220,4,False,5,6,0,7,0,0,0,0,0,0,0
B-threat-always,kinship,3221,103221,4,False,5,6,0,7,0,0,0,0,0,0,0
B-threat-always,kinship,3222,103222,4,False,5,6,0,7,0,0,0,0,0,0,0
B-threat-always,kinship,3223,103223,5,False,3,5,0,7,0,0,0,0,0,0,0
B-threat-always,kinship,3224,103224,5,False,3,5,0,7,0,0,0,0,0,0,0
B-threat-always,kinship,3225,103225,5,False,3,5,0,7,0,0,0,0,0,0,0
B-threat-always,kinship,3226,103226,4,False,5,6,0,7,0,0,0,0,0,0,0
B-threat-always,kinship,3227,103227,5,False,3,5,0,7,0,0,0,0,0,0,0
B-threat-always,kinship,3228,103228,5,False,3,5,0,7,0,0,0,0,0,0,0
B-threat-always,kinship,3229,103229,5,False,3,5,0,7,0,0,0,0,0,0,0
B-threat-always,kinship,3230,103230,4,False,5,6,0,7,0,0,0,0,0,0,0
B-threat-always,kinship,3231,103231,5,False,3,5,0,7,0,0,0,0,0,0,0
B-threat-always,kinship,3232,103232,4,False,5,6,0,7,0,0,0,0,0,0,0
B-threat-always,kinship,3233,103233,4,False,5,6,0,7,0,0,0,0,0,0,0
B-threat-always,kinship,3234,103234,4,False,5,6,0,7,0,0,0,0,0,0,0
B-threat-always,kinship,3235,103235,5,False,3,5,0,7,0,0,0,0,0,0,0
B-threat-always,kinship,3236,103236,5,False,3,5,0,7,0,0,0,0,0,0,0
B-threat-always,kinship,3237,103237,4,False,5,6,0,7,0,0,0,0,0,0,0
B-threat-always,kinship,3238,103238,4,False,5,6,0,7,0,0,0,0,0,0,0
B-threat-always,kinship,3239,103239,4,False,5,6,0,7,0,0,0,0,0,0,0
B-threat-always,kinship,3240,103240,5,False,3,5,0,7,0,0,0,0,0,0,0
B-threat-always,kinship,3241,103241,5,False,3,5,0,7,0,0,0,0,0,0,0
B-threat-always,kinship,3242,103242,4,False,5,6,0,7,0,0,0,0,0,0,0
B-threat-always,kinship,3243,103243,4,False,5,6,0,7,0,0,0,0,0,0,0
B-threat-always,kinship,3244,103244,4,False,5,6,0,7,0,0,0,0,0,0,0
B-threat-always,kinship,3245,103245,4,False,5,6,0,7,0,0,0,0,0,0,0
B-threat-always,kinship,3246,103246,4,False,5,6,0,7,0,0,0,0,0,0,0
B-threat-always,kinship,3247,103247,4,False,5,6,0,7,0,0,0,0,0,0,0
B-threat-always,kinship,3248,103248,4,False,5,6,0,7,0,0,0,0,0,0,0
B-threat-always,kinship,3249,103249,4,False,5,6,0,7,0,0,0,0,0,0,0
B-threat-always,kinship,3250,103250,5,False,3,5,0,7,0,0,0,0,0,0,0
B-threat-always,kinship,3251,103251,5,False,3,5,0,7,0,0,0,0,0,0,0
B-threat-always,kinship,3252,103252,5,False,3,5,0,7,0,0,0,0,0,0,0
B-threat-always,kinship,3253,103253,5,False,3,5,0,7,0,0,0,0,0,0,0
B-threat-always,kinship,3254,103254,4,False,5,6,0,7,0,0,0,0,0,0,0
B-threat-always,kinship,3255,103255,5,False,3,5,0,7,0,0,0,0,0,0,0
B-threat-always,kinship,3256,103256,4,False,5,6,0,7,0,0,0,0,0,0,0
B-threat-always,kinship,3257,103257,4,False,5,6,0,7,0,0,0,0,0,0,0
B-threat-always,kinship,3258,103258,4,False,5,6,0,7,0,0,0,0,0,0,0
B-threat-always,kinship,3259,103259,4,False,5,6,0,7,0,0,0,0,0,0,0
B-threat-always,kinship,3260,103260,5,False,3,5,0,7,0,0,0,0,0,0,0
B-threat-always,kinship,3261,103261,4,False,5,6,0,7,0,0,0,0,0,0,0
B-threat-always,kinship,3262,103262,5,False,3,5,0,7,0,0,0,0,0,0,0
B-threat-always,kinship,3263,103263,4,False,5,6,0,7,0,0,0,0,0,0,0
B-threat-always,kinship,3264,103264,4,False,5,6,0,7,0,0,0,0,0,0,0
B-threat-always,kinship,3265,103265,4,False,5,6,0,7,0,0,0,0,0,0,0
B-threat-always,kinship,3266,103266,5,False,3,5,0,7,0,0,0,0,0,0,0
B-threat-always,kinship,3267,103267,4,False,5,6,0,7,0,0,0,0,0,0,0
B-threat-always,kinship,3268,103268,5,False,3,5,0,7,0,0,0,0,0,0,0
B-threat-always,kinship,3269,103269,5,False,3,5,0,7,0,0,0,0,0,0,0
B-threat-always,kinship,3270,103270,5,False,3,5,0,7,0,0,0,0,0,0,0
B-threat-always,kinship,3271,103271,4,False,5,6,0,7,0,0,0,0,0,0,0
B-threat-always,kinship,3272,103272,4,False,5,6,0,7,0,0,0,0,0,0,0
B-threat-always,kinship,3273,103273,4,False,5,6,0,7,0,0,0,0,0,0,0
B-threat-always,kinship,3274,103274,4,False,5,6,0,7,0,0,0,0,0,0,0
B-threat-always,kinship,3275,103275,4,False,5,6,0,7,0,0,0,0,0,0,0
B-threat-always,kinship,3276,103276,5,False,3,5,0,7,0,0,0,0,0,0,0
B-threat-always,kinship,3277,103277,5,False,3,5,0,7,0,0,0,0,0,0,0
B-threat-always,kinship,3278,103278,4,False,5,6,0,7,0,0,0,0,0,0,0
B-threat-always,kinship,3279,103279,4,False,5,6,0,7,0,0,0,0,0,0,0
B-threat-always,kinship,3280,103280,5,False,3,5,0,7,0,0,0,0,0,0,0
B-threat-always,kinship,3281,103281,4,False,5,6,0,7,0,0,0,0,0,0,0
B-threat-always,kinship,3282,103282,4,False,5,6,0,7,0,0,0,0,0,0,0
B-threat-always,kinship,3283,103283,4,False,5,6,0,7,0,0,0,0,0,0,0
B-threat-always,kinship,3284,103284,4,False,5,6,0,7,0,0,0,0,0,0,0
B-threat-always,kinship,3285,103285,4,False,5,6,0,7,0,0,0,0,0,0,0
B-threat-always,kinship,3286,103286,4,False,5,6,0,7,0,0,0,0,0,0,0
B-threat-always,kinship,3287,103287,5,False,3,5,0,7,0,0,0,0,0,0,0
B-threat-always,kinship,3288,103288,5,False,3,5,0,7,0,0,0,0,0,0,0
B-threat-always,kinship,3289,103289,5,False,3,5,0,7,0,0,0,0,0,0,0
B-threat-always,kinship,3290,103290,4,False,5,6,0,7,0,0,0,0,0,0,0
B-threat-always,kinship,3291,103291,4,False,5,6,0,7,0,0,0,0,0,0,0
B-threat-always,kinship,3292,103292,4,False,5,6,0,7,0,0,0,0,0,0,0
B-threat-always,kinship,3293,103293,4,False,5,6,0,7,0,0,0,0,0,0,0
B-threat-always,kinship,3294,103294,4,False,5,6,0,7,0,0,0,0,0,0,0
B-threat-always,kinship,3295,103295,5,False,3,5,0,7,0,0,0,0,0,0,0
B-threat-always,kinship,3296,103296,4,False,5,6,0,7,0,0,0,0,0,0,0
B-threat-always,kinship,3297,103297,5,False,5,7,0,7,0,0,0,0,0,0,0
B-threat-always,kinship,3298,103298,4,False,5,6,0,7,0,0,0,0,0,0,0
B-threat-always,kinship,3299,103299,5,False,3,5,0,7,0,0,0,0,0,0,0
B-threat-always,kinship,3300,103300,4,False,5,6,0,7,0,0,0,0,0,0,0
B-threat-always,kinship,3301,103301,4,False,5,6,0,7,0,0,0,0,0,0,0
B-threat-always,kinship,3302,103302,4,False,5,6,0,7,0,0,0,0,0,0,0
B-threat-always,kinship,3303,103303,5,False,3,5,0,7,0,0,0,0,0,0,0
B-threat-always,kinship,3304,103304,5,False,3,5,0,7,0,0,0,0,0,0,0
B-threat-always,kinship,3305,103305,4,False,5,6,0,7,0,0,0,0,0,0,0
B-threat-always,kinship,3306,103306,4,False,5,6,0,7,0,0,0,0,0,0,0
B-threat-always,kinship,3307,103307,4,False,5,6,0,7,0,0,0,0,0,0,0
B-threat-always,kinship,3308,103308,5,False,3,5,0,7,0,0,0,0,0,0,0
B-threat-always,kinship,3309,103309,4,False,5,6,0,7,0,0,0,0,0,0,0
B-threat-always,kinship,3310,103310,4,False,5,6,0,7,0,0,0,0,0,0,0
B-threat-always,kinship,3311,103311,5,False,3,5,0,7,0,0,0,0,0,0,0
B-threat-always,kinship,3312,103312,4,False,5,6,0,7,0,0,0,0,0,0,0
B-threat-always,kinship,3313,103313,4,False,5,6,0,7,0,0,0,0,0,0,0
B-threat-always,kinship,3314,103314,4,False,5,6,0,7,0,0,0,0,0,0,0
B-threat-always,kinship,3315,103315,4,False,5,6,0,7,0,0,0,0,0,0,0
B-threat-always,kinship,3316,103316,5,False,3,5,0,7,0,0,0,0,0,0,0
B-threat-always,kinship,3317,103317,4,False,5,6,0,7,0,0,0,0,0,0,0
B-threat-always,kinship,3318,103318,4,False,5,6,0,7,0,0,0,0,0,0,0
B-threat-always,kinship,3319,103319,5,False,3,5,0,7,0,0,0,0,0,0,0
B-threat-always,kinship,3320,103320,4,False,5,6,0,7,0,0,0,0,0,0,0
B-threat-always,kinship,3321,103321,4,False,5,6,0,7,0,0,0,0,0,0,0
B-threat-always,kinship,3322,103322,5,False,3,5,0,7,0,0,0,0,0,0,0
B-threat-always,kinship,3323,103323,5,False,3,5,0,7,0,0,0,0,0,0,0
B-threat-always,kinship,3324,103324,4,False,5,6,0,7,0,0,0,0,0,0,0
B-threat-always,kinship,3325,103325,4,False,5,6,0,7,0,0,0,0,0,0,0
B-threat-always,kinship,3326,103326,4,False,5,6,0,7,0,0,0,0,0,0,0
B-threat-always,kinship,3327,103327,5,False,3,5,0,7,0,0,0,0,0,0,0
B-threat-always,kinship,3328,103328,5,False,3,5,0,7,0,0,0,0,0,0,0
B-threat-always,kinship,3329,103329,4,False,5,6,0,7,0,0,0,0,0,0,0
B-threat-always,kinship,3330,103330,4,False,5,6,0,7,0,0,0,0,0,0,0
B-threat-always,kinship,3331,103331,5,False,3,5,0,7,0,0,0,0,0,0,0
B-threat-always,kinship,3332,103332,4,False,5,6,0,7,0,0,0,0,0,0,0
B-threat-always,kinship,3333,103333,5,False,3,5,0,7,0,0,0,0,0,0,0
B-threat-always,kinship,3334,103334,4,False,5,6,0,7,0,0,0,0,0,0,0
B-threat-always,kinship,3335,103335,5,False,3,5,0,7,0,0,0,0,0,0,0
B-threat-always,kinship,3336,103336,4,False,5,6,0,7,0,0,0,0,0,0,0
B-threat-always,kinship,3337,103337,4,False,5,6,0,7,0,0,0,0,0,0,0
B-threat-always,kinship,3338,103338,4,False,5,6,0,7,0,0,0,0,0,0,0
B-threat-always,kinship,3339,103339,4,False,5,6,0,7,0,0,0,0,0,0,0
B-threat-always,kinship,3340,103340,5,False,3,5,0,7,0,0,0,0,0,0,0
B-threat-always,kinship,3341,103341,4,False,5,6,0,7,0,0,0,0,0,0,0
B-threat-always,kinship,3342,103342,4,False,5,6,0,7,0,0,0,0,0,0,0
B-threat-always,kinship,3343,103343,5,False,3,5,0,7,0,0,0,0,0,0,0
B-threat-always,kinship,3344,103344,4,False,5,6,0,7,0,0,0,0,0,0,0
B-threat-always,kinship,3345,103345,5,False,3,5,0,7,0,0,0,0,0,0,0
B-threat-always,kinship,3346,103346,4,False,5,6,0,7,0,0,0,0,0,0,0
B-threat-always,kinship,3347,103347,4,False,5,6,0,7,0,0,0,0,0,0,0
B-threat-always,kinship,3348,103348,5,False,3,5,0,7,0,0,0,0,0,0,0
B-threat-always,kinship,3349,103349,4,False,5,6,0,7,0,0,0,0,0,0,0
B-threat-always,kinship,3350,103350,4,False,5,6,0,7,0,0,0,0,0,0,0
B-threat-always,kinship,3351,103351,4,False,5,6,0,7,0,0,0,0,0,0,0
B-threat-always,kinship,3352,103352,4,False,5,6,0,7,0,0,0,0,0,0,0
B-threat-always,kinship,3353,103353,4,False,5,6,0,7,0,0,0,0,0,0,0
B-threat-always,kinship,3354,103354,4,False,5,6,0,7,0,0,0,0,0,0,0
B-threat-always,kinship,3355,103355,5,False,3,5,0,7,0,0,0,0,0,0,0
B-threat-always,kinship,3356,103356,4,False,5,6,0,7,0,0,0,0,0,0,0
B-threat-always,kinship,3357,103357,4,False,5,6,0,7,0,0,0,0,0,0,0
B-threat-always,kinship,3358,103358,4,False,5,6,0,7,0,0,0,0,0,0,0
B-threat-always,kinship,3359,103359,4,False,5,6,0,7,0,0,0,0,0,0,0
B-threat-always,kinship,3360,103360,5,False,5,7,0,7,0,0,0,0,0,0,0
B-threat-always,kinship,3361,103361,4,False,5,6,0,7,0,0,0,0,0,0,0
B-threat-always,kinship,3362,103362,4,False,5,6,0,7,0,0,0,0,0,0,0
B-threat-always,kinship,3363,103363,4,False,5,6,0,7,0,0,0,0,0,0,0
B-threat-always,kinship,3364,103364,5,False,3,5,0,7,0,0,0,0,0,0,0
B-threat-always,kinship,3365,103365,5,False,3,5,0,7,0,0,0,0,0,0,0
B-threat-always,kinship,3366,103366,4,False,5,6,0,7,0,0,0,0,0,0,0
B-threat-always,kinship,3367,103367,4,False,5,6,0,7,0,0,0,0,0,0,0
B-threat-always,kinship,3368,103368,5,False,3,5,0,7,0,0,0,0,0,0,0
B-threat-always,kinship,3369,103369,4,False,5,6,0,7,0,0,0,0,0,0,0
B-threat-always,kinship,3370,103370,4,False,5,6,0,7,0,0,0,0,0,0,0
B-threat-always,kinship,3371,103371,4,False,5,6,0,7,0,0,0,0,0,0,0
B-threat-always,kinship,3372,103372,4,False,5,6,0,7,0,0,0,0,0,0,0
B-threat-always,kinship,3373,103373,5,False,3,5,0,7,0,0,0,0,0,0,0
B-threat-always,kinship,3374,103374,4,False,5,6,0,7,0,0,0,0,0,0,0
B-threat-always,kinship,3375,103375,5,False,3,5,0,7,0,0,0,0,0,0,0
B-threat-always,kinship,3376,103376,4,False,5,6,0,7,0,0,0,0,0,0,0
B-threat-always,kinship,3377,103377,5,False,3,5,0,7,0,0,0,0,0,0,0
B-threat-always,kinship,3378,103378,5,False,3,5,0,7,0,0,0,0,0,0,0
B-threat-always,kinship,3379,103379,5,False,3,5,0,7,0,0,0,0,0,0,0
B-threat-always,kinship,3380,103380,4,False,5,6,0,7,0,0,0,0,0,0,0
B-threat-always,kinship,3381,103381,5,False,3,5,0,7,0,0,0,0,0,0,0
B-threat-always,kinship,3382,103382,4,False,5,6,0,7,0,0,0,0,0,0,0
B-threat-always,kinship,3383,103383,5,False,3,5,0,7,0,0,0,0,0,0,0
B-threat-always,kinship,3384,103384,5,False,3,5,0,7,0,0,0,0,0,0,0
B-threat-always,kinship,3385,103385,5,False,3,5,0,7,0,0,0,0,0,0,0
B-threat-always,kinship,3386,103386,5,False,3,5,0,7,0,0,0,0,0,0,0
B-threat-always,kinship,3387,103387,5,False,3,5,0,7,0,0,0,0,0,0,0
B-threat-always,kinship,3388,103388,5,False,3,5,0,7,0,0,0,0,0,0,0
B-threat-always,kinship,3389,103389,5,False,3,5,0,7,0,0,0,0,0,0,0
B-threat-always,kinship,3390,103390,5,False,5,7,0,7,0,0,0,0,0,0,0
B-threat-always,kinship,3391,103391,4,False,5,6,0,7,0,0,0,0,0,0,0
B-threat-always,kinship,3392,103392,5,False,5,7,0,7,0,0,0,0,0,0,0
B-threat-always,kinship,3393,103393,4,False,5,6,0,7,0,0,0,0,0,0,0
B-threat-always,kinship,3394,103394,5,False,3,5,0,7,0,0,0,0,0,0,0
B-threat-always,kinship,3395,103395,4,False,5,6,0,7,0,0,0,0,0,0,0
B-threat-always,kinship,3396,103396,4,False,5,6,0,7,0,0,0,0,0,0,0
B-threat-always,kinship,3397,103397,4,False,5,6,0,7,0,0,0,0,0,0,0
B-threat-always,kinship,3398,103398,5,False,3,5,0,7,0,0,0,0,0,0,0
B-threat-always,kinship,3399,103399,4,False,5,6,0,7,0,0,0,0,0,0,0
B-threat-always,kinship,3400,103400,4,False,5,6,0,7,0,0,0,0,0,0,0
B-threat-always,kinship,3401,103401,5,False,3,5,0,7,0,0,0,0,0,0,0
B-threat-always,kinship,3402,103402,4,False,5,6,0,7,0,0,0,0,0,0,0
B-threat-always,kinship,3403,103403,4,False,5,6,0,7,0,0,0,0,0,0,0
B-threat-always,kinship,3404,103404,4,False,5,6,0,7,0,0,0,0,0,0,0
B-threat-always,kinship,3405,103405,4,False,5,6,0,7,0,0,0,0,0,0,0
B-threat-always,kinship,3406,103406,4,False,5,6,0,7,0,0,0,0,0,0,0
B-threat-always,kinship,3407,103407,4,False,5,6,0,7,0,0,0,0,0,0,0
B-threat-always,kinship,3408,103408,5,False,3,5,0,7,0,0,0,0,0,0,0
B-threat-always,kinship,3409,103409,5,False,3,5,0,7,0,0,0,0,0,0,0
B-threat-always,kinship,3410,103410,4,False,5,6,0,7,0,0,0,0,0,0,0
B-threat-always,kinship,3411,103411,5,False,5,7,0,7,0,0,0,0,0,0,0
B-threat-always,kinship,3412,103412,4,False,5,6,0,7,0,0,0,0,0,0,0
B-threat-always,kinship,3413,103413,5,False,3,5,0,7,0,0,0,0,0,0,0
B-threat-always,kinship,3414,103414,5,False,3,5,0,7,0,0,0,0,0,0,0
B-threat-always,kinship,3415,103415,5,False,3,5,0,7,0,0,0,0,0,0,0
B-threat-always,kinship,3416,103416,4,False,5,6,0,7,0,0,0,0,0,0,0
B-threat-always,kinship,3417,103417,4,False,5,6,0,7,0,0,0,0,0,0,0
B-threat-always,kinship,3418,103418,5,False,5,7,0,7,0,0,0,0,0,0,0
B-threat-always,kinship,3419,103419,5,False,3,5,0,7,0,0,0,0,0,0,0
B-threat-always,kinship,3420,103420,5,False,3,5,0,7,0,0,0,0,0,0,0
B-threat-always,kinship,3421,103421,4,False,5,6,0,7,0,0,0,0,0,0,0
B-threat-always,kinship,3422,103422,4,False,5,6,0,7,0,0,0,0,0,0,0
B-threat-always,kinship,3423,103423,4,False,5,6,0,7,0,0,0,0,0,0,0
B-threat-always,kinship,3424,103424,5,False,3,5,0,7,0,0,0,0,0,0,0
B-threat-always,kinship,3425,103425,5,False,3,5,0,7,0,0,0,0,0,0,0
B-threat-always,kinship,3426,103426,5,False,3,5,0,7,0,0,0,0,0,0,0
B-threat-always,kinship,3427,103427,4,False,5,6,0,7,0,0,0,0,0,0,0
B-threat-always,kinship,3428,103428,5,False,3,5,0,7,0,0,0,0,0,0,0
B-threat-always,kinship,3429,103429,4,False,5,6,0,7,0,0,0,0,0,0,0
B-threat-always,kinship,3430,103430,4,False,5,6,0,7,0,0,0,0,0,0,0
B-threat-always,kinship,3431,103431,4,False,5,6,0,7,0,0,0,0,0,0,0
B-threat-always,kinship,3432,103432,4,False,5,6,0,7,0,0,0,0,0,0,0
B-threat-always,kinship,3433,103433,4,False,5,6,0,7,0,0,0,0,0,0,0
B-threat-always,kinship,3434,103434,4,False,5,6,0,7,0,0,0,0,0,0,0
B-threat-always,kinship,3435,103435,4,False,5,6,0,7,0,0,0,0,0,0,0
B-threat-always,kinship,3436,103436,5,False,3,5,0,7,0,0,0,0,0,0,0
B-threat-always,kinship,3437,103437,4,False,5,6,0,7,0,0,0,0,0,0,0
B-threat-always,kinship,3438,103438,4,False,5,6,0,7,0,0,0,0,0,0,0
B-threat-always,kinship,3439,103439,4,False,5,6,0,7,0,0,0,0,0,0,0
B-threat-always,kinship,3440,103440,4,False,5,6,0,7,0,0,0,0,0,0,0
B-threat-always,kinship,3441,103441,5,False,3,5,0,7,0,0,0,0,0,0,0
B-threat-always,kinship,3442,103442,4,False,5,6,0,7,0,0,0,0,0,0,0
B-threat-always,kinship,3443,103443,4,False,5,6,0,7,0,0,0,0,0,0,0
B-threat-always,kinship,3444,103444,4,False,5,6,0,7,0,0,0,0,0,0,0
B-threat-always,kinship,3445,103445,4,False,5,6,0,7,0,0,0,0,0,0,0
B-threat-always,kinship,3446,103446,5,False,3,5,0,7,0,0,0,0,0,0,0
B-threat-always,kinship,3447,103447,5,False,3,5,0,7,0,0,0,0,0,0,0
B-threat-always,kinship,3448,103448,5,False,3,5,0,7,0,0,0,0,0,0,0
B-threat-always,kinship,3449,103449,4,False,5,6,0,7,0,0,0,0,0,0,0
B-threat-always,kinship,3450,103450,5,False,3,5,0,7,0,0,0,0,0,0,0
B-threat-always,kinship,3451,103451,4,False,5,6,0,7,0,0,0,0,0,0,0
B-threat-always,kinship,3452,103452,4,False,5,6,0,7,0,0,0,0,0,0,0
B-threat-always,kinship,3453,103453,4,False,5,6,0,7,0,0,0,0,0,0,0
B-threat-always,kinship,3454,103454,4,False,5,6,0,7,0,0,0,0,0,0,0
B-threat-always,kinship,3455,103455,5,False,3,5,0,7,0,0,0,0,0,0,0
B-threat-always,kinship,3456,103456,4,False,5,6,0,7,0,0,0,0,0,0,0
B-threat-always,kinship,3457,103457,5,False,3,5,0,7,0,0,0,0,0,0,0
B-threat-always,kinship,3458,103458,5,False,3,5,0,7,0,0,0,0,0,0,0
B-threat-always,kinship,3459,103459,4,False,5,6,0,7,0,0,0,0,0,0,0
B-threat-always,kinship,3460,103460,5,False,3,5,0,7,0,0,0,0,0,0,0
B-threat-always,kinship,3461,103461,4,False,5,6,0,7,0,0,0,0,0,0,0
B-threat-always,kinship,3462,103462,4,False,5,6,0,7,0,0,0,0,0,0,0
B-threat-always,kinship,3463,103463,4,False,5,6,0,7,0,0,0,0,0,0,0
B-threat-always,kinship,3464,103464,4,False,5,6,0,7,0,0,0,0,0,0,0
B-threat-always,kinship,3465,103465,5,False,3,5,0,7,0,0,0,0,0,0,0
B-threat-always,kinship,3466,103466,5,False,3,5,0,7,0,0,0,0,0,0,0
B-threat-always,kinship,3467,103467,4,False,5,6,0,7,0,0,0,0,0,0,0
B-threat-always,kinship,3468,103468,4,False,5,6,0,7,0,0,0,0,0,0,0
B-threat-always,kinship,3469,103469,5,False,3,5,0,7,0,0,0,0,0,0,0
B-threat-always,kinship,3470,103470,5,False,3,5,0,7,0,0,0,0,0,0,0
B-threat-always,kinship,3471,103471,5,False,3,5,0,7,0,0,0,0,0,0,0
B-threat-always,kinship,3472,103472,4,False,5,6,0,7,0,0,0,0,0,0,0
B-threat-always,kinship,3473,103473,5,False,3,5,0,7,0,0,0,0,0,0,0
B-threat-always,kinship,3474,103474,5,False,3,5,0,7,0,0,0,0,0,0,0
B-threat-always,kinship,3475,103475,4,False,5,6,0,7,0,0,0,0,0,0,0
B-threat-always,kinship,3476,103476,4,False,5,6,0,7,0,0,0,0,0,0,0
B-threat-always,kinship,3477,103477,4,False,5,6,0,7,0,0,0,0,0,0,0
B-threat-always,kinship,3478,103478,4,False,5,6,0,7,0,0,0,0,0,0,0
B-threat-always,kinship,3479,103479,5,False,3,5,0,7,0,0,0,0,0,0,0
B-threat-always,kinship,3480,103480,5,False,3,5,0,7,0,0,0,0,0,0,0
B-threat-always,kinship,3481,103481,5,False,3,5,0,7,0,0,0,0,0,0,0
B-threat-always,kinship,3482,103482,5,False,3,5,0,7,0,0,0,0,0,0,0
B-threat-always,kinship,3483,103483,5,False,5,7,0,7,0,0,0,0,0,0,0
B-threat-always,kinship,3484,103484,4,False,5,6,0,7,0,0,0,0,0,0,0
B-threat-always,kinship,3485,103485,4,False,5,6,0,7,0,0,0,0,0,0,0
B-threat-always,kinship,3486,103486,4,False,5,6,0,7,0,0,0,0,0,0,0
B-threat-always,kinship,3487,103487,4,False,5,6,0,7,0,0,0,0,0,0,0
B-threat-always,kinship,3488,103488,5,False,3,5,0,7,0,0,0,0,0,0,0
B-threat-always,kinship,3489,103489,5,False,3,5,0,7,0,0,0,0,0,0,0
B-threat-always,kinship,3490,103490,4,False,5,6,0,7,0,0,0,0,0,0,0
B-threat-always,kinship,3491,103491,4,False,5,6,0,7,0,0,0,0,0,0,0
B-threat-always,kinship,3492,103492,4,False,5,6,0,7,0,0,0,0,0,0,0
B-threat-always,kinship,3493,103493,5,False,5,7,0,7,0,0,0,0,0,0,0
B-threat-always,kinship,3494,103494,4,False,5,6,0,7,0,0,0,0,0,0,0
B-threat-always,kinship,3495,103495,5,False,3,5,0,7,0,0,0,0,0,0,0
B-threat-always,kinship,3496,103496,4,False,5,6,0,7,0,0,0,0,0,0,0
B-threat-always,kinship,3497,103497,4,False,5,6,0,7,0,0,0,0,0,0,0
B-threat-always,kinship,3498,103498,4,False,5,6,0,7,0,0,0,0,0,0,0
B-threat-always,kinship,3499,103499,4,False,5,6,0,7,0,0,0,0,0,0,0
B-threat-always,kinship,3500,103500,5,False,3,5,0,7,0,0,0,0,0,0,0
B-threat-always,kinship,3501,103501,4,False,5,6,0,7,0,0,0,0,0,0,0
B-threat-always,kinship,3502,103502,5,False,3,5,0,7,0,0,0,0,0,0,0
B-threat-always,kinship,3503,103503,4,False,5,6,0,7,0,0,0,0,0,0,0
B-threat-always,kinship,3504,103504,4,False,5,6,0,7,0,0,0,0,0,0,0
B-threat-always,kinship,3505,103505,5,False,3,5,0,7,0,0,0,0,0,0,0
B-threat-always,kinship,3506,103506,4,False,5,6,0,7,0,0,0,0,0,0,0
B-threat-always,kinship,3507,103507,5,False,3,5,0,7,0,0,0,0,0,0,0
B-threat-always,kinship,3508,103508,4,False,5,6,0,7,0,0,0,0,0,0,0
B-threat-always,kinship,3509,103509,5,False,3,5,0,7,0,0,0,0,0,0,0
B-threat-always,kinship,3510,103510,4,False,5,6,0,7,0,0,0,0,0,0,0
B-threat-always,kinship,3511,103511,4,False,5,6,0,7,0,0,0,0,0,0,0
B-threat-always,kinship,3512,103512,4,False,5,6,0,7,0,0,0,0,0,0,0
B-threat-always,kinship,3513,103513,4,False,5,6,0,7,0,0,0,0,0,0,0
B-threat-always,kinship,3514,103514,4,False,5,6,0,7,0,0,0,0,0,0,0
B-threat-always,kinship,3515,103515,4,False,5,6,0,7,0,0,0,0,0,0,0
B-threat-always,kinship,3516,103516,4,False,5,6,0,7,0,0,0,0,0,0,0
B-threat-always,kinship,3517,103517,4,False,5,6,0,7,0,0,0,0,0,0,0
B-threat-always,kinship,3518,103518,4,False,5,6,0,7,0,0,0,0,0,0,0
B-threat-always,kinship,3519,103519,4,False,5,6,0,7,0,0,0,0,0,0,0
B-threat-always,kinship,3520,103520,5,False,3,5,0,7,0,0,0,0,0,0,0
B-threat-always,kinship,3521,103521,4,False,5,6,0,7,0,0,0,0,0,0,0
B-threat-always,kinship,3522,103522,4,False,5,6,0,7,0,0,0,0,0,0,0
B-threat-always,kinship,3523,103523,4,False,5,6,0,7,0,0,0,0,0,0,0
B-threat-always,kinship,3524,103524,4,False,5,6,0,7,0,0,0,0,0,0,0
B-threat-always,kinship,3525,103525,4,False,5,6,0,7,0,0,0,0,0,0,0
B-threat-always,kinship,3526,103526,4,False,5,6,0,7,0,0,0,0,0,0,0
B-threat-always,kinship,3527,103527,4,False,5,6,0,7,0,0,0,0,0,0,0
B-threat-always,kinship,3528,103528,5,False,3,5,0,7,0,0,0,0,0,0,0
B-threat-always,kinship,3529,103529,5,False,3,5,0,7,0,0,0,0,0,0,0
B-threat-always,kinship,3530,103530,4,False,5,6,0,7,0,0,0,0,0,0,0
B-threat-always,kinship,3531,103531,4,False,5,6,0,7,0,0,0,0,0,0,0
B-threat-always,kinship,3532,103532,5,False,3,5,0,7,0,0,0,0,0,0,0
B-threat-always,kinship,3533,103533,4,False,5,6,0,7,0,0,0,0,0,0,0
B-threat-always,kinship,3534,103534,4,False,5,6,0,7,0,0,0,0,0,0,0
B-threat-always,kinship,3535,103535,4,False,5,6,0,7,0,0,0,0,0,0,0
B-threat-always,kinship,3536,103536,4,False,5,6,0,7,0,0,0,0,0,0,0
B-threat-always,kinship,3537,103537,5,False,3,5,0,7,0,0,0,0,0,0,0
B-threat-always,kinship,3538,103538,4,False,5,6,0,7,0,0,0,0,0,0,0
B-threat-always,kinship,3539,103539,4,False,5,6,0,7,0,0,0,0,0,0,0
B-threat-always,kinship,3540,103540,4,False,5,6,0,7,0,0,0,0,0,0,0
B-threat-always,kinship,3541,103541,5,False,3,5,0,7,0,0,0,0,0,0,0
B-threat-always,kinship,3542,103542,4,False,5,6,0,7,0,0,0,0,0,0,0
B-threat-always,kinship,3543,103543,4,False,5,6,0,7,0,0,0,0,0,0,0
B-threat-always,kinship,3544,103544,5,False,3,5,0,7,0,0,0,0,0,0,0
B-threat-always,kinship,3545,103545,5,False,3,5,0,7,0,0,0,0,0,0,0
B-threat-always,kinship,3546,103546,4,False,5,6,0,7,0,0,0,0,0,0,0
B-threat-always,kinship,3547,103547,5,False,3,5,0,7,0,0,0,0,0,0,0
B-threat-always,kinship,3548,103548,4,False,5,6,0,7,0,0,0,0,0,0,0
B-threat-always,kinship,3549,103549,5,False,3,5,0,7,0,0,0,0,0,0,0
B-threat-always,kinship,3550,103550,4,False,5,6,0,7,0,0,0,0,0,0,0
B-threat-always,kinship,3551,103551,5,False,3,5,0,7,0,0,0,0,0,0,0
B-threat-always,kinship,3552,103552,4,False,5,6,0,7,0,0,0,0,0,0,0
B-threat-always,kinship,3553,103553,4,False,5,6,0,7,0,0,0,0,0,0,0
B-threat-always,kinship,3554,103554,4,False,5,6,0,7,0,0,0,0,0,0,0
B-threat-always,kinship,3555,103555,5,False,3,5,0,7,0,0,0,0,0,0,0
B-threat-always,kinship,3556,103556,4,False,5,6,0,7,0,0,0,0,0,0,0
B-threat-always,kinship,3557,103557,5,False,3,5,0,7,0,0,0,0,0,0,0
B-threat-always,kinship,3558,103558,5,False,3,5,0,7,0,0,0,0,0,0,0
B-threat-always,kinship,3559,103559,4,False,5,6,0,7,0,0,0,0,0,0,0
B-threat-always,kinship,3560,103560,4,False,5,6,0,7,0,0,0,0,0,0,0
B-threat-always,kinship,3561,103561,4,False,5,6,0,7,0,0,0,0,0,0,0
B-threat-always,kinship,3562,103562,4,False,5,6,0,7,0,0,0,0,0,0,0
B-threat-always,kinship,3563,103563,5,False,3,5,0,7,0,0,0,0,0,0,0
B-threat-always,kinship,3564,103564,5,False,3,5,0,7,0,0,0,0,0,0,0
B-threat-always,kinship,3565,103565,4,False,5,6,0,7,0,0,0,0,0,0,0
B-threat-always,kinship,3566,103566,5,False,3,5,0,7,0,0,0,0,0,0,0
B-threat-always,kinship,3567,103567,4,False,5,6,0,7,0,0,0,0,0,0,0
B-threat-always,kinship,3568,103568,5,False,3,5,0,7,0,0,0,0,0,0,0
B-threat-always,kinship,3569,103569,4,False,5,6,0,7,0,0,0,0,0,0,0
B-threat-always,kinship,3570,103570,4,False,5,6,0,7,0,0,0,0,0,0,0
B-threat-always,kinship,3571,103571,4,False,5,6,0,7,0,0,0,0,0,0,0
B-threat-always,kinship,3572,103572,4,False,5,6,0,7,0,0,0,0,0,0,0
B-threat-always,kinship,3573,103573,4,False,5,6,0,7,0,0,0,0,0,0,0
B-threat-always,kinship,3574,103574,5,False,3,5,0,7,0,0,0,0,0,0,0
B-threat-always,kinship,3575,103575,4,False,5,6,0,7,0,0,0,0,0,0,0
B-threat-always,kinship,3576,103576,4,False,5,6,0,7,0,0,0,0,0,0,0
B-threat-always,kinship,3577,103577,5,False,3,5,0,7,0,0,0,0,0,0,0
B-threat-always,kinship,3578,103578,4,False,5,6,0,7,0,0,0,0,0,0,0
B-threat-always,kinship,3579,103579,5,False,3,5,0,7,0,0,0,0,0,0,0
B-threat-always,kinship,3580,103580,4,False,5,6,0,7,0,0,0,0,0,0,0
B-threat-always,kinship,3581,103581,5,False,3,5,0,7,0,0,0,0,0,0,0
B-threat-always,kinship,3582,103582,4,False,5,6,0,7,0,0,0,0,0,0,0
B-threat-always,kinship,3583,103583,4,False,5,6,0,7,0,0,0,0,0,0,0
B-threat-always,kinship,3584,103584,4,False,5,6,0,7,0,0,0,0,0,0,0
B-threat-always,kinship,3585,103585,5,False,3,5,0,7,0,0,0,0,0,0,0
B-threat-always,kinship,3586,103586,4,False,5,6,0,7,0,0,0,0,0,0,0
B-threat-always,kinship,3587,103587,4,False,5,6,0,7,0,0,0,0,0,0,0
B-threat-always,kinship,3588,103588,4,False,5,6,0,7,0,0,0,0,0,0,0
B-threat-always,kinship,3589,103589,5,False,3,5,0,7,0,0,0,0,0,0,0
B-threat-always,kinship,3590,103590,4,False,5,6,0,7,0,0,0,0,0,0,0
B-threat-always,kinship,3591,103591,4,False,5,6,0,7,0,0,0,0,0,0,0
B-threat-always,kinship,3592,103592,5,False,3,5,0,7,0,0,0,0,0,0,0
B-threat-always,kinship,3593,103593,4,False,5,6,0,7,0,0,0,0,0,0,0
B-threat-always,kinship,3594,103594,4,False,5,6,0,7,0,0,0,0,0,0,0
B-threat-always,kinship,3595,103595,4,False,5,6,0,7,0,0,0,0,0,0,0
B-threat-always,kinship,3596,103596,4,False,5,6,0,7,0,0,0,0,0,0,0
B-threat-always,kinship,3597,103597,4,False,5,6,0,7,0,0,0,0,0,0,0
B-threat-always,kinship,3598,103598,5,False,3,5,0,7,0,0,0,0,0,0,0
B-threat-always,kinship,3599,103599,5,False,3,5,0,7,0,0,0,0,0,0,0
B-threat-always,kinship,3600,103600,5,False,3,5,0,7,0,0,0,0,0,0,0
B-threat-always,kinship,3601,103601,4,False,5,6,0,7,0,0,0,0,0,0,0
B-threat-always,kinship,3602,103602,4,False,5,6,0,7,0,0,0,0,0,0,0
B-threat-always,kinship,3603,103603,4,False,5,6,0,7,0,0,0,0,0,0,0
B-threat-always,kinship,3604,103604,4,False,5,6,0,7,0,0,0,0,0,0,0
B-threat-always,kinship,3605,103605,5,False,3,5,0,7,0,0,0,0,0,0,0
B-threat-always,kinship,3606,103606,4,False,5,6,0,7,0,0,0,0,0,0,0
B-threat-always,kinship,3607,103607,4,False,5,6,0,7,0,0,0,0,0,0,0
B-threat-always,kinship,3608,103608,5,False,3,5,0,7,0,0,0,0,0,0,0
B-threat-always,kinship,3609,103609,4,False,5,6,0,7,0,0,0,0,0,0,0
B-threat-always,kinship,3610,103610,4,False,5,6,0,7,0,0,0,0,0,0,0
B-threat-always,kinship,3611,103611,4,False,5,6,0,7,0,0,0,0,0,0,0
B-threat-always,kinship,3612,103612,4,False,5,6,0,7,0,0,0,0,0,0,0
B-threat-always,kinship,3613,103613,5,False,3,5,0,7,0,0,0,0,0,0,0
B-threat-always,kinship,3614,103614,4,False,5,6,0,7,0,0,0,0,0,0,0
B-threat-always,kinship,3615,103615,4,False,5,6,0,7,0,0,0,0,0,0,0
B-threat-always,kinship,3616,103616,4,False,5,6,0,7,0,0,0,0,0,0,0
B-threat-always,kinship,3617,103617,4,False,5,6,0,7,0,0,0,0,0,0,0
B-threat-always,kinship,3618,103618,4,False,5,6,0,7,0,0,0,0,0,0,0
B-threat-always,kinship,3619,103619,5,False,3,5,0,7,0,0,0,0,0,0,0
B-threat-always,kinship,3620,103620,5,False,3,5,0,7,0,0,0,0,0,0,0
B-threat-always,kinship,3621,103621,4,False,5,6,0,7,0,0,0,0,0,0,0
B-threat-always,kinship,3622,103622,4,False,5,6,0,7,0,0,0,0,0,0,0
B-threat-always,kinship,3623,103623,5,False,3,5,0,7,0,0,0,0,0,0,0
B-threat-always,kinship,3624,103624,5,False,3,5,0,7,0,0,0,0,0,0,0
B-threat-always,kinship,3625,103625,4,False,5,6,0,7,0,0,0,0,0,0,0
B-threat-always,kinship,3626,103626,4,False,5,6,0,7,0,0,0,0,0,0,0
B-threat-always,kinship,3627,103627,5,False,3,5,0,7,0,0,0,0,0,0,0
B-threat-always,kinship,3628,103628,5,False,3,5,0,7,0,0,0,0,0,0,0
B-threat-always,kinship,3629,103629,4,False,5,6,0,7,0,0,0,0,0,0,0
B-threat-always,kinship,3630,103630,4,False,5,6,0,7,0,0,0,0,0,0,0
B-threat-always,kinship,3631,103631,4,False,5,6,0,7,0,0,0,0,0,0,0
B-threat-always,kinship,3632,103632,5,False,3,5,0,7,0,0,0,0,0,0,0
B-threat-always,kinship,3633,103633,5,False,3,5,0,7,0,0,0,0,0,0,0
B-threat-always,kinship,3634,103634,4,False,5,6,0,7,0,0,0,0,0,0,0
B-threat-always,kinship,3635,103635,4,False,5,6,0,7,0,0,0,0,0,0,0
B-threat-always,kinship,3636,103636,5,False,3,5,0,7,0,0,0,0,0,0,0
B-threat-always,kinship,3637,103637,4,False,5,6,0,7,0,0,0,0,0,0,0
B-threat-always,kinship,3638,103638,4,False,5,6,0,7,0,0,0,0,0,0,0
B-threat-always,kinship,3639,103639,4,False,5,6,0,7,0,0,0,0,0,0,0
B-threat-always,kinship,3640,103640,5,False,3,5,0,7,0,0,0,0,0,0,0
B-threat-always,kinship,3641,103641,4,False,5,6,0,7,0,0,0,0,0,0,0
B-threat-always,kinship,3642,103642,4,False,5,6,0,7,0,0,0,0,0,0,0
B-threat-always,kinship,3643,103643,5,False,3,5,0,7,0,0,0,0,0,0,0
B-threat-always,kinship,3644,103644,5,False,3,5,0,7,0,0,0,0,0,0,0
B-threat-always,kinship,3645,103645,5,False,3,5,0,7,0,0,0,0,0,0,0
B-threat-always,kinship,3646,103646,5,False,3,5,0,7,0,0,0,0,0,0,0
B-threat-always,kinship,3647,103647,4,False,5,6,0,7,0,0,0,0,0,0,0
B-threat-always,kinship,3648,103648,4,False,5,6,0,7,0,0,0,0,0,0,0
B-threat-always,kinship,3649,103649,4,False,5,6,0,7,0,0,0,0,0,0,0
B-threat-always,kinship,3650,103650,5,False,3,5,0,7,0,0,0,0,0,0,0
B-threat-always,kinship,3651,103651,5,False,3,5,0,7,0,0,0,0,0,0,0
B-threat-always,kinship,3652,103652,4,False,5,6,0,7,0,0,0,0,0,0,0
B-threat-always,kinship,3653,103653,4,False,5,6,0,7,0,0,0,0,0,0,0
B-threat-always,kinship,3654,103654,5,False,3,5,0,7,0,0,0,0,0,0,0
B-threat-always,kinship,3655,103655,4,False,5,6,0,7,0,0,0,0,0,0,0
B-threat-always,kinship,3656,103656,4,False,5,6,0,7,0,0,0,0,0,0,0
B-threat-always,kinship,3657,103657,5,False,3,5,0,7,0,0,0,0,0,0,0
B-threat-always,kinship,3658,103658,5,False,3,5,0,7,0,0,0,0,0,0,0
B-threat-always,kinship,3659,103659,4,False,5,6,0,7,0,0,0,0,0,0,0
B-threat-always,kinship,3660,103660,4,False,5,6,0,7,0,0,0,0,0,0,0
B-threat-always,kinship,3661,103661,5,False,3,5,0,7,0,0,0,0,0,0,0
B-threat-always,kinship,3662,103662,4,False,5,6,0,7,0,0,0,0,0,0,0
B-threat-always,kinship,3663,103663,4,False,5,6,0,7,0,0,0,0,0,0,0
B-threat-always,kinship,3664,103664,4,False,5,6,0,7,0,0,0,0,0,0,0
B-threat-always,kinship,3665,103665,4,False,5,6,0,7,0,0,0,0,0,0,0
B-threat-always,kinship,3666,103666,4,False,5,6,0,7,0,0,0,0,0,0,0
B-threat-always,kinship,3667,103667,5,False,3,5,0,7,0,0,0,0,0,0,0
B-threat-always,kinship,3668,103668,4,False,5,6,0,7,0,0,0,0,0,0,0
B-threat-always,kinship,3669,103669,4,False,5,6,0,7,0,0,0,0,0,0,0
B-threat-always,kinship,3670,103670,4,False,5,6,0,7,0,0,0,0,0,0,0
B-threat-always,kinship,3671,103671,4,False,5,6,0,7,0,0,0,0,0,0,0
B-threat-always,kinship,3672,103672,4,False,5,6,0,7,0,0,0,0,0,0,0
B-threat-always,kinship,3673,103673,5,False,3,5,0,7,0,0,0,0,0,0,0
B-threat-always,kinship,3674,103674,4,False,5,6,0,7,0,0,0,0,0,0,0
B-threat-always,kinship,3675,103675,4,False,5,6,0,7,0,0,0,0,0,0,0
B-threat-always,kinship,3676,103676,5,False,3,5,0,7,0,0,0,0,0,0,0
B-threat-always,kinship,3677,103677,4,False,5,6,0,7,0,0,0,0,0,0,0
B-threat-always,kinship,3678,103678,4,False,5,6,0,7,0,0,0,0,0,0,0
B-threat-always,kinship,3679,103679,4,False,5,6,0,7,0,0,0,0,0,0,0
B-threat-always,kinship,3680,103680,4,False,5,6,0,7,0,0,0,0,0,0,0
B-threat-always,kinship,3681,103681,5,False,3,5,0,7,0,0,0,0,0,0,0
B-threat-always,kinship,3682,103682,4,False,5,6,0,7,0,0,0,0,0,0,0
B-threat-always,kinship,3683,103683,5,False,3,5,0,7,0,0,0,0,0,0,0
B-threat-always,kinship,3684,103684,4,False,5,6,0,7,0,0,0,0,0,0,0
B-threat-always,kinship,3685,103685,5,False,3,5,0,7,0,0,0,0,0,0,0
B-threat-always,kinship,3686,103686,4,False,5,6,0,7,0,0,0,0,0,0,0
B-threat-always,kinship,3687,103687,5,False,3,5,0,7,0,0,0,0,0,0,0
B-threat-always,kinship,3688,103688,5,False,3,5,0,7,0,0,0,0,0,0,0
B-threat-always,kinship,3689,103689,5,False,3,5,0,7,0,0,0,0,0,0,0
B-threat-always,kinship,3690,103690,5,False,3,5,0,7,0,0,0,0,0,0,0
B-threat-always,kinship,3691,103691,4,False,5,6,0,7,0,0,0,0,0,0,0
B-threat-always,kinship,3692,103692,4,False,5,6,0,7,0,0,0,0,0,0,0
B-threat-always,kinship,3693,103693,4,False,5,6,0,7,0,0,0,0,0,0,0
B-threat-always,kinship,3694,103694,4,False,5,6,0,7,0,0,0,0,0,0,0
B-threat-always,kinship,3695,103695,5,False,3,5,0,7,0,0,0,0,0,0,0
B-threat-always,kinship,3696,103696,5,False,3,5,0,7,0,0,0,0,0,0,0
B-threat-always,kinship,3697,103697,4,False,5,6,0,7,0,0,0,0,0,0,0
B-threat-always,kinship,3698,103698,5,False,3,5,0,7,0,0,0,0,0,0,0
B-threat-always,kinship,3699,103699,5,False,3,5,0,7,0,0,0,0,0,0,0
B-threat-always,kinship,3700,103700,5,False,3,5,0,7,0,0,0,0,0,0,0
B-threat-always,kinship,3701,103701,4,False,5,6,0,7,0,0,0,0,0,0,0
B-threat-always,kinship,3702,103702,4,False,5,6,0,7,0,0,0,0,0,0,0
B-threat-always,kinship,3703,103703,4,False,5,6,0,7,0,0,0,0,0,0,0
B-threat-always,kinship,3704,103704,5,False,3,5,0,7,0,0,0,0,0,0,0
B-threat-always,kinship,3705,103705,5,False,3,5,0,7,0,0,0,0,0,0,0
B-threat-always,kinship,3706,103706,5,False,3,5,0,7,0,0,0,0,0,0,0
B-threat-always,kinship,3707,103707,4,False,5,6,0,7,0,0,0,0,0,0,0
B-threat-always,kinship,3708,103708,4,False,5,6,0,7,0,0,0,0,0,0,0
B-threat-always,kinship,3709,103709,4,False,5,6,0,7,0,0,0,0,0,0,0
B-threat-always,kinship,3710,103710,4,False,5,6,0,7,0,0,0,0,0,0,0
B-threat-always,kinship,3711,103711,5,False,3,5,0,7,0,0,0,0,0,0,0
B-threat-always,kinship,3712,103712,5,False,3,5,0,7,0,0,0,0,0,0,0
B-threat-always,kinship,3713,103713,4,False,5,6,0,7,0,0,0,0,0,0,0
B-threat-always,kinship,3714,103714,5,False,3,5,0,7,0,0,0,0,0,0,0
B-threat-always,kinship,3715,103715,5,False,3,5,0,7,0,0,0,0,0,0,0
B-threat-always,kinship,3716,103716,5,False,3,5,0,7,0,0,0,0,0,0,0
B-threat-always,kinship,3717,103717,4,False,5,6,0,7,0,0,0,0,0,0,0
B-threat-always,kinship,3718,103718,4,False,5,6,0,7,0,0,0,0,0,0,0
B-threat-always,kinship,3719,103719,5,False,3,5,0,7,0,0,0,0,0,0,0
B-threat-always,kinship,3720,103720,4,False,5,6,0,7,0,0,0,0,0,0,0
B-threat-always,kinship,3721,103721,4,False,5,6,0,7,0,0,0,0,0,0,0
B-threat-always,kinship,3722,103722,4,False,5,6,0,7,0,0,0,0,0,0,0
B-threat-always,kinship,3723,103723,4,False,5,6,0,7,0,0,0,0,0,0,0
B-threat-always,kinship,3724,103724,4,False,5,6,0,7,0,0,0,0,0,0,0
B-threat-always,kinship,3725,103725,5,False,3,5,0,7,0,0,0,0,0,0,0
B-threat-always,kinship,3726,103726,5,False,3,5,0,7,0,0,0,0,0,0,0
B-threat-always,kinship,3727,103727,5,False,5,7,0,7,0,0,0,0,0,0,0
B-threat-always,kinship,3728,103728,4,False,5,6,0,7,0,0,0,0,0,0,0
B-threat-always,kinship,3729,103729,5,False,3,5,0,7,0,0,0,0,0,0,0
B-threat-always,kinship,3730,103730,4,False,5,6,0,7,0,0,0,0,0,0,0
B-threat-always,kinship,3731,103731,4,False,5,6,0,7,0,0,0,0,0,0,0
B-threat-always,kinship,3732,103732,4,False,5,6,0,7,0,0,0,0,0,0,0
B-threat-always,kinship,3733,103733,5,False,3,5,0,7,0,0,0,0,0,0,0
B-threat-always,kinship,3734,103734,4,False,5,6,0,7,0,0,0,0,0,0,0
B-threat-always,kinship,3735,103735,4,False,5,6,0,7,0,0,0,0,0,0,0
B-threat-always,kinship,3736,103736,4,False,5,6,0,7,0,0,0,0,0,0,0
B-threat-always,kinship,3737,103737,4,False,5,6,0,7,0,0,0,0,0,0,0
B-threat-always,kinship,3738,103738,5,False,3,5,0,7,0,0,0,0,0,0,0
B-threat-always,kinship,3739,103739,4,False,5,6,0,7,0,0,0,0,0,0,0
B-threat-always,kinship,3740,103740,5,False,3,5,0,7,0,0,0,0,0,0,0
B-threat-always,kinship,3741,103741,4,False,5,6,0,7,0,0,0,0,0,0,0
B-threat-always,kinship,3742,103742,4,False,5,6,0,7,0,0,0,0,0,0,0
B-threat-always,kinship,3743,103743,4,False,5,6,0,7,0,0,0,0,0,0,0
B-threat-always,kinship,3744,103744,4,False,5,6,0,7,0,0,0,0,0,0,0
B-threat-always,kinship,3745,103745,4,False,5,6,0,7,0,0,0,0,0,0,0
B-threat-always,kinship,3746,103746,4,False,5,6,0,7,0,0,0,0,0,0,0
B-threat-always,kinship,3747,103747,4,False,5,6,0,7,0,0,0,0,0,0,0
B-threat-always,kinship,3748,103748,4,False,5,6,0,7,0,0,0,0,0,0,0
B-threat-always,kinship,3749,103749,5,False,3,5,0,7,0,0,0,0,0,0,0
B-threat-always,kinship,3750,103750,5,False,3,5,0,7,0,0,0,0,0,0,0
B-threat-always,kinship,3751,103751,5,False,3,5,0,7,0,0,0,0,0,0,0
B-threat-always,kinship,3752,103752,5,False,3,5,0,7,0,0,0,0,0,0,0
B-threat-always,kinship,3753,103753,4,False,5,6,0,7,0,0,0,0,0,0,0
B-threat-always,kinship,3754,103754,4,False,5,6,0,7,0,0,0,0,0,0,0
B-threat-always,kinship,3755,103755,5,False,3,5,0,7,0,0,0,0,0,0,0
B-threat-always,kinship,3756,103756,4,False,5,6,0,7,0,0,0,0,0,0,0
B-threat-always,kinship,3757,103757,5,False,3,5,0,7,0,0,0,0,0,0,0
B-threat-always,kinship,3758,103758,4,False,5,6,0,7,0,0,0,0,0,0,0
B-threat-always,kinship,3759,103759,5,False,3,5,0,7,0,0,0,0,0,0,0
B-threat-always,kinship,3760,103760,5,False,3,5,0,7,0,0,0,0,0,0,0
B-threat-always,kinship,3761,103761,4,False,5,6,0,7,0,0,0,0,0,0,0
B-threat-always,kinship,3762,103762,5,False,3,5,0,7,0,0,0,0,0,0,0
B-threat-always,kinship,3763,103763,5,False,3,5,0,7,0,0,0,0,0,0,0
B-threat-always,kinship,3764,103764,4,False,5,6,0,7,0,0,0,0,0,0,0
B-threat-always,kinship,3765,103765,4,False,5,6,0,7,0,0,0,0,0,0,0
B-threat-always,kinship,3766,103766,4,False,5,6,0,7,0,0,0,0,0,0,0
B-threat-always,kinship,3767,103767,5,False,3,5,0,7,0,0,0,0,0,0,0
B-threat-always,kinship,3768,103768,5,False,3,5,0,7,0,0,0,0,0,0,0
B-threat-always,kinship,3769,103769,4,False,5,6,0,7,0,0,0,0,0,0,0
B-threat-always,kinship,3770,103770,4,False,5,6,0,7,0,0,0,0,0,0,0
B-threat-always,kinship,3771,103771,5,False,3,5,0,7,0,0,0,0,0,0,0
B-threat-always,kinship,3772,103772,5,False,3,5,0,7,0,0,0,0,0,0,0
B-threat-always,kinship,3773,103773,5,False,3,5,0,7,0,0,0,0,0,0,0
B-threat-always,kinship,3774,103774,4,False,5,6,0,7,0,0,0,0,0,0,0
B-threat-always,kinship,3775,103775,4,False,5,6,0,7,0,0,0,0,0,0,0
B-threat-always,kinship,3776,103776,4,False,5,6,0,7,0,0,0,0,0,0,0
B-threat-always,kinship,3777,103777,5,False,3,5,0,7,0,0,0,0,0,0,0
B-threat-always,kinship,3778,103778,5,False,3,5,0,7,0,0,0,0,0,0,0
B-threat-always,kinship,3779,103779,4,False,5,6,0,7,0,0,0,0,0,0,0
B-threat-always,kinship,3780,103780,5,False,3,5,0,7,0,0,0,0,0,0,0
B-threat-always,kinship,3781,103781,4,False,5,6,0,7,0,0,0,0,0,0,0
B-threat-always,kinship,3782,103782,5,False,3,5,0,7,0,0,0,0,0,0,0
B-threat-always,kinship,3783,103783,4,False,5,6,0,7,0,0,0,0,0,0,0
B-threat-always,kinship,3784,103784,4,False,5,6,0,7,0,0,0,0,0,0,0
B-threat-always,kinship,3785,103785,5,False,3,5,0,7,0,0,0,0,0,0,0
B-threat-always,kinship,3786,103786,4,False,5,6,0,7,0,0,0,0,0,0,0
B-threat-always,kinship,3787,103787,4,False,5,6,0,7,0,0,0,0,0,0,0
B-threat-always,kinship,3788,103788,4,False,5,6,0,7,0,0,0,0,0,0,0
B-threat-always,kinship,3789,103789,5,False,3,5,0,7,0,0,0,0,0,0,0
B-threat-always,kinship,3790,103790,4,False,5,6,0,7,0,0,0,0,0,0,0
B-threat-always,kinship,3791,103791,4,False,5,6,0,7,0,0,0,0,0,0,0
B-threat-always,kinship,3792,103792,5,False,3,5,0,7,0,0,0,0,0,0,0
B-threat-always,kinship,3793,103793,4,False,5,6,0,7,0,0,0,0,0,0,0
B-threat-always,kinship,3794,103794,4,False,5,6,0,7,0,0,0,0,0,0,0
B-threat-always,kinship,3795,103795,4,False,5,6,0,7,0,0,0,0,0,0,0
B-threat-always,kinship,3796,103796,4,False,5,6,0,7,0,0,0,0,0,0,0
B-threat-always,kinship,3797,103797,5,False,3,5,0,7,0,0,0,0,0,0,0
B-threat-always,kinship,3798,103798,4,False,5,6,0,7,0,0,0,0,0,0,0
B-threat-always,kinship,3799,103799,4,False,5,6,0,7,0,0,0,0,0,0,0
B-threat-always,kinship,3800,103800,4,False,5,6,0,7,0,0,0,0,0,0,0
B-threat-always,kinship,3801,103801,5,False,3,5,0,7,0,0,0,0,0,0,0
B-threat-always,kinship,3802,103802,5,False,3,5,0,7,0,0,0,0,0,0,0
B-threat-always,kinship,3803,103803,4,False,5,6,0,7,0,0,0,0,0,0,0
B-threat-always,kinship,3804,103804,5,False,5,7,0,7,0,0,0,0,0,0,0
B-threat-always,kinship,3805,103805,4,False,5,6,0,7,0,0,0,0,0,0,0
B-threat-always,kinship,3806,103806,5,False,3,5,0,7,0,0,0,0,0,0,0
B-threat-always,kinship,3807,103807,4,False,5,6,0,7,0,0,0,0,0,0,0
B-threat-always,kinship,3808,103808,4,False,5,6,0,7,0,0,0,0,0,0,0
B-threat-always,kinship,3809,103809,5,False,3,5,0,7,0,0,0,0,0,0,0
B-threat-always,kinship,3810,103810,4,False,5,6,0,7,0,0,0,0,0,0,0
B-threat-always,kinship,3811,103811,4,False,5,6,0,7,0,0,0,0,0,0,0
B-threat-always,kinship,3812,103812,5,False,5,7,0,7,0,0,0,0,0,0,0
B-threat-always,kinship,3813,103813,5,False,3,5,0,7,0,0,0,0,0,0,0
B-threat-always,kinship,3814,103814,4,False,5,6,0,7,0,0,0,0,0,0,0
B-threat-always,kinship,3815,103815,5,False,3,5,0,7,0,0,0,0,0,0,0
B-threat-always,kinship,3816,103816,4,False,5,6,0,7,0,0,0,0,0,0,0
B-threat-always,kinship,3817,103817,5,False,5,7,0,7,0,0,0,0,0,0,0
B-threat-always,kinship,3818,103818,4,False,5,6,0,7,0,0,0,0,0,0,0
B-threat-always,kinship,3819,103819,4,False,5,6,0,7,0,0,0,0,0,0,0
B-threat-always,kinship,3820,103820,4,False,5,6,0,7,0,0,0,0,0,0,0
B-threat-always,kinship,3821,103821,4,False,5,6,0,7,0,0,0,0,0,0,0
B-threat-always,kinship,3822,103822,5,False,3,5,0,7,0,0,0,0,0,0,0
B-threat-always,kinship,3823,103823,4,False,5,6,0,7,0,0,0,0,0,0,0
B-threat-always,kinship,3824,103824,4,False,5,6,0,7,0,0,0,0,0,0,0
B-threat-always,kinship,3825,103825,4,False,5,6,0,7,0,0,0,0,0,0,0
B-threat-always,kinship,3826,103826,5,False,3,5,0,7,0,0,0,0,0,0,0
B-threat-always,kinship,3827,103827,4,False,5,6,0,7,0,0,0,0,0,0,0
B-threat-always,kinship,3828,103828,5,False,3,5,0,7,0,0,0,0,0,0,0
B-threat-always,kinship,3829,103829,5,False,3,5,0,7,0,0,0,0,0,0,0
B-threat-always,kinship,3830,103830,4,False,5,6,0,7,0,0,0,0,0,0,0
B-threat-always,kinship,3831,103831,4,False,5,6,0,7,0,0,0,0,0,0,0
B-threat-always,kinship,3832,103832,4,False,5,6,0,7,0,0,0,0,0,0,0
B-threat-always,kinship,3833,103833,5,False,3,5,0,7,0,0,0,0,0,0,0
B-threat-always,kinship,3834,103834,4,False,5,6,0,7,0,0,0,0,0,0,0
B-threat-always,kinship,3835,103835,5,False,3,5,0,7,0,0,0,0,0,0,0
B-threat-always,kinship,3836,103836,5,False,5,7,0,7,0,0,0,0,0,0,0
B-threat-always,kinship,3837,103837,4,False,5,6,0,7,0,0,0,0,0,0,0
B-threat-always,kinship,3838,103838,4,False,5,6,0,7,0,0,0,0,0,0,0
B-threat-always,kinship,3839,103839,4,False,5,6,0,7,0,0,0,0,0,0,0
B-threat-always,kinship,3840,103840,4,False,5,6,0,7,0,0,0,0,0,0,0
B-threat-always,kinship,3841,103841,4,False,5,6,0,7,0,0,0,0,0,0,0
B-threat-always,kinship,3842,103842,5,False,3,5,0,7,0,0,0,0,0,0,0
B-threat-always,kinship,3843,103843,5,False,3,5,0,7,0,0,0,0,0,0,0
B-threat-always,kinship,3844,103844,5,False,3,5,0,7,0,0,0,0,0,0,0
B-threat-always,kinship,3845,103845,4,False,5,6,0,7,0,0,0,0,0,0,0
B-threat-always,kinship,3846,103846,4,False,5,6,0,7,0,0,0,0,0,0,0
B-threat-always,kinship,3847,103847,4,False,5,6,0,7,0,0,0,0,0,0,0
B-threat-always,kinship,3848,103848,4,False,5,6,0,7,0,0,0,0,0,0,0
B-threat-always,kinship,3849,103849,4,False,5,6,0,7,0,0,0,0,0,0,0
B-threat-always,kinship,3850,103850,4,False,5,6,0,7,0,0,0,0,0,0,0
B-threat-always,kinship,3851,103851,4,False,5,6,0,7,0,0,0,0,0,0,0
B-threat-always,kinship,3852,103852,4,False,5,6,0,7,0,0,0,0,0,0,0
B-threat-always,kinship,3853,103853,4,False,5,6,0,7,0,0,0,0,0,0,0
B-threat-always,kinship,3854,103854,4,False,5,6,0,7,0,0,0,0,0,0,0
B-threat-always,kinship,3855,103855,4,False,5,6,0,7,0,0,0,0,0,0,0
B-threat-always,kinship,3856,103856,4,False,5,6,0,7,0,0,0,0,0,0,0
B-threat-always,kinship,3857,103857,5,False,3,5,0,7,0,0,0,0,0,0,0
B-threat-always,kinship,3858,103858,5,False,3,5,0,7,0,0,0,0,0,0,0
B-threat-always,kinship,3859,103859,5,False,3,5,0,7,0,0,0,0,0,0,0
B-threat-always,kinship,3860,103860,4,False,5,6,0,7,0,0,0,0,0,0,0
B-threat-always,kinship,3861,103861,5,False,3,5,0,7,0,0,0,0,0,0,0
B-threat-always,kinship,3862,103862,4,False,5,6,0,7,0,0,0,0,0,0,0
B-threat-always,kinship,3863,103863,4,False,5,6,0,7,0,0,0,0,0,0,0
B-threat-always,kinship,3864,103864,4,False,5,6,0,7,0,0,0,0,0,0,0
B-threat-always,kinship,3865,103865,4,False,5,6,0,7,0,0,0,0,0,0,0
B-threat-always,kinship,3866,103866,4,False,5,6,0,7,0,0,0,0,0,0,0
B-threat-always,kinship,3867,103867,5,False,3,5,0,7,0,0,0,0,0,0,0
B-threat-always,kinship,3868,103868,4,False,5,6,0,7,0,0,0,0,0,0,0
B-threat-always,kinship,3869,103869,5,False,3,5,0,7,0,0,0,0,0,0,0
B-threat-always,kinship,3870,103870,5,False,3,5,0,7,0,0,0,0,0,0,0
B-threat-always,kinship,3871,103871,5,False,3,5,0,7,0,0,0,0,0,0,0
B-threat-always,kinship,3872,103872,5,False,3,5,0,7,0,0,0,0,0,0,0
B-threat-always,kinship,3873,103873,5,False,3,5,0,7,0,0,0,0,0,0,0
B-threat-always,kinship,3874,103874,4,False,5,6,0,7,0,0,0,0,0,0,0
B-threat-always,kinship,3875,103875,5,False,3,5,0,7,0,0,0,0,0,0,0
B-threat-always,kinship,3876,103876,4,False,5,6,0,7,0,0,0,0,0,0,0
B-threat-always,kinship,3877,103877,5,False,3,5,0,7,0,0,0,0,0,0,0
B-threat-always,kinship,3878,103878,4,False,5,6,0,7,0,0,0,0,0,0,0
B-threat-always,kinship,3879,103879,5,False,3,5,0,7,0,0,0,0,0,0,0
B-threat-always,kinship,3880,103880,4,False,5,6,0,7,0,0,0,0,0,0,0
B-threat-always,kinship,3881,103881,4,False,5,6,0,7,0,0,0,0,0,0,0
B-threat-always,kinship,3882,103882,4,False,5,6,0,7,0,0,0,0,0,0,0
B-threat-always,kinship,3883,103883,5,False,3,5,0,7,0,0,0,0,0,0,0
B-threat-always,kinship,3884,103884,5,False,3,5,0,7,0,0,0,0,0,0,0
B-threat-always,kinship,3885,103885,5,False,3,5,0,7,0,0,0,0,0,0,0
B-threat-always,kinship,3886,103886,4,False,5,6,0,7,0,0,0,0,0,0,0
B-threat-always,kinship,3887,103887,4,False,5,6,0,7,0,0,0,0,0,0,0
B-threat-always,kinship,3888,103888,5,False,3,5,0,7,0,0,0,0,0,0,0
B-threat-always,kinship,3889,103889,5,False,3,5,0,7,0,0,0,0,0,0,0
B-threat-always,kinship,3890,103890,5,False,3,5,0,7,0,0,0,0,0,0,0
B-threat-always,kinship,3891,103891,4,False,5,6,0,7,0,0,0,0,0,0,0
B-threat-always,kinship,3892,103892,4,False,5,6,0,7,0,0,0,0,0,0,0
B-threat-always,kinship,3893,103893,4,False,5,6,0,7,0,0,0,0,0,0,0
B-threat-always,kinship,3894,103894,5,False,3,5,0,7,0,0,0,0,0,0,0
B-threat-always,kinship,3895,103895,4,False,5,6,0,7,0,0,0,0,0,0,0
B-threat-always,kinship,3896,103896,4,False,5,6,0,7,0,0,0,0,0,0,0
B-threat-always,kinship,3897,103897,5,False,3,5,0,7,0,0,0,0,0,0,0
B-threat-always,kinship,3898,103898,4,False,5,6,0,7,0,0,0,0,0,0,0
B-threat-always,kinship,3899,103899,4,False,5,6,0,7,0,0,0,0,0,0,0
B-threat-always,kinship,3900,103900,4,False,5,6,0,7,0,0,0,0,0,0,0
B-threat-always,kinship,3901,103901,5,False,3,5,0,7,0,0,0,0,0,0,0
B-threat-always,kinship,3902,103902,4,False,5,6,0,7,0,0,0,0,0,0,0
B-threat-always,kinship,3903,103903,4,False,5,6,0,7,0,0,0,0,0,0,0
B-threat-always,kinship,3904,103904,4,False,5,6,0,7,0,0,0,0,0,0,0
B-threat-always,kinship,3905,103905,5,False,3,5,0,7,0,0,0,0,0,0,0
B-threat-always,kinship,3906,103906,5,False,3,5,0,7,0,0,0,0,0,0,0
B-threat-always,kinship,3907,103907,4,False,5,6,0,7,0,0,0,0,0,0,0
B-threat-always,kinship,3908,103908,5,False,3,5,0,7,0,0,0,0,0,0,0
B-threat-always,kinship,3909,103909,5,False,3,5,0,7,0,0,0,0,0,0,0
B-threat-always,kinship,3910,103910,5,False,3,5,0,7,0,0,0,0,0,0,0
B-threat-always,kinship,3911,103911,5,False,3,5,0,7,0,0,0,0,0,0,0
B-threat-always,kinship,3912,103912,5,False,3,5,0,7,0,0,0,0,0,0,0
B-threat-always,kinship,3913,103913,4,False,5,6,0,7,0,0,0,0,0,0,0
B-threat-always,kinship,3914,103914,4,False,5,6,0,7,0,0,0,0,0,0,0
B-threat-always,kinship,3915,103915,4,False,5,6,0,7,0,0,0,0,0,0,0
B-threat-always,kinship,3916,103916,5,False,3,5,0,7,0,0,0,0,0,0,0
B-threat-always,kinship,3917,103917,4,False,5,6,0,7,0,0,0,0,0,0,0
B-threat-always,kinship,3918,103918,4,False,5,6,0,7,0,0,0,0,0,0,0
B-threat-always,kinship,3919,103919,5,False,3,5,0,7,0,0,0,0,0,0,0
B-threat-always,kinship,3920,103920,5,False,3,5,0,7,0,0,0,0,0,0,0
B-threat-always,kinship,3921,103921,5,False,3,5,0,7,0,0,0,0,0,0,0
B-threat-always,kinship,3922,103922,5,False,3,5,0,7,0,0,0,0,0,0,0
B-threat-always,kinship,3923,103923,5,False,3,5,0,7,0,0,0,0,0,0,0
B-threat-always,kinship,3924,103924,4,False,5,6,0,7,0,0,0,0,0,0,0
B-threat-always,kinship,3925,103925,5,False,3,5,0,7,0,0,0,0,0,0,0
B-threat-always,kinship,3926,103926,4,False,5,6,0,7,0,0,0,0,0,0,0
B-threat-always,kinship,3927,103927,5,False,3,5,0,7,0,0,0,0,0,0,0
B-threat-always,kinship,3928,103928,4,False,5,6,0,7,0,0,0,0,0,0,0
B-threat-always,kinship,3929,103929,5,False,3,5,0,7,0,0,0,0,0,0,0
B-threat-always,kinship,3930,103930,4,False,5,6,0,7,0,0,0,0,0,0,0
B-threat-always,kinship,3931,103931,4,False,5,6,0,7,0,0,0,0,0,0,0
B-threat-always,kinship,3932,103932,5,False,3,5,0,7,0,0,0,0,0,0,0
B-threat-always,kinship,3933,103933,5,False,5,7,0,7,0,0,0,0,0,0,0
B-threat-always,kinship,3934,103934,4,False,5,6,0,7,0,0,0,0,0,0,0
B-threat-always,kinship,3935,103935,4,False,5,6,0,7,0,0,0,0,0,0,0
B-threat-always,kinship,3936,103936,5,False,3,5,0,7,0,0,0,0,0,0,0
B-threat-always,kinship,3937,103937,4,False,5,6,0,7,0,0,0,0,0,0,0
B-threat-always,kinship,3938,103938,5,False,3,5,0,7,0,0,0,0,0,0,0
B-threat-always,kinship,3939,103939,4,False,5,6,0,7,0,0,0,0,0,0,0
B-threat-always,kinship,3940,103940,4,False,5,6,0,7,0,0,0,0,0,0,0
B-threat-always,kinship,3941,103941,4,False,5,6,0,7,0,0,0,0,0,0,0
B-threat-always,kinship,3942,103942,4,False,5,6,0,7,0,0,0,0,0,0,0
B-threat-always,kinship,3943,103943,5,False,3,5,0,7,0,0,0,0,0,0,0
B-threat-always,kinship,3944,103944,5,False,3,5,0,7,0,0,0,0,0,0,0
B-threat-always,kinship,3945,103945,4,False,5,6,0,7,0,0,0,0,0,0,0
B-threat-always,kinship,3946,103946,4,False,5,6,0,7,0,0,0,0,0,0,0
B-threat-always,kinship,3947,103947,4,False,5,6,0,7,0,0,0,0,0,0,0
B-threat-always,kinship,3948,103948,4,False,5,6,0,7,0,0,0,0,0,0,0
B-threat-always,kinship,3949,103949,4,False,5,6,0,7,0,0,0,0,0,0,0
B-threat-always,kinship,3950,103950,4,False,5,6,0,7,0,0,0,0,0,0,0
B-threat-always,kinship,3951,103951,4,False,5,6,0,7,0,0,0,0,0,0,0
B-threat-always,kinship,3952,103952,4,False,5,6,0,7,0,0,0,0,0,0,0
B-threat-always,kinship,3953,103953,4,False,5,6,0,7,0,0,0,0,0,0,0
B-threat-always,kinship,3954,103954,5,False,3,5,0,7,0,0,0,0,0,0,0
B-threat-always,kinship,3955,103955,4,False,5,6,0,7,0,0,0,0,0,0,0
B-threat-always,kinship,3956,103956,4,False,5,6,0,7,0,0,0,0,0,0,0
B-threat-always,kinship,3957,103957,4,False,5,6,0,7,0,0,0,0,0,0,0
B-threat-always,kinship,3958,103958,4,False,5,6,0,7,0,0,0,0,0,0,0
B-threat-always,kinship,3959,103959,4,False,5,6,0,7,0,0,0,0,0,0,0
B-threat-always,kinship,3960,103960,4,False,5,6,0,7,0,0,0,0,0,0,0
B-threat-always,kinship,3961,103961,4,False,5,6,0,7,0,0,0,0,0,0,0
B-threat-always,kinship,3962,103962,4,False,5,6,0,7,0,0,0,0,0,0,0
B-threat-always,kinship,3963,103963,4,False,5,6,0,7,0,0,0,0,0,0,0
B-threat-always,kinship,3964,103964,4,False,5,6,0,7,0,0,0,0,0,0,0
B-threat-always,kinship,3965,103965,4,False,5,6,0,7,0,0,0,0,0,0,0
B-threat-always,kinship,3966,103966,5,False,3,5,0,7,0,0,0,0,0,0,0
B-threat-always,kinship,3967,103967,4,False,5,6,0,7,0,0,0,0,0,0,0
B-threat-always,kinship,3968,103968,4,False,5,6,0,7,0,0,0,0,0,0,0
B-threat-always,kinship,3969,103969,4,False,5,6,0,7,0,0,0,0,0,0,0
B-threat-always,kinship,3970,103970,5,False,3,5,0,7,0,0,0,0,0,0,0
B-threat-always,kinship,3971,103971,5,False,3,5,0,7,0,0,0,0,0,0,0
B-threat-always,kinship,3972,103972,4,False,5,6,0,7,0,0,0,0,0,0,0
B-threat-always,kinship,3973,103973,4,False,5,6,0,7,0,0,0,0,0,0,0
B-threat-always,kinship,3974,103974,4,False,5,6,0,7,0,0,0,0,0,0,0
B-threat-always,kinship,3975,103975,4,False,5,6,0,7,0,0,0,0,0,0,0
B-threat-always,kinship,3976,103976,4,False,5,6,0,7,0,0,0,0,0,0,0
B-threat-always,kinship,3977,103977,4,False,5,6,0,7,0,0,0,0,0,0,0
B-threat-always,kinship,3978,103978,5,False,5,7,0,7,0,0,0,0,0,0,0
B-threat-always,kinship,3979,103979,4,False,5,6,0,7,0,0,0,0,0,0,0
B-threat-always,kinship,3980,103980,4,False,5,6,0,7,0,0,0,0,0,0,0
B-threat-always,kinship,3981,103981,4,False,5,6,0,7,0,0,0,0,0,0,0
B-threat-always,kinship,3982,103982,4,False,5,6,0,7,0,0,0,0,0,0,0
B-threat-always,kinship,3983,103983,4,False,5,6,0,7,0,0,0,0,0,0,0
B-threat-always,kinship,3984,103984,4,False,5,6,0,7,0,0,0,0,0,0,0
B-threat-always,kinship,3985,103985,5,False,3,5,0,7,0,0,0,0,0,0,0
B-threat-always,kinship,3986,103986,5,False,3,5,0,7,0,0,0,0,0,0,0
B-threat-always,kinship,3987,103987,4,False,5,6,0,7,0,0,0,0,0,0,0
B-threat-always,kinship,3988,103988,5,False,3,5,0,7,0,0,0,0,0,0,0
B-threat-always,kinship,3989,103989,4,False,5,6,0,7,0,0,0,0,0,0,0
B-threat-always,kinship,3990,103990,5,False,5,7,0,7,0,0,0,0,0,0,0
B-threat-always,kinship,3991,103991,4,False,5,6,0,7,0,0,0,0,0,0,0
B-threat-always,kinship,3992,103992,4,False,5,6,0,7,0,0,0,0,0,0,0
B-threat-always,kinship,3993,103993,4,False,5,6,0,7,0,0,0,0,0,0,0
B-threat-always,kinship,3994,103994,4,False,5,6,0,7,0,0,0,0,0,0,0
B-threat-always,kinship,3995,103995,5,False,3,5,0,7,0,0,0,0,0,0,0
B-threat-always,kinship,3996,103996,4,False,5,6,0,7,0,0,0,0,0,0,0
B-threat-always,kinship,3997,103997,4,False,5,6,0,7,0,0,0,0,0,0,0
B-threat-always,kinship,3998,103998,4,False,5,6,0,7,0,0,0,0,0,0,0
B-threat-always,kinship,3999,103999,4,False,5,6,0,7,0,0,0,0,0,0,0
B-threat-always,kinship,4000,104000,4,False,5,6,0,7,0,0,0,0,0,0,0
B-threat-always,technology,4001,104001,20,True,5,5,16,16,0,0,0,0,8,0,0
B-threat-always,technology,4002,104002,20,True,5,5,28,28,0,0,0,0,10,0,0
B-threat-always,technology,4003,104003,20,True,5,5,38,38,0,0,0,0,9,0,0
B-threat-always,technology,4004,104004,20,True,3,5,13,13,0,0,0,0,6,0,0
B-threat-always,technology,4005,104005,20,True,4,5,6,15,0,0,0,0,7,0,0
B-threat-always,technology,4006,104006,20,True,3,5,8,11,0,0,0,0,6,0,0
B-threat-always,technology,4007,104007,20,True,3,5,4,7,0,0,0,0,5,0,0
B-threat-always,technology,4008,104008,20,True,5,5,30,30,0,0,0,0,8,0,0
B-threat-always,technology,4009,104009,20,True,5,5,28,30,0,0,0,0,7,0,0
B-threat-always,technology,4010,104010,20,True,5,5,4,18,0,0,0,0,6,0,0
B-threat-always,technology,4011,104011,20,True,5,5,26,26,0,0,0,0,7,0,0
B-threat-always,technology,4012,104012,20,True,5,5,17,24,0,0,0,0,8,0,0
B-threat-always,technology,4013,104013,20,True,3,5,8,9,0,0,0,0,5,0,0
B-threat-always,technology,4014,104014,20,True,1,5,2,10,0,0,0,0,3,0,0
B-threat-always,technology,4015,104015,20,True,5,5,34,34,0,0,0,0,7,0,0
B-threat-always,technology,4016,104016,20,True,4,5,2,9,0,0,0,0,7,0,0
B-threat-always,technology,4017,104017,20,True,5,5,22,24,0,0,0,0,7,0,0
B-threat-always,technology,4018,104018,20,True,2,5,2,7,0,0,0,0,5,0,0
B-threat-always,technology,4019,104019,20,True,1,5,1,9,0,0,0,0,5,0,0
B-threat-always,technology,4020,104020,13,False,0,5,0,7,0,0,0,0,3,0,0
B-threat-always,technology,4021,104021,20,True,5,5,10,14,0,0,0,0,8,0,0
B-threat-always,technology,4022,104022,20,True,5,5,19,21,0,0,0,0,8,0,0
B-threat-always,technology,4023,104023,20,True,5,5,37,37,0,0,0,0,7,0,0
B-threat-always,technology,4024,104024,20,True,5,5,26,26,0,0,0,0,6,0,0
B-threat-always,technology,4025,104025,20,True,5,5,37,37,0,0,0,0,7,0,0
B-threat-always,technology,4026,104026,20,True,5,5,25,27,0,0,0,0,7,0,0
B-threat-always,technology,4027,104027,20,True,5,5,9,17,0,0,0,0,7,0,0
B-threat-always,technology,4028,104028,20,True,3,5,4,11,0,0,0,0,6,0,0
B-threat-always,technology,4029,104029,20,True,4,5,5,11,0,0,0,0,8,0,0
B-threat-always,technology,4030,104030,20,True,5,5,25,25,0,0,0,0,6,0,0
B-threat-always,technology,4031,104031,20,True,4,5,4,7,0,0,0,0,6,0,0
B-threat-always,technology,4032,104032,20,True,4,5,5,7,0,0,0,0,6,0,0
B-threat-always,technology,4033,104033,20,True,4,5,7,9,0,0,0,0,9,0,0
B-threat-always,technology,4034,104034,20,True,5,5,23,23,0,0,0,0,7,0,0
B-threat-always,technology,4035,104035,20,True,5,5,21,21,0,0,0,0,9,0,0
B-threat-always,technology,4036,104036,20,True,5,5,15,15,0,0,0,0,8,0,0
B-threat-always,technology,4037,104037,20,True,5,5,25,25,0,0,0,0,8,0,0
B-threat-always,technology,4038,104038,20,True,4,5,11,11,0,0,0,0,7,0,0
B-threat-always,technology,4039,104039,20,True,5,5,40,40,0,0,0,0,9,0,0
B-threat-always,technology,4040,104040,20,True,3,5,0,11,0,0,0,0,6,0,0
B-threat-always,technology,4041,104041,13,False,0,5,0,7,0,0,0,0,3,0,0
B-threat-always,technology,4042,104042,20,True,3,5,12,12,0,0,0,0,5,0,0
B-threat-always,technology,4043,104043,20,True,1,5,1,7,0,0,0,0,3,0,0
B-threat-always,technology,4044,104044,20,True,5,5,16,16,0,0,0,0,8,0,0
B-threat-always,technology,4045,104045,20,True,5,5,13,15,0,0,0,0,9,0,0
B-threat-always,technology,4046,104046,20,True,5,5,31,31,0,0,0,0,7,0,0
B-threat-always,technology,4047,104047,20,True,5,5,20,20,0,0,0,0,6,0,0
B-threat-always,technology,4048,104048,20,True,5,5,17,19,0,0,0,0,8,0,0
B-threat-always,technology,4049,104049,20,True,5,5,36,37,0,0,0,0,8,0,0
B-threat-always,technology,4050,104050,20,True,4,5,6,8,0,0,0,0,6,0,0
B-threat-always,technology,4051,104051,20,True,5,5,33,33,0,0,0,0,8,0,0
B-threat-always,technology,4052,104052,20,True,1,5,5,9,0,0,0,0,3,0,0
B-threat-always,technology,4053,104053,20,True,3,5,23,23,0,0,0,0,4,0,0
B-threat-always,technology,4054,104054,20,True,5,5,30,30,0,0,0,0,8,0,0
B-threat-always,technology,4055,104055,20,True,3,5,8,12,0,0,0,0,4,0,0
B-threat-always,technology,4056,104056,20,True,5,5,13,13,0,0,0,0,6,0,0
B-threat-always,technology,4057,104057,20,True,5,5,15,23,0,0,0,0,4,0,0
B-threat-always,technology,4058,104058,20,True,5,5,15,15,0,0,0,0,7,0,0
B-threat-always,technology,4059,104059,20,True,3,5,11,11,0,0,0,0,6,0,0
B-threat-always,technology,4060,104060,20,True,1,5,5,7,0,0,0,0,4,0,0
B-threat-always,technology,4061,104061,20,True,5,5,24,27,0,0,0,0,7,0,0
B-threat-always,technology,4062,104062,20,True,5,5,20,20,0,0,0,0,6,0,0
B-threat-always,technology,4063,104063,20,True,4,5,1,12,0,0,0,0,7,0,0
B-threat-always,technology,4064,104064,20,True,2,5,3,7,0,0,0,0,6,0,0
B-threat-always,technology,4065,104065,20,True,4,5,4,13,0,0,0,0,5,0,0
B-threat-always,technology,4066,104066,20,True,5,5,12,17,0,0,0,0,8,0,0
B-threat-always,technology,4067,104067,20,True,5,5,10,15,0,0,0,0,5,0,0
B-threat-always,technology,4068,104068,20,True,5,5,18,24,0,0,0,0,5,0,0
B-threat-always,technology,4069,104069,20,True,3,5,5,7,0,0,0,0,5,0,0
B-threat-always,technology,4070,104070,20,True,3,5,7,10,0,0,0,0,6,0,0
B-threat-always,technology,4071,104071,20,True,5,5,40,40,0,0,0,0,10,0,0
B-threat-always,technology,4072,104072,20,True,4,5,10,12,0,0,0,0,6,0,0
B-threat-always,technology,4073,104073,20,True,5,5,9,12,0,0,0,0,7,0,0
B-threat-always,technology,4074,104074,16,False,0,5,0,7,0,0,0,0,2,0,0
B-threat-always,technology,4075,104075,20,True,3,5,11,11,0,0,0,0,6,0,0
B-threat-always,technology,4076,104076,20,True,5,5,14,21,0,0,0,0,7,0,0
B-threat-always,technology,4077,104077,20,True,4,5,9,9,0,0,0,0,9,0,0
B-threat-always,technology,4078,104078,20,True,5,5,49,52,0,0,0,0,8,0,0
B-threat-always,technology,4079,104079,20,True,5,5,35,35,0,0,0,0,10,0,0
B-threat-always,technology,4080,104080,20,True,1,5,7,8,0,0,0,0,4,0,0
B-threat-always,technology,4081,104081,20,True,5,5,40,40,0,0,0,0,8,0,0
B-threat-always,technology,4082,104082,20,True,5,5,35,35,0,0,0,0,7,0,0
B-threat-always,technology,4083,104083,20,True,4,5,4,9,0,0,0,0,6,0,0
B-threat-always,technology,4084,104084,20,True,5,5,31,31,0,0,0,0,8,0,0
B-threat-always,technology,4085,104085,20,True,3,5,4,7,0,0,0,0,3,0,0
B-threat-always,technology,4086,104086,20,True,1,5,8,8,0,0,0,0,3,0,0
B-threat-always,technology,4087,104087,20,True,5,5,15,15,0,0,0,0,7,0,0
B-threat-always,technology,4088,104088,20,True,3,5,7,10,0,0,0,0,5,0,0
B-threat-always,technology,4089,104089,20,True,1,5,6,7,0,0,0,0,3,0,0
B-threat-always,technology,4090,104090,20,True,5,5,8,10,0,0,0,0,6,0,0
B-threat-always,technology,4091,104091,20,True,3,5,7,12,0,0,0,0,3,0,0
B-threat-always,technology,4092,104092,20,True,5,5,1,12,0,0,0,0,6,0,0
B-threat-always,technology,4093,104093,20,True,5,5,22,22,0,0,0,0,8,0,0
B-threat-always,technology,4094,104094,20,True,5,5,25,26,0,0,0,0,9,0,0
B-threat-always,technology,4095,104095,20,True,5,5,2,13,0,0,0,0,5,0,0
B-threat-always,technology,4096,104096,20,True,3,5,5,9,0,0,0,0,3,0,0
B-threat-always,technology,4097,104097,20,True,5,5,10,10,0,0,0,0,6,0,0
B-threat-always,technology,4098,104098,20,True,5,5,22,22,0,0,0,0,6,0,0
B-threat-always,technology,4099,104099,20,True,4,5,0,15,0,0,0,0,8,0,0
B-threat-always,technology,4100,104100,20,True,3,5,8,10,0,0,0,0,5,0,0
B-threat-always,technology,4101,104101,20,True,5,5,1,21,0,0,0,0,7,0,0
B-threat-always,technology,4102,104102,20,True,5,5,21,23,0,0,0,0,7,0,0
B-threat-always,technology,4103,104103,20,True,5,5,20,25,0,0,0,0,7,0,0
B-threat-always,technology,4104,104104,20,True,1,5,1,7,0,0,0,0,5,0,0
B-threat-always,technology,4105,104105,20,True,5,5,26,26,0,0,0,0,8,0,0
B-threat-always,technology,4106,104106,20,True,1,5,3,7,0,0,0,0,3,0,0
B-threat-always,technology,4107,104107,20,True,3,5,10,10,0,0,0,0,7,0,0
B-threat-always,technology,4108,104108,20,True,5,5,19,19,0,0,0,0,7,0,0
B-threat-always,technology,4109,104109,20,True,5,5,28,31,0,0,0,0,7,0,0
B-threat-always,technology,4110,104110,20,True,3,5,2,10,0,0,0,0,4,0,0
B-threat-always,technology,4111,104111,20,True,3,5,14,14,0,0,0,0,5,0,0
B-threat-always,technology,4112,104112,20,True,5,5,34,34,0,0,0,0,6,0,0
B-threat-always,technology,4113,104113,20,True,4,5,8,9,0,0,0,0,6,0,0
B-threat-always,technology,4114,104114,20,True,5,5,6,16,0,0,0,0,7,0,0
B-threat-always,technology,4115,104115,20,True,5,5,20,20,0,0,0,0,7,0,0
B-threat-always,technology,4116,104116,20,True,5,5,22,24,0,0,0,0,5,0,0
B-threat-always,technology,4117,104117,20,True,1,5,0,9,0,0,0,0,3,0,0
B-threat-always,technology,4118,104118,20,True,5,5,28,28,0,0,0,0,7,0,0
B-threat-always,technology,4119,104119,20,True,5,5,25,27,0,0,0,0,8,0,0
B-threat-always,technology,4120,104120,20,True,1,5,5,13,0,0,0,0,5,0,0
B-threat-always,technology,4121,104121,11,False,0,5,0,7,0,0,0,0,3,0,0
B-threat-always,technology,4122,104122,20,True,3,5,15,15,0,0,0,0,7,0,0
B-threat-always,technology,4123,104123,20,True,3,5,10,12,0,0,0,0,5,0,0
B-threat-always,technology,4124,104124,20,True,5,5,30,30,0,0,0,0,8,0,0
B-threat-always,technology,4125,104125,20,True,5,5,24,24,0,0,0,0,7,0,0
B-threat-always,technology,4126,104126,20,True,5,5,31,31,0,0,0,0,9,0,0
B-threat-always,technology,4127,104127,20,True,5,5,17,17,0,0,0,0,6,0,0
B-threat-always,technology,4128,104128,20,True,5,5,33,33,0,0,0,0,5,0,0
B-threat-always,technology,4129,104129,20,True,1,5,2,7,0,0,0,0,2,0,0
B-threat-always,technology,4130,104130,20,True,1,5,1,7,0,0,0,0,5,0,0
B-threat-always,technology,4131,104131,20,True,5,5,16,16,0,0,0,0,6,0,0
B-threat-always,technology,4132,104132,20,True,1,5,2,7,0,0,0,0,3,0,0
B-threat-always,technology,4133,104133,20,True,5,5,40,40,0,0,0,0,6,0,0
B-threat-always,technology,4134,104134,20,True,5,5,34,39,0,0,0,0,9,0,0
B-threat-always,technology,4135,104135,20,True,1,5,5,7,0,0,0,0,3,0,0
B-threat-always,technology,4136,104136,20,True,5,5,23,25,0,0,0,0,9,0,0
B-threat-always,technology,4137,104137,20,True,1,5,1,7,0,0,0,0,5,0,0
B-threat-always,technology,4138,104138,20,True,5,5,45,46,0,0,0,0,8,0,0
B-threat-always,technology,4139,104139,20,True,5,5,24,24,0,0,0,0,8,0,0
B-threat-always,technology,4140,104140,20,True,5,5,36,36,0,0,0,0,7,0,0
B-threat-always,technology,4141,104141,20,True,5,5,23,23,0,0,0,0,4,0,0
B-threat-always,technology,4142,104142,20,True,5,5,23,23,0,0,0,0,7,0,0
B-threat-always,technology,4143,104143,20,False,0,5,0,9,0,0,0,0,3,0,0
B-threat-always,technology,4144,104144,20,True,5,5,28,28,0,0,0,0,7,0,0
B-threat-always,technology,4145,104145,20,True,1,5,2,7,0,0,0,0,4,0,0
B-threat-always,technology,4146,104146,20,True,5,5,37,37,0,0,0,0,6,0,0
B-threat-always,technology,4147,104147,20,True,5,5,32,32,0,0,0,0,7,0,0
B-threat-always,technology,4148,104148,20,True,3,5,10,10,0,0,0,0,7,0,0
B-threat-always,technology,4149,104149,20,True,1,5,1,8,0,0,0,0,3,0,0
B-threat-always,technology,4150,104150,20,True,3,5,8,9,0,0,0,0,6,0,0
B-threat-always,technology,4151,104151,20,True,3,5,9,9,0,0,0,0,7,0,0
B-threat-always,technology,4152,104152,20,True,5,5,10,15,0,0,0,0,7,0,0
B-threat-always,technology,4153,104153,20,True,3,5,17,17,0,0,0,0,4,0,0
B-threat-always,technology,4154,104154,20,True,5,5,26,28,0,0,0,0,9,0,0
B-threat-always,technology,4155,104155,20,True,1,5,4,7,0,0,0,0,4,0,0
B-threat-always,technology,4156,104156,20,True,5,5,23,23,0,0,0,0,8,0,0
B-threat-always,technology,4157,104157,20,True,5,5,13,15,0,0,0,0,8,0,0
B-threat-always,technology,4158,104158,20,True,5,5,9,16,0,0,0,0,6,0,0
B-threat-always,technology,4159,104159,20,True,1,5,11,11,0,0,0,0,3,0,0
B-threat-always,technology,4160,104160,20,True,5,5,8,13,0,0,0,0,7,0,0
B-threat-always,technology,4161,104161,20,True,5,5,27,27,0,0,0,0,7,0,0
B-threat-always,technology,4162,104162,20,True,5,5,19,22,0,0,0,0,7,0,0
B-threat-always,technology,4163,104163,20,True,5,5,21,21,0,0,0,0,6,0,0
B-threat-always,technology,4164,104164,20,True,5,5,20,20,0,0,0,0,8,0,0
B-threat-always,technology,4165,104165,20,True,5,5,4,13,0,0,0,0,5,0,0
B-threat-always,technology,4166,104166,20,True,5,5,27,27,0,0,0,0,8,0,0
B-threat-always,technology,4167,104167,20,True,5,5,9,11,0,0,0,0,5,0,0
B-threat-always,technology,4168,104168,20,True,5,5,32,32,0,0,0,0,6,0,0
B-threat-always,technology,4169,104169,20,True,5,5,19,19,0,0,0,0,8,0,0
B-threat-always,technology,4170,104170,20,True,1,5,7,9,0,0,0,0,3,0,0
B-threat-always,technology,4171,104171,20,True,5,5,23,23,0,0,0,0,6,0,0
B-threat-always,technology,4172,104172,20,True,3,5,17,17,0,0,0,0,6,0,0
B-threat-always,technology,4173,104173,20,True,5,5,7,15,0,0,0,0,6,0,0
B-threat-always,technology,4174,104174,20,True,3,5,7,10,0,0,0,0,6,0,0
B-threat-always,technology,4175,104175,20,True,5,5,21,25,0,0,0,0,5,0,0
B-threat-always,technology,4176,104176,20,True,5,5,22,22,0,0,0,0,9,0,0
B-threat-always,technology,4177,104177,20,True,5,5,12,15,0,0,0,0,7,0,0
B-threat-always,technology,4178,104178,20,True,1,5,4,8,0,0,0,0,4,0,0
B-threat-always,technology,4179,104179,20,True,5,5,18,20,0,0,0,0,8,0,0
B-threat-always,technology,4180,104180,20,True,5,5,14,18,0,0,0,0,6,0,0
B-threat-always,technology,4181,104181,20,True,5,5,26,26,0,0,0,0,6,0,0
B-threat-always,technology,4182,104182,20,True,4,5,3,14,0,0,0,0,5,0,0
B-threat-always,technology,4183,104183,20,True,3,5,9,9,0,0,0,0,4,0,0
B-threat-always,technology,4184,104184,20,True,5,5,12,12,0,0,0,0,7,0,0
B-threat-always,technology,4185,104185,20,True,3,5,16,16,0,0,0,0,5,0,0
B-threat-always,technology,4186,104186,20,True,3,5,6,11,0,0,0,0,5,0,0
B-threat-always,technology,4187,104187,20,True,5,5,20,20,0,0,0,0,9,0,0
B-threat-always,technology,4188,104188,20,True,5,5,19,19,0,0,0,0,8,0,0
B-threat-always,technology,4189,104189,20,True,5,5,41,41,0,0,0,0,8,0,0
B-threat-always,technology,4190,104190,20,True,5,5,27,27,0,0,0,0,8,0,0
B-threat-always,technology,4191,104191,20,True,3,5,6,8,0,0,0,0,4,0,0
B-threat-always,technology,4192,104192,20,True,4,5,2,9,0,0,0,0,7,0,0
B-threat-always,technology,4193,104193,20,True,1,5,7,7,0,0,0,0,4,0,0
B-threat-always,technology,4194,104194,20,True,5,5,9,11,0,0,0,0,6,0,0
B-threat-always,technology,4195,104195,20,True,5,5,15,22,0,0,0,0,6,0,0
B-threat-always,technology,4196,104196,20,True,4,5,7,9,0,0,0,0,6,0,0
B-threat-always,technology,4197,104197,20,True,3,5,19,20,0,0,0,0,4,0,0
B-threat-always,technology,4198,104198,20,True,1,5,0,7,0,0,0,0,5,0,0
B-threat-always,technology,4199,104199,20,True,5,5,31,31,0,0,0,0,9,0,0
B-threat-always,technology,4200,104200,20,True,3,5,14,14,0,0,0,0,6,0,0
B-threat-always,technology,4201,104201,20,True,5,5,52,52,0,0,0,0,7,0,0
B-threat-always,technology,4202,104202,20,True,3,5,0,8,0,0,0,0,5,0,0
B-threat-always,technology,4203,104203,20,True,5,5,28,28,0,0,0,0,9,0,0
B-threat-always,technology,4204,104204,20,True,5,5,23,25,0,0,0,0,7,0,0
B-threat-always,technology,4205,104205,20,True,5,5,5,11,0,0,0,0,6,0,0
B-threat-always,technology,4206,104206,20,True,5,5,13,13,0,0,0,0,6,0,0
B-threat-always,technology,4207,104207,20,True,5,5,8,12,0,0,0,0,8,0,0
B-threat-always,technology,4208,104208,20,True,3,5,8,8,0,0,0,0,5,0,0
B-threat-always,technology,4209,104209,20,True,5,5,20,20,0,0,0,0,7,0,0
B-threat-always,technology,4210,104210,20,True,5,5,17,17,0,0,0,0,8,0,0
B-threat-always,technology,4211,104211,20,True,4,5,8,8,0,0,0,0,8,0,0
B-threat-always,technology,4212,104212,20,True,4,5,2,13,0,0,0,0,6,0,0
B-threat-always,technology,4213,104213,20,True,3,5,8,10,0,0,0,0,4,0,0
B-threat-always,technology,4214,104214,20,True,5,5,18,21,0,0,0,0,7,0,0
B-threat-always,technology,4215,104215,20,True,5,5,35,35,0,0,0,0,8,0,0
B-threat-always,technology,4216,104216,20,True,1,5,6,7,0,0,0,0,2,0,0
B-threat-always,technology,4217,104217,20,True,5,5,1,10,0,0,0,0,8,0,0
B-threat-always,technology,4218,104218,20,True,5,5,32,32,0,0,0,0,7,0,0
B-threat-always,technology,4219,104219,13,False,0,5,0,7,0,0,0,0,2,0,0
B-threat-always,technology,4220,104220,20,True,3,5,5,11,0,0,0,0,6,0,0
B-threat-always,technology,4221,104221,20,True,3,5,9,9,0,0,0,0,5,0,0
B-threat-always,technology,4222,104222,20,True,5,5,23,23,0,0,0,0,7,0,0
B-threat-always,technology,4223,104223,20,True,5,5,18,19,0,0,0,0,7,0,0
B-threat-always,technology,4224,104224,20,True,5,5,26,26,0,0,0,0,10,0,0
B-threat-always,technology,4225,104225,20,True,1,5,3,7,0,0,0,0,4,0,0
B-threat-always,technology,4226,104226,20,True,4,5,2,11,0,0,0,0,8,0,0
B-threat-always,technology,4227,104227,20,True,1,5,9,9,0,0,0,0,4,0,0
B-threat-always,technology,4228,104228,20,True,5,5,28,31,0,0,0,0,8,0,0
B-threat-always,technology,4229,104229,20,True,5,5,21,21,0,0,0,0,7,0,0
B-threat-always,technology,4230,104230,20,True,5,5,34,34,0,0,0,0,7,0,0
B-threat-always,technology,4231,104231,20,True,4,5,6,8,0,0,0,0,6,0,0
B-threat-always,technology,4232,104232,20,True,5,5,16,16,0,0,0,0,8,0,0
B-threat-always,technology,4233,104233,20,True,2,5,2,13,0,0,0,0,4,0,0
B-threat-always,technology,4234,104234,20,True,2,5,1,7,0,0,0,0,6,0,0
B-threat-always,technology,4235,104235,20,True,5,5,21,21,0,0,0,0,8,0,0
B-threat-always,technology,4236,104236,20,True,5,5,7,15,0,0,0,0,6,0,0
B-threat-always,technology,4237,104237,20,True,1,5,2,7,0,0,0,0,1,0,0
B-threat-always,technology,4238,104238,20,True,3,5,6,8,0,0,0,0,5,0,0
B-threat-always,technology,4239,104239,20,True,3,5,10,13,0,0,0,0,7,0,0
B-threat-always,technology,4240,104240,20,True,5,5,21,21,0,0,0,0,7,0,0
B-threat-always,technology,4241,104241,20,True,5,5,5,10,0,0,0,0,7,0,0
B-threat-always,technology,4242,104242,20,True,5,5,14,14,0,0,0,0,9,0,0
B-threat-always,technology,4243,104243,20,True,5,5,29,31,0,0,0,0,7,0,0
B-threat-always,technology,4244,104244,20,True,3,5,8,9,0,0,0,0,5,0,0
B-threat-always,technology,4245,104245,20,True,5,5,25,25,0,0,0,0,7,0,0
B-threat-always,technology,4246,104246,20,True,5,5,10,11,0,0,0,0,7,0,0
B-threat-always,technology,4247,104247,20,True,5,5,52,52,0,0,0,0,9,0,0
B-threat-always,technology,4248,104248,20,True,1,5,0,9,0,0,0,0,4,0,0
B-threat-always,technology,4249,104249,20,True,5,5,20,24,0,0,0,0,6,0,0
B-threat-always,technology,4250,104250,20,True,5,5,27,27,0,0,0,0,7,0,0
B-threat-always,technology,4251,104251,20,True,4,5,6,9,0,0,0,0,8,0,0
B-threat-always,technology,4252,104252,20,True,5,5,16,16,0,0,0,0,7,0,0
B-threat-always,technology,4253,104253,20,True,5,5,16,16,0,0,0,0,7,0,0
B-threat-always,technology,4254,104254,20,True,1,5,1,17,0,0,0,0,4,0,0
B-threat-always,technology,4255,104255,20,True,4,5,0,10,0,0,0,0,5,0,0
B-threat-always,technology,4256,104256,20,True,5,5,4,10,0,0,0,0,5,0,0
B-threat-always,technology,4257,104257,20,True,1,5,1,7,0,0,0,0,5,0,0
B-threat-always,technology,4258,104258,20,True,4,5,13,13,0,0,0,0,9,0,0
B-threat-always,technology,4259,104259,20,True,5,5,23,23,0,0,0,0,6,0,0
B-threat-always,technology,4260,104260,20,True,1,5,3,9,0,0,0,0,1,0,0
B-threat-always,technology,4261,104261,20,True,4,5,2,9,0,0,0,0,8,0,0
B-threat-always,technology,4262,104262,20,True,5,5,18,20,0,0,0,0,7,0,0
B-threat-always,technology,4263,104263,20,True,5,5,13,18,0,0,0,0,5,0,0
B-threat-always,technology,4264,104264,20,True,1,5,0,9,0,0,0,0,3,0,0
B-threat-always,technology,4265,104265,12,False,0,5,0,8,0,0,0,0,3,0,0
B-threat-always,technology,4266,104266,20,True,5,5,40,40,0,0,0,0,7,0,0
B-threat-always,technology,4267,104267,20,True,5,5,26,26,0,0,0,0,6,0,0
B-threat-always,technology,4268,104268,20,True,5,5,53,53,0,0,0,0,7,0,0
B-threat-always,technology,4269,104269,20,True,5,5,11,12,0,0,0,0,7,0,0
B-threat-always,technology,4270,104270,20,True,5,5,23,23,0,0,0,0,8,0,0
B-threat-always,technology,4271,104271,20,True,5,5,19,19,0,0,0,0,6,0,0
B-threat-always,technology,4272,104272,20,True,1,5,6,7,0,0,0,0,4,0,0
B-threat-always,technology,4273,104273,20,True,3,5,14,14,0,0,0,0,7,0,0
B-threat-always,technology,4274,104274,20,True,5,5,10,16,0,0,0,0,6,0,0
B-threat-always,technology,4275,104275,20,True,2,5,1,8,0,0,0,0,4,0,0
B-threat-always,technology,4276,104276,20,True,4,5,2,9,0,0,0,0,7,0,0
B-threat-always,technology,4277,104277,20,True,5,5,9,19,0,0,0,0,7,0,0
B-threat-always,technology,4278,104278,20,True,5,5,35,35,0,0,0,0,9,0,0
B-threat-always,technology,4279,104279,20,True,5,5,14,14,0,0,0,0,7,0,0
B-threat-always,technology,4280,104280,20,True,3,5,13,13,0,0,0,0,6,0,0
B-threat-always,technology,4281,104281,20,True,5,5,36,36,0,0,0,0,7,0,0
B-threat-always,technology,4282,104282,20,True,5,5,14,14,0,0,0,0,8,0,0
B-threat-always,technology,4283,104283,20,True,1,5,8,10,0,0,0,0,3,0,0
B-threat-always,technology,4284,104284,20,True,3,5,15,15,0,0,0,0,4,0,0
B-threat-always,technology,4285,104285,20,True,5,5,13,13,0,0,0,0,6,0,0
B-threat-always,technology,4286,104286,20,True,4,5,1,8,0,0,0,0,6,0,0
B-threat-always,technology,4287,104287,20,True,3,5,9,9,0,0,0,0,3,0,0
B-threat-always,technology,4288,104288,20,True,5,5,13,32,0,0,0,0,5,0,0
B-threat-always,technology,4289,104289,20,True,5,5,24,24,0,0,0,0,8,0,0
B-threat-always,technology,4290,104290,20,True,5,5,18,18,0,0,0,0,8,0,0
B-threat-always,technology,4291,104291,20,True,1,5,4,7,0,0,0,0,3,0,0
B-threat-always,technology,4292,104292,20,True,3,5,6,9,0,0,0,0,8,0,0
B-threat-always,technology,4293,104293,20,True,4,5,5,9,0,0,0,0,9,0,0
B-threat-always,technology,4294,104294,20,True,1,5,2,7,0,0,0,0,5,0,0
B-threat-always,technology,4295,104295,20,True,4,5,8,12,0,0,0,0,7,0,0
B-threat-always,technology,4296,104296,20,True,3,5,13,13,0,0,0,0,6,0,0
B-threat-always,technology,4297,104297,20,True,5,5,13,19,0,0,0,0,7,0,0
B-threat-always,technology,4298,104298,20,True,5,5,27,27,0,0,0,0,8,0,0
B-threat-always,technology,4299,104299,20,True,5,5,22,22,0,0,0,0,7,0,0
B-threat-always,technology,4300,104300,13,False,0,5,0,8,0,0,0,0,3,0,0
B-threat-always,technology,4301,104301,20,True,3,5,26,26,0,0,0,0,7,0,0
B-threat-always,technology,4302,104302,20,True,5,5,29,29,0,0,0,0,6,0,0
B-threat-always,technology,4303,104303,20,True,5,5,30,30,0,0,0,0,7,0,0
B-threat-always,technology,4304,104304,20,True,2,5,0,8,0,0,0,0,5,0,0
B-threat-always,technology,4305,104305,20,True,5,5,39,39,0,0,0,0,9,0,0
B-threat-always,technology,4306,104306,20,True,5,5,31,33,0,0,0,0,7,0,0
B-threat-always,technology,4307,104307,20,True,2,5,0,10,0,0,0,0,6,0,0
B-threat-always,technology,4308,104308,20,True,1,5,7,7,0,0,0,0,3,0,0
B-threat-always,technology,4309,104309,20,True,5,5,31,31,0,0,0,0,8,0,0
B-threat-always,technology,4310,104310,20,True,5,5,27,29,0,0,0,0,8,0,0
B-threat-always,technology,4311,104311,20,True,4,5,0,8,0,0,0,0,7,0,0
B-threat-always,technology,4312,104312,20,True,4,5,8,14,0,0,0,0,7,0,0
B-threat-always,technology,4313,104313,20,True,5,5,28,28,0,0,0,0,8,0,0
B-threat-always,technology,4314,104314,20,True,5,5,28,28,0,0,0,0,8,0,0
B-threat-always,technology,4315,104315,20,True,5,5,28,28,0,0,0,0,6,0,0
B-threat-always,technology,4316,104316,20,True,5,5,47,47,0,0,0,0,7,0,0
B-threat-always,technology,4317,104317,20,True,5,5,19,20,0,0,0,0,8,0,0
B-threat-always,technology,4318,104318,20,True,5,5,33,33,0,0,0,0,8,0,0
B-threat-always,technology,4319,104319,20,True,5,5,28,28,0,0,0,0,5,0,0
B-threat-always,technology,4320,104320,20,True,3,5,9,11,0,0,0,0,5,0,0
B-threat-always,technology,4321,104321,20,True,5,5,15,15,0,0,0,0,8,0,0
B-threat-always,technology,4322,104322,12,False,0,5,0,7,0,0,0,0,4,0,0
B-threat-always,technology,4323,104323,20,True,5,5,24,24,0,0,0,0,7,0,0
B-threat-always,technology,4324,104324,20,True,4,5,5,9,0,0,0,0,8,0,0
B-threat-always,technology,4325,104325,20,True,3,5,3,8,0,0,0,0,6,0,0
B-threat-always,technology,4326,104326,20,True,5,5,28,29,0,0,0,0,6,0,0
B-threat-always,technology,4327,104327,20,True,3,5,4,7,0,0,0,0,4,0,0
B-threat-always,technology,4328,104328,20,True,3,5,3,10,0,0,0,0,6,0,0
B-threat-always,technology,4329,104329,20,True,5,5,23,26,0,0,0,0,7,0,0
B-threat-always,technology,4330,104330,20,True,5,5,35,35,0,0,0,0,6,0,0
B-threat-always,technology,4331,104331,20,True,5,5,11,15,0,0,0,0,7,0,0
B-threat-always,technology,4332,104332,20,True,1,5,0,8,0,0,0,0,7,0,0
B-threat-always,technology,4333,104333,20,True,2,5,0,10,0,0,0,0,5,0,0
B-threat-always,technology,4334,104334,20,True,5,5,22,22,0,0,0,0,8,0,0
B-threat-always,technology,4335,104335,20,True,3,5,5,9,0,0,0,0,4,0,0
B-threat-always,technology,4336,104336,20,True,5,5,36,36,0,0,0,0,9,0,0
B-threat-always,technology,4337,104337,20,True,1,5,3,8,0,0,0,0,4,0,0
B-threat-always,technology,4338,104338,20,True,5,5,31,33,0,0,0,0,8,0,0
B-threat-always,technology,4339,104339,20,True,1,5,5,12,0,0,0,0,4,0,0
B-threat-always,technology,4340,104340,20,True,1,5,1,7,0,0,0,0,5,0,0
B-threat-always,technology,4341,104341,20,True,3,5,3,9,0,0,0,0,7,0,0
B-threat-always,technology,4342,104342,20,True,5,5,22,22,0,0,0,0,8,0,0
B-threat-always,technology,4343,104343,20,True,5,5,28,29,0,0,0,0,7,0,0
B-threat-always,technology,4344,104344,20,True,5,5,22,22,0,0,0,0,9,0,0
B-threat-always,technology,4345,104345,20,True,5,5,20,20,0,0,0,0,7,0,0
B-threat-always,technology,4346,104346,20,True,3,5,13,13,0,0,0,0,5,0,0
B-threat-always,technology,4347,104347,20,True,5,5,43,43,0,0,0,0,9,0,0
B-threat-always,technology,4348,104348,20,True,1,5,2,7,0,0,0,0,4,0,0
B-threat-always,technology,4349,104349,20,True,5,5,28,28,0,0,0,0,10,0,0
B-threat-always,technology,4350,104350,20,True,5,5,5,12,0,0,0,0,6,0,0
B-threat-always,technology,4351,104351,20,True,5,5,31,31,0,0,0,0,6,0,0
B-threat-always,technology,4352,104352,20,True,3,5,12,12,0,0,0,0,5,0,0
B-threat-always,technology,4353,104353,20,True,5,5,28,28,0,0,0,0,7,0,0
B-threat-always,technology,4354,104354,20,True,5,5,28,28,0,0,0,0,8,0,0
B-threat-always,technology,4355,104355,20,True,5,5,25,25,0,0,0,0,8,0,0
B-threat-always,technology,4356,104356,20,True,1,5,3,7,0,0,0,0,1,0,0
B-threat-always,technology,4357,104357,20,True,5,5,33,33,0,0,0,0,9,0,0
B-threat-always,technology,4358,104358,20,True,3,5,12,12,0,0,0,0,5,0,0
B-threat-always,technology,4359,104359,20,True,5,5,44,45,0,0,0,0,9,0,0
B-threat-always,technology,4360,104360,13,False,0,5,0,7,0,0,0,0,2,0,0
B-threat-always,technology,4361,104361,20,True,4,5,13,13,0,0,0,0,7,0,0
B-threat-always,technology,4362,104362,20,True,5,5,21,25,0,0,0,0,6,0,0
B-threat-always,technology,4363,104363,20,True,5,5,29,29,0,0,0,0,9,0,0
B-threat-always,technology,4364,104364,20,True,5,5,33,35,0,0,0,0,9,0,0
B-threat-always,technology,4365,104365,20,True,3,5,9,10,0,0,0,0,6,0,0
B-threat-always,technology,4366,104366,20,True,1,5,3,10,0,0,0,0,6,0,0
B-threat-always,technology,4367,104367,20,True,1,5,1,8,0,0,0,0,4,0,0
B-threat-always,technology,4368,104368,20,True,5,5,40,40,0,0,0,0,9,0,0
B-threat-always,technology,4369,104369,20,True,5,5,29,29,0,0,0,0,9,0,0
B-threat-always,technology,4370,104370,20,True,5,5,22,22,0,0,0,0,9,0,0
B-threat-always,technology,4371,104371,20,True,3,5,18,20,0,0,0,0,5,0,0
B-threat-always,technology,4372,104372,20,True,5,5,20,23,0,0,0,0,8,0,0
B-threat-always,technology,4373,104373,20,True,5,5,37,37,0,0,0,0,7,0,0
B-threat-always,technology,4374,104374,20,True,5,5,24,24,0,0,0,0,9,0,0
B-threat-always,technology,4375,104375,20,True,5,5,26,26,0,0,0,0,6,0,0
B-threat-always,technology,4376,104376,20,True,5,5,41,43,0,0,0,0,8,0,0
B-threat-always,technology,4377,104377,20,True,5,5,28,28,0,0,0,0,9,0,0
B-threat-always,technology,4378,104378,20,True,3,5,1,8,0,0,0,0,6,0,0
B-threat-always,technology,4379,104379,20,True,2,5,4,10,0,0,0,0,8,0,0
B-threat-always,technology,4380,104380,20,True,5,5,27,27,0,0,0,0,7,0,0
B-threat-always,technology,4381,104381,20,True,5,5,9,12,0,0,0,0,6,0,0
B-threat-always,technology,4382,104382,20,True,2,5,1,15,0,0,0,0,5,0,0
B-threat-always,technology,4383,104383,20,True,3,5,13,13,0,0,0,0,6,0,0
B-threat-always,technology,4384,104384,20,True,1,5,0,9,0,0,0,0,4,0,0
B-threat-always,technology,4385,104385,20,True,5,5,17,18,0,0,0,0,7,0,0
B-threat-always,technology,4386,104386,20,True,5,5,23,26,0,0,0,0,7,0,0
B-threat-always,technology,4387,104387,20,True,3,5,6,9,0,0,0,0,5,0,0
B-threat-always,technology,4388,104388,20,True,5,5,10,10,0,0,0,0,7,0,0
B-threat-always,technology,4389,104389,20,True,5,5,30,30,0,0,0,0,8,0,0
B-threat-always,technology,4390,104390,20,True,5,5,13,14,0,0,0,0,7,0,0
B-threat-always,technology,4391,104391,20,True,5,5,8,10,0,0,0,0,6,0,0
B-threat-always,technology,4392,104392,20,True,5,5,13,17,0,0,0,0,7,0,0
B-threat-always,technology,4393,104393,20,True,3,5,9,10,0,0,0,0,4,0,0
B-threat-always,technology,4394,104394,20,True,5,5,26,27,0,0,0,0,6,0,0
B-threat-always,technology,4395,104395,20,True,5,5,22,24,0,0,0,0,7,0,0
B-threat-always,technology,4396,104396,20,True,3,5,10,11,0,0,0,0,5,0,0
B-threat-always,technology,4397,104397,20,True,5,5,19,26,0,0,0,0,6,0,0
B-threat-always,technology,4398,104398,20,True,4,5,2,11,0,0,0,0,7,0,0
B-threat-always,technology,4399,104399,20,True,5,5,21,24,0,0,0,0,6,0,0
B-threat-always,technology,4400,104400,20,True,5,5,18,18,0,0,0,0,6,0,0
B-threat-always,technology,4401,104401,20,True,5,5,26,29,0,0,0,0,4,0,0
B-threat-always,technology,4402,104402,15,False,0,5,0,7,0,0,0,0,2,0,0
B-threat-always,technology,4403,104403,20,True,4,5,10,12,0,0,0,0,6,0,0
B-threat-always,technology,4404,104404,20,True,5,5,36,36,0,0,0,0,6,0,0
B-threat-always,technology,4405,104405,20,True,5,5,11,15,0,0,0,0,6,0,0
B-threat-always,technology,4406,104406,20,True,2,5,0,7,0,0,0,0,5,0,0
B-threat-always,technology,4407,104407,20,True,5,5,6,14,0,0,0,0,6,0,0
B-threat-always,technology,4408,104408,20,True,5,5,16,16,0,0,0,0,7,0,0
B-threat-always,technology,4409,104409,20,True,5,5,39,39,0,0,0,0,8,0,0
B-threat-always,technology,4410,104410,19,False,0,5,0,10,0,0,0,0,4,0,0
B-threat-always,technology,4411,104411,20,True,5,5,28,32,0,0,0,0,7,0,0
B-threat-always,technology,4412,104412,11,False,0,5,0,8,0,0,0,0,1,0,0
B-threat-always,technology,4413,104413,20,True,5,5,29,29,0,0,0,0,6,0,0
B-threat-always,technology,4414,104414,12,False,0,5,0,8,0,0,0,0,1,0,0
B-threat-always,technology,4415,104415,20,True,3,5,19,20,0,0,0,0,4,0,0
B-threat-always,technology,4416,104416,20,True,5,5,14,16,0,0,0,0,7,0,0
B-threat-always,technology,4417,104417,20,True,5,5,39,43,0,0,0,0,7,0,0
B-threat-always,technology,4418,104418,20,True,5,5,23,23,0,0,0,0,7,0,0
B-threat-always,technology,4419,104419,20,True,3,5,20,20,0,0,0,0,4,0,0
B-threat-always,technology,4420,104420,20,True,5,5,22,24,0,0,0,0,7,0,0
B-threat-always,technology,4421,104421,20,True,3,5,2,11,0,0,0,0,7,0,0
B-threat-always,technology,4422,104422,20,True,5,5,24,24,0,0,0,0,8,0,0
B-threat-always,technology,4423,104423,20,True,3,5,9,9,0,0,0,0,6,0,0
B-threat-always,technology,4424,104424,20,True,3,5,0,11,0,0,0,0,8,0,0
B-threat-always,technology,4425,104425,16,False,0,5,0,8,0,0,0,0,3,0,0
B-threat-always,technology,4426,104426,20,True,2,5,1,10,0,0,0,0,5,0,0
B-threat-always,technology,4427,104427,20,True,3,5,16,16,0,0,0,0,5,0,0
B-threat-always,technology,4428,104428,20,True,5,5,36,36,0,0,0,0,8,0,0
B-threat-always,technology,4429,104429,20,True,5,5,32,34,0,0,0,0,7,0,0
B-threat-always,technology,4430,104430,20,True,5,5,30,30,0,0,0,0,7,0,0
B-threat-always,technology,4431,104431,20,True,3,5,6,9,0,0,0,0,7,0,0
B-threat-always,technology,4432,104432,20,True,4,5,1,7,0,0,0,0,8,0,0
B-threat-always,technology,4433,104433,20,True,3,5,8,10,0,0,0,0,6,0,0
B-threat-always,technology,4434,104434,20,True,5,5,34,38,0,0,0,0,8,0,0
B-threat-always,technology,4435,104435,20,True,5,5,30,32,0,0,0,0,8,0,0
B-threat-always,technology,4436,104436,20,True,5,5,6,13,0,0,0,0,6,0,0
B-threat-always,technology,4437,104437,20,True,1,5,5,8,0,0,0,0,5,0,0
B-threat-always,technology,4438,104438,20,True,5,5,20,23,0,0,0,0,9,0,0
B-threat-always,technology,4439,104439,20,True,5,5,43,43,0,0,0,0,8,0,0
B-threat-always,technology,4440,104440,20,True,1,5,0,9,0,0,0,0,5,0,0
B-threat-always,technology,4441,104441,20,True,3,5,5,11,0,0,0,0,7,0,0
B-threat-always,technology,4442,104442,20,True,5,5,11,13,0,0,0,0,6,0,0
B-threat-always,technology,4443,104443,20,True,2,5,3,10,0,0,0,0,6,0,0
B-threat-always,technology,4444,104444,20,True,5,5,29,34,0,0,0,0,7,0,0
B-threat-always,technology,4445,104445,20,True,5,5,13,14,0,0,0,0,8,0,0
B-threat-always,technology,4446,104446,20,True,5,5,35,35,0,0,0,0,8,0,0
B-threat-always,technology,4447,104447,20,True,5,5,45,45,0,0,0,0,7,0,0
B-threat-always,technology,4448,104448,20,True,5,5,23,23,0,0,0,0,7,0,0
B-threat-always,technology,4449,104449,20,True,5,5,17,17,0,0,0,0,8,0,0
B-threat-always,technology,4450,104450,20,True,5,5,4,16,0,0,0,0,6,0,0
B-threat-always,technology,4451,104451,20,True,5,5,31,34,0,0,0,0,7,0,0
B-threat-always,technology,4452,104452,20,True,5,5,22,31,0,0,0,0,7,0,0
B-threat-always,technology,4453,104453,20,True,3,5,5,7,0,0,0,0,5,0,0
B-threat-always,technology,4454,104454,20,True,5,5,16,16,0,0,0,0,6,0,0
B-threat-always,technology,4455,104455,20,True,1,5,5,10,0,0,0,0,5,0,0
B-threat-always,technology,4456,104456,20,True,3,5,6,8,0,0,0,0,6,0,0
B-threat-always,technology,4457,104457,20,True,5,5,18,18,0,0,0,0,7,0,0
B-threat-always,technology,4458,104458,20,True,5,5,15,15,0,0,0,0,7,0,0
B-threat-always,technology,4459,104459,20,True,5,5,42,42,0,0,0,0,9,0,0
B-threat-always,technology,4460,104460,20,True,4,5,0,7,0,0,0,0,4,0,0
B-threat-always,technology,4461,104461,20,True,1,5,4,8,0,0,0,0,1,0,0
B-threat-always,technology,4462,104462,20,True,3,5,3,13,0,0,0,0,7,0,0
B-threat-always,technology,4463,104463,20,True,1,5,7,8,0,0,0,0,4,0,0
B-threat-always,technology,4464,104464,20,True,1,5,2,10,0,0,0,0,5,0,0
B-threat-always,technology,4465,104465,20,True,5,5,33,33,0,0,0,0,9,0,0
B-threat-always,technology,4466,104466,20,True,5,5,24,24,0,0,0,0,7,0,0
B-threat-always,technology,4467,104467,20,True,3,5,3,11,0,0,0,0,5,0,0
B-threat-always,technology,4468,104468,20,True,5,5,13,19,0,0,0,0,7,0,0
B-threat-always,technology,4469,104469,20,True,5,5,24,24,0,0,0,0,7,0,0
B-threat-always,technology,4470,104470,20,True,5,5,35,35,0,0,0,0,8,0,0
B-threat-always,technology,4471,104471,20,True,5,5,28,28,0,0,0,0,8,0,0
B-threat-always,technology,4472,104472,20,True,4,5,16,16,0,0,0,0,7,0,0
B-threat-always,technology,4473,104473,20,True,4,5,10,10,0,0,0,0,8,0,0
B-threat-always,technology,4474,104474,20,True,5,5,16,16,0,0,0,0,6,0,0
B-threat-always,technology,4475,104475,20,True,2,5,2,7,0,0,0,0,4,0,0
B-threat-always,technology,4476,104476,20,True,5,5,5,17,0,0,0,0,7,0,0
B-threat-always,technology,4477,104477,20,True,4,5,9,9,0,0,0,0,7,0,0
B-threat-always,technology,4478,104478,20,True,3,5,7,18,0,0,0,0,5,0,0
B-threat-always,technology,4479,104479,20,True,5,5,25,25,0,0,0,0,7,0,0
B-threat-always,technology,4480,104480,20,True,5,5,19,21,0,0,0,0,7,0,0
B-threat-always,technology,4481,104481,20,True,1,5,9,9,0,0,0,0,3,0,0
B-threat-always,technology,4482,104482,20,True,3,5,10,11,0,0,0,0,5,0,0
B-threat-always,technology,4483,104483,20,True,5,5,17,17,0,0,0,0,10,0,0
B-threat-always,technology,4484,104484,20,True,5,5,20,20,0,0,0,0,6,0,0
B-threat-always,technology,4485,104485,20,True,5,5,33,34,0,0,0,0,8,0,0
B-threat-always,technology,4486,104486,20,True,5,5,33,33,0,0,0,0,7,0,0
B-threat-always,technology,4487,104487,20,True,2,5,2,11,0,0,0,0,6,0,0
B-threat-always,technology,4488,104488,20,True,5,5,46,46,0,0,0,0,9,0,0
B-threat-always,technology,4489,104489,20,True,5,5,26,28,0,0,0,0,7,0,0
B-threat-always,technology,4490,104490,20,True,5,5,34,34,0,0,0,0,10,0,0
B-threat-always,technology,4491,104491,20,True,5,5,27,27,0,0,0,0,8,0,0
B-threat-always,technology,4492,104492,20,True,3,5,8,8,0,0,0,0,5,0,0
B-threat-always,technology,4493,104493,20,True,2,5,1,10,0,0,0,0,3,0,0
B-threat-always,technology,4494,104494,20,True,4,5,5,7,0,0,0,0,7,0,0
B-threat-always,technology,4495,104495,20,True,4,5,0,12,0,0,0,0,7,0,0
B-threat-always,technology,4496,104496,20,True,4,5,9,9,0,0,0,0,9,0,0
B-threat-always,technology,4497,104497,20,True,5,5,19,19,0,0,0,0,9,0,0
B-threat-always,technology,4498,104498,20,True,5,5,18,18,0,0,0,0,9,0,0
B-threat-always,technology,4499,104499,20,True,1,5,3,9,0,0,0,0,3,0,0
B-threat-always,technology,4500,104500,20,True,1,5,3,7,0,0,0,0,3,0,0
B-threat-always,technology,4501,104501,20,True,5,5,17,18,0,0,0,0,8,0,0
B-threat-always,technology,4502,104502,20,True,3,5,6,9,0,0,0,0,7,0,0
B-threat-always,technology,4503,104503,20,True,5,5,10,12,0,0,0,0,5,0,0
B-threat-always,technology,4504,104504,20,True,1,5,6,8,0,0,0,0,1,0,0
B-threat-always,technology,4505,104505,20,True,5,5,16,19,0,0,0,0,7,0,0
B-threat-always,technology,4506,104506,20,True,1,5,0,11,0,0,0,0,3,0,0
B-threat-always,technology,4507,104507,20,True,3,5,10,10,0,0,0,0,5,0,0
B-threat-always,technology,4508,104508,20,True,3,5,5,10,0,0,0,0,5,0,0
B-threat-always,technology,4509,104509,20,True,5,5,9,15,0,0,0,0,6,0,0
B-threat-always,technology,4510,104510,20,True,5,5,12,17,0,0,0,0,5,0,0
B-threat-always,technology,4511,104511,20,True,3,5,6,10,0,0,0,0,7,0,0
B-threat-always,technology,4512,104512,20,True,1,5,3,7,0,0,0,0,4,0,0
B-threat-always,technology,4513,104513,20,True,5,5,12,12,0,0,0,0,6,0,0
B-threat-always,technology,4514,104514,20,True,5,5,25,25,0,0,0,0,8,0,0
B-threat-always,technology,4515,104515,20,True,5,5,19,19,0,0,0,0,9,0,0
B-threat-always,technology,4516,104516,20,True,1,5,5,9,0,0,0,0,4,0,0
B-threat-always,technology,4517,104517,20,True,1,5,15,15,0,0,0,0,2,0,0
B-threat-always,technology,4518,104518,20,True,5,5,8,11,0,0,0,0,5,0,0
B-threat-always,technology,4519,104519,20,True,5,5,22,26,0,0,0,0,7,0,0
B-threat-always,technology,4520,104520,20,True,3,5,1,8,0,0,0,0,5,0,0
B-threat-always,technology,4521,104521,20,True,5,5,18,18,0,0,0,0,7,0,0
B-threat-always,technology,4522,104522,20,True,3,5,7,7,0,0,0,0,5,0,0
B-threat-always,technology,4523,104523,20,True,4,5,0,11,0,0,0,0,5,0,0
B-threat-always,technology,4524,104524,20,True,5,5,19,21,0,0,0,0,6,0,0
B-threat-always,technology,4525,104525,20,True,1,5,10,10,0,0,0,0,5,0,0
B-threat-always,technology,4526,104526,20,True,5,5,14,14,0,0,0,0,8,0,0
B-threat-always,technology,4527,104527,20,True,5,5,11,11,0,0,0,0,6,0,0
B-threat-always,technology,4528,104528,20,True,3,5,8,9,0,0,0,0,5,0,0
B-threat-always,technology,4529,104529,20,True,1,5,1,13,0,0,0,0,3,0,0
B-threat-always,technology,4530,104530,20,True,4,5,9,9,0,0,0,0,8,0,0
B-threat-always,technology,4531,104531,20,True,5,5,12,18,0,0,0,0,7,0,0
B-threat-always,technology,4532,104532,20,True,3,5,1,8,0,0,0,0,4,0,0
B-threat-always,technology,4533,104533,20,True,5,5,32,32,0,0,0,0,9,0,0
B-threat-always,technology,4534,104534,20,True,5,5,27,29,0,0,0,0,8,0,0
B-threat-always,technology,4535,104535,20,True,5,5,20,20,0,0,0,0,6,0,0
B-threat-always,technology,4536,104536,20,True,3,5,12,12,0,0,0,0,6,0,0
B-threat-always,technology,4537,104537,20,True,5,5,19,21,0,0,0,0,5,0,0
B-threat-always,technology,4538,104538,20,True,5,5,33,35,0,0,0,0,7,0,0
B-threat-always,technology,4539,104539,20,True,5,5,30,30,0,0,0,0,8,0,0
B-threat-always,technology,4540,104540,20,True,3,5,5,7,0,0,0,0,5,0,0
B-threat-always,technology,4541,104541,20,True,5,5,20,20,0,0,0,0,8,0,0
B-threat-always,technology,4542,104542,20,True,5,5,23,27,0,0,0,0,6,0,0
B-threat-always,technology,4543,104543,20,True,1,5,6,7,0,0,0,0,1,0,0
B-threat-always,technology,4544,104544,20,True,5,5,42,42,0,0,0,0,6,0,0
B-threat-always,technology,4545,104545,20,True,5,5,8,10,0,0,0,0,6,0,0
B-threat-always,technology,4546,104546,20,True,5,5,14,14,0,0,0,0,7,0,0
B-threat-always,technology,4547,104547,20,True,5,5,25,25,0,0,0,0,5,0,0
B-threat-always,technology,4548,104548,20,True,4,5,4,10,0,0,0,0,8,0,0
B-threat-always,technology,4549,104549,20,True,5,5,16,18,0,0,0,0,9,0,0
B-threat-always,technology,4550,104550,20,True,5,5,44,45,0,0,0,0,8,0,0
B-threat-always,technology,4551,104551,20,True,1,5,4,11,0,0,0,0,2,0,0
B-threat-always,technology,4552,104552,20,True,1,5,5,8,0,0,0,0,2,0,0
B-threat-always,technology,4553,104553,20,True,5,5,19,21,0,0,0,0,8,0,0
B-threat-always,technology,4554,104554,17,False,0,5,0,8,0,0,0,0,2,0,0
B-threat-always,technology,4555,104555,20,True,5,5,3,16,0,0,0,0,7,0,0
B-threat-always,technology,4556,104556,20,True,3,5,8,9,0,0,0,0,5,0,0
B-threat-always,technology,4557,104557,20,True,3,5,24,24,0,0,0,0,5,0,0
B-threat-always,technology,4558,104558,20,True,5,5,27,27,0,0,0,0,8,0,0
B-threat-always,technology,4559,104559,20,True,5,5,24,24,0,0,0,0,6,0,0
B-threat-always,technology,4560,104560,20,True,4,5,1,10,0,0,0,0,8,0,0
B-threat-always,technology,4561,104561,20,True,5,5,38,38,0,0,0,0,7,0,0
B-threat-always,technology,4562,104562,20,True,4,5,9,9,0,0,0,0,7,0,0
B-threat-always,technology,4563,104563,20,True,5,5,23,23,0,0,0,0,7,0,0
B-threat-always,technology,4564,104564,20,True,1,5,1,10,0,0,0,0,4,0,0
B-threat-always,technology,4565,104565,20,True,5,5,49,49,0,0,0,0,9,0,0
B-threat-always,technology,4566,104566,20,True,2,5,0,10,0,0,0,0,6,0,0
B-threat-always,technology,4567,104567,20,True,5,5,29,29,0,0,0,0,7,0,0
B-threat-always,technology,4568,104568,20,True,5,5,31,31,0,0,0,0,7,0,0
B-threat-always,technology,4569,104569,20,True,5,5,45,45,0,0,0,0,8,0,0
B-threat-always,technology,4570,104570,20,True,3,5,16,16,0,0,0,0,5,0,0
B-threat-always,technology,4571,104571,20,True,5,5,31,31,0,0,0,0,9,0,0
B-threat-always,technology,4572,104572,20,True,1,5,3,10,0,0,0,0,5,0,0
B-threat-always,technology,4573,104573,20,True,5,5,26,29,0,0,0,0,9,0,0
B-threat-always,technology,4574,104574,20,True,5,5,34,35,0,0,0,0,6,0,0
B-threat-always,technology,4575,104575,20,True,1,5,10,10,0,0,0,0,4,0,0
B-threat-always,technology,4576,104576,20,True,5,5,18,22,0,0,0,0,6,0,0
B-threat-always,technology,4577,104577,20,True,5,5,48,48,0,0,0,0,9,0,0
B-threat-always,technology,4578,104578,20,True,4,5,8,8,0,0,0,0,7,0,0
B-threat-always,technology,4579,104579,20,True,5,5,24,24,0,0,0,0,8,0,0
B-threat-always,technology,4580,104580,20,True,3,5,7,13,0,0,0,0,6,0,0
B-threat-always,technology,4581,104581,20,True,5,5,18,18,0,0,0,0,8,0,0
B-threat-always,technology,4582,104582,20,True,5,5,14,19,0,0,0,0,7,0,0
B-threat-always,technology,4583,104583,20,True,5,5,34,34,0,0,0,0,9,0,0
B-threat-always,technology,4584,104584,20,True,5,5,28,28,0,0,0,0,8,0,0
B-threat-always,technology,4585,104585,20,True,5,5,21,21,0,0,0,0,7,0,0
B-threat-always,technology,4586,104586,20,True,3,5,0,9,0,0,0,0,5,0,0
B-threat-always,technology,4587,104587,20,True,4,5,0,10,0,0,0,0,7,0,0
B-threat-always,technology,4588,104588,20,True,5,5,14,20,0,0,0,0,7,0,0
B-threat-always,technology,4589,104589,20,True,1,5,1,12,0,0,0,0,7,0,0
B-threat-always,technology,4590,104590,20,True,1,5,5,7,0,0,0,0,5,0,0
B-threat-always,technology,4591,104591,20,True,5,5,28,28,0,0,0,0,8,0,0
B-threat-always,technology,4592,104592,20,True,5,5,18,20,0,0,0,0,6,0,0
B-threat-always,technology,4593,104593,20,True,1,5,1,13,0,0,0,0,5,0,0
B-threat-always,technology,4594,104594,20,True,5,5,17,17,0,0,0,0,6,0,0
B-threat-always,technology,4595,104595,20,True,5,5,33,33,0,0,0,0,10,0,0
B-threat-always,technology,4596,104596,20,True,3,5,23,23,0,0,0,0,6,0,0
B-threat-always,technology,4597,104597,20,True,4,5,12,12,0,0,0,0,8,0,0
B-threat-always,technology,4598,104598,20,True,5,5,12,13,0,0,0,0,5,0,0
B-threat-always,technology,4599,104599,20,True,5,5,33,35,0,0,0,0,8,0,0
B-threat-always,technology,4600,104600,20,True,5,5,39,39,0,0,0,0,7,0,0
B-threat-always,technology,4601,104601,20,True,5,5,5,14,0,0,0,0,7,0,0
B-threat-always,technology,4602,104602,20,True,5,5,33,33,0,0,0,0,8,0,0
B-threat-always,technology,4603,104603,20,True,5,5,27,27,0,0,0,0,7,0,0
B-threat-always,technology,4604,104604,20,True,3,5,0,9,0,0,0,0,6,0,0
B-threat-always,technology,4605,104605,20,True,5,5,18,20,0,0,0,0,7,0,0
B-threat-always,technology,4606,104606,20,True,5,5,28,30,0,0,0,0,7,0,0
B-threat-always,technology,4607,104607,20,True,5,5,31,31,0,0,0,0,8,0,0
B-threat-always,technology,4608,104608,20,True,5,5,18,18,0,0,0,0,9,0,0
B-threat-always,technology,4609,104609,20,True,1,5,6,8,0,0,0,0,4,0,0
B-threat-always,technology,4610,104610,20,True,5,5,21,21,0,0,0,0,8,0,0
B-threat-always,technology,4611,104611,20,True,5,5,17,17,0,0,0,0,7,0,0
B-threat-always,technology,4612,104612,20,True,5,5,22,22,0,0,0,0,7,0,0
B-threat-always,technology,4613,104613,20,True,5,5,20,20,0,0,0,0,6,0,0
B-threat-always,technology,4614,104614,20,True,5,5,20,20,0,0,0,0,9,0,0
B-threat-always,technology,4615,104615,20,True,5,5,13,13,0,0,0,0,6,0,0
B-threat-always,technology,4616,104616,20,True,5,5,22,22,0,0,0,0,8,0,0
B-threat-always,technology,4617,104617,20,True,2,5,6,8,0,0,0,0,4,0,0
B-threat-always,technology,4618,104618,20,True,4,5,7,9,0,0,0,0,6,0,0
B-threat-always,technology,4619,104619,20,True,5,5,21,24,0,0,0,0,6,0,0
B-threat-always,technology,4620,104620,20,True,5,5,12,15,0,0,0,0,8,0,0
B-threat-always,technology,4621,104621,20,True,2,5,5,7,0,0,0,0,6,0,0
B-threat-always,technology,4622,104622,20,True,5,5,21,21,0,0,0,0,9,0,0
B-threat-always,technology,4623,104623,20,True,3,5,16,16,0,0,0,0,5,0,0
B-threat-always,technology,4624,104624,20,True,5,5,7,11,0,0,0,0,5,0,0
B-threat-always,technology,4625,104625,20,True,3,5,19,19,0,0,0,0,8,0,0
B-threat-always,technology,4626,104626,20,True,4,5,7,12,0,0,0,0,9,0,0
B-threat-always,technology,4627,104627,20,True,3,5,0,12,0,0,0,0,4,0,0
B-threat-always,technology,4628,104628,20,True,3,5,9,14,0,0,0,0,7,0,0
B-threat-always,technology,4629,104629,20,True,5,5,47,47,0,0,0,0,10,0,0
B-threat-always,technology,4630,104630,20,True,4,5,9,9,0,0,0,0,7,0,0
B-threat-always,technology,4631,104631,20,True,5,5,21,21,0,0,0,0,8,0,0
B-threat-always,technology,4632,104632,20,True,5,5,28,28,0,0,0,0,7,0,0
B-threat-always,technology,4633,104633,20,True,5,5,8,18,0,0,0,0,7,0,0
B-threat-always,technology,4634,104634,20,True,5,5,17,17,0,0,0,0,7,0,0
B-threat-always,technology,4635,104635,20,True,5,5,12,18,0,0,0,0,9,0,0
B-threat-always,technology,4636,104636,20,True,5,5,8,10,0,0,0,0,6,0,0
B-threat-always,technology,4637,104637,20,True,4,5,1,16,0,0,0,0,9,0,0
B-threat-always,technology,4638,104638,20,True,5,5,16,16,0,0,0,0,8,0,0
B-threat-always,technology,4639,104639,20,True,4,5,5,9,0,0,0,0,6,0,0
B-threat-always,technology,4640,104640,20,True,5,5,25,28,0,0,0,0,8,0,0
B-threat-always,technology,4641,104641,20,True,5,5,16,16,0,0,0,0,8,0,0
B-threat-always,technology,4642,104642,20,True,5,5,30,30,0,0,0,0,7,0,0
B-threat-always,technology,4643,104643,20,True,4,5,10,10,0,0,0,0,6,0,0
B-threat-always,technology,4644,104644,20,True,4,5,0,14,0,0,0,0,6,0,0
B-threat-always,technology,4645,104645,20,True,5,5,10,16,0,0,0,0,8,0,0
B-threat-always,technology,4646,104646,20,True,5,5,13,13,0,0,0,0,6,0,0
B-threat-always,technology,4647,104647,20,True,2,5,1,7,0,0,0,0,4,0,0
B-threat-always,technology,4648,104648,20,True,3,5,11,11,0,0,0,0,4,0,0
B-threat-always,technology,4649,104649,20,True,1,5,2,11,0,0,0,0,5,0,0
B-threat-always,technology,4650,104650,16,False,0,5,0,10,0,0,0,0,4,0,0
B-threat-always,technology,4651,104651,20,True,4,5,5,7,0,0,0,0,8,0,0
B-threat-always,technology,4652,104652,20,True,5,5,13,13,0,0,0,0,7,0,0
B-threat-always,technology,4653,104653,20,True,1,5,9,9,0,0,0,0,4,0,0
B-threat-always,technology,4654,104654,20,True,5,5,18,18,0,0,0,0,7,0,0
B-threat-always,technology,4655,104655,20,True,5,5,23,23,0,0,0,0,8,0,0
B-threat-always,technology,4656,104656,20,True,5,5,3,15,0,0,0,0,6,0,0
B-threat-always,technology,4657,104657,20,True,4,5,2,11,0,0,0,0,7,0,0
B-threat-always,technology,4658,104658,16,False,0,5,0,8,0,0,0,0,4,0,0
B-threat-always,technology,4659,104659,20,True,1,5,0,14,0,0,0,0,5,0,0
B-threat-always,technology,4660,104660,20,True,5,5,43,43,0,0,0,0,7,0,0
B-threat-always,technology,4661,104661,20,True,5,5,4,21,0,0,0,0,6,0,0
B-threat-always,technology,4662,104662,20,True,1,5,6,7,0,0,0,0,2,0,0
B-threat-always,technology,4663,104663,20,True,5,5,12,12,0,0,0,0,7,0,0
B-threat-always,technology,4664,104664,20,True,4,5,3,11,0,0,0,0,7,0,0
B-threat-always,technology,4665,104665,20,True,5,5,9,18,0,0,0,0,5,0,0
B-threat-always,technology,4666,104666,20,True,5,5,30,33,0,0,0,0,7,0,0
B-threat-always,technology,4667,104667,20,True,5,5,39,39,0,0,0,0,7,0,0
B-threat-always,technology,4668,104668,20,True,5,5,30,35,0,0,0,0,7,0,0
B-threat-always,technology,4669,104669,20,True,5,5,3,11,0,0,0,0,8,0,0
B-threat-always,technology,4670,104670,20,True,5,5,30,32,0,0,0,0,9,0,0
B-threat-always,technology,4671,104671,20,True,2,5,1,8,0,0,0,0,7,0,0
B-threat-always,technology,4672,104672,20,True,5,5,35,35,0,0,0,0,7,0,0
B-threat-always,technology,4673,104673,20,True,5,5,14,14,0,0,0,0,7,0,0
B-threat-always,technology,4674,104674,20,True,2,5,1,7,0,0,0,0,6,0,0
B-threat-always,technology,4675,104675,20,True,4,5,0,7,0,0,0,0,7,0,0
B-threat-always,technology,4676,104676,20,True,5,5,9,9,0,0,0,0,7,0,0
B-threat-always,technology,4677,104677,20,True,2,5,2,9,0,0,0,0,6,0,0
B-threat-always,technology,4678,104678,20,True,5,5,18,18,0,0,0,0,7,0,0
B-threat-always,technology,4679,104679,20,True,5,5,29,33,0,0,0,0,8,0,0
B-threat-always,technology,4680,104680,20,True,5,5,27,27,0,0,0,0,7,0,0
B-threat-always,technology,4681,104681,20,True,5,5,12,17,0,0,0,0,7,0,0
B-threat-always,technology,4682,104682,20,True,5,5,24,24,0,0,0,0,7,0,0
B-threat-always,technology,4683,104683,20,True,4,5,8,8,0,0,0,0,5,0,0
B-threat-always,technology,4684,104684,20,True,3,5,10,10,0,0,0,0,4,0,0
B-threat-always,technology,4685,104685,20,True,5,5,15,15,0,0,0,0,6,0,0
B-threat-always,technology,4686,104686,20,True,5,5,6,12,0,0,0,0,6,0,0
B-threat-always,technology,4687,104687,20,True,5,5,30,30,0,0,0,0,8,0,0
B-threat-always,technology,4688,104688,20,True,5,5,19,22,0,0,0,0,5,0,0
B-threat-always,technology,4689,104689,20,True,3,5,5,8,0,0,0,0,5,0,0
B-threat-always,technology,4690,104690,20,True,5,5,14,19,0,0,0,0,8,0,0
B-threat-always,technology,4691,104691,20,True,5,5,22,22,0,0,0,0,7,0,0
B-threat-always,technology,4692,104692,20,True,2,5,3,9,0,0,0,0,8,0,0
B-threat-always,technology,4693,104693,20,True,1,5,4,7,0,0,0,0,2,0,0
B-threat-always,technology,4694,104694,16,False,0,5,0,8,0,0,0,0,4,0,0
B-threat-always,technology,4695,104695,20,True,5,5,16,20,0,0,0,0,9,0,0
B-threat-always,technology,4696,104696,20,True,3,5,2,8,0,0,0,0,9,0,0
B-threat-always,technology,4697,104697,20,True,5,5,30,30,0,0,0,0,9,0,0
B-threat-always,technology,4698,104698,20,True,5,5,10,11,0,0,0,0,7,0,0
B-threat-always,technology,4699,104699,20,True,5,5,17,17,0,0,0,0,8,0,0
B-threat-always,technology,4700,104700,20,True,5,5,11,12,0,0,0,0,7,0,0
B-threat-always,technology,4701,104701,20,True,5,5,24,24,0,0,0,0,7,0,0
B-threat-always,technology,4702,104702,20,True,5,5,19,20,0,0,0,0,6,0,0
B-threat-always,technology,4703,104703,20,True,3,5,14,14,0,0,0,0,6,0,0
B-threat-always,technology,4704,104704,20,True,5,5,19,23,0,0,0,0,7,0,0
B-threat-always,technology,4705,104705,20,True,3,5,7,8,0,0,0,0,5,0,0
B-threat-always,technology,4706,104706,13,False,0,5,0,7,0,0,0,0,2,0,0
B-threat-always,technology,4707,104707,20,True,5,5,8,13,0,0,0,0,5,0,0
B-threat-always,technology,4708,104708,20,True,5,5,34,34,0,0,0,0,7,0,0
B-threat-always,technology,4709,104709,20,True,1,5,1,8,0,0,0,0,5,0,0
B-threat-always,technology,4710,104710,20,True,5,5,21,21,0,0,0,0,8,0,0
B-threat-always,technology,4711,104711,20,True,3,5,4,8,0,0,0,0,5,0,0
B-threat-always,technology,4712,104712,20,True,5,5,32,32,0,0,0,0,8,0,0
B-threat-always,technology,4713,104713,20,True,2,5,0,9,0,0,0,0,5,0,0
B-threat-always,technology,4714,104714,20,True,3,5,10,10,0,0,0,0,7,0,0
B-threat-always,technology,4715,104715,20,True,5,5,21,21,0,0,0,0,6,0,0
B-threat-always,technology,4716,104716,20,True,3,5,11,11,0,0,0,0,6,0,0
B-threat-always,technology,4717,104717,20,True,5,5,16,19,0,0,0,0,7,0,0
B-threat-always,technology,4718,104718,20,True,5,5,12,12,0,0,0,0,6,0,0
B-threat-always,technology,4719,104719,20,True,5,5,32,32,0,0,0,0,8,0,0
B-threat-always,technology,4720,104720,20,True,4,5,2,7,0,0,0,0,8,0,0
B-threat-always,technology,4721,104721,20,True,3,5,1,8,0,0,0,0,6,0,0
B-threat-always,technology,4722,104722,20,True,1,5,5,8,0,0,0,0,1,0,0
B-threat-always,technology,4723,104723,20,True,5,5,19,19,0,0,0,0,6,0,0
B-threat-always,technology,4724,104724,20,True,3,5,15,15,0,0,0,0,7,0,0
B-threat-always,technology,4725,104725,20,True,4,5,9,9,0,0,0,0,7,0,0
B-threat-always,technology,4726,104726,20,True,5,5,1,17,0,0,0,0,5,0,0
B-threat-always,technology,4727,104727,20,True,5,5,24,24,0,0,0,0,7,0,0
B-threat-always,technology,4728,104728,20,True,5,5,30,30,0,0,0,0,11,0,0
B-threat-always,technology,4729,104729,20,True,2,5,3,7,0,0,0,0,4,0,0
B-threat-always,technology,4730,104730,20,True,1,5,4,7,0,0,0,0,4,0,0
B-threat-always,technology,4731,104731,20,True,3,5,13,13,0,0,0,0,6,0,0
B-threat-always,technology,4732,104732,20,True,2,5,1,7,0,0,0,0,6,0,0
B-threat-always,technology,4733,104733,20,True,5,5,33,33,0,0,0,0,8,0,0
B-threat-always,technology,4734,104734,20,True,5,5,15,19,0,0,0,0,8,0,0
B-threat-always,technology,4735,104735,20,True,5,5,17,17,0,0,0,0,7,0,0
B-threat-always,technology,4736,104736,20,True,1,5,0,8,0,0,0,0,7,0,0
B-threat-always,technology,4737,104737,20,True,5,5,12,14,0,0,0,0,7,0,0
B-threat-always,technology,4738,104738,20,True,2,5,0,9,0,0,0,0,2,0,0
B-threat-always,technology,4739,104739,20,True,4,5,11,11,0,0,0,0,7,0,0
B-threat-always,technology,4740,104740,20,True,3,5,15,15,0,0,0,0,4,0,0
B-threat-always,technology,4741,104741,20,True,1,5,6,7,0,0,0,0,4,0,0
B-threat-always,technology,4742,104742,20,True,3,5,8,9,0,0,0,0,4,0,0
B-threat-always,technology,4743,104743,20,True,3,5,5,7,0,0,0,0,6,0,0
B-threat-always,technology,4744,104744,20,True,5,5,41,41,0,0,0,0,9,0,0
B-threat-always,technology,4745,104745,20,True,3,5,12,16,0,0,0,0,4,0,0
B-threat-always,technology,4746,104746,20,True,5,5,36,36,0,0,0,0,7,0,0
B-threat-always,technology,4747,104747,20,True,5,5,9,10,0,0,0,0,7,0,0
B-threat-always,technology,4748,104748,20,True,5,5,18,20,0,0,0,0,8,0,0
B-threat-always,technology,4749,104749,20,True,4,5,2,7,0,0,0,0,7,0,0
B-threat-always,technology,4750,104750,20,True,5,5,31,31,0,0,0,0,7,0,0
B-threat-always,technology,4751,104751,20,True,2,5,1,9,0,0,0,0,5,0,0
B-threat-always,technology,4752,104752,20,True,2,5,1,7,0,0,0,0,4,0,0
B-threat-always,technology,4753,104753,20,True,5,5,26,26,0,0,0,0,6,0,0
B-threat-always,technology,4754,104754,20,True,2,5,3,10,0,0,0,0,6,0,0
B-threat-always,technology,4755,104755,20,True,5,5,18,19,0,0,0,0,8,0,0
B-threat-always,technology,4756,104756,20,True,5,5,29,29,0,0,0,0,7,0,0
B-threat-always,technology,4757,104757,20,True,2,5,1,7,0,0,0,0,7,0,0
B-threat-always,technology,4758,104758,20,True,5,5,21,25,0,0,0,0,9,0,0
B-threat-always,technology,4759,104759,20,True,1,5,1,9,0,0,0,0,3,0,0
B-threat-always,technology,4760,104760,20,True,3,5,21,21,0,0,0,0,6,0,0
B-threat-always,technology,4761,104761,20,True,5,5,17,19,0,0,0,0,8,0,0
B-threat-always,technology,4762,104762,20,True,3,5,15,16,0,0,0,0,5,0,0
B-threat-always,technology,4763,104763,20,True,5,5,23,23,0,0,0,0,8,0,0
B-threat-always,technology,4764,104764,20,True,1,5,4,7,0,0,0,0,4,0,0
B-threat-always,technology,4765,104765,20,True,5,5,9,15,0,0,0,0,7,0,0
B-threat-always,technology,4766,104766,20,True,3,5,7,11,0,0,0,0,5,0,0
B-threat-always,technology,4767,104767,20,True,5,5,27,27,0,0,0,0,7,0,0
B-threat-always,technology,4768,104768,20,True,5,5,34,34,0,0,0,0,9,0,0
B-threat-always,technology,4769,104769,20,True,5,5,18,18,0,0,0,0,8,0,0
B-threat-always,technology,4770,104770,20,True,5,5,16,20,0,0,0,0,8,0,0
B-threat-always,technology,4771,104771,20,True,3,5,9,10,0,0,0,0,4,0,0
B-threat-always,technology,4772,104772,20,True,5,5,33,33,0,0,0,0,8,0,0
B-threat-always,technology,4773,104773,20,True,5,5,16,19,0,0,0,0,6,0,0
B-threat-always,technology,4774,104774,20,True,1,5,6,7,0,0,0,0,4,0,0
B-threat-always,technology,4775,104775,20,True,1,5,4,9,0,0,0,0,3,0,0
B-threat-always,technology,4776,104776,20,True,5,5,14,15,0,0,0,0,6,0,0
B-threat-always,technology,4777,104777,20,True,1,5,8,8,0,0,0,0,4,0,0
B-threat-always,technology,4778,104778,20,True,1,5,7,8,0,0,0,0,4,0,0
B-threat-always,technology,4779,104779,20,True,5,5,6,18,0,0,0,0,6,0,0
B-threat-always,technology,4780,104780,20,True,5,5,50,50,0,0,0,0,9,0,0
B-threat-always,technology,4781,104781,20,True,5,5,39,39,0,0,0,0,8,0,0
B-threat-always,technology,4782,104782,20,True,2,5,0,12,0,0,0,0,4,0,0
B-threat-always,technology,4783,104783,20,True,5,5,19,19,0,0,0,0,6,0,0
B-threat-always,technology,4784,104784,20,True,5,5,36,36,0,0,0,0,8,0,0
B-threat-always,technology,4785,104785,20,True,3,5,4,9,0,0,0,0,6,0,0
B-threat-always,technology,4786,104786,20,True,5,5,33,33,0,0,0,0,8,0,0
B-threat-always,technology,4787,104787,20,True,3,5,12,12,0,0,0,0,7,0,0
B-threat-always,technology,4788,104788,20,True,5,5,20,20,0,0,0,0,7,0,0
B-threat-always,technology,4789,104789,20,True,3,5,9,9,0,0,0,0,4,0,0
B-threat-always,technology,4790,104790,20,True,5,5,32,32,0,0,0,0,5,0,0
B-threat-always,technology,4791,104791,20,True,5,5,10,12,0,0,0,0,6,0,0
B-threat-always,technology,4792,104792,20,True,1,5,1,8,0,0,0,0,3,0,0
B-threat-always,technology,4793,104793,20,True,5,5,22,22,0,0,0,0,9,0,0
B-threat-always,technology,4794,104794,20,True,4,5,0,9,0,0,0,0,7,0,0
B-threat-always,technology,4795,104795,20,True,4,5,5,10,0,0,0,0,7,0,0
B-threat-always,technology,4796,104796,20,True,2,5,1,7,0,0,0,0,5,0,0
B-threat-always,technology,4797,104797,20,True,5,5,24,24,0,0,0,0,8,0,0
B-threat-always,technology,4798,104798,20,True,5,5,16,16,0,0,0,0,8,0,0
B-threat-always,technology,4799,104799,20,True,5,5,25,27,0,0,0,0,8,0,0
B-threat-always,technology,4800,104800,20,True,5,5,15,21,0,0,0,0,6,0,0
B-threat-always,technology,4801,104801,20,True,3,5,6,10,0,0,0,0,5,0,0
B-threat-always,technology,4802,104802,20,True,5,5,32,32,0,0,0,0,7,0,0
B-threat-always,technology,4803,104803,20,True,5,5,17,17,0,0,0,0,7,0,0
B-threat-always,technology,4804,104804,20,True,3,5,1,8,0,0,0,0,4,0,0
B-threat-always,technology,4805,104805,20,True,5,5,38,40,0,0,0,0,5,0,0
B-threat-always,technology,4806,104806,20,True,5,5,12,12,0,0,0,0,7,0,0
B-threat-always,technology,4807,104807,20,True,5,5,11,15,0,0,0,0,6,0,0
B-threat-always,technology,4808,104808,20,True,1,5,5,11,0,0,0,0,2,0,0
B-threat-always,technology,4809,104809,20,True,5,5,8,16,0,0,0,0,6,0,0
B-threat-always,technology,4810,104810,20,True,3,5,10,14,0,0,0,0,5,0,0
B-threat-always,technology,4811,104811,20,True,1,5,0,7,0,0,0,0,3,0,0
B-threat-always,technology,4812,104812,20,True,3,5,5,12,0,0,0,0,3,0,0
B-threat-always,technology,4813,104813,20,True,5,5,17,17,0,0,0,0,7,0,0
B-threat-always,technology,4814,104814,20,True,5,5,22,22,0,0,0,0,8,0,0
B-threat-always,technology,4815,104815,20,True,1,5,0,7,0,0,0,0,4,0,0
B-threat-always,technology,4816,104816,20,True,5,5,30,30,0,0,0,0,5,0,0
B-threat-always,technology,4817,104817,20,True,5,5,19,19,0,0,0,0,7,0,0
B-threat-always,technology,4818,104818,20,True,5,5,17,17,0,0,0,0,7,0,0
B-threat-always,technology,4819,104819,20,True,5,5,11,15,0,0,0,0,6,0,0
B-threat-always,technology,4820,104820,20,True,4,5,8,10,0,0,0,0,7,0,0
B-threat-always,technology,4821,104821,20,True,5,5,11,13,0,0,0,0,6,0,0
B-threat-always,technology,4822,104822,20,True,5,5,11,15,0,0,0,0,5,0,0
B-threat-always,technology,4823,104823,20,True,3,5,0,7,0,0,0,0,5,0,0
B-threat-always,technology,4824,104824,20,True,3,5,12,12,0,0,0,0,6,0,0
B-threat-always,technology,4825,104825,20,True,3,5,1,9,0,0,0,0,3,0,0
B-threat-always,technology,4826,104826,20,True,5,5,31,32,0,0,0,0,10,0,0
B-threat-always,technology,4827,104827,20,True,5,5,3,13,0,0,0,0,6,0,0
B-threat-always,technology,4828,104828,20,True,5,5,35,35,0,0,0,0,8,0,0
B-threat-always,technology,4829,104829,20,True,5,5,44,45,0,0,0,0,10,0,0
B-threat-always,technology,4830,104830,20,True,5,5,21,21,0,0,0,0,9,0,0
B-threat-always,technology,4831,104831,20,True,1,5,3,8,0,0,0,0,1,0,0
B-threat-always,technology,4832,104832,20,True,4,5,2,9,0,0,0,0,7,0,0
B-threat-always,technology,4833,104833,20,True,4,5,0,12,0,0,0,0,5,0,0
B-threat-always,technology,4834,104834,20,True,3,5,23,23,0,0,0,0,4,0,0
B-threat-always,technology,4835,104835,20,True,4,5,6,11,0,0,0,0,7,0,0
B-threat-always,technology,4836,104836,20,True,3,5,7,10,0,0,0,0,5,0,0
B-threat-always,technology,4837,104837,20,True,5,5,18,18,0,0,0,0,7,0,0
B-threat-always,technology,4838,104838,20,True,1,5,4,9,0,0,0,0,5,0,0
B-threat-always,technology,4839,104839,20,True,5,5,54,54,0,0,0,0,9,0,0
B-threat-always,technology,4840,104840,20,True,4,5,5,12,0,0,0,0,7,0,0
B-threat-always,technology,4841,104841,20,True,5,5,27,27,0,0,0,0,7,0,0
B-threat-always,technology,4842,104842,20,True,1,5,4,9,0,0,0,0,5,0,0
B-threat-always,technology,4843,104843,20,True,4,5,5,7,0,0,0,0,8,0,0
B-threat-always,technology,4844,104844,20,True,2,5,2,7,0,0,0,0,7,0,0
B-threat-always,technology,4845,104845,20,True,2,5,1,10,0,0,0,0,5,0,0
B-threat-always,technology,4846,104846,20,True,5,5,5,18,0,0,0,0,7,0,0
B-threat-always,technology,4847,104847,20,True,5,5,20,20,0,0,0,0,8,0,0
B-threat-always,technology,4848,104848,20,True,5,5,23,23,0,0,0,0,6,0,0
B-threat-always,technology,4849,104849,20,True,1,5,2,9,0,0,0,0,4,0,0
B-threat-always,technology,4850,104850,20,True,5,5,32,32,0,0,0,0,8,0,0
B-threat-always,technology,4851,104851,20,True,3,5,6,10,0,0,0,0,6,0,0
B-threat-always,technology,4852,104852,20,True,5,5,13,15,0,0,0,0,7,0,0
B-threat-always,technology,4853,104853,20,True,1,5,1,10,0,0,0,0,5,0,0
B-threat-always,technology,4854,104854,20,True,5,5,8,13,0,0,0,0,7,0,0
B-threat-always,technology,4855,104855,20,True,3,5,9,11,0,0,0,0,6,0,0
B-threat-always,technology,4856,104856,20,True,3,5,2,11,0,0,0,0,6,0,0
B-threat-always,technology,4857,104857,20,True,5,5,7,22,0,0,0,0,4,0,0
B-threat-always,technology,4858,104858,20,True,5,5,35,35,0,0,0,0,8,0,0
B-threat-always,technology,4859,104859,20,True,5,5,16,25,0,0,0,0,8,0,0
B-threat-always,technology,4860,104860,20,True,5,5,17,24,0,0,0,0,7,0,0
B-threat-always,technology,4861,104861,20,True,2,5,1,7,0,0,0,0,5,0,0
B-threat-always,technology,4862,104862,20,True,5,5,23,23,0,0,0,0,7,0,0
B-threat-always,technology,4863,104863,20,True,4,5,2,14,0,0,0,0,6,0,0
B-threat-always,technology,4864,104864,20,True,5,5,33,33,0,0,0,0,6,0,0
B-threat-always,technology,4865,104865,20,True,5,5,21,31,0,0,0,0,6,0,0
B-threat-always,technology,4866,104866,20,True,1,5,5,7,0,0,0,0,2,0,0
B-threat-always,technology,4867,104867,20,True,5,5,33,34,0,0,0,0,7,0,0
B-threat-always,technology,4868,104868,20,True,5,5,19,22,0,0,0,0,5,0,0
B-threat-always,technology,4869,104869,20,True,1,5,1,7,0,0,0,0,4,0,0
B-threat-always,technology,4870,104870,20,True,5,5,8,11,0,0,0,0,5,0,0
B-threat-always,technology,4871,104871,20,True,5,5,35,35,0,0,0,0,9,0,0
B-threat-always,technology,4872,104872,20,True,4,5,12,13,0,0,0,0,9,0,0
B-threat-always,technology,4873,104873,20,True,4,5,2,11,0,0,0,0,6,0,0
B-threat-always,technology,4874,104874,20,True,5,5,45,45,0,0,0,0,7,0,0
B-threat-always,technology,4875,104875,20,True,3,5,5,9,0,0,0,0,4,0,0
B-threat-always,technology,4876,104876,20,True,5,5,13,13,0,0,0,0,6,0,0
B-threat-always,technology,4877,104877,20,True,3,5,5,9,0,0,0,0,5,0,0
B-threat-always,technology,4878,104878,20,True,5,5,42,42,0,0,0,0,7,0,0
B-threat-always,technology,4879,104879,20,True,5,5,17,17,0,0,0,0,8,0,0
B-threat-always,technology,4880,104880,20,True,5,5,12,12,0,0,0,0,6,0,0
B-threat-always,technology,4881,104881,20,True,5,5,30,33,0,0,0,0,9,0,0
B-threat-always,technology,4882,104882,20,True,5,5,25,25,0,0,0,0,6,0,0
B-threat-always,technology,4883,104883,20,True,4,5,0,13,0,0,0,0,6,0,0
B-threat-always,technology,4884,104884,20,True,4,5,11,11,0,0,0,0,6,0,0
B-threat-always,technology,4885,104885,20,True,5,5,20,20,0,0,0,0,9,0,0
B-threat-always,technology,4886,104886,20,True,3,5,2,10,0,0,0,0,4,0,0
B-threat-always,technology,4887,104887,20,True,3,5,1,10,0,0,0,0,5,0,0
B-threat-always,technology,4888,104888,20,True,5,5,24,25,0,0,0,0,7,0,0
B-threat-always,technology,4889,104889,20,True,2,5,1,8,0,0,0,0,3,0,0
B-threat-always,technology,4890,104890,20,True,4,5,11,11,0,0,0,0,8,0,0
B-threat-always,technology,4891,104891,20,True,5,5,37,37,0,0,0,0,8,0,0
B-threat-always,technology,4892,104892,20,True,4,5,0,7,0,0,0,0,9,0,0
B-threat-always,technology,4893,104893,20,True,3,5,16,16,0,0,0,0,5,0,0
B-threat-always,technology,4894,104894,20,True,5,5,16,17,0,0,0,0,6,0,0
B-threat-always,technology,4895,104895,20,True,3,5,4,9,0,0,0,0,5,0,0
B-threat-always,technology,4896,104896,20,True,2,5,2,8,0,0,0,0,7,0,0
B-threat-always,technology,4897,104897,20,True,5,5,28,31,0,0,0,0,8,0,0
B-threat-always,technology,4898,104898,20,True,5,5,11,11,0,0,0,0,8,0,0
B-threat-always,technology,4899,104899,20,True,5,5,34,34,0,0,0,0,7,0,0
B-threat-always,technology,4900,104900,20,True,5,5,10,10,0,0,0,0,6,0,0
B-threat-always,technology,4901,104901,20,True,1,5,6,7,0,0,0,0,3,0,0
B-threat-always,technology,4902,104902,20,True,5,5,10,11,0,0,0,0,6,0,0
B-threat-always,technology,4903,104903,20,True,5,5,46,46,0,0,0,0,8,0,0
B-threat-always,technology,4904,104904,20,True,1,5,0,9,0,0,0,0,3,0,0
B-threat-always,technology,4905,104905,20,True,4,5,5,10,0,0,0,0,6,0,0
B-threat-always,technology,4906,104906,20,True,5,5,1,10,0,0,0,0,4,0,0
B-threat-always,technology,4907,104907,20,True,3,5,22,22,0,0,0,0,6,0,0
B-threat-always,technology,4908,104908,20,True,5,5,33,33,0,0,0,0,9,0,0
B-threat-always,technology,4909,104909,20,True,5,5,38,44,0,0,0,0,8,0,0
B-threat-always,technology,4910,104910,20,True,3,5,14,14,0,0,0,0,5,0,0
B-threat-always,technology,4911,104911,20,True,5,5,20,22,0,0,0,0,6,0,0
B-threat-always,technology,4912,104912,20,True,5,5,4,10,0,0,0,0,5,0,0
B-threat-always,technology,4913,104913,20,True,5,5,34,34,0,0,0,0,6,0,0
B-threat-always,technology,4914,104914,20,True,5,5,20,20,0,0,0,0,5,0,0
B-threat-always,technology,4915,104915,20,True,5,5,18,18,0,0,0,0,7,0,0
B-threat-always,technology,4916,104916,20,True,5,5,15,18,0,0,0,0,6,0,0
B-threat-always,technology,4917,104917,20,True,5,5,20,23,0,0,0,0,7,0,0
B-threat-always,technology,4918,104918,20,True,4,5,6,8,0,0,0,0,7,0,0
B-threat-always,technology,4919,104919,20,True,1,5,2,9,0,0,0,0,6,0,0
B-threat-always,technology,4920,104920,20,True,3,5,7,12,0,0,0,0,7,0,0
B-threat-always,technology,4921,104921,20,True,1,5,0,11,0,0,0,0,5,0,0
B-threat-always,technology,4922,104922,20,True,5,5,9,16,0,0,0,0,8,0,0
B-threat-always,technology,4923,104923,20,True,4,5,4,9,0,0,0,0,7,0,0
B-threat-always,technology,4924,104924,20,True,5,5,21,21,0,0,0,0,5,0,0
B-threat-always,technology,4925,104925,20,True,5,5,11,22,0,0,0,0,9,0,0
B-threat-always,technology,4926,104926,18,False,0,5,0,8,0,0,0,0,5,0,0
B-threat-always,technology,4927,104927,20,True,5,5,29,31,0,0,0,0,7,0,0
B-threat-always,technology,4928,104928,20,True,3,5,15,15,0,0,0,0,5,0,0
B-threat-always,technology,4929,104929,20,True,1,5,0,10,0,0,0,0,4,0,0
B-threat-always,technology,4930,104930,20,True,2,5,6,7,0,0,0,0,6,0,0
B-threat-always,technology,4931,104931,20,True,3,5,9,12,0,0,0,0,6,0,0
B-threat-always,technology,4932,104932,20,True,5,5,14,16,0,0,0,0,8,0,0
B-threat-always,technology,4933,104933,20,True,5,5,16,16,0,0,0,0,7,0,0
B-threat-always,technology,4934,104934,20,True,5,5,14,14,0,0,0,0,7,0,0
B-threat-always,technology,4935,104935,20,True,3,5,8,11,0,0,0,0,5,0,0
B-threat-always,technology,4936,104936,20,True,5,5,24,24,0,0,0,0,8,0,0
B-threat-always,technology,4937,104937,16,False,0,5,0,7,0,0,0,0,4,0,0
B-threat-always,technology,4938,104938,20,True,3,5,7,12,0,0,0,0,7,0,0
B-threat-always,technology,4939,104939,20,True,3,5,1,11,0,0,0,0,5,0,0
B-threat-always,technology,4940,104940,20,True,3,5,11,11,0,0,0,0,6,0,0
B-threat-always,technology,4941,104941,20,True,1,5,3,9,0,0,0,0,4,0,0
B-threat-always,technology,4942,104942,20,True,5,5,22,23,0,0,0,0,8,0,0
B-threat-always,technology,4943,104943,20,True,1,5,7,7,0,0,0,0,4,0,0
B-threat-always,technology,4944,104944,20,True,5,5,46,47,0,0,0,0,8,0,0
B-threat-always,technology,4945,104945,20,True,5,5,51,51,0,0,0,0,7,0,0
B-threat-always,technology,4946,104946,20,True,2,5,0,9,0,0,0,0,4,0,0
B-threat-always,technology,4947,104947,20,True,3,5,11,11,0,0,0,0,5,0,0
B-threat-always,technology,4948,104948,20,True,5,5,23,24,0,0,0,0,8,0,0
B-threat-always,technology,4949,104949,20,True,4,5,19,19,0,0,0,0,9,0,0
B-threat-always,technology,4950,104950,20,True,5,5,19,21,0,0,0,0,6,0,0
B-threat-always,technology,4951,104951,20,True,1,5,0,7,0,0,0,0,4,0,0
B-threat-always,technology,4952,104952,20,True,5,5,14,18,0,0,0,0,7,0,0
B-threat-always,technology,4953,104953,20,True,3,5,6,7,0,0,0,0,6,0,0
B-threat-always,technology,4954,104954,20,True,3,5,13,15,0,0,0,0,6,0,0
B-threat-always,technology,4955,104955,20,True,1,5,7,7,0,0,0,0,5,0,0
B-threat-always,technology,4956,104956,20,True,5,5,31,31,0,0,0,0,7,0,0
B-threat-always,technology,4957,104957,20,True,5,5,20,20,0,0,0,0,5,0,0
B-threat-always,technology,4958,104958,20,True,5,5,36,36,0,0,0,0,8,0,0
B-threat-always,technology,4959,104959,20,True,3,5,21,21,0,0,0,0,7,0,0
B-threat-always,technology,4960,104960,20,True,2,5,0,11,0,0,0,0,4,0,0
B-threat-always,technology,4961,104961,20,True,5,5,31,32,0,0,0,0,8,0,0
B-threat-always,technology,4962,104962,20,True,3,5,11,11,0,0,0,0,5,0,0
B-threat-always,technology,4963,104963,20,True,5,5,24,27,0,0,0,0,7,0,0
B-threat-always,technology,4964,104964,20,True,5,5,21,23,0,0,0,0,6,0,0
B-threat-always,technology,4965,104965,20,True,5,5,38,38,0,0,0,0,8,0,0
B-threat-always,technology,4966,104966,20,True,5,5,37,37,0,0,0,0,7,0,0
B-threat-always,technology,4967,104967,20,True,5,5,36,36,0,0,0,0,9,0,0
B-threat-always,technology,4968,104968,20,True,3,5,21,21,0,0,0,0,6,0,0
B-threat-always,technology,4969,104969,20,True,3,5,5,10,0,0,0,0,5,0,0
B-threat-always,technology,4970,104970,20,True,5,5,19,20,0,0,0,0,6,0,0
B-threat-always,technology,4971,104971,20,True,5,5,20,21,0,0,0,0,7,0,0
B-threat-always,technology,4972,104972,20,True,3,5,10,10,0,0,0,0,5,0,0
B-threat-always,technology,4973,104973,20,True,5,5,36,38,0,0,0,0,8,0,0
B-threat-always,technology,4974,104974,20,True,5,5,25,25,0,0,0,0,8,0,0
B-threat-always,technology,4975,104975,20,True,5,5,27,27,0,0,0,0,8,0,0
B-threat-always,technology,4976,104976,20,True,5,5,35,35,0,0,0,0,7,0,0
B-threat-always,technology,4977,104977,20,True,3,5,9,10,0,0,0,0,7,0,0
B-threat-always,technology,4978,104978,20,True,2,5,0,14,0,0,0,0,4,0,0
B-threat-always,technology,4979,104979,20,True,5,5,25,25,0,0,0,0,7,0,0
B-threat-always,technology,4980,104980,20,True,5,5,29,29,0,0,0,0,6,0,0
B-threat-always,technology,4981,104981,20,True,5,5,21,26,0,0,0,0,9,0,0
B-threat-always,technology,4982,104982,20,True,3,5,16,18,0,0,0,0,7,0,0
B-threat-always,technology,4983,104983,20,True,2,5,5,8,0,0,0,0,6,0,0
B-threat-always,technology,4984,104984,20,True,1,5,6,7,0,0,0,0,4,0,0
B-threat-always,technology,4985,104985,20,True,3,5,5,13,0,0,0,0,4,0,0
B-threat-always,technology,4986,104986,20,True,4,5,7,9,0,0,0,0,6,0,0
B-threat-always,technology,4987,104987,20,True,5,5,24,26,0,0,0,0,7,0,0
B-threat-always,technology,4988,104988,20,True,2,5,2,9,0,0,0,0,6,0,0
B-threat-always,technology,4989,104989,20,True,1,5,3,9,0,0,0,0,3,0,0
B-threat-always,technology,4990,104990,20,True,5,5,17,17,0,0,0,0,6,0,0
B-threat-always,technology,4991,104991,20,True,3,5,0,12,0,0,0,0,5,0,0
B-threat-always,technology,4992,104992,20,True,5,5,9,16,0,0,0,0,6,0,0
B-threat-always,technology,4993,104993,20,True,5,5,35,35,0,0,0,0,9,0,0
B-threat-always,technology,4994,104994,20,True,5,5,6,13,0,0,0,0,7,0,0
B-threat-always,technology,4995,104995,20,True,5,5,4,11,0,0,0,0,7,0,0
B-threat-always,technology,4996,104996,20,True,3,5,5,17,0,0,0,0,7,0,0
B-threat-always,technology,4997,104997,20,True,4,5,6,8,0,0,0,0,7,0,0
B-threat-always,technology,4998,104998,20,True,5,5,20,20,0,0,0,0,7,0,0
B-threat-always,technology,4999,104999,20,True,1,5,0,9,0,0,0,0,5,0,0
B-threat-always,technology,5000,105000,20,True,5,5,31,31,0,0,0,0,7,0,0
B-threat-always,worship,5001,105001,9,False,0,5,14,14,0,0,0,0,5,6,5
B-threat-always,worship,5002,105002,9,False,0,5,8,9,0,0,0,0,5,8,5
B-threat-always,worship,5003,105003,10,False,0,5,11,14,0,0,0,0,5,6,5
B-threat-always,worship,5004,105004,13,False,0,5,22,22,0,0,0,0,5,12,5
B-threat-always,worship,5005,105005,8,False,0,5,10,12,0,0,0,0,5,4,5
B-threat-always,worship,5006,105006,7,False,0,5,9,12,0,0,0,0,5,2,5
B-threat-always,worship,5007,105007,20,False,0,5,10,15,0,0,0,0,5,20,5
B-threat-always,worship,5008,105008,9,False,0,5,10,11,0,0,0,0,5,6,5
B-threat-always,worship,5009,105009,14,False,0,5,14,15,0,0,0,0,5,8,5
B-threat-always,worship,5010,105010,8,False,0,5,18,19,0,0,0,0,5,4,5
B-threat-always,worship,5011,105011,17,False,0,5,7,14,0,0,0,0,5,16,5
B-threat-always,worship,5012,105012,11,False,0,5,11,12,0,0,0,0,5,8,5
B-threat-always,worship,5013,105013,11,False,0,5,17,18,0,0,0,0,5,6,5
B-threat-always,worship,5014,105014,20,True,2,5,17,17,0,0,0,0,3,24,3
B-threat-always,worship,5015,105015,12,False,0,5,8,10,0,0,0,0,5,6,5
B-threat-always,worship,5016,105016,8,False,0,5,17,19,0,0,0,0,5,4,5
B-threat-always,worship,5017,105017,9,False,0,5,10,11,0,0,0,0,5,4,5
B-threat-always,worship,5018,105018,9,False,0,5,3,12,0,0,0,0,5,4,5
B-threat-always,worship,5019,105019,6,False,0,5,4,10,0,0,0,0,5,2,5
B-threat-always,worship,5020,105020,12,False,0,5,19,21,0,0,0,0,5,2,5
B-threat-always,worship,5021,105021,18,False,0,5,21,25,0,0,0,0,5,16,5
B-threat-always,worship,5022,105022,16,False,0,5,14,19,0,0,0,0,5,12,5
B-threat-always,worship,5023,105023,17,False,0,5,19,19,0,0,0,0,5,14,5
B-threat-always,worship,5024,105024,9,False,0,5,16,16,0,0,0,0,5,6,5
B-threat-always,worship,5025,105025,16,False,0,5,13,17,0,0,0,0,5,14,5
B-threat-always,worship,5026,105026,12,False,0,5,16,16,0,0,0,0,5,6,5
B-threat-always,worship,5027,105027,18,False,0,5,17,18,0,0,0,0,5,20,5
B-threat-always,worship,5028,105028,9,False,0,5,12,14,0,0,0,0,5,6,5
B-threat-always,worship,5029,105029,12,False,0,5,16,16,0,0,0,0,5,6,5
B-threat-always,worship,5030,105030,20,True,2,5,12,12,0,0,0,0,3,20,3
B-threat-always,worship,5031,105031,5,False,0,5,8,9,0,0,0,0,5,2,5
B-threat-always,worship,5032,105032,16,False,0,5,6,10,0,0,0,0,5,14,5
B-threat-always,worship,5033,105033,10,False,0,5,11,13,0,0,0,0,5,8,5
B-threat-always,worship,5034,105034,15,False,0,5,0,12,0,0,0,0,4,6,4
B-threat-always,worship,5035,105035,17,False,0,5,21,23,0,0,0,0,5,16,5
B-threat-always,worship,5036,105036,12,False,0,5,3,10,0,0,0,0,5,8,5
B-threat-always,worship,5037,105037,9,False,0,5,11,11,0,0,0,0,5,6,5
B-threat-always,worship,5038,105038,8,False,0,5,14,14,0,0,0,0,5,6,5
B-threat-always,worship,5039,105039,10,False,0,5,8,10,0,0,0,0,5,8,5
B-threat-always,worship,5040,105040,13,False,0,5,18,19,0,0,0,0,5,10,5
B-threat-always,worship,5041,105041,15,False,0,5,15,18,0,0,0,0,5,10,5
B-threat-always,worship,5042,105042,9,False,0,5,12,12,0,0,0,0,5,4,5
B-threat-always,worship,5043,105043,12,False,0,5,8,13,0,0,0,0,5,4,5
B-threat-always,worship,5044,105044,13,False,0,5,14,16,0,0,0,0,5,10,5
B-threat-always,worship,5045,105045,7,False,0,5,11,12,0,0,0,0,5,4,5
B-threat-always,worship,5046,105046,9,False,0,5,13,14,0,0,0,0,5,4,5
B-threat-always,worship,5047,105047,9,False,0,5,8,11,0,0,0,0,5,4,5
B-threat-always,worship,5048,105048,13,False,0,5,15,17,0,0,0,0,5,10,5
B-threat-always,worship,5049,105049,9,False,0,5,14,15,0,0,0,0,5,6,5
B-threat-always,worship,5050,105050,13,False,0,5,16,17,0,0,0,0,5,4,5
B-threat-always,worship,5051,105051,11,False,0,5,15,16,0,0,0,0,5,10,5
B-threat-always,worship,5052,105052,15,False,0,5,26,26,0,0,0,0,5,18,5
B-threat-always,worship,5053,105053,8,False,0,5,12,14,0,0,0,0,5,4,5
B-threat-always,worship,5054,105054,17,False,0,5,14,15,0,0,0,0,5,16,5
B-threat-always,worship,5055,105055,6,False,0,5,8,12,0,0,0,0,5,2,5
B-threat-always,worship,5056,105056,5,False,0,5,12,12,0,0,0,0,5,2,5
B-threat-always,worship,5057,105057,10,False,0,5,13,15,0,0,0,0,5,8,5
B-threat-always,worship,5058,105058,16,False,0,5,16,19,0,0,0,0,5,12,5
B-threat-always,worship,5059,105059,15,False,0,5,15,17,0,0,0,0,5,16,5
B-threat-always,worship,5060,105060,11,False,0,5,6,10,0,0,0,0,5,4,5
B-threat-always,worship,5061,105061,8,False,0,5,14,14,0,0,0,0,5,6,5
B-threat-always,worship,5062,105062,7,False,0,5,13,13,0,0,0,0,5,4,5
B-threat-always,worship,5063,105063,9,False,0,5,9,10,0,0,0,0,5,8,5
B-threat-always,worship,5064,105064,18,False,0,5,23,25,0,0,0,0,5,14,5
B-threat-always,worship,5065,105065,6,False,0,5,15,15,0,0,0,0,5,2,5
B-threat-always,worship,5066,105066,9,False,0,5,10,13,0,0,0,0,5,4,5
B-threat-always,worship,5067,105067,6,False,0,5,8,12,0,0,0,0,5,2,5
B-threat-always,worship,5068,105068,13,False,0,5,0,7,0,0,0,0,5,8,5
B-threat-always,worship,5069,105069,9,False,0,5,18,19,0,0,0,0,5,4,5
B-threat-always,worship,5070,105070,7,False,0,5,12,12,0,0,0,0,5,2,5
B-threat-always,worship,5071,105071,15,False,0,5,7,12,0,0,0,0,5,12,5
B-threat-always,worship,5072,105072,20,True,1,5,12,14,0,0,0,0,4,18,4
B-threat-always,worship,5073,105073,6,False,0,5,11,11,0,0,0,0,5,4,5
B-threat-always,worship,5074,105074,16,False,0,5,17,19,0,0,0,0,5,12,5
B-threat-always,worship,5075,105075,14,False,0,5,0,10,0,0,0,0,5,14,5
B-threat-always,worship,5076,105076,11,False,0,5,13,16,0,0,0,0,5,6,5
B-threat-always,worship,5077,105077,8,False,0,5,7,9,0,0,0,0,5,4,5
B-threat-always,worship,5078,105078,7,False,0,5,9,10,0,0,0,0,5,2,5
B-threat-always,worship,5079,105079,14,False,0,5,14,17,0,0,0,0,5,10,5
B-threat-always,worship,5080,105080,16,False,0,5,12,15,0,0,0,0,5,14,5
B-threat-always,worship,5081,105081,15,False,0,5,15,20,0,0,0,0,5,4,5
B-threat-always,worship,5082,105082,9,False,0,5,7,8,0,0,0,0,5,6,5
B-threat-always,worship,5083,105083,15,False,0,5,13,14,0,0,0,0,5,12,5
B-threat-always,worship,5084,105084,8,False,0,5,12,14,0,0,0,0,5,6,5
B-threat-always,worship,5085,105085,13,False,0,5,7,9,0,0,0,0,5,10,5
B-threat-always,worship,5086,105086,9,False,0,5,8,10,0,0,0,0,5,8,5
B-threat-always,worship,5087,105087,14,False,0,5,22,22,0,0,0,0,5,10,5
B-threat-always,worship,5088,105088,9,False,0,5,8,12,0,0,0,0,5,4,5
B-threat-always,worship,5089,105089,13,False,0,5,8,11,0,0,0,0,5,6,5
B-threat-always,worship,5090,105090,12,False,0,5,15,16,0,0,0,0,5,8,5
B-threat-always,worship,5091,105091,20,False,0,5,18,21,0,0,0,0,5,18,5
B-threat-always,worship,5092,105092,13,False,0,5,8,12,0,0,0,0,5,12,5
B-threat-always,worship,5093,105093,14,False,0,5,16,17,0,0,0,0,5,14,5
B-threat-always,worship,5094,105094,11,False,0,5,21,21,0,0,0,0,5,8,5
B-threat-always,worship,5095,105095,10,False,0,5,13,13,0,0,0,0,5,8,5
B-threat-always,worship,5096,105096,13,False,0,5,5,9,0,0,0,0,5,12,5
B-threat-always,worship,5097,105097,11,False,0,5,16,16,0,0,0,0,5,10,5
B-threat-always,worship,5098,105098,20,True,2,5,25,25,0,0,0,0,3,26,3
B-threat-always,worship,5099,105099,13,False,0,5,21,23,0,0,0,0,5,8,5
B-threat-always,worship,5100,105100,5,False,0,5,10,10,0,0,0,0,5,2,5
B-threat-always,worship,5101,105101,16,False,0,5,5,12,0,0,0,0,5,14,5
B-threat-always,worship,5102,105102,10,False,0,5,12,13,0,0,0,0,5,6,5
B-threat-always,worship,5103,105103,15,False,0,5,13,15,0,0,0,0,5,12,5
B-threat-always,worship,5104,105104,8,False,0,5,9,9,0,0,0,0,5,6,5
B-threat-always,worship,5105,105105,14,False,0,5,15,19,0,0,0,0,5,12,5
B-threat-always,worship,5106,105106,13,False,0,5,9,11,0,0,0,0,5,8,5
B-threat-always,worship,5107,105107,20,True,2,5,15,15,0,0,0,0,3,22,3
B-threat-always,worship,5108,105108,16,False,0,5,21,22,0,0,0,0,5,18,5
B-threat-always,worship,5109,105109,7,False,0,5,15,15,0,0,0,0,5,4,5
B-threat-always,worship,5110,105110,15,False,0,5,19,20,0,0,0,0,5,8,5
B-threat-always,worship,5111,105111,12,False,0,5,9,11,0,0,0,0,5,12,5
B-threat-always,worship,5112,105112,9,False,0,5,14,16,0,0,0,0,5,6,5
B-threat-always,worship,5113,105113,7,False,0,5,7,8,0,0,0,0,5,4,5
B-threat-always,worship,5114,105114,16,False,0,5,22,23,0,0,0,0,5,14,5
B-threat-always,worship,5115,105115,10,False,0,5,20,20,0,0,0,0,5,4,5
B-threat-always,worship,5116,105116,6,False,0,5,13,13,0,0,0,0,5,4,5
B-threat-always,worship,5117,105117,14,False,0,5,10,11,0,0,0,0,5,10,5
B-threat-always,worship,5118,105118,8,False,0,5,14,15,0,0,0,0,5,4,5
B-threat-always,worship,5119,105119,10,False,0,5,16,17,0,0,0,0,5,10,5
B-threat-always,worship,5120,105120,8,False,0,5,14,14,0,0,0,0,5,4,5
B-threat-always,worship,5121,105121,16,False,0,5,23,26,0,0,0,0,5,16,5
B-threat-always,worship,5122,105122,11,False,0,5,15,17,0,0,0,0,5,6,5
B-threat-always,worship,5123,105123,10,False,0,5,14,14,0,0,0,0,5,10,5
B-threat-always,worship,5124,105124,11,False,0,5,15,16,0,0,0,0,5,6,5
B-threat-always,worship,5125,105125,7,False,0,5,7,10,0,0,0,0,5,4,5
B-threat-always,worship,5126,105126,13,False,0,5,12,16,0,0,0,0,5,8,5
B-threat-always,worship,5127,105127,5,False,0,5,14,14,0,0,0,0,5,0,5
B-threat-always,worship,5128,105128,7,False,0,5,12,14,0,0,0,0,5,4,5
B-threat-always,worship,5129,105129,14,False,0,5,17,17,0,0,0,0,5,8,5
B-threat-always,worship,5130,105130,11,False,0,5,15,17,0,0,0,0,5,8,5
B-threat-always,worship,5131,105131,20,False,0,5,8,15,0,0,0,0,5,22,5
B-threat-always,worship,5132,105132,9,False,0,5,11,14,0,0,0,0,5,2,5
B-threat-always,worship,5133,105133,11,False,0,5,12,12,0,0,0,0,5,12,5
B-threat-always,worship,5134,105134,10,False,0,5,9,12,0,0,0,0,5,4,5
B-threat-always,worship,5135,105135,20,False,0,5,26,26,0,0,0,0,5,20,5
B-threat-always,worship,5136,105136,9,False,0,5,10,11,0,0,0,0,5,8,5
B-threat-always,worship,5137,105137,8,False,0,5,12,13,0,0,0,0,5,6,5
B-threat-always,worship,5138,105138,9,False,0,5,16,16,0,0,0,0,5,8,5
B-threat-always,worship,5139,105139,7,False,0,5,9,9,0,0,0,0,5,2,5
B-threat-always,worship,5140,105140,13,False,0,5,18,19,0,0,0,0,5,6,5
B-threat-always,worship,5141,105141,12,False,0,5,21,22,0,0,0,0,5,8,5
B-threat-always,worship,5142,105142,20,False,0,5,8,18,0,0,0,0,5,18,5
B-threat-always,worship,5143,105143,6,False,0,5,15,15,0,0,0,0,5,4,5
B-threat-always,worship,5144,105144,10,False,0,5,10,11,0,0,0,0,5,10,5
B-threat-always,worship,5145,105145,8,False,0,5,15,16,0,0,0,0,5,4,5
B-threat-always,worship,5146,105146,20,False,0,5,4,13,0,0,0,0,5,22,5
B-threat-always,worship,5147,105147,18,False,0,5,19,21,0,0,0,0,5,18,5
B-threat-always,worship,5148,105148,6,False,0,5,13,13,0,0,0,0,5,4,5
B-threat-always,worship,5149,105149,14,False,0,5,9,14,0,0,0,0,5,10,5
B-threat-always,worship,5150,105150,6,False,0,5,12,12,0,0,0,0,5,4,5
B-threat-always,worship,5151,105151,17,False,0,5,25,26,0,0,0,0,5,12,5
B-threat-always,worship,5152,105152,11,False,0,5,17,17,0,0,0,0,5,10,5
B-threat-always,worship,5153,105153,16,False,0,5,11,17,0,0,0,0,5,14,5
B-threat-always,worship,5154,105154,18,False,0,5,11,15,0,0,0,0,5,22,5
B-threat-always,worship,5155,105155,15,False,0,5,7,15,0,0,0,0,5,12,5
B-threat-always,worship,5156,105156,12,False,0,5,12,13,0,0,0,0,5,12,5
B-threat-always,worship,5157,105157,16,False,0,5,13,17,0,0,0,0,5,14,5
B-threat-always,worship,5158,105158,12,False,0,5,8,12,0,0,0,0,5,8,5
B-threat-always,worship,5159,105159,8,False,0,5,9,9,0,0,0,0,5,4,5
B-threat-always,worship,5160,105160,8,False,0,5,2,7,0,0,0,0,5,6,5
B-threat-always,worship,5161,105161,7,False,0,5,12,13,0,0,0,0,5,4,5
B-threat-always,worship,5162,105162,9,False,0,5,13,15,0,0,0,0,5,6,5
B-threat-always,worship,5163,105163,9,False,0,5,13,13,0,0,0,0,5,4,5
B-threat-always,worship,5164,105164,9,False,0,5,7,7,0,0,0,0,5,8,5
B-threat-always,worship,5165,105165,12,False,0,5,15,15,0,0,0,0,5,10,5
B-threat-always,worship,5166,105166,12,False,0,5,13,17,0,0,0,0,5,8,5
B-threat-always,worship,5167,105167,18,False,0,5,16,17,0,0,0,0,5,18,5
B-threat-always,worship,5168,105168,12,False,0,5,10,14,0,0,0,0,5,10,5
B-threat-always,worship,5169,105169,14,False,0,5,14,20,0,0,0,0,5,4,5
B-threat-always,worship,5170,105170,4,False,0,5,6,9,0,0,0,0,5,0,5
B-threat-always,worship,5171,105171,9,False,0,5,12,13,0,0,0,0,5,6,5
B-threat-always,worship,5172,105172,11,False,0,5,10,12,0,0,0,0,5,4,5
B-threat-always,worship,5173,105173,20,False,0,5,15,17,0,0,0,0,5,18,5
B-threat-always,worship,5174,105174,13,False,0,5,21,21,0,0,0,0,5,8,5
B-threat-always,worship,5175,105175,10,False,0,5,5,10,0,0,0,0,5,4,5
B-threat-always,worship,5176,105176,10,False,0,5,17,18,0,0,0,0,5,6,5
B-threat-always,worship,5177,105177,11,False,0,5,16,16,0,0,0,0,5,8,5
B-threat-always,worship,5178,105178,19,False,0,5,14,15,0,0,0,0,5,18,5
B-threat-always,worship,5179,105179,20,True,1,5,6,17,0,0,0,0,4,22,4
B-threat-always,worship,5180,105180,12,False,0,5,9,12,0,0,0,0,5,4,5
B-threat-always,worship,5181,105181,15,False,0,5,24,24,0,0,0,0,5,10,5
B-threat-always,worship,5182,105182,14,False,0,5,12,12,0,0,0,0,5,14,5
B-threat-always,worship,5183,105183,15,False,0,5,6,11,0,0,0,0,5,16,5
B-threat-always,worship,5184,105184,11,False,0,5,14,15,0,0,0,0,5,8,5
B-threat-always,worship,5185,105185,15,False,0,5,11,14,0,0,0,0,5,10,5
B-threat-always,worship,5186,105186,7,False,0,5,9,11,0,0,0,0,5,4,5
B-threat-always,worship,5187,105187,9,False,0,5,12,14,0,0,0,0,5,6,5
B-threat-always,worship,5188,105188,6,False,0,5,14,14,0,0,0,0,5,2,5
B-threat-always,worship,5189,105189,8,False,0,5,11,11,0,0,0,0,5,8,5
B-threat-always,worship,5190,105190,12,False,0,5,16,16,0,0,0,0,5,16,5
B-threat-always,worship,5191,105191,20,False,0,5,8,16,0,0,0,0,5,22,5
B-threat-always,worship,5192,105192,4,False,0,5,10,11,0,0,0,0,5,0,5
B-threat-always,worship,5193,105193,14,False,0,5,13,17,0,0,0,0,5,12,5
B-threat-always,worship,5194,105194,11,False,0,5,15,17,0,0,0,0,5,8,5
B-threat-always,worship,5195,105195,10,False,0,5,14,15,0,0,0,0,5,6,5
B-threat-always,worship,5196,105196,11,False,0,5,13,16,0,0,0,0,5,6,5
B-threat-always,worship,5197,105197,5,False,0,5,12,12,0,0,0,0,5,2,5
B-threat-always,worship,5198,105198,14,False,0,5,12,16,0,0,0,0,5,12,5
B-threat-always,worship,5199,105199,17,False,0,5,21,21,0,0,0,0,5,14,5
B-threat-always,worship,5200,105200,6,False,0,5,11,11,0,0,0,0,5,2,5
B-threat-always,worship,5201,105201,7,False,0,5,10,11,0,0,0,0,5,4,5
B-threat-always,worship,5202,105202,14,False,0,5,14,17,0,0,0,0,5,8,5
B-threat-always,worship,5203,105203,8,False,0,5,10,11,0,0,0,0,5,4,5
B-threat-always,worship,5204,105204,10,False,0,5,10,13,0,0,0,0,5,8,5
B-threat-always,worship,5205,105205,11,False,0,5,15,16,0,0,0,0,5,8,5
B-threat-always,worship,5206,105206,6,False,0,5,9,12,0,0,0,0,5,4,5
B-threat-always,worship,5207,105207,6,False,0,5,4,8,0,0,0,0,5,2,5
B-threat-always,worship,5208,105208,15,False,0,5,18,20,0,0,0,0,5,12,5
B-threat-always,worship,5209,105209,14,False,0,5,17,17,0,0,0,0,5,14,5
B-threat-always,worship,5210,105210,7,False,0,5,14,14,0,0,0,0,5,4,5
B-threat-always,worship,5211,105211,12,False,0,5,16,18,0,0,0,0,5,8,5
B-threat-always,worship,5212,105212,16,False,0,5,9,12,0,0,0,0,5,14,5
B-threat-always,worship,5213,105213,11,False,0,5,13,13,0,0,0,0,5,10,5
B-threat-always,worship,5214,105214,14,False,0,5,18,21,0,0,0,0,5,6,5
B-threat-always,worship,5215,105215,10,False,0,5,10,14,0,0,0,0,5,6,5
B-threat-always,worship,5216,105216,7,False,0,5,11,13,0,0,0,0,5,4,5
B-threat-always,worship,5217,105217,9,False,0,5,8,9,0,0,0,0,5,10,5
B-threat-always,worship,5218,105218,17,False,0,5,15,16,0,0,0,0,5,18,5
B-threat-always,worship,5219,105219,11,False,0,5,15,18,0,0,0,0,5,6,5
B-threat-always,worship,5220,105220,13,False,0,5,2,9,0,0,0,0,5,10,5
B-threat-always,worship,5221,105221,12,False,0,5,13,15,0,0,0,0,5,6,5
B-threat-always,worship,5222,105222,11,False,0,5,11,14,0,0,0,0,5,8,5
B-threat-always,worship,5223,105223,9,False,0,5,6,8,0,0,0,0,5,8,5
B-threat-always,worship,5224,105224,6,False,0,5,15,15,0,0,0,0,5,2,5
B-threat-always,worship,5225,105225,14,False,0,5,9,13,0,0,0,0,5,14,5
B-threat-always,worship,5226,105226,11,False,0,5,14,15,0,0,0,0,5,10,5
B-threat-always,worship,5227,105227,8,False,0,5,13,13,0,0,0,0,5,4,5
B-threat-always,worship,5228,105228,7,False,0,5,14,14,0,0,0,0,5,4,5
B-threat-always,worship,5229,105229,7,False,0,5,11,11,0,0,0,0,5,6,5
B-threat-always,worship,5230,105230,20,False,0,5,38,38,0,0,0,0,5,18,5
B-threat-always,worship,5231,105231,16,False,0,5,20,20,0,0,0,0,5,12,5
B-threat-always,worship,5232,105232,17,False,0,5,25,28,0,0,0,0,5,12,5
B-threat-always,worship,5233,105233,11,False,0,5,16,16,0,0,0,0,5,10,5
B-threat-always,worship,5234,105234,12,False,0,5,11,15,0,0,0,0,5,6,5
B-threat-always,worship,5235,105235,7,False,0,5,13,13,0,0,0,0,5,4,5
B-threat-always,worship,5236,105236,7,False,0,5,10,12,0,0,0,0,5,4,5
B-threat-always,worship,5237,105237,11,False,0,5,14,14,0,0,0,0,5,10,5
B-threat-always,worship,5238,105238,9,False,0,5,12,13,0,0,0,0,5,4,5
B-threat-always,worship,5239,105239,7,False,0,5,4,10,0,0,0,0,5,4,5
B-threat-always,worship,5240,105240,8,False,0,5,15,16,0,0,0,0,5,4,5
B-threat-always,worship,5241,105241,8,False,0,5,10,12,0,0,0,0,5,4,5
B-threat-always,worship,5242,105242,20,True,1,5,19,19,0,0,0,0,4,26,4
B-threat-always,worship,5243,105243,7,False,0,5,9,9,0,0,0,0,5,2,5
B-threat-always,worship,5244,105244,17,False,0,5,22,24,0,0,0,0,5,14,5
B-threat-always,worship,5245,105245,9,False,0,5,15,15,0,0,0,0,5,6,5
B-threat-always,worship,5246,105246,9,False,0,5,11,12,0,0,0,0,5,4,5
B-threat-always,worship,5247,105247,12,False,0,5,12,17,0,0,0,0,5,6,5
B-threat-always,worship,5248,105248,5,False,0,5,14,14,0,0,0,0,5,0,5
B-threat-always,worship,5249,105249,6,False,0,5,3,10,0,0,0,0,5,2,5
B-threat-always,worship,5250,105250,13,False,0,5,20,20,0,0,0,0,5,10,5
B-threat-always,worship,5251,105251,10,False,0,5,5,12,0,0,0,0,5,4,5
B-threat-always,worship,5252,105252,12,False,0,5,7,9,0,0,0,0,5,10,5
B-threat-always,worship,5253,105253,12,False,0,5,11,12,0,0,0,0,5,8,5
B-threat-always,worship,5254,105254,9,False,0,5,11,13,0,0,0,0,5,8,5
B-threat-always,worship,5255,105255,20,True,1,5,22,24,0,0,0,0,4,20,4
B-threat-always,worship,5256,105256,10,False,0,5,8,11,0,0,0,0,5,4,5
B-threat-always,worship,5257,105257,16,False,0,5,18,20,0,0,0,0,5,14,5
B-threat-always,worship,5258,105258,7,False,0,5,8,14,0,0,0,0,5,2,5
B-threat-always,worship,5259,105259,10,False,0,5,9,12,0,0,0,0,5,8,5
B-threat-always,worship,5260,105260,7,False,0,5,5,8,0,0,0,0,5,4,5
B-threat-always,worship,5261,105261,13,False,0,5,13,15,0,0,0,0,5,12,5
B-threat-always,worship,5262,105262,14,False,0,5,18,21,0,0,0,0,5,6,5
B-threat-always,worship,5263,105263,12,False,0,5,26,26,0,0,0,0,5,8,5
B-threat-always,worship,5264,105264,12,False,0,5,13,14,0,0,0,0,5,10,5
B-threat-always,worship,5265,105265,6,False,0,5,8,9,0,0,0,0,5,4,5
B-threat-always,worship,5266,105266,15,False,0,5,16,17,0,0,0,0,5,12,5
B-threat-always,worship,5267,105267,14,False,0,5,15,18,0,0,0,0,5,8,5
B-threat-always,worship,5268,105268,9,False,0,5,16,17,0,0,0,0,5,8,5
B-threat-always,worship,5269,105269,10,False,0,5,15,17,0,0,0,0,5,6,5
B-threat-always,worship,5270,105270,7,False,0,5,11,15,0,0,0,0,5,2,5
B-threat-always,worship,5271,105271,7,False,0,5,15,15,0,0,0,0,5,4,5
B-threat-always,worship,5272,105272,14,False,0,5,14,17,0,0,0,0,5,10,5
B-threat-always,worship,5273,105273,18,False,0,5,16,17,0,0,0,0,5,18,5
B-threat-always,worship,5274,105274,14,False,0,5,18,19,0,0,0,0,5,12,5
B-threat-always,worship,5275,105275,16,False,0,5,12,16,0,0,0,0,5,14,5
B-threat-always,worship,5276,105276,9,False,0,5,7,10,0,0,0,0,5,6,5
B-threat-always,worship,5277,105277,11,False,0,5,9,12,0,0,0,0,5,8,5
B-threat-always,worship,5278,105278,9,False,0,5,11,11,0,0,0,0,5,6,5
B-threat-always,worship,5279,105279,17,False,0,5,21,24,0,0,0,0,5,16,5
B-threat-always,worship,5280,105280,10,False,0,5,11,14,0,0,0,0,5,6,5
B-threat-always,worship,5281,105281,8,False,0,5,13,13,0,0,0,0,5,6,5
B-threat-always,worship,5282,105282,12,False,0,5,16,17,0,0,0,0,5,12,5
B-threat-always,worship,5283,105283,19,False,0,5,14,20,0,0,0,0,5,18,5
B-threat-always,worship,5284,105284,11,False,0,5,17,19,0,0,0,0,5,8,5
B-threat-always,worship,5285,105285,8,False,0,5,10,10,0,0,0,0,5,4,5
B-threat-always,worship,5286,105286,9,False,0,5,11,14,0,0,0,0,5,4,5
B-threat-always,worship,5287,105287,13,False,0,5,12,16,0,0,0,0,5,8,5
B-threat-always,worship,5288,105288,12,False,0,5,13,16,0,0,0,0,5,10,5
B-threat-always,worship,5289,105289,10,False,0,5,12,14,0,0,0,0,5,8,5
B-threat-always,worship,5290,105290,11,False,0,5,24,24,0,0,0,0,5,8,5
B-threat-always,worship,5291,105291,19,False,0,5,6,13,0,0,0,0,5,20,5
B-threat-always,worship,5292,105292,8,False,0,5,11,12,0,0,0,0,5,2,5
B-threat-always,worship,5293,105293,18,False,0,5,19,24,0,0,0,0,5,18,5
B-threat-always,worship,5294,105294,14,False,0,5,29,29,0,0,0,0,5,6,5
B-threat-always,worship,5295,105295,8,False,0,5,15,16,0,0,0,0,5,4,5
B-threat-always,worship,5296,105296,18,False,0,5,15,16,0,0,0,0,5,18,5
B-threat-always,worship,5297,105297,7,False,0,5,3,7,0,0,0,0,5,2,5
B-threat-always,worship,5298,105298,20,True,1,5,5,15,0,0,0,0,4,16,4
B-threat-always,worship,5299,105299,20,True,1,5,7,18,0,0,0,0,4,22,4
B-threat-always,worship,5300,105300,18,False,0,5,12,16,0,0,0,0,5,16,5
B-threat-always,worship,5301,105301,14,False,0,5,23,24,0,0,0,0,5,12,5
B-threat-always,worship,5302,105302,14,False,0,5,6,12,0,0,0,0,5,10,5
B-threat-always,worship,5303,105303,10,False,0,5,14,17,0,0,0,0,5,6,5
B-threat-always,worship,5304,105304,11,False,0,5,17,19,0,0,0,0,5,10,5
B-threat-always,worship,5305,105305,9,False,0,5,12,12,0,0,0,0,5,6,5
B-threat-always,worship,5306,105306,10,False,0,5,2,10,0,0,0,0,5,6,5
B-threat-always,worship,5307,105307,8,False,0,5,12,13,0,0,0,0,5,6,5
B-threat-always,worship,5308,105308,10,False,0,5,18,18,0,0,0,0,5,6,5
B-threat-always,worship,5309,105309,20,True,1,5,27,32,0,0,0,0,4,20,4
B-threat-always,worship,5310,105310,17,False,0,5,20,23,0,0,0,0,5,12,5
B-threat-always,worship,5311,105311,13,False,0,5,14,19,0,0,0,0,5,6,5
B-threat-always,worship,5312,105312,15,False,0,5,2,9,0,0,0,0,5,10,5
B-threat-always,worship,5313,105313,11,False,0,5,7,11,0,0,0,0,5,8,5
B-threat-always,worship,5314,105314,17,False,0,5,19,19,0,0,0,0,5,20,5
B-threat-always,worship,5315,105315,6,False,0,5,13,13,0,0,0,0,5,2,5
B-threat-always,worship,5316,105316,11,False,0,5,20,20,0,0,0,0,5,4,5
B-threat-always,worship,5317,105317,9,False,0,5,13,15,0,0,0,0,5,2,5
B-threat-always,worship,5318,105318,20,False,0,5,20,23,0,0,0,0,5,18,5
B-threat-always,worship,5319,105319,17,False,0,5,29,29,0,0,0,0,5,18,5
B-threat-always,worship,5320,105320,13,False,0,5,18,19,0,0,0,0,5,10,5
B-threat-always,worship,5321,105321,8,False,0,5,12,15,0,0,0,0,5,4,5
B-threat-always,worship,5322,105322,5,False,0,5,12,15,0,0,0,0,5,2,5
B-threat-always,worship,5323,105323,9,False,0,5,10,12,0,0,0,0,5,4,5
B-threat-always,worship,5324,105324,8,False,0,5,15,15,0,0,0,0,5,2,5
B-threat-always,worship,5325,105325,8,False,0,5,14,14,0,0,0,0,5,6,5
B-threat-always,worship,5326,105326,6,False,0,5,14,15,0,0,0,0,5,4,5
B-threat-always,worship,5327,105327,12,False,0,5,9,12,0,0,0,0,5,6,5
B-threat-always,worship,5328,105328,7,False,0,5,6,11,0,0,0,0,5,2,5
B-threat-always,worship,5329,105329,12,False,0,5,2,13,0,0,0,0,5,4,5
B-threat-always,worship,5330,105330,9,False,0,5,11,11,0,0,0,0,5,6,5
B-threat-always,worship,5331,105331,9,False,0,5,8,11,0,0,0,0,5,6,5
B-threat-always,worship,5332,105332,10,False,0,5,16,16,0,0,0,0,5,6,5
B-threat-always,worship,5333,105333,11,False,0,5,4,9,0,0,0,0,5,4,5
B-threat-always,worship,5334,105334,7,False,0,5,12,12,0,0,0,0,5,4,5
B-threat-always,worship,5335,105335,8,False,0,5,6,9,0,0,0,0,5,6,5
B-threat-always,worship,5336,105336,5,False,0,5,7,7,0,0,0,0,5,2,5
B-threat-always,worship,5337,105337,7,False,0,5,17,17,0,0,0,0,5,4,5
B-threat-always,worship,5338,105338,13,False,0,5,22,22,0,0,0,0,5,12,5
B-threat-always,worship,5339,105339,10,False,0,5,15,17,0,0,0,0,5,6,5
B-threat-always,worship,5340,105340,11,False,0,5,17,18,0,0,0,0,5,6,5
B-threat-always,worship,5341,105341,8,False,0,5,8,10,0,0,0,0,5,4,5
B-threat-always,worship,5342,105342,6,False,0,5,7,9,0,0,0,0,5,0,5
B-threat-always,worship,5343,105343,6,False,0,5,6,9,0,0,0,0,5,2,5
B-threat-always,worship,5344,105344,18,False,0,5,16,17,0,0,0,0,5,18,5
B-threat-always,worship,5345,105345,6,False,0,5,0,7,0,0,0,0,4,2,4
B-threat-always,worship,5346,105346,7,False,0,5,8,9,0,0,0,0,5,2,5
B-threat-always,worship,5347,105347,16,False,0,5,0,8,0,0,0,0,4,18,4
B-threat-always,worship,5348,105348,9,False,0,5,11,11,0,0,0,0,5,8,5
B-threat-always,worship,5349,105349,7,False,0,5,3,8,0,0,0,0,5,2,5
B-threat-always,worship,5350,105350,9,False,0,5,12,13,0,0,0,0,5,4,5
B-threat-always,worship,5351,105351,7,False,0,5,14,15,0,0,0,0,5,4,5
B-threat-always,worship,5352,105352,10,False,0,5,17,18,0,0,0,0,5,8,5
B-threat-always,worship,5353,105353,13,False,0,5,19,19,0,0,0,0,5,8,5
B-threat-always,worship,5354,105354,11,False,0,5,26,26,0,0,0,0,5,6,5
B-threat-always,worship,5355,105355,5,False,0,5,10,10,0,0,0,0,5,2,5
B-threat-always,worship,5356,105356,12,False,0,5,15,15,0,0,0,0,5,10,5
B-threat-always,worship,5357,105357,11,False,0,5,8,10,0,0,0,0,5,10,5
B-threat-always,worship,5358,105358,11,False,0,5,20,21,0,0,0,0,5,8,5
B-threat-always,worship,5359,105359,13,False,0,5,7,10,0,0,0,0,5,8,5
B-threat-always,worship,5360,105360,17,False,0,5,19,24,0,0,0,0,5,14,5
B-threat-always,worship,5361,105361,10,False,0,5,20,20,0,0,0,0,5,6,5
B-threat-always,worship,5362,105362,8,False,0,5,11,12,0,0,0,0,5,2,5
B-threat-always,worship,5363,105363,5,False,0,5,14,15,0,0,0,0,5,0,5
B-threat-always,worship,5364,105364,8,False,0,5,16,16,0,0,0,0,5,4,5
B-threat-always,worship,5365,105365,17,False,0,5,23,24,0,0,0,0,5,14,5
B-threat-always,worship,5366,105366,7,False,0,5,0,8,0,0,0,0,4,2,4
B-threat-always,worship,5367,105367,15,False,0,5,19,19,0,0,0,0,5,6,5
B-threat-always,worship,5368,105368,11,False,0,5,13,14,0,0,0,0,5,8,5
B-threat-always,worship,5369,105369,7,False,0,5,11,11,0,0,0,0,5,4,5
B-threat-always,worship,5370,105370,13,False,0,5,22,24,0,0,0,0,5,4,5
B-threat-always,worship,5371,105371,5,False,0,5,15,15,0,0,0,0,5,2,5
B-threat-always,worship,5372,105372,10,False,0,5,19,19,0,0,0,0,5,2,5
B-threat-always,worship,5373,105373,17,False,0,5,21,21,0,0,0,0,5,14,5
B-threat-always,worship,5374,105374,20,True,1,5,4,15,0,0,0,0,4,20,4
B-threat-always,worship,5375,105375,8,False,0,5,14,14,0,0,0,0,5,6,5
B-threat-always,worship,5376,105376,12,False,0,5,10,11,0,0,0,0,5,10,5
B-threat-always,worship,5377,105377,8,False,0,5,11,15,0,0,0,0,5,4,5
B-threat-always,worship,5378,105378,12,False,0,5,3,8,0,0,0,0,5,4,5
B-threat-always,worship,5379,105379,11,False,0,5,12,13,0,0,0,0,5,8,5
B-threat-always,worship,5380,105380,9,False,0,5,14,16,0,0,0,0,5,4,5
B-threat-always,worship,5381,105381,5,False,0,5,12,12,0,0,0,0,5,0,5
B-threat-always,worship,5382,105382,6,False,0,5,4,7,0,0,0,0,5,4,5
B-threat-always,worship,5383,105383,17,False,0,5,27,27,0,0,0,0,5,18,5
B-threat-always,worship,5384,105384,12,False,0,5,14,16,0,0,0,0,5,10,5
B-threat-always,worship,5385,105385,8,False,0,5,9,10,0,0,0,0,5,4,5
B-threat-always,worship,5386,105386,11,False,0,5,10,15,0,0,0,0,5,6,5
B-threat-always,worship,5387,105387,11,False,0,5,23,23,0,0,0,0,5,10,5
B-threat-always,worship,5388,105388,15,False,0,5,20,20,0,0,0,0,5,16,5
B-threat-always,worship,5389,105389,13,False,0,5,8,14,0,0,0,0,5,10,5
B-threat-always,worship,5390,105390,13,False,0,5,6,12,0,0,0,0,5,10,5
B-threat-always,worship,5391,105391,12,False,0,5,16,18,0,0,0,0,5,8,5
B-threat-always,worship,5392,105392,10,False,0,5,13,16,0,0,0,0,5,6,5
B-threat-always,worship,5393,105393,16,False,0,5,18,18,0,0,0,0,5,12,5
B-threat-always,worship,5394,105394,6,False,0,5,14,14,0,0,0,0,5,4,5
B-threat-always,worship,5395,105395,5,False,0,5,12,12,0,0,0,0,5,2,5
B-threat-always,worship,5396,105396,12,False,0,5,14,14,0,0,0,0,5,10,5
B-threat-always,worship,5397,105397,19,False,0,5,19,21,0,0,0,0,5,16,5
B-threat-always,worship,5398,105398,7,False,0,5,10,12,0,0,0,0,5,4,5
B-threat-always,worship,5399,105399,15,False,0,5,6,12,0,0,0,0,5,8,5
B-threat-always,worship,5400,105400,7,False,0,5,11,13,0,0,0,0,5,4,5
B-threat-always,worship,5401,105401,8,False,0,5,12,13,0,0,0,0,5,6,5
B-threat-always,worship,5402,105402,6,False,0,5,8,8,0,0,0,0,5,4,5
B-threat-always,worship,5403,105403,14,False,0,5,12,18,0,0,0,0,5,8,5
B-threat-always,worship,5404,105404,11,False,0,5,0,12,0,0,0,0,4,6,4
B-threat-always,worship,5405,105405,15,False,0,5,17,21,0,0,0,0,5,12,5
B-threat-always,worship,5406,105406,5,False,0,5,4,9,0,0,0,0,5,2,5
B-threat-always,worship,5407,105407,18,False,0,5,15,19,0,0,0,0,5,16,5
B-threat-always,worship,5408,105408,20,True,1,5,30,32,0,0,0,0,4,22,4
B-threat-always,worship,5409,105409,15,False,0,5,0,8,0,0,0,0,5,16,5
B-threat-always,worship,5410,105410,9,False,0,5,17,17,0,0,0,0,5,2,5
B-threat-always,worship,5411,105411,13,False,0,5,17,18,0,0,0,0,5,6,5
B-threat-always,worship,5412,105412,12,False,0,5,9,14,0,0,0,0,5,8,5
B-threat-always,worship,5413,105413,13,False,0,5,6,13,0,0,0,0,5,8,5
B-threat-always,worship,5414,105414,6,False,0,5,11,11,0,0,0,0,5,2,5
B-threat-always,worship,5415,105415,14,False,0,5,8,12,0,0,0,0,5,10,5
B-threat-always,worship,5416,105416,17,False,0,5,13,13,0,0,0,0,5,18,5
B-threat-always,worship,5417,105417,20,False,0,5,10,19,0,0,0,0,5,18,5
B-threat-always,worship,5418,105418,10,False,0,5,4,7,0,0,0,0,5,8,5
B-threat-always,worship,5419,105419,11,False,0,5,13,16,0,0,0,0,5,6,5
B-threat-always,worship,5420,105420,13,False,0,5,22,22,0,0,0,0,5,8,5
B-threat-always,worship,5421,105421,5,False,0,5,7,10,0,0,0,0,5,2,5
B-threat-always,worship,5422,105422,20,False,0,5,4,10,0,0,0,0,5,22,5
B-threat-always,worship,5423,105423,15,False,0,5,20,20,0,0,0,0,5,8,5
B-threat-always,worship,5424,105424,11,False,0,5,4,8,0,0,0,0,5,10,5
B-threat-always,worship,5425,105425,8,False,0,5,14,15,0,0,0,0,5,4,5
B-threat-always,worship,5426,105426,7,False,0,5,5,8,0,0,0,0,5,4,5
B-threat-always,worship,5427,105427,9,False,0,5,10,13,0,0,0,0,5,4,5
B-threat-always,worship,5428,105428,12,False,0,5,15,17,0,0,0,0,5,4,5
B-threat-always,worship,5429,105429,5,False,0,5,9,13,0,0,0,0,5,0,5
B-threat-always,worship,5430,105430,17,False,0,5,17,17,0,0,0,0,5,18,5
B-threat-always,worship,5431,105431,17,False,0,5,26,27,0,0,0,0,5,20,5
B-threat-always,worship,5432,105432,10,False,0,5,8,10,0,0,0,0,5,10,5
B-threat-always,worship,5433,105433,15,False,0,5,15,17,0,0,0,0,5,14,5
B-threat-always,worship,5434,105434,17,False,0,5,6,12,0,0,0,0,5,14,5
B-threat-always,worship,5435,105435,14,False,0,5,15,19,0,0,0,0,5,8,5
B-threat-always,worship,5436,105436,14,False,0,5,19,20,0,0,0,0,5,16,5
B-threat-always,worship,5437,105437,18,False,0,5,21,23,0,0,0,0,5,18,5
B-threat-always,worship,5438,105438,9,False,0,5,5,9,0,0,0,0,5,6,5
B-threat-always,worship,5439,105439,7,False,0,5,3,12,0,0,0,0,5,2,5
B-threat-always,worship,5440,105440,8,False,0,5,6,12,0,0,0,0,5,4,5
B-threat-always,worship,5441,105441,12,False,0,5,17,18,0,0,0,0,5,8,5
B-threat-always,worship,5442,105442,18,False,0,5,18,19,0,0,0,0,5,14,5
B-threat-always,worship,5443,105443,10,False,0,5,12,14,0,0,0,0,5,8,5
B-threat-always,worship,5444,105444,14,False,0,5,14,16,0,0,0,0,5,14,5
B-threat-always,worship,5445,105445,8,False,0,5,14,14,0,0,0,0,5,4,5
B-threat-always,worship,5446,105446,9,False,0,5,11,14,0,0,0,0,5,4,5
B-threat-always,worship,5447,105447,13,False,0,5,7,10,0,0,0,0,5,10,5
B-threat-always,worship,5448,105448,5,False,0,5,0,7,0,0,0,0,5,2,5
B-threat-always,worship,5449,105449,6,False,0,5,12,13,0,0,0,0,5,2,5
B-threat-always,worship,5450,105450,16,False,0,5,5,12,0,0,0,0,5,12,5
B-threat-always,worship,5451,105451,6,False,0,5,16,16,0,0,0,0,5,4,5
B-threat-always,worship,5452,105452,15,False,0,5,16,19,0,0,0,0,5,10,5
B-threat-always,worship,5453,105453,7,False,0,5,12,12,0,0,0,0,5,2,5
B-threat-always,worship,5454,105454,8,False,0,5,11,11,0,0,0,0,5,2,5
B-threat-always,worship,5455,105455,6,False,0,5,14,14,0,0,0,0,5,2,5
B-threat-always,worship,5456,105456,13,False,0,5,29,30,0,0,0,0,5,10,5
B-threat-always,worship,5457,105457,7,False,0,5,9,9,0,0,0,0,5,4,5
B-threat-always,worship,5458,105458,8,False,0,5,11,11,0,0,0,0,5,4,5
B-threat-always,worship,5459,105459,10,False,0,5,11,13,0,0,0,0,5,6,5
B-threat-always,worship,5460,105460,6,False,0,5,8,9,0,0,0,0,5,2,5
B-threat-always,worship,5461,105461,9,False,0,5,7,12,0,0,0,0,5,4,5
B-threat-always,worship,5462,105462,11,False,0,5,7,10,0,0,0,0,5,4,5
B-threat-always,worship,5463,105463,9,False,0,5,9,11,0,0,0,0,5,6,5
B-threat-always,worship,5464,105464,7,False,0,5,16,17,0,0,0,0,5,4,5
B-threat-always,worship,5465,105465,17,False,0,5,19,22,0,0,0,0,5,16,5
B-threat-always,worship,5466,105466,9,False,0,5,11,14,0,0,0,0,5,4,5
B-threat-always,worship,5467,105467,20,True,1,5,3,14,0,0,0,0,4,18,4
B-threat-always,worship,5468,105468,13,False,0,5,16,17,0,0,0,0,5,6,5
B-threat-always,worship,5469,105469,12,False,0,5,14,16,0,0,0,0,5,6,5
B-threat-always,worship,5470,105470,8,False,0,5,11,12,0,0,0,0,5,4,5
B-threat-always,worship,5471,105471,12,False,0,5,8,9,0,0,0,0,5,10,5
B-threat-always,worship,5472,105472,18,False,0,5,19,22,0,0,0,0,5,22,5
B-threat-always,worship,5473,105473,11,False,0,5,18,18,0,0,0,0,5,6,5
B-threat-always,worship,5474,105474,9,False,0,5,12,14,0,0,0,0,5,4,5
B-threat-always,worship,5475,105475,15,False,0,5,5,13,0,0,0,0,5,12,5
B-threat-always,worship,5476,105476,7,False,0,5,6,10,0,0,0,0,5,6,5
B-threat-always,worship,5477,105477,11,False,0,5,5,8,0,0,0,0,5,8,5
B-threat-always,worship,5478,105478,20,True,2,5,29,29,0,0,0,0,3,16,3
B-threat-always,worship,5479,105479,17,False,0,5,12,17,0,0,0,0,5,12,5
B-threat-always,worship,5480,105480,17,False,0,5,0,11,0,0,0,0,5,12,5
B-threat-always,worship,5481,105481,8,False,0,5,22,22,0,0,0,0,5,4,5
B-threat-always,worship,5482,105482,12,False,0,5,5,10,0,0,0,0,5,6,5
B-threat-always,worship,5483,105483,10,False,0,5,19,20,0,0,0,0,5,8,5
B-threat-always,worship,5484,105484,14,False,0,5,24,24,0,0,0,0,5,8,5
B-threat-always,worship,5485,105485,12,False,0,5,10,11,0,0,0,0,5,6,5
B-threat-always,worship,5486,105486,14,False,0,5,24,24,0,0,0,0,5,10,5
B-threat-always,worship,5487,105487,14,False,0,5,0,11,0,0,0,0,4,10,4
B-threat-always,worship,5488,105488,13,False,0,5,22,22,0,0,0,0,5,12,5
B-threat-always,worship,5489,105489,8,False,0,5,18,18,0,0,0,0,5,4,5
B-threat-always,worship,5490,105490,18,False,0,5,17,17,0,0,0,0,5,14,5
B-threat-always,worship,5491,105491,15,False,0,5,8,13,0,0,0,0,5,14,5
B-threat-always,worship,5492,105492,18,False,0,5,17,20,0,0,0,0,5,20,5
B-threat-always,worship,5493,105493,5,False,0,5,7,8,0,0,0,0,5,0,5
B-threat-always,worship,5494,105494,10,False,0,5,1,7,0,0,0,0,5,6,5
B-threat-always,worship,5495,105495,12,False,0,5,8,10,0,0,0,0,5,8,5
B-threat-always,worship,5496,105496,12,False,0,5,11,14,0,0,0,0,5,10,5
B-threat-always,worship,5497,105497,13,False,0,5,16,16,0,0,0,0,5,12,5
B-threat-always,worship,5498,105498,7,False,0,5,11,11,0,0,0,0,5,4,5
B-threat-always,worship,5499,105499,19,False,0,5,28,29,0,0,0,0,5,22,5
B-threat-always,worship,5500,105500,10,False,0,5,13,15,0,0,0,0,5,6,5
B-threat-always,worship,5501,105501,11,False,0,5,15,15,0,0,0,0,5,2,5
B-threat-always,worship,5502,105502,9,False,0,5,12,13,0,0,0,0,5,6,5
B-threat-always,worship,5503,105503,12,False,0,5,8,12,0,0,0,0,5,10,5
B-threat-always,worship,5504,105504,7,False,0,5,11,15,0,0,0,0,5,2,5
B-threat-always,worship,5505,105505,11,False,0,5,7,10,0,0,0,0,5,6,5
B-threat-always,worship,5506,105506,14,False,0,5,12,17,0,0,0,0,5,12,5
B-threat-always,worship,5507,105507,17,False,0,5,6,15,0,0,0,0,5,10,5
B-threat-always,worship,5508,105508,5,False,0,5,12,13,0,0,0,0,5,0,5
B-threat-always,worship,5509,105509,8,False,0,5,12,12,0,0,0,0,5,4,5
B-threat-always,worship,5510,105510,16,False,0,5,18,18,0,0,0,0,5,14,5
B-threat-always,worship,5511,105511,9,False,0,5,17,18,0,0,0,0,5,6,5
B-threat-always,worship,5512,105512,15,False,0,5,16,16,0,0,0,0,5,10,5
B-threat-always,worship,5513,105513,11,False,0,5,13,15,0,0,0,0,5,4,5
B-threat-always,worship,5514,105514,20,False,0,5,17,21,0,0,0,0,5,20,5
B-threat-always,worship,5515,105515,9,False,0,5,12,12,0,0,0,0,5,6,5
B-threat-always,worship,5516,105516,7,False,0,5,11,15,0,0,0,0,5,4,5
B-threat-always,worship,5517,105517,11,False,0,5,16,16,0,0,0,0,5,8,5
B-threat-always,worship,5518,105518,13,False,0,5,10,12,0,0,0,0,5,10,5
B-threat-always,worship,5519,105519,10,False,0,5,15,17,0,0,0,0,5,6,5
B-threat-always,worship,5520,105520,9,False,0,5,8,10,0,0,0,0,5,8,5
B-threat-always,worship,5521,105521,9,False,0,5,12,14,0,0,0,0,5,4,5
B-threat-always,worship,5522,105522,13,False,0,5,16,18,0,0,0,0,5,8,5
B-threat-always,worship,5523,105523,9,False,0,5,9,12,0,0,0,0,5,4,5
B-threat-always,worship,5524,105524,19,False,0,5,8,16,0,0,0,0,5,14,5
B-threat-always,worship,5525,105525,12,False,0,5,12,16,0,0,0,0,5,8,5
B-threat-always,worship,5526,105526,5,False,0,5,10,11,0,0,0,0,5,0,5
B-threat-always,worship,5527,105527,8,False,0,5,15,15,0,0,0,0,5,6,5
B-threat-always,worship,5528,105528,7,False,0,5,8,13,0,0,0,0,5,4,5
B-threat-always,worship,5529,105529,16,False,0,5,9,15,0,0,0,0,5,12,5
B-threat-always,worship,5530,105530,7,False,0,5,12,14,0,0,0,0,5,4,5
B-threat-always,worship,5531,105531,11,False,0,5,10,11,0,0,0,0,5,12,5
B-threat-always,worship,5532,105532,13,False,0,5,15,15,0,0,0,0,5,4,5
B-threat-always,worship,5533,105533,17,False,0,5,26,27,0,0,0,0,5,14,5
B-threat-always,worship,5534,105534,13,False,0,5,12,15,0,0,0,0,5,10,5
B-threat-always,worship,5535,105535,12,False,0,5,15,15,0,0,0,0,5,10,5
B-threat-always,worship,5536,105536,16,False,0,5,18,21,0,0,0,0,5,12,5
B-threat-always,worship,5537,105537,10,False,0,5,13,16,0,0,0,0,5,8,5
B-threat-always,worship,5538,105538,16,False,0,5,16,16,0,0,0,0,5,16,5
B-threat-always,worship,5539,105539,8,False,0,5,9,9,0,0,0,0,5,4,5
B-threat-always,worship,5540,105540,19,False,0,5,30,30,0,0,0,0,5,18,5
B-threat-always,worship,5541,105541,4,False,0,5,7,10,0,0,0,0,5,0,5
B-threat-always,worship,5542,105542,12,False,0,5,9,14,0,0,0,0,5,4,5
B-threat-always,worship,5543,105543,20,True,1,5,18,22,0,0,0,0,4,20,4
B-threat-always,worship,5544,105544,13,False,0,5,9,12,0,0,0,0,5,8,5
B-threat-always,worship,5545,105545,11,False,0,5,10,13,0,0,0,0,5,6,5
B-threat-always,worship,5546,105546,8,False,0,5,17,17,0,0,0,0,5,4,5
B-threat-always,worship,5547,105547,10,False,0,5,14,16,0,0,0,0,5,6,5
B-threat-always,worship,5548,105548,13,False,0,5,8,12,0,0,0,0,5,6,5
B-threat-always,worship,5549,105549,10,False,0,5,8,11,0,0,0,0,5,6,5
B-threat-always,worship,5550,105550,7,False,0,5,9,17,0,0,0,0,5,4,5
B-threat-always,worship,5551,105551,6,False,0,5,13,13,0,0,0,0,5,2,5
B-threat-always,worship,5552,105552,6,False,0,5,9,10,0,0,0,0,5,2,5
B-threat-always,worship,5553,105553,5,False,0,5,8,12,0,0,0,0,5,0,5
B-threat-always,worship,5554,105554,17,False,0,5,15,19,0,0,0,0,5,18,5
B-threat-always,worship,5555,105555,8,False,0,5,14,18,0,0,0,0,5,6,5
B-threat-always,worship,5556,105556,20,True,1,5,2,13,0,0,0,0,4,20,4
B-threat-always,worship,5557,105557,11,False,0,5,8,12,0,0,0,0,5,6,5
B-threat-always,worship,5558,105558,17,False,0,5,29,30,0,0,0,0,5,18,5
B-threat-always,worship,5559,105559,14,False,0,5,10,13,0,0,0,0,5,8,5
B-threat-always,worship,5560,105560,10,False,0,5,10,12,0,0,0,0,5,8,5
B-threat-always,worship,5561,105561,8,False,0,5,6,11,0,0,0,0,5,4,5
B-threat-always,worship,5562,105562,20,True,2,5,25,25,0,0,0,0,3,22,3
B-threat-always,worship,5563,105563,16,False,0,5,11,17,0,0,0,0,5,14,5
B-threat-always,worship,5564,105564,9,False,0,5,12,13,0,0,0,0,5,8,5
B-threat-always,worship,5565,105565,12,False,0,5,11,12,0,0,0,0,5,10,5
B-threat-always,worship,5566,105566,7,False,0,5,15,15,0,0,0,0,5,2,5
B-threat-always,worship,5567,105567,6,False,0,5,10,11,0,0,0,0,5,2,5
B-threat-always,worship,5568,105568,6,False,0,5,9,10,0,0,0,0,5,2,5
B-threat-always,worship,5569,105569,13,False,0,5,17,18,0,0,0,0,5,10,5
B-threat-always,worship,5570,105570,20,True,1,5,19,26,0,0,0,0,4,24,4
B-threat-always,worship,5571,105571,12,False,0,5,12,12,0,0,0,0,5,8,5
B-threat-always,worship,5572,105572,8,False,0,5,15,15,0,0,0,0,5,4,5
B-threat-always,worship,5573,105573,13,False,0,5,19,19,0,0,0,0,5,10,5
B-threat-always,worship,5574,105574,20,True,1,5,4,7,0,0,0,0,4,20,4
B-threat-always,worship,5575,105575,10,False,0,5,9,11,0,0,0,0,5,8,5
B-threat-always,worship,5576,105576,14,False,0,5,6,10,0,0,0,0,5,12,5
B-threat-always,worship,5577,105577,9,False,0,5,14,14,0,0,0,0,5,4,5
B-threat-always,worship,5578,105578,12,False,0,5,20,21,0,0,0,0,5,6,5
B-threat-always,worship,5579,105579,19,False,0,5,12,18,0,0,0,0,5,18,5
B-threat-always,worship,5580,105580,10,False,0,5,8,12,0,0,0,0,5,6,5
B-threat-always,worship,5581,105581,8,False,0,5,10,14,0,0,0,0,5,4,5
B-threat-always,worship,5582,105582,12,False,0,5,17,18,0,0,0,0,5,10,5
B-threat-always,worship,5583,105583,18,False,0,5,13,19,0,0,0,0,5,16,5
B-threat-always,worship,5584,105584,11,False,0,5,7,8,0,0,0,0,5,8,5
B-threat-always,worship,5585,105585,10,False,0,5,9,10,0,0,0,0,5,6,5
B-threat-always,worship,5586,105586,13,False,0,5,19,22,0,0,0,0,5,6,5
B-threat-always,worship,5587,105587,7,False,0,5,10,10,0,0,0,0,5,4,5
B-threat-always,worship,5588,105588,6,False,0,5,14,14,0,0,0,0,5,2,5
B-threat-always,worship,5589,105589,10,False,0,5,9,12,0,0,0,0,5,4,5
B-threat-always,worship,5590,105590,10,False,0,5,7,11,0,0,0,0,5,6,5
B-threat-always,worship,5591,105591,8,False,0,5,11,14,0,0,0,0,5,4,5
B-threat-always,worship,5592,105592,7,False,0,5,12,12,0,0,0,0,5,4,5
B-threat-always,worship,5593,105593,8,False,0,5,12,13,0,0,0,0,5,6,5
B-threat-always,worship,5594,105594,12,False,0,5,7,10,0,0,0,0,5,8,5
B-threat-always,worship,5595,105595,14,False,0,5,8,11,0,0,0,0,5,10,5
B-threat-always,worship,5596,105596,11,False,0,5,7,9,0,0,0,0,5,8,5
B-threat-always,worship,5597,105597,9,False,0,5,14,14,0,0,0,0,5,0,5
B-threat-always,worship,5598,105598,17,False,0,5,16,19,0,0,0,0,5,16,5
B-threat-always,worship,5599,105599,6,False,0,5,6,11,0,0,0,0,5,4,5
B-threat-always,worship,5600,105600,12,False,0,5,13,14,0,0,0,0,5,10,5
B-threat-always,worship,5601,105601,14,False,0,5,14,14,0,0,0,0,5,8,5
B-threat-always,worship,5602,105602,17,False,0,5,15,21,0,0,0,0,5,16,5
B-threat-always,worship,5603,105603,11,False,0,5,15,16,0,0,0,0,5,6,5
B-threat-always,worship,5604,105604,7,False,0,5,16,16,0,0,0,0,5,4,5
B-threat-always,worship,5605,105605,11,False,0,5,12,12,0,0,0,0,5,8,5
B-threat-always,worship,5606,105606,16,False,0,5,7,14,0,0,0,0,5,14,5
B-threat-always,worship,5607,105607,20,True,2,5,31,31,0,0,0,0,3,24,3
B-threat-always,worship,5608,105608,9,False,0,5,15,17,0,0,0,0,5,8,5
B-threat-always,worship,5609,105609,12,False,0,5,13,14,0,0,0,0,5,6,5
B-threat-always,worship,5610,105610,17,False,0,5,20,24,0,0,0,0,5,16,5
B-threat-always,worship,5611,105611,10,False,0,5,16,18,0,0,0,0,5,4,5
B-threat-always,worship,5612,105612,11,False,0,5,14,14,0,0,0,0,5,10,5
B-threat-always,worship,5613,105613,8,False,0,5,14,14,0,0,0,0,5,4,5
B-threat-always,worship,5614,105614,9,False,0,5,13,15,0,0,0,0,5,4,5
B-threat-always,worship,5615,105615,15,False,0,5,18,19,0,0,0,0,5,12,5
B-threat-always,worship,5616,105616,15,False,0,5,4,9,0,0,0,0,5,14,5
B-threat-always,worship,5617,105617,7,False,0,5,10,11,0,0,0,0,5,4,5
B-threat-always,worship,5618,105618,6,False,0,5,9,11,0,0,0,0,5,2,5
B-threat-always,worship,5619,105619,8,False,0,5,11,11,0,0,0,0,5,6,5
B-threat-always,worship,5620,105620,7,False,0,5,15,15,0,0,0,0,5,6,5
B-threat-always,worship,5621,105621,18,False,0,5,19,22,0,0,0,0,5,14,5
B-threat-always,worship,5622,105622,18,False,0,5,4,12,0,0,0,0,5,16,5
B-threat-always,worship,5623,105623,13,False,0,5,11,15,0,0,0,0,5,10,5
B-threat-always,worship,5624,105624,11,False,0,5,14,14,0,0,0,0,5,8,5
B-threat-always,worship,5625,105625,13,False,0,5,9,12,0,0,0,0,5,6,5
B-threat-always,worship,5626,105626,12,False,0,5,12,13,0,0,0,0,5,8,5
B-threat-always,worship,5627,105627,15,False,0,5,3,9,0,0,0,0,5,10,5
B-threat-always,worship,5628,105628,9,False,0,5,6,10,0,0,0,0,5,4,5
B-threat-always,worship,5629,105629,19,False,0,5,8,19,0,0,0,0,5,16,5
B-threat-always,worship,5630,105630,12,False,0,5,23,23,0,0,0,0,5,8,5
B-threat-always,worship,5631,105631,12,False,0,5,21,21,0,0,0,0,5,8,5
B-threat-always,worship,5632,105632,12,False,0,5,14,15,0,0,0,0,5,10,5
B-threat-always,worship,5633,105633,18,False,0,5,16,22,0,0,0,0,5,18,5
B-threat-always,worship,5634,105634,13,False,0,5,24,25,0,0,0,0,5,6,5
B-threat-always,worship,5635,105635,8,False,0,5,7,11,0,0,0,0,5,4,5
B-threat-always,worship,5636,105636,20,True,1,5,8,11,0,0,0,0,4,22,4
B-threat-always,worship,5637,105637,10,False,0,5,18,18,0,0,0,0,5,8,5
B-threat-always,worship,5638,105638,8,False,0,5,11,13,0,0,0,0,5,2,5
B-threat-always,worship,5639,105639,7,False,0,5,12,12,0,0,0,0,5,4,5
B-threat-always,worship,5640,105640,9,False,0,5,7,8,0,0,0,0,5,8,5
B-threat-always,worship,5641,105641,11,False,0,5,9,16,0,0,0,0,5,6,5
B-threat-always,worship,5642,105642,11,False,0,5,2,11,0,0,0,0,5,4,5
B-threat-always,worship,5643,105643,4,False,0,5,11,11,0,0,0,0,5,0,5
B-threat-always,worship,5644,105644,9,False,0,5,12,12,0,0,0,0,5,4,5
B-threat-always,worship,5645,105645,17,False,0,5,5,12,0,0,0,0,5,16,5
B-threat-always,worship,5646,105646,11,False,0,5,10,11,0,0,0,0,5,6,5
B-threat-always,worship,5647,105647,6,False,0,5,12,12,0,0,0,0,5,2,5
B-threat-always,worship,5648,105648,10,False,0,5,17,18,0,0,0,0,5,6,5
B-threat-always,worship,5649,105649,9,False,0,5,19,19,0,0,0,0,5,8,5
B-threat-always,worship,5650,105650,12,False,0,5,17,19,0,0,0,0,5,6,5
B-threat-always,worship,5651,105651,14,False,0,5,7,12,0,0,0,0,5,8,5
B-threat-always,worship,5652,105652,20,True,2,5,33,33,0,0,0,0,3,22,3
B-threat-always,worship,5653,105653,11,False,0,5,9,12,0,0,0,0,5,6,5
B-threat-always,worship,5654,105654,10,False,0,5,12,12,0,0,0,0,5,10,5
B-threat-always,worship,5655,105655,15,False,0,5,14,15,0,0,0,0,5,18,5
B-threat-always,worship,5656,105656,8,False,0,5,15,17,0,0,0,0,5,6,5
B-threat-always,worship,5657,105657,14,False,0,5,11,14,0,0,0,0,5,6,5
B-threat-always,worship,5658,105658,11,False,0,5,17,17,0,0,0,0,5,4,5
B-threat-always,worship,5659,105659,9,False,0,5,11,13,0,0,0,0,5,6,5
B-threat-always,worship,5660,105660,12,False,0,5,15,16,0,0,0,0,5,4,5
B-threat-always,worship,5661,105661,8,False,0,5,10,11,0,0,0,0,5,8,5
B-threat-always,worship,5662,105662,7,False,0,5,13,15,0,0,0,0,5,4,5
B-threat-always,worship,5663,105663,10,False,0,5,8,11,0,0,0,0,5,6,5
B-threat-always,worship,5664,105664,9,False,0,5,11,12,0,0,0,0,5,6,5
B-threat-always,worship,5665,105665,6,False,0,5,13,13,0,0,0,0,5,2,5
B-threat-always,worship,5666,105666,18,False,0,5,10,15,0,0,0,0,5,16,5
B-threat-always,worship,5667,105667,7,False,0,5,12,12,0,0,0,0,5,2,5
B-threat-always,worship,5668,105668,9,False,0,5,11,11,0,0,0,0,5,8,5
B-threat-always,worship,5669,105669,20,False,0,5,6,9,0,0,0,0,5,20,5
B-threat-always,worship,5670,105670,10,False,0,5,11,14,0,0,0,0,5,2,5
B-threat-always,worship,5671,105671,5,False,0,5,10,12,0,0,0,0,5,2,5
B-threat-always,worship,5672,105672,10,False,0,5,11,14,0,0,0,0,5,4,5
B-threat-always,worship,5673,105673,10,False,0,5,2,9,0,0,0,0,5,4,5
B-threat-always,worship,5674,105674,7,False,0,5,11,14,0,0,0,0,5,6,5
B-threat-always,worship,5675,105675,12,False,0,5,15,15,0,0,0,0,5,8,5
B-threat-always,worship,5676,105676,6,False,0,5,11,12,0,0,0,0,5,0,5
B-threat-always,worship,5677,105677,15,False,0,5,17,17,0,0,0,0,5,10,5
B-threat-always,worship,5678,105678,12,False,0,5,11,13,0,0,0,0,5,8,5
B-threat-always,worship,5679,105679,12,False,0,5,15,18,0,0,0,0,5,8,5
B-threat-always,worship,5680,105680,5,False,0,5,7,8,0,0,0,0,5,0,5
B-threat-always,worship,5681,105681,7,False,0,5,10,12,0,0,0,0,5,4,5
B-threat-always,worship,5682,105682,12,False,0,5,21,21,0,0,0,0,5,6,5
B-threat-always,worship,5683,105683,13,False,0,5,20,22,0,0,0,0,5,10,5
B-threat-always,worship,5684,105684,14,False,0,5,17,17,0,0,0,0,5,14,5
B-threat-always,worship,5685,105685,9,False,0,5,10,11,0,0,0,0,5,6,5
B-threat-always,worship,5686,105686,13,False,0,5,10,14,0,0,0,0,5,12,5
B-threat-always,worship,5687,105687,9,False,0,5,15,15,0,0,0,0,5,8,5
B-threat-always,worship,5688,105688,5,False,0,5,10,10,0,0,0,0,5,2,5
B-threat-always,worship,5689,105689,7,False,0,5,14,15,0,0,0,0,5,4,5
B-threat-always,worship,5690,105690,9,False,0,5,13,13,0,0,0,0,5,4,5
B-threat-always,worship,5691,105691,15,False,0,5,8,13,0,0,0,0,5,12,5
B-threat-always,worship,5692,105692,8,False,0,5,7,7,0,0,0,0,5,6,5
B-threat-always,worship,5693,105693,15,False,0,5,11,15,0,0,0,0,5,8,5
B-threat-always,worship,5694,105694,11,False,0,5,9,12,0,0,0,0,5,8,5
B-threat-always,worship,5695,105695,13,False,0,5,15,17,0,0,0,0,5,8,5
B-threat-always,worship,5696,105696,16,False,0,5,9,11,0,0,0,0,5,16,5
B-threat-always,worship,5697,105697,18,False,0,5,21,23,0,0,0,0,5,12,5
B-threat-always,worship,5698,105698,6,False,0,5,11,11,0,0,0,0,5,4,5
B-threat-always,worship,5699,105699,10,False,0,5,5,8,0,0,0,0,5,6,5
B-threat-always,worship,5700,105700,9,False,0,5,4,11,0,0,0,0,5,4,5
B-threat-always,worship,5701,105701,20,True,1,5,23,27,0,0,0,0,4,20,4
B-threat-always,worship,5702,105702,11,False,0,5,22,22,0,0,0,0,5,4,5
B-threat-always,worship,5703,105703,8,False,0,5,9,11,0,0,0,0,5,4,5
B-threat-always,worship,5704,105704,13,False,0,5,10,10,0,0,0,0,5,12,5
B-threat-always,worship,5705,105705,7,False,0,5,13,13,0,0,0,0,5,4,5
B-threat-always,worship,5706,105706,8,False,0,5,17,17,0,0,0,0,5,6,5
B-threat-always,worship,5707,105707,6,False,0,5,7,9,0,0,0,0,5,2,5
B-threat-always,worship,5708,105708,13,False,0,5,22,23,0,0,0,0,5,8,5
B-threat-always,worship,5709,105709,15,False,0,5,20,22,0,0,0,0,5,12,5
B-threat-always,worship,5710,105710,10,False,0,5,10,11,0,0,0,0,5,4,5
B-threat-always,worship,5711,105711,13,False,0,5,13,13,0,0,0,0,5,8,5
B-threat-always,worship,5712,105712,18,False,0,5,7,14,0,0,0,0,5,20,5
B-threat-always,worship,5713,105713,12,False,0,5,7,12,0,0,0,0,5,8,5
B-threat-always,worship,5714,105714,16,False,0,5,22,22,0,0,0,0,5,12,5
B-threat-always,worship,5715,105715,11,False,0,5,17,18,0,0,0,0,5,6,5
B-threat-always,worship,5716,105716,9,False,0,5,18,19,0,0,0,0,5,8,5
B-threat-always,worship,5717,105717,12,False,0,5,16,16,0,0,0,0,5,8,5
B-threat-always,worship,5718,105718,12,False,0,5,16,19,0,0,0,0,5,10,5
B-threat-always,worship,5719,105719,12,False,0,5,18,19,0,0,0,0,5,8,5
B-threat-always,worship,5720,105720,13,False,0,5,15,17,0,0,0,0,5,10,5
B-threat-always,worship,5721,105721,10,False,0,5,10,10,0,0,0,0,5,8,5
B-threat-always,worship,5722,105722,8,False,0,5,10,10,0,0,0,0,5,4,5
B-threat-always,worship,5723,105723,12,False,0,5,15,18,0,0,0,0,5,6,5
B-threat-always,worship,5724,105724,11,False,0,5,6,10,0,0,0,0,5,8,5
B-threat-always,worship,5725,105725,7,False,0,5,10,12,0,0,0,0,5,2,5
B-threat-always,worship,5726,105726,11,False,0,5,2,13,0,0,0,0,5,4,5
B-threat-always,worship,5727,105727,11,False,0,5,14,16,0,0,0,0,5,6,5
B-threat-always,worship,5728,105728,5,False,0,5,8,9,0,0,0,0,5,2,5
B-threat-always,worship,5729,105729,20,False,0,5,4,16,0,0,0,0,5,20,5
B-threat-always,worship,5730,105730,9,False,0,5,11,12,0,0,0,0,5,4,5
B-threat-always,worship,5731,105731,14,False,0,5,10,17,0,0,0,0,5,6,5
B-threat-always,worship,5732,105732,8,False,0,5,11,12,0,0,0,0,5,4,5
B-threat-always,worship,5733,105733,9,False,0,5,13,14,0,0,0,0,5,4,5
B-threat-always,worship,5734,105734,15,False,0,5,18,20,0,0,0,0,5,14,5
B-threat-always,worship,5735,105735,18,False,0,5,22,24,0,0,0,0,5,18,5
B-threat-always,worship,5736,105736,17,False,0,5,17,20,0,0,0,0,5,18,5
B-threat-always,worship,5737,105737,17,False,0,5,32,32,0,0,0,0,5,14,5
B-threat-always,worship,5738,105738,11,False,0,5,17,17,0,0,0,0,5,6,5
B-threat-always,worship,5739,105739,6,False,0,5,9,10,0,0,0,0,5,4,5
B-threat-always,worship,5740,105740,8,False,0,5,13,13,0,0,0,0,5,6,5
B-threat-always,worship,5741,105741,9,False,0,5,12,12,0,0,0,0,5,8,5
B-threat-always,worship,5742,105742,8,False,0,5,7,10,0,0,0,0,5,4,5
B-threat-always,worship,5743,105743,7,False,0,5,9,9,0,0,0,0,5,6,5
B-threat-always,worship,5744,105744,12,False,0,5,19,19,0,0,0,0,5,8,5
B-threat-always,worship,5745,105745,9,False,0,5,10,12,0,0,0,0,5,6,5
B-threat-always,worship,5746,105746,9,False,0,5,13,13,0,0,0,0,5,8,5
B-threat-always,worship,5747,105747,9,False,0,5,14,15,0,0,0,0,5,8,5
B-threat-always,worship,5748,105748,13,False,0,5,15,17,0,0,0,0,5,6,5
B-threat-always,worship,5749,105749,18,False,0,5,21,23,0,0,0,0,5,18,5
B-threat-always,worship,5750,105750,16,False,0,5,17,19,0,0,0,0,5,18,5
B-threat-always,worship,5751,105751,7,False,0,5,14,14,0,0,0,0,5,4,5
B-threat-always,worship,5752,105752,15,False,0,5,15,18,0,0,0,0,5,4,5
B-threat-always,worship,5753,105753,8,False,0,5,18,18,0,0,0,0,5,4,5
B-threat-always,worship,5754,105754,8,False,0,5,2,8,0,0,0,0,5,6,5
B-threat-always,worship,5755,105755,10,False,0,5,16,18,0,0,0,0,5,4,5
B-threat-always,worship,5756,105756,8,False,0,5,13,13,0,0,0,0,5,4,5
B-threat-always,worship,5757,105757,19,False,0,5,14,16,0,0,0,0,5,18,5
B-threat-always,worship,5758,105758,6,False,0,5,15,15,0,0,0,0,5,4,5
B-threat-always,worship,5759,105759,5,False,0,5,13,13,0,0,0,0,5,2,5
B-threat-always,worship,5760,105760,20,True,3,5,30,30,0,0,0,0,2,22,2
B-threat-always,worship,5761,105761,8,False,0,5,6,9,0,0,0,0,5,2,5
B-threat-always,worship,5762,105762,9,False,0,5,10,13,0,0,0,0,5,6,5
B-threat-always,worship,5763,105763,10,False,0,5,10,12,0,0,0,0,5,6,5
B-threat-always,worship,5764,105764,11,False,0,5,14,16,0,0,0,0,5,10,5
B-threat-always,worship,5765,105765,6,False,0,5,13,13,0,0,0,0,5,2,5
B-threat-always,worship,5766,105766,10,False,0,5,7,12,0,0,0,0,5,6,5
B-threat-always,worship,5767,105767,13,False,0,5,8,14,0,0,0,0,5,12,5
B-threat-always,worship,5768,105768,13,False,0,5,6,13,0,0,0,0,5,6,5
B-threat-always,worship,5769,105769,7,False,0,5,10,11,0,0,0,0,5,2,5
B-threat-always,worship,5770,105770,8,False,0,5,17,17,0,0,0,0,5,6,5
B-threat-always,worship,5771,105771,11,False,0,5,15,15,0,0,0,0,5,6,5
B-threat-always,worship,5772,105772,12,False,0,5,14,15,0,0,0,0,5,8,5
B-threat-always,worship,5773,105773,8,False,0,5,10,11,0,0,0,0,5,4,5
B-threat-always,worship,5774,105774,7,False,0,5,9,10,0,0,0,0,5,4,5
B-threat-always,worship,5775,105775,8,False,0,5,13,15,0,0,0,0,5,4,5
B-threat-always,worship,5776,105776,10,False,0,5,13,13,0,0,0,0,5,8,5
B-threat-always,worship,5777,105777,20,True,1,5,12,18,0,0,0,0,4,20,4
B-threat-always,worship,5778,105778,14,False,0,5,18,21,0,0,0,0,5,12,5
B-threat-always,worship,5779,105779,13,False,0,5,15,19,0,0,0,0,5,6,5
B-threat-always,worship,5780,105780,7,False,0,5,12,13,0,0,0,0,5,4,5
B-threat-always,worship,5781,105781,7,False,0,5,12,15,0,0,0,0,5,6,5
B-threat-always,worship,5782,105782,14,False,0,5,20,20,0,0,0,0,5,12,5
B-threat-always,worship,5783,105783,4,False,0,5,12,12,0,0,0,0,5,0,5
B-threat-always,worship,5784,105784,12,False,0,5,9,12,0,0,0,0,5,6,5
B-threat-always,worship,5785,105785,16,False,0,5,11,18,0,0,0,0,5,12,5
B-threat-always,worship,5786,105786,11,False,0,5,18,19,0,0,0,0,5,6,5
B-threat-always,worship,5787,105787,11,False,0,5,19,20,0,0,0,0,5,8,5
B-threat-always,worship,5788,105788,17,False,0,5,16,20,0,0,0,0,5,14,5
B-threat-always,worship,5789,105789,15,False,0,5,10,11,0,0,0,0,5,14,5
B-threat-always,worship,5790,105790,15,False,0,5,15,16,0,0,0,0,5,12,5
B-threat-always,worship,5791,105791,8,False,0,5,6,12,0,0,0,0,5,4,5
B-threat-always,worship,5792,105792,17,False,0,5,3,11,0,0,0,0,5,12,5
B-threat-always,worship,5793,105793,20,True,1,5,13,22,0,0,0,0,4,20,4
B-threat-always,worship,5794,105794,6,False,0,5,12,12,0,0,0,0,5,2,5
B-threat-always,worship,5795,105795,7,False,0,5,12,12,0,0,0,0,5,4,5
B-threat-always,worship,5796,105796,11,False,0,5,8,8,0,0,0,0,5,10,5
B-threat-always,worship,5797,105797,13,False,0,5,19,20,0,0,0,0,5,10,5
B-threat-always,worship,5798,105798,17,False,0,5,21,27,0,0,0,0,5,14,5
B-threat-always,worship,5799,105799,5,False,0,5,7,10,0,0,0,0,5,2,5
B-threat-always,worship,5800,105800,7,False,0,5,8,13,0,0,0,0,5,2,5
B-threat-always,worship,5801,105801,12,False,0,5,10,11,0,0,0,0,5,12,5
B-threat-always,worship,5802,105802,12,False,0,5,1,8,0,0,0,0,5,6,5
B-threat-always,worship,5803,105803,12,False,0,5,15,16,0,0,0,0,5,8,5
B-threat-always,worship,5804,105804,18,False,0,5,0,13,0,0,0,0,5,12,5
B-threat-always,worship,5805,105805,12,False,0,5,12,14,0,0,0,0,5,12,5
B-threat-always,worship,5806,105806,14,False,0,5,23,24,0,0,0,0,5,14,5
B-threat-always,worship,5807,105807,8,False,0,5,7,8,0,0,0,0,5,6,5
B-threat-always,worship,5808,105808,15,False,0,5,20,21,0,0,0,0,5,6,5
B-threat-always,worship,5809,105809,8,False,0,5,13,13,0,0,0,0,5,8,5
B-threat-always,worship,5810,105810,16,False,0,5,20,20,0,0,0,0,5,18,5
B-threat-always,worship,5811,105811,13,False,0,5,17,18,0,0,0,0,5,8,5
B-threat-always,worship,5812,105812,8,False,0,5,3,9,0,0,0,0,5,0,5
B-threat-always,worship,5813,105813,15,False,0,5,8,12,0,0,0,0,5,12,5
B-threat-always,worship,5814,105814,12,False,0,5,17,17,0,0,0,0,5,6,5
B-threat-always,worship,5815,105815,15,False,0,5,23,24,0,0,0,0,5,16,5
B-threat-always,worship,5816,105816,12,False,0,5,11,11,0,0,0,0,5,8,5
B-threat-always,worship,5817,105817,12,False,0,5,13,14,0,0,0,0,5,8,5
B-threat-always,worship,5818,105818,15,False,0,5,19,19,0,0,0,0,5,12,5
B-threat-always,worship,5819,105819,7,False,0,5,11,13,0,0,0,0,5,4,5
B-threat-always,worship,5820,105820,15,False,0,5,16,20,0,0,0,0,5,10,5
B-threat-always,worship,5821,105821,15,False,0,5,5,10,0,0,0,0,5,10,5
B-threat-always,worship,5822,105822,16,False,0,5,12,14,0,0,0,0,5,14,5
B-threat-always,worship,5823,105823,16,False,0,5,13,14,0,0,0,0,5,14,5
B-threat-always,worship,5824,105824,9,False,0,5,9,13,0,0,0,0,5,6,5
B-threat-always,worship,5825,105825,17,False,0,5,29,29,0,0,0,0,5,14,5
B-threat-always,worship,5826,105826,15,False,0,5,14,15,0,0,0,0,5,10,5
B-threat-always,worship,5827,105827,11,False,0,5,15,15,0,0,0,0,5,10,5
B-threat-always,worship,5828,105828,6,False,0,5,7,9,0,0,0,0,5,4,5
B-threat-always,worship,5829,105829,10,False,0,5,11,12,0,0,0,0,5,8,5
B-threat-always,worship,5830,105830,7,False,0,5,14,14,0,0,0,0,5,6,5
B-threat-always,worship,5831,105831,9,False,0,5,8,10,0,0,0,0,5,6,5
B-threat-always,worship,5832,105832,13,False,0,5,17,19,0,0,0,0,5,14,5
B-threat-always,worship,5833,105833,19,False,0,5,15,18,0,0,0,0,5,20,5
B-threat-always,worship,5834,105834,7,False,0,5,16,16,0,0,0,0,5,2,5
B-threat-always,worship,5835,105835,13,False,0,5,11,13,0,0,0,0,5,10,5
B-threat-always,worship,5836,105836,5,False,0,5,9,9,0,0,0,0,5,2,5
B-threat-always,worship,5837,105837,10,False,0,5,11,12,0,0,0,0,5,6,5
B-threat-always,worship,5838,105838,10,False,0,5,13,13,0,0,0,0,5,6,5
B-threat-always,worship,5839,105839,9,False,0,5,9,12,0,0,0,0,5,6,5
B-threat-always,worship,5840,105840,14,False,0,5,18,19,0,0,0,0,5,12,5
B-threat-always,worship,5841,105841,9,False,0,5,12,12,0,0,0,0,5,2,5
B-threat-always,worship,5842,105842,9,False,0,5,8,14,0,0,0,0,5,4,5
B-threat-always,worship,5843,105843,13,False,0,5,8,13,0,0,0,0,5,10,5
B-threat-always,worship,5844,105844,12,False,0,5,19,19,0,0,0,0,5,12,5
B-threat-always,worship,5845,105845,17,False,0,5,17,22,0,0,0,0,5,12,5
B-threat-always,worship,5846,105846,12,False,0,5,10,13,0,0,0,0,5,10,5
B-threat-always,worship,5847,105847,19,False,0,5,16,20,0,0,0,0,5,18,5
B-threat-always,worship,5848,105848,9,False,0,5,7,9,0,0,0,0,5,6,5
B-threat-always,worship,5849,105849,12,False,0,5,19,19,0,0,0,0,5,12,5
B-threat-always,worship,5850,105850,10,False,0,5,15,15,0,0,0,0,5,4,5
B-threat-always,worship,5851,105851,10,False,0,5,11,13,0,0,0,0,5,6,5
B-threat-always,worship,5852,105852,20,True,1,5,34,36,0,0,0,0,4,20,4
B-threat-always,worship,5853,105853,8,False,0,5,14,15,0,0,0,0,5,4,5
B-threat-always,worship,5854,105854,17,False,0,5,18,18,0,0,0,0,5,16,5
B-threat-always,worship,5855,105855,16,False,0,5,22,22,0,0,0,0,5,12,5
B-threat-always,worship,5856,105856,10,False,0,5,18,18,0,0,0,0,5,4,5
B-threat-always,worship,5857,105857,8,False,0,5,11,12,0,0,0,0,5,4,5
B-threat-always,worship,5858,105858,9,False,0,5,14,15,0,0,0,0,5,8,5
B-threat-always,worship,5859,105859,7,False,0,5,11,12,0,0,0,0,5,4,5
B-threat-always,worship,5860,105860,13,False,0,5,8,12,0,0,0,0,5,10,5
B-threat-always,worship,5861,105861,13,False,0,5,18,21,0,0,0,0,5,10,5
B-threat-always,worship,5862,105862,20,True,1,5,0,11,0,0,0,0,4,18,4
B-threat-always,worship,5863,105863,14,False,0,5,16,18,0,0,0,0,5,10,5
B-threat-always,worship,5864,105864,17,False,0,5,16,22,0,0,0,0,5,14,5
B-threat-always,worship,5865,105865,6,False,0,5,12,12,0,0,0,0,5,2,5
B-threat-always,worship,5866,105866,9,False,0,5,18,18,0,0,0,0,5,4,5
B-threat-always,worship,5867,105867,7,False,0,5,8,10,0,0,0,0,5,0,5
B-threat-always,worship,5868,105868,15,False,0,5,16,16,0,0,0,0,5,6,5
B-threat-always,worship,5869,105869,17,False,0,5,5,12,0,0,0,0,5,16,5
B-threat-always,worship,5870,105870,6,False,0,5,9,11,0,0,0,0,5,4,5
B-threat-always,worship,5871,105871,14,False,0,5,19,19,0,0,0,0,5,10,5
B-threat-always,worship,5872,105872,9,False,0,5,15,15,0,0,0,0,5,10,5
B-threat-always,worship,5873,105873,6,False,0,5,8,11,0,0,0,0,5,4,5
B-threat-always,worship,5874,105874,20,True,1,5,11,20,0,0,0,0,4,22,4
B-threat-always,worship,5875,105875,9,False,0,5,16,17,0,0,0,0,5,4,5
B-threat-always,worship,5876,105876,7,False,0,5,12,12,0,0,0,0,5,4,5
B-threat-always,worship,5877,105877,16,False,0,5,19,21,0,0,0,0,5,14,5
B-threat-always,worship,5878,105878,6,False,0,5,14,14,0,0,0,0,5,2,5
B-threat-always,worship,5879,105879,16,False,0,5,22,22,0,0,0,0,5,14,5
B-threat-always,worship,5880,105880,11,False,0,5,8,12,0,0,0,0,5,6,5
B-threat-always,worship,5881,105881,7,False,0,5,9,12,0,0,0,0,5,4,5
B-threat-always,worship,5882,105882,14,False,0,5,12,15,0,0,0,0,5,14,5
B-threat-always,worship,5883,105883,20,True,2,5,30,30,0,0,0,0,3,20,3
B-threat-always,worship,5884,105884,13,False,0,5,5,14,0,0,0,0,5,10,5
B-threat-always,worship,5885,105885,9,False,0,5,9,12,0,0,0,0,5,4,5
B-threat-always,worship,5886,105886,10,False,0,5,6,10,0,0,0,0,5,6,5
B-threat-always,worship,5887,105887,6,False,0,5,6,10,0,0,0,0,5,2,5
B-threat-always,worship,5888,105888,10,False,0,5,10,13,0,0,0,0,5,6,5
B-threat-always,worship,5889,105889,9,False,0,5,12,15,0,0,0,0,5,4,5
B-threat-always,worship,5890,105890,6,False,0,5,14,14,0,0,0,0,5,2,5
B-threat-always,worship,5891,105891,15,False,0,5,7,13,0,0,0,0,5,14,5
B-threat-always,worship,5892,105892,11,False,0,5,25,25,0,0,0,0,5,4,5
B-threat-always,worship,5893,105893,5,False,0,5,6,8,0,0,0,0,5,0,5
B-threat-always,worship,5894,105894,11,False,0,5,9,11,0,0,0,0,5,6,5
B-threat-always,worship,5895,105895,10,False,0,5,7,12,0,0,0,0,5,4,5
B-threat-always,worship,5896,105896,7,False,0,5,8,10,0,0,0,0,5,4,5
B-threat-always,worship,5897,105897,9,False,0,5,10,11,0,0,0,0,5,4,5
B-threat-always,worship,5898,105898,6,False,0,5,10,10,0,0,0,0,5,4,5
B-threat-always,worship,5899,105899,6,False,0,5,9,9,0,0,0,0,5,2,5
B-threat-always,worship,5900,105900,14,False,0,5,3,13,0,0,0,0,5,8,5
B-threat-always,worship,5901,105901,4,False,0,5,11,11,0,0,0,0,5,0,5
B-threat-always,worship,5902,105902,10,False,0,5,9,10,0,0,0,0,5,10,5
B-threat-always,worship,5903,105903,12,False,0,5,14,16,0,0,0,0,5,12,5
B-threat-always,worship,5904,105904,7,False,0,5,15,16,0,0,0,0,5,4,5
B-threat-always,worship,5905,105905,12,False,0,5,15,17,0,0,0,0,5,8,5
B-threat-always,worship,5906,105906,10,False,0,5,8,10,0,0,0,0,5,4,5
B-threat-always,worship,5907,105907,5,False,0,5,14,17,0,0,0,0,5,2,5
B-threat-always,worship,5908,105908,17,False,0,5,15,15,0,0,0,0,5,14,5
B-threat-always,worship,5909,105909,7,False,0,5,15,15,0,0,0,0,5,4,5
B-threat-always,worship,5910,105910,14,False,0,5,9,13,0,0,0,0,5,12,5
B-threat-always,worship,5911,105911,10,False,0,5,12,12,0,0,0,0,5,8,5
B-threat-always,worship,5912,105912,7,False,0,5,10,11,0,0,0,0,5,6,5
B-threat-always,worship,5913,105913,11,False,0,5,15,18,0,0,0,0,5,6,5
B-threat-always,worship,5914,105914,9,False,0,5,12,14,0,0,0,0,5,6,5
B-threat-always,worship,5915,105915,20,True,1,5,20,23,0,0,0,0,4,18,4
B-threat-always,worship,5916,105916,12,False,0,5,15,16,0,0,0,0,5,10,5
B-threat-always,worship,5917,105917,14,False,0,5,11,14,0,0,0,0,5,10,5
B-threat-always,worship,5918,105918,10,False,0,5,9,12,0,0,0,0,5,6,5
B-threat-always,worship,5919,105919,10,False,0,5,14,15,0,0,0,0,5,4,5
B-threat-always,worship,5920,105920,16,False,0,5,15,17,0,0,0,0,5,14,5
B-threat-always,worship,5921,105921,6,False,0,5,13,13,0,0,0,0,5,2,5
B-threat-always,worship,5922,105922,5,False,0,5,13,13,0,0,0,0,5,2,5
B-threat-always,worship,5923,105923,7,False,0,5,12,14,0,0,0,0,5,4,5
B-threat-always,worship,5924,105924,13,False,0,5,14,19,0,0,0,0,5,8,5
B-threat-always,worship,5925,105925,13,False,0,5,3,12,0,0,0,0,5,8,5
B-threat-always,worship,5926,105926,9,False,0,5,11,13,0,0,0,0,5,6,5
B-threat-always,worship,5927,105927,6,False,0,5,9,9,0,0,0,0,5,4,5
B-threat-always,worship,5928,105928,20,True,1,5,8,17,0,0,0,0,4,22,4
B-threat-always,worship,5929,105929,20,True,1,5,10,18,0,0,0,0,4,22,4
B-threat-always,worship,5930,105930,8,False,0,5,5,7,0,0,0,0,5,8,5
B-threat-always,worship,5931,105931,11,False,0,5,14,16,0,0,0,0,5,10,5
B-threat-always,worship,5932,105932,11,False,0,5,14,15,0,0,0,0,5,8,5
B-threat-always,worship,5933,105933,12,False,0,5,15,17,0,0,0,0,5,8,5
B-threat-always,worship,5934,105934,7,False,0,5,12,12,0,0,0,0,5,6,5
B-threat-always,worship,5935,105935,11,False,0,5,10,15,0,0,0,0,5,10,5
B-threat-always,worship,5936,105936,11,False,0,5,12,16,0,0,0,0,5,8,5
B-threat-always,worship,5937,105937,18,False,0,5,17,21,0,0,0,0,5,18,5
B-threat-always,worship,5938,105938,9,False,0,5,14,15,0,0,0,0,5,4,5
B-threat-always,worship,5939,105939,12,False,0,5,18,19,0,0,0,0,5,10,5
B-threat-always,worship,5940,105940,11,False,0,5,19,20,0,0,0,0,5,10,5
B-threat-always,worship,5941,105941,8,False,0,5,9,12,0,0,0,0,5,4,5
B-threat-always,worship,5942,105942,9,False,0,5,4,10,0,0,0,0,5,4,5
B-threat-always,worship,5943,105943,19,False,0,5,33,33,0,0,0,0,5,18,5
B-threat-always,worship,5944,105944,12,False,0,5,2,12,0,0,0,0,5,8,5
B-threat-always,worship,5945,105945,10,False,0,5,20,21,0,0,0,0,5,6,5
B-threat-always,worship,5946,105946,11,False,0,5,0,8,0,0,0,0,4,8,4
B-threat-always,worship,5947,105947,11,False,0,5,17,17,0,0,0,0,5,6,5
B-threat-always,worship,5948,105948,14,False,0,5,22,25,0,0,0,0,5,16,5
B-threat-always,worship,5949,105949,18,False,0,5,22,23,0,0,0,0,5,10,5
B-threat-always,worship,5950,105950,16,False,0,5,9,15,0,0,0,0,5,12,5
B-threat-always,worship,5951,105951,9,False,0,5,15,16,0,0,0,0,5,6,5
B-threat-always,worship,5952,105952,20,True,1,5,14,17,0,0,0,0,4,20,4
B-threat-always,worship,5953,105953,10,False,0,5,12,13,0,0,0,0,5,8,5
B-threat-always,worship,5954,105954,15,False,0,5,16,16,0,0,0,0,5,12,5
B-threat-always,worship,5955,105955,13,False,0,5,16,18,0,0,0,0,5,8,5
B-threat-always,worship,5956,105956,16,False,0,5,20,20,0,0,0,0,5,14,5
B-threat-always,worship,5957,105957,13,False,0,5,18,18,0,0,0,0,5,2,5
B-threat-always,worship,5958,105958,20,True,1,5,25,29,0,0,0,0,4,18,4
B-threat-always,worship,5959,105959,7,False,0,5,13,16,0,0,0,0,5,2,5
B-threat-always,worship,5960,105960,9,False,0,5,7,11,0,0,0,0,5,6,5
B-threat-always,worship,5961,105961,6,False,0,5,18,18,0,0,0,0,5,2,5
B-threat-always,worship,5962,105962,12,False,0,5,11,15,0,0,0,0,5,12,5
B-threat-always,worship,5963,105963,12,False,0,5,11,13,0,0,0,0,5,8,5
B-threat-always,worship,5964,105964,15,False,0,5,7,11,0,0,0,0,5,16,5
B-threat-always,worship,5965,105965,8,False,0,5,11,11,0,0,0,0,5,4,5
B-threat-always,worship,5966,105966,10,False,0,5,19,19,0,0,0,0,5,6,5
B-threat-always,worship,5967,105967,12,False,0,5,10,10,0,0,0,0,5,14,5
B-threat-always,worship,5968,105968,15,False,0,5,4,11,0,0,0,0,5,14,5
B-threat-always,worship,5969,105969,17,False,0,5,7,12,0,0,0,0,5,14,5
B-threat-always,worship,5970,105970,12,False,0,5,18,20,0,0,0,0,5,4,5
B-threat-always,worship,5971,105971,19,False,0,5,15,22,0,0,0,0,5,18,5
B-threat-always,worship,5972,105972,7,False,0,5,8,11,0,0,0,0,5,4,5
B-threat-always,worship,5973,105973,12,False,0,5,18,20,0,0,0,0,5,10,5
B-threat-always,worship,5974,105974,13,False,0,5,5,11,0,0,0,0,5,8,5
B-threat-always,worship,5975,105975,17,False,0,5,26,27,0,0,0,0,5,14,5
B-threat-always,worship,5976,105976,8,False,0,5,14,16,0,0,0,0,5,4,5
B-threat-always,worship,5977,105977,19,False,0,5,10,17,0,0,0,0,5,16,5
B-threat-always,worship,5978,105978,6,False,0,5,9,9,0,0,0,0,5,4,5
B-threat-always,worship,5979,105979,16,False,0,5,6,14,0,0,0,0,5,14,5
B-threat-always,worship,5980,105980,9,False,0,5,20,20,0,0,0,0,5,6,5
B-threat-always,worship,5981,105981,11,False,0,5,18,20,0,0,0,0,5,8,5
B-threat-always,worship,5982,105982,11,False,0,5,9,11,0,0,0,0,5,8,5
B-threat-always,worship,5983,105983,15,False,0,5,6,12,0,0,0,0,5,16,5
B-threat-always,worship,5984,105984,7,False,0,5,12,15,0,0,0,0,5,4,5
B-threat-always,worship,5985,105985,10,False,0,5,14,15,0,0,0,0,5,6,5
B-threat-always,worship,5986,105986,12,False,0,5,12,14,0,0,0,0,5,8,5
B-threat-always,worship,5987,105987,10,False,0,5,15,15,0,0,0,0,5,6,5
B-threat-always,worship,5988,105988,7,False,0,5,14,16,0,0,0,0,5,4,5
B-threat-always,worship,5989,105989,20,True,1,5,28,33,0,0,0,0,4,20,4
B-threat-always,worship,5990,105990,9,False,0,5,10,13,0,0,0,0,5,6,5
B-threat-always,worship,5991,105991,14,False,0,5,20,22,0,0,0,0,5,6,5
B-threat-always,worship,5992,105992,12,False,0,5,6,8,0,0,0,0,5,8,5
B-threat-always,worship,5993,105993,9,False,0,5,14,14,0,0,0,0,5,8,5
B-threat-always,worship,5994,105994,11,False,0,5,12,15,0,0,0,0,5,10,5
B-threat-always,worship,5995,105995,20,False,0,5,3,13,0,0,0,0,5,18,5
B-threat-always,worship,5996,105996,14,False,0,5,21,22,0,0,0,0,5,8,5
B-threat-always,worship,5997,105997,9,False,0,5,11,13,0,0,0,0,5,2,5
B-threat-always,worship,5998,105998,12,False,0,5,11,13,0,0,0,0,5,10,5
B-threat-always,worship,5999,105999,8,False,0,5,11,12,0,0,0,0,5,4,5
B-threat-always,worship,6000,106000,8,False,0,5,9,10,0,0,0,0,5,4,5
B-threat-always,balanced,6001,106001,20,True,4,7,0,7,3,0,3,1,1,0,0
B-threat-always,balanced,6002,106002,20,True,9,9,1,11,2,0,2,1,3,0,0
B-threat-always,balanced,6003,106003,20,True,2,9,0,9,2,1,1,1,1,0,0
B-threat-always,balanced,6004,106004,20,True,8,9,10,12,1,0,1,0,2,0,0
B-threat-always,balanced,6005,106005,20,True,6,8,0,10,1,0,1,0,5,0,0
B-threat-always,balanced,6006,106006,20,True,6,8,0,15,2,0,2,0,3,0,0
B-threat-always,balanced,6007,106007,15,False,1,7,0,7,1,0,1,1,1,0,0
B-threat-always,balanced,6008,106008,20,True,4,6,1,7,1,0,1,1,0,0,0
B-threat-always,balanced,6009,106009,20,True,6,8,5,7,2,0,2,0,1,0,0
B-threat-always,balanced,6010,106010,20,True,7,7,0,10,0,0,0,0,4,0,0
B-threat-always,balanced,6011,106011,20,True,2,5,3,10,0,0,0,0,1,0,0
B-threat-always,balanced,6012,106012,20,True,9,9,10,12,2,0,2,1,4,0,0
B-threat-always,balanced,6013,106013,20,True,7,8,0,7,2,0,2,0,1,0,0
B-threat-always,balanced,6014,106014,20,True,3,5,0,7,1,0,1,0,1,0,0
B-threat-always,balanced,6015,106015,20,True,5,7,0,12,0,0,0,0,4,0,0
B-threat-always,balanced,6016,106016,20,True,4,5,0,7,0,0,0,0,3,0,0
B-threat-always,balanced,6017,106017,20,True,4,6,1,7,2,1,1,1,2,0,0
B-threat-always,balanced,6018,106018,20,True,8,9,8,14,2,2,0,0,5,0,0
B-threat-always,balanced,6019,106019,20,True,1,7,0,7,0,0,0,0,1,0,0
B-threat-always,balanced,6020,106020,20,True,5,6,0,7,0,0,0,0,3,0,0
B-threat-always,balanced,6021,106021,20,True,10,12,0,13,3,2,1,0,2,0,0
B-threat-always,balanced,6022,106022,20,True,7,7,2,9,1,1,0,0,4,0,0
B-threat-always,balanced,6023,106023,20,True,6,8,4,9,1,0,1,0,3,0,0
B-threat-always,balanced,6024,106024,20,True,7,10,0,7,2,0,2,1,3,0,0
B-threat-always,balanced,6025,106025,20,True,5,7,0,10,2,0,2,2,2,0,0
B-threat-always,balanced,6026,106026,20,True,7,9,0,10,3,1,2,2,1,0,0
B-threat-always,balanced,6027,106027,20,True,4,5,2,11,0,0,0,0,2,0,0
B-threat-always,balanced,6028,106028,20,True,7,7,0,9,2,1,1,1,3,0,0
B-threat-always,balanced,6029,106029,20,True,7,9,0,9,3,0,3,2,1,0,0
B-threat-always,balanced,6030,106030,20,True,6,7,0,7,2,0,2,1,2,0,0
B-threat-always,balanced,6031,106031,20,True,4,7,1,7,0,0,0,0,1,0,0
B-threat-always,balanced,6032,106032,20,True,6,7,2,7,1,0,1,0,2,0,0
B-threat-always,balanced,6033,106033,20,True,8,8,0,7,2,0,2,0,2,0,0
B-threat-always,balanced,6034,106034,20,True,3,6,0,7,1,0,1,1,1,0,0
B-threat-always,balanced,6035,106035,19,False,1,5,0,7,0,0,0,0,1,0,0
B-threat-always,balanced,6036,106036,20,True,2,6,0,7,0,0,0,0,1,0,0
B-threat-always,balanced,6037,106037,20,True,6,7,0,8,1,1,0,0,2,0,0
B-threat-always,balanced,6038,106038,20,True,4,7,0,9,1,0,1,1,2,0,0
B-threat-always,balanced,6039,106039,20,True,7,7,4,11,2,1,1,0,2,0,0
B-threat-always,balanced,6040,106040,20,True,7,7,0,15,1,0,1,0,2,0,0
B-threat-always,balanced,6041,106041,20,True,9,10,0,8,3,1,2,1,2,0,0
B-threat-always,balanced,6042,106042,20,True,4,7,0,7,1,0,1,1,2,0,0
B-threat-always,balanced,6043,106043,19,False,1,6,0,7,2,0,2,0,1,0,0
B-threat-always,balanced,6044,106044,20,True,9,9,0,11,0,0,0,0,6,0,0
B-threat-always,balanced,6045,106045,20,True,2,7,0,7,1,0,1,1,0,0,0
B-threat-always,balanced,6046,106046,20,True,1,6,1,7,1,0,1,0,1,0,0
B-threat-always,balanced,6047,106047,20,True,5,7,0,8,1,1,0,0,1,0,0
B-threat-always,balanced,6048,106048,20,True,1,5,4,7,0,0,0,0,0,0,0
B-threat-always,balanced,6049,106049,20,True,7,7,5,12,0,0,0,0,4,0,0
B-threat-always,balanced,6050,106050,15,False,1,5,0,7,1,0,1,1,1,0,0
B-threat-always,balanced,6051,106051,20,True,7,9,0,13,2,1,1,1,2,0,0
B-threat-always,balanced,6052,106052,20,True,3,6,0,7,2,0,2,2,4,0,0
B-threat-always,balanced,6053,106053,20,True,8,9,1,10,3,2,1,0,3,0,0
B-threat-always,balanced,6054,106054,19,False,1,6,0,7,1,0,1,0,1,0,0
B-threat-always,balanced,6055,106055,20,True,6,7,1,8,1,0,1,1,1,0,0
B-threat-always,balanced,6056,106056,20,True,6,7,0,7,2,0,2,1,4,0,0
B-threat-always,balanced,6057,106057,20,True,5,7,0,13,1,0,1,1,3,0,0
B-threat-always,balanced,6058,106058,20,True,5,7,1,7,2,0,2,1,1,0,0
B-threat-always,balanced,6059,106059,20,True,6,7,3,9,0,0,0,0,3,0,0
B-threat-always,balanced,6060,106060,20,True,1,6,0,7,0,0,0,0,2,0,0
B-threat-always,balanced,6061,106061,20,True,11,11,6,17,2,1,1,1,4,0,0
B-threat-always,balanced,6062,106062,20,True,11,11,11,12,2,0,2,0,3,0,0
B-threat-always,balanced,6063,106063,12,False,1,5,0,7,0,0,0,0,0,0,0
B-threat-always,balanced,6064,106064,20,True,8,9,0,11,2,1,1,0,1,0,0
B-threat-always,balanced,6065,106065,13,False,1,6,0,7,0,0,0,0,1,0,0
B-threat-always,balanced,6066,106066,20,True,9,9,10,15,2,0,2,0,4,0,0
B-threat-always,balanced,6067,106067,19,False,1,6,0,7,0,0,0,0,0,0,0
B-threat-always,balanced,6068,106068,20,True,4,6,0,10,0,0,0,0,2,0,0
B-threat-always,balanced,6069,106069,9,False,1,5,0,7,0,0,0,0,0,0,0
B-threat-always,balanced,6070,106070,20,True,8,8,8,8,0,0,0,0,1,0,0
B-threat-always,balanced,6071,106071,20,True,4,7,0,9,3,0,3,2,3,0,0
B-threat-always,balanced,6072,106072,20,True,9,9,7,8,2,0,2,1,2,0,0
B-threat-always,balanced,6073,106073,13,False,1,5,0,7,0,0,0,0,1,0,0
B-threat-always,balanced,6074,106074,20,True,13,13,2,14,7,3,4,1,3,0,0
B-threat-always,balanced,6075,106075,20,True,2,7,4,7,1,0,1,1,2,0,0
B-threat-always,balanced,6076,106076,20,True,8,8,8,12,1,0,1,1,5,0,0
B-threat-always,balanced,6077,106077,20,True,6,7,4,7,3,1,2,2,2,0,0
B-threat-always,balanced,6078,106078,20,True,4,6,0,7,1,0,1,1,2,0,0
B-threat-always,balanced,6079,106079,20,True,3,6,4,9,0,0,0,0,2,0,0
B-threat-always,balanced,6080,106080,20,True,8,8,7,11,2,1,1,1,3,0,0
B-threat-always,balanced,6081,106081,20,True,8,9,0,9,0,0,0,0,4,0,0
B-threat-always,balanced,6082,106082,20,True,1,5,3,7,1,0,1,0,1,0,0
B-threat-always,balanced,6083,106083,20,True,2,7,0,7,1,0,1,0,1,0,0
B-threat-always,balanced,6084,106084,20,True,5,7,4,8,2,0,2,1,4,0,0
B-threat-always,balanced,6085,106085,20,True,2,6,0,7,0,0,0,0,1,0,0
B-threat-always,balanced,6086,106086,20,True,3,6,0,11,0,0,0,0,3,0,0
B-threat-always,balanced,6087,106087,20,True,6,6,3,7,2,0,2,1,2,0,0
B-threat-always,balanced,6088,106088,13,False,1,5,0,7,0,0,0,0,1,0,0
B-threat-always,balanced,6089,106089,20,True,11,11,0,17,3,1,2,1,6,0,0
B-threat-always,balanced,6090,106090,20,True,5,8,2,10,2,1,1,1,3,0,0
B-threat-always,balanced,6091,106091,20,True,11,11,2,24,3,1,2,1,6,0,0
B-threat-always,balanced,6092,106092,20,True,7,8,1,8,1,0,1,0,3,0,0
B-threat-always,balanced,6093,106093,20,True,4,6,0,8,1,0,1,0,1,0,0
B-threat-always,balanced,6094,106094,20,True,6,7,2,7,1,1,0,0,1,0,0
B-threat-always,balanced,6095,106095,20,True,9,9,0,11,1,0,1,1,6,0,0
B-threat-always,balanced,6096,106096,17,False,0,6,0,7,1,0,1,1,0,0,0
B-threat-always,balanced,6097,106097,20,True,5,8,0,9,0,0,0,0,2,0,0
B-threat-always,balanced,6098,106098,20,True,3,7,0,7,1,0,1,0,0,0,0
B-threat-always,balanced,6099,106099,20,True,2,6,0,7,1,0,1,0,2,0,0
B-threat-always,balanced,6100,106100,20,True,6,7,0,8,0,0,0,0,3,0,0
B-threat-always,balanced,6101,106101,20,True,4,6,0,7,0,0,0,0,1,0,0
B-threat-always,balanced,6102,106102,20,True,2,7,0,7,1,1,0,0,1,0,0
B-threat-always,balanced,6103,106103,20,True,3,6,1,7,0,0,0,0,3,0,0
B-threat-always,balanced,6104,106104,20,True,5,6,4,7,3,1,2,0,1,0,0
B-threat-always,balanced,6105,106105,20,True,5,8,1,7,3,0,3,2,1,0,0
B-threat-always,balanced,6106,106106,20,True,6,6,3,7,1,0,1,0,3,0,0
B-threat-always,balanced,6107,106107,20,True,1,6,3,7,1,0,1,1,2,0,0
B-threat-always,balanced,6108,106108,20,True,2,6,0,7,1,0,1,1,2,0,0
B-threat-always,balanced,6109,106109,20,True,5,6,4,7,3,0,3,1,2,0,0
B-threat-always,balanced,6110,106110,20,True,5,6,6,9,1,0,1,1,2,0,0
B-threat-always,balanced,6111,106111,12,False,1,5,0,7,0,0,0,0,0,0,0
B-threat-always,balanced,6112,106112,20,True,8,8,5,11,3,0,3,0,2,0,0
B-threat-always,balanced,6113,106113,20,True,5,7,7,8,0,0,0,0,2,0,0
B-threat-always,balanced,6114,106114,20,True,10,10,3,13,4,1,3,1,4,0,0
B-threat-always,balanced,6115,106115,20,True,5,6,0,7,1,0,1,1,3,0,0
B-threat-always,balanced,6116,106116,20,True,4,7,0,7,1,0,1,1,1,0,0
B-threat-always,balanced,6117,106117,11,False,0,5,0,7,0,0,0,0,0,0,0
B-threat-always,balanced,6118,106118,14,False,0,6,0,7,1,0,1,1,0,0,0
B-threat-always,balanced,6119,106119,20,True,8,9,4,9,4,1,3,2,3,0,0
B-threat-always,balanced,6120,106120,20,True,6,8,0,12,1,0,1,0,4,0,0
B-threat-always,balanced,6121,106121,20,True,6,7,8,8,1,0,1,1,3,0,0
B-threat-always,balanced,6122,106122,20,True,6,8,1,8,3,0,3,2,1,0,0
B-threat-always,balanced,6123,106123,20,False,0,5,0,7,0,0,0,0,0,0,0
B-threat-always,balanced,6124,106124,20,True,1,6,2,7,1,0,1,0,0,0,0
B-threat-always,balanced,6125,106125,20,True,5,7,4,10,0,0,0,0,3,0,0
B-threat-always,balanced,6126,106126,20,True,5,6,2,8,0,0,0,0,3,0,0
B-threat-always,balanced,6127,106127,20,True,5,6,0,7,0,0,0,0,1,0,0
B-threat-always,balanced,6128,106128,20,True,7,7,3,13,2,0,2,1,4,0,0
B-threat-always,balanced,6129,106129,11,False,1,5,0,7,0,0,0,0,0,0,0
B-threat-always,balanced,6130,106130,20,True,1,5,3,7,1,0,1,0,1,0,0
B-threat-always,balanced,6131,106131,20,True,3,5,1,10,0,0,0,0,1,0,0
B-threat-always,balanced,6132,106132,20,True,4,7,0,7,0,0,0,0,1,0,0
B-threat-always,balanced,6133,106133,20,True,9,10,8,20,0,0,0,0,4,0,0
B-threat-always,balanced,6134,106134,18,False,1,6,0,7,0,0,0,0,1,0,0
B-threat-always,balanced,6135,106135,17,False,1,6,0,7,0,0,0,0,1,0,0
B-threat-always,balanced,6136,106136,20,True,7,8,2,8,0,0,0,0,3,0,0
B-threat-always,balanced,6137,106137,20,True,7,8,6,7,0,0,0,0,1,0,0
B-threat-always,balanced,6138,106138,20,True,7,7,0,8,2,0,2,1,4,0,0
B-threat-always,balanced,6139,106139,20,True,1,6,0,7,0,0,0,0,1,0,0
B-threat-always,balanced,6140,106140,20,True,8,8,8,8,1,0,1,1,2,0,0
B-threat-always,balanced,6141,106141,15,False,1,5,0,7,0,0,0,0,0,0,0
B-threat-always,balanced,6142,106142,20,True,6,7,7,7,0,0,0,0,3,0,0
B-threat-always,balanced,6143,106143,20,True,6,6,3,7,1,0,1,1,3,0,0
B-threat-always,balanced,6144,106144,20,True,2,6,1,7,0,0,0,0,1,0,0
B-threat-always,balanced,6145,106145,20,True,7,9,0,7,2,1,1,0,2,0,0
B-threat-always,balanced,6146,106146,20,True,5,7,4,11,1,1,0,0,2,0,0
B-threat-always,balanced,6147,106147,20,True,10,10,4,9,1,0,1,0,4,0,0
B-threat-always,balanced,6148,106148,20,True,9,9,7,11,1,0,1,1,3,0,0
B-threat-always,balanced,6149,106149,20,True,10,11,3,10,2,0,2,1,5,0,0
B-threat-always,balanced,6150,106150,20,True,8,9,6,10,1,0,1,1,2,0,0
B-threat-always,balanced,6151,106151,20,True,7,9,0,8,1,0,1,1,2,0,0
B-threat-always,balanced,6152,106152,20,True,5,7,2,7,1,0,1,0,3,0,0
B-threat-always,balanced,6153,106153,17,False,1,5,0,7,0,0,0,0,1,0,0
B-threat-always,balanced,6154,106154,20,True,4,7,0,7,1,0,1,0,2,0,0
B-threat-always,balanced,6155,106155,20,True,9,9,3,12,3,0,3,1,5,0,0
B-threat-always,balanced,6156,106156,20,True,7,7,0,7,1,0,1,1,3,0,0
B-threat-always,balanced,6157,106157,20,True,1,5,1,7,1,0,1,1,1,0,0
B-threat-always,balanced,6158,106158,20,True,2,5,2,7,0,0,0,0,2,0,0
B-threat-always,balanced,6159,106159,20,True,5,5,6,7,0,0,0,0,1,0,0
B-threat-always,balanced,6160,106160,20,True,9,9,0,12,0,0,0,0,5,0,0
B-threat-always,balanced,6161,106161,20,True,3,7,0,7,1,0,1,1,1,0,0
B-threat-always,balanced,6162,106162,20,True,4,7,0,7,2,0,2,1,1,0,0
B-threat-always,balanced,6163,106163,20,True,9,9,8,14,0,0,0,0,5,0,0
B-threat-always,balanced,6164,106164,20,True,8,8,0,7,2,0,2,1,2,0,0
B-threat-always,balanced,6165,106165,20,True,2,6,0,7,0,0,0,0,1,0,0
B-threat-always,balanced,6166,106166,20,True,8,9,12,13,0,0,0,0,3,0,0
B-threat-always,balanced,6167,106167,20,True,9,10,0,13,2,1,1,0,4,0,0
B-threat-always,balanced,6168,106168,20,True,9,9,3,14,2,0,2,1,5,0,0
B-threat-always,balanced,6169,106169,20,True,7,8,0,9,1,0,1,1,2,0,0
B-threat-always,balanced,6170,106170,20,True,4,8,0,8,2,0,2,2,1,0,0
B-threat-always,balanced,6171,106171,20,True,6,8,0,7,2,0,2,0,2,0,0
B-threat-always,balanced,6172,106172,20,True,1,7,0,7,1,0,1,1,0,0,0
B-threat-always,balanced,6173,106173,20,True,10,10,3,17,1,0,1,0,3,0,0
B-threat-always,balanced,6174,106174,20,True,3,6,0,7,0,0,0,0,1,0,0
B-threat-always,balanced,6175,106175,20,True,3,7,0,11,2,0,2,2,1,0,0
B-threat-always,balanced,6176,106176,20,True,6,7,6,12,1,0,1,1,4,0,0
B-threat-always,balanced,6177,106177,20,True,1,6,3,7,0,0,0,0,1,0,0
B-threat-always,balanced,6178,106178,20,True,2,5,1,7,0,0,0,0,3,0,0
B-threat-always,balanced,6179,106179,20,True,7,7,8,8,2,0,2,1,2,0,0
B-threat-always,balanced,6180,106180,20,True,4,6,1,8,0,0,0,0,3,0,0
B-threat-always,balanced,6181,106181,20,True,8,9,1,7,3,0,3,2,3,0,0
B-threat-always,balanced,6182,106182,20,True,5,5,0,9,1,0,1,0,1,0,0
B-threat-always,balanced,6183,106183,20,True,8,9,9,12,1,0,1,0,1,0,0
B-threat-always,balanced,6184,106184,20,True,5,8,1,7,2,0,2,2,2,0,0
B-threat-always,balanced,6185,106185,20,True,10,10,9,10,2,0,2,1,1,0,0
B-threat-always,balanced,6186,106186,20,True,11,11,0,17,2,1,1,1,5,0,0
B-threat-always,balanced,6187,106187,20,True,8,9,0,7,3,0,3,1,1,0,0
B-threat-always,balanced,6188,106188,20,True,1,5,0,7,0,0,0,0,1,0,0
B-threat-always,balanced,6189,106189,20,True,5,6,2,7,0,0,0,0,1,0,0
B-threat-always,balanced,6190,106190,20,True,1,5,3,7,0,0,0,0,1,0,0
B-threat-always,balanced,6191,106191,20,True,2,7,0,8,0,0,0,0,2,0,0
B-threat-always,balanced,6192,106192,20,True,10,10,6,10,2,0,2,0,2,0,0
B-threat-always,balanced,6193,106193,20,True,7,7,0,7,2,1,1,0,3,0,0
B-threat-always,balanced,6194,106194,20,True,3,7,0,10,0,0,0,0,1,0,0
B-threat-always,balanced,6195,106195,15,False,1,6,0,7,0,0,0,0,1,0,0
B-threat-always,balanced,6196,106196,20,True,5,8,0,7,1,1,0,0,1,0,0
B-threat-always,balanced,6197,106197,20,True,5,7,0,7,4,0,4,2,1,0,0
B-threat-always,balanced,6198,106198,20,True,4,7,0,7,2,0,2,1,2,0,0
B-threat-always,balanced,6199,106199,15,False,1,6,0,7,1,0,1,1,0,0,0
B-threat-always,balanced,6200,106200,17,False,1,7,0,7,0,0,0,0,1,0,0
B-threat-always,balanced,6201,106201,20,True,6,6,1,10,2,0,2,1,2,0,0
B-threat-always,balanced,6202,106202,20,True,4,7,1,7,1,0,1,1,2,0,0
B-threat-always,balanced,6203,106203,20,True,3,8,3,7,1,0,1,1,1,0,0
B-threat-always,balanced,6204,106204,20,True,1,5,2,7,0,0,0,0,0,0,0
B-threat-always,balanced,6205,106205,20,True,1,6,0,9,1,1,0,0,1,0,0
B-threat-always,balanced,6206,106206,20,True,1,5,5,7,0,0,0,0,1,0,0
B-threat-always,balanced,6207,106207,20,True,8,8,8,10,1,0,1,1,2,0,0
B-threat-always,balanced,6208,106208,20,True,6,10,2,11,2,0,2,2,2,0,0
B-threat-always,balanced,6209,106209,20,True,4,7,3,7,1,0,1,1,2,0,0
B-threat-always,balanced,6210,106210,20,True,1,6,0,7,0,0,0,0,0,0,0
B-threat-always,balanced,6211,106211,20,True,1,5,1,7,2,0,2,1,1,0,0
B-threat-always,balanced,6212,106212,20,True,6,8,0,11,1,0,1,1,2,0,0
B-threat-always,balanced,6213,106213,20,True,2,7,2,7,1,0,1,1,1,0,0
B-threat-always,balanced,6214,106214,16,False,1,6,0,7,0,0,0,0,1,0,0
B-threat-always,balanced,6215,106215,20,True,9,9,2,20,2,1,1,1,4,0,0
B-threat-always,balanced,6216,106216,20,True,8,8,11,14,3,0,3,2,4,0,0
B-threat-always,balanced,6217,106217,20,True,5,8,0,8,3,1,2,0,3,0,0
B-threat-always,balanced,6218,106218,20,True,1,6,0,7,1,0,1,1,1,0,0
B-threat-always,balanced,6219,106219,20,True,7,8,14,19,1,1,0,0,6,0,0
B-threat-always,balanced,6220,106220,20,True,6,9,0,14,1,0,1,0,3,0,0
B-threat-always,balanced,6221,106221,12,False,0,5,0,7,0,0,0,0,1,0,0
B-threat-always,balanced,6222,106222,19,False,0,5,0,7,0,0,0,0,0,0,0
B-threat-always,balanced,6223,106223,20,True,4,7,2,10,0,0,0,0,1,0,0
B-threat-always,balanced,6224,106224,20,True,1,5,4,7,0,0,0,0,1,0,0
B-threat-always,balanced,6225,106225,20,True,6,7,6,7,1,0,1,1,1,0,0
B-threat-always,balanced,6226,106226,20,True,2,5,0,7,0,0,0,0,1,0,0
B-threat-always,balanced,6227,106227,20,True,5,7,0,14,1,0,1,0,2,0,0
B-threat-always,balanced,6228,106228,16,False,0,7,0,8,1,1,0,0,1,0,0
B-threat-always,balanced,6229,106229,15,False,1,5,0,7,0,0,0,0,0,0,0
B-threat-always,balanced,6230,106230,20,True,3,6,0,7,1,0,1,1,2,0,0
B-threat-always,balanced,6231,106231,20,True,7,8,7,9,2,0,2,2,1,0,0
B-threat-always,balanced,6232,106232,20,True,5,6,4,7,0,0,0,0,4,0,0
B-threat-always,balanced,6233,106233,13,False,1,5,0,7,0,0,0,0,0,0,0
B-threat-always,balanced,6234,106234,20,True,2,7,2,7,1,0,1,1,1,0,0
B-threat-always,balanced,6235,106235,20,True,7,9,4,7,2,0,2,1,1,0,0
B-threat-always,balanced,6236,106236,20,True,4,6,0,7,1,0,1,1,1,0,0
B-threat-always,balanced,6237,106237,20,True,4,7,1,7,0,0,0,0,1,0,0
B-threat-always,balanced,6238,106238,20,True,2,5,0,7,0,0,0,0,2,0,0
B-threat-always,balanced,6239,106239,20,True,4,6,1,7,2,0,2,2,2,0,0
B-threat-always,balanced,6240,106240,20,True,12,12,1,18,3,3,0,0,5,0,0
B-threat-always,balanced,6241,106241,20,True,7,9,0,7,5,1,4,2,2,0,0
B-threat-always,balanced,6242,106242,20,True,4,6,0,10,1,1,0,0,1,0,0
B-threat-always,balanced,6243,106243,20,True,7,9,0,7,2,0,2,2,1,0,0
B-threat-always,balanced,6244,106244,17,False,0,6,0,7,1,0,1,0,0,0,0
B-threat-always,balanced,6245,106245,20,True,6,7,6,14,0,0,0,0,2,0,0
B-threat-always,balanced,6246,106246,20,True,2,5,0,7,0,0,0,0,1,0,0
B-threat-always,balanced,6247,106247,20,True,1,6,0,7,1,0,1,1,0,0,0
B-threat-always,balanced,6248,106248,20,True,7,10,13,13,2,1,1,0,1,0,0
B-threat-always,balanced,6249,106249,20,True,4,6,2,10,1,0,1,1,0,0,0
B-threat-always,balanced,6250,106250,20,True,2,6,0,7,1,0,1,0,0,0,0
B-threat-always,balanced,6251,106251,20,True,6,7,2,7,2,1,1,1,2,0,0
B-threat-always,balanced,6252,106252,20,True,2,7,2,7,0,0,0,0,1,0,0
B-threat-always,balanced,6253,106253,20,True,7,8,0,7,2,0,2,0,1,0,0
B-threat-always,balanced,6254,106254,20,True,9,10,0,7,3,1,2,0,1,0,0
B-threat-always,balanced,6255,106255,20,True,5,7,0,10,2,1,1,1,1,0,0
B-threat-always,balanced,6256,106256,20,True,3,6,0,7,0,0,0,0,1,0,0
B-threat-always,balanced,6257,106257,20,True,6,7,3,7,2,0,2,0,2,0,0
B-threat-always,balanced,6258,106258,13,False,1,5,0,7,0,0,0,0,1,0,0
B-threat-always,balanced,6259,106259,20,True,3,6,0,8,1,0,1,1,2,0,0
B-threat-always,balanced,6260,106260,20,True,2,6,2,7,0,0,0,0,1,0,0
B-threat-always,balanced,6261,106261,12,False,0,5,0,7,0,0,0,0,1,0,0
B-threat-always,balanced,6262,106262,20,True,3,6,0,7,0,0,0,0,1,0,0
B-threat-always,balanced,6263,106263,20,True,2,7,1,9,0,0,0,0,2,0,0
B-threat-always,balanced,6264,106264,20,True,7,9,2,13,2,1,1,1,3,0,0
B-threat-always,balanced,6265,106265,14,False,1,5,0,7,0,0,0,0,0,0,0
B-threat-always,balanced,6266,106266,20,True,6,7,3,12,1,1,0,0,4,0,0
B-threat-always,balanced,6267,106267,20,True,7,8,6,7,0,0,0,0,3,0,0
B-threat-always,balanced,6268,106268,20,True,7,8,0,13,1,1,0,0,3,0,0
B-threat-always,balanced,6269,106269,20,True,11,11,8,13,2,2,0,0,3,0,0
B-threat-always,balanced,6270,106270,20,True,7,8,9,13,1,0,1,0,3,0,0
B-threat-always,balanced,6271,106271,20,True,4,5,0,8,0,0,0,0,2,0,0
B-threat-always,balanced,6272,106272,20,True,9,9,1,9,2,2,0,0,2,0,0
B-threat-always,balanced,6273,106273,20,True,4,5,0,7,0,0,0,0,2,0,0
B-threat-always,balanced,6274,106274,20,True,5,6,1,8,0,0,0,0,2,0,0
B-threat-always,balanced,6275,106275,20,True,4,7,1,8,0,0,0,0,2,0,0
B-threat-always,balanced,6276,106276,20,True,4,7,1,7,0,0,0,0,1,0,0
B-threat-always,balanced,6277,106277,20,True,7,7,2,9,1,0,1,0,4,0,0
B-threat-always,balanced,6278,106278,20,True,6,7,1,7,1,0,1,1,2,0,0
B-threat-always,balanced,6279,106279,20,True,6,6,1,9,0,0,0,0,2,0,0
B-threat-always,balanced,6280,106280,11,False,1,5,0,7,0,0,0,0,0,0,0
B-threat-always,balanced,6281,106281,20,True,1,5,0,7,0,0,0,0,0,0,0
B-threat-always,balanced,6282,106282,20,True,2,7,0,7,1,0,1,1,2,0,0
B-threat-always,balanced,6283,106283,20,True,1,6,4,7,1,0,1,1,1,0,0
B-threat-always,balanced,6284,106284,20,True,4,8,1,7,2,0,2,1,2,0,0
B-threat-always,balanced,6285,106285,20,True,5,7,2,7,1,0,1,1,2,0,0
B-threat-always,balanced,6286,106286,20,True,10,11,1,11,2,1,1,1,4,0,0
B-threat-always,balanced,6287,106287,20,True,4,6,1,7,2,0,2,1,1,0,0
B-threat-always,balanced,6288,106288,20,True,6,7,0,12,1,1,0,0,4,0,0
B-threat-always,balanced,6289,106289,20,True,5,6,5,10,0,0,0,0,2,0,0
B-threat-always,balanced,6290,106290,20,True,4,6,3,7,2,0,2,1,1,0,0
B-threat-always,balanced,6291,106291,13,False,1,6,0,7,0,0,0,0,0,0,0
B-threat-always,balanced,6292,106292,20,True,1,6,0,7,1,0,1,0,0,0,0
B-threat-always,balanced,6293,106293,20,True,5,7,0,11,2,1,1,1,1,0,0
B-threat-always,balanced,6294,106294,20,True,5,5,2,7,0,0,0,0,2,0,0
B-threat-always,balanced,6295,106295,20,True,5,8,2,8,2,2,0,0,1,0,0
B-threat-always,balanced,6296,106296,20,True,6,7,0,7,2,0,2,0,1,0,0
B-threat-always,balanced,6297,106297,20,True,6,8,1,8,2,1,1,0,3,0,0
B-threat-always,balanced,6298,106298,20,True,6,7,0,9,2,0,2,2,3,0,0
B-threat-always,balanced,6299,106299,20,True,7,8,7,9,1,0,1,0,2,0,0
B-threat-always,balanced,6300,106300,20,True,9,9,10,10,2,0,2,2,4,0,0
B-threat-always,balanced,6301,106301,12,False,1,5,0,7,0,0,0,0,0,0,0
B-threat-always,balanced,6302,106302,20,True,7,9,0,8,3,1,2,1,1,0,0
B-threat-always,balanced,6303,106303,20,True,6,7,3,8,1,0,1,1,2,0,0
B-threat-always,balanced,6304,106304,20,True,7,8,3,10,1,0,1,1,2,0,0
B-threat-always,balanced,6305,106305,20,True,3,7,0,7,3,1,2,0,0,0,0
B-threat-always,balanced,6306,106306,16,False,1,6,0,7,0,0,0,0,2,0,0
B-threat-always,balanced,6307,106307,17,False,0,6,0,7,1,0,1,1,0,0,0
B-threat-always,balanced,6308,106308,20,True,7,8,7,9,1,0,1,0,6,0,0
B-threat-always,balanced,6309,106309,20,True,1,6,6,7,1,0,1,1,2,0,0
B-threat-always,balanced,6310,106310,9,False,1,5,0,7,0,0,0,0,0,0,0
B-threat-always,balanced,6311,106311,11,False,0,5,0,7,0,0,0,0,0,0,0
B-threat-always,balanced,6312,106312,20,True,5,7,0,8,0,0,0,0,1,0,0
B-threat-always,balanced,6313,106313,20,True,6,6,1,7,0,0,0,0,2,0,0
B-threat-always,balanced,6314,106314,20,True,5,7,0,7,0,0,0,0,3,0,0
B-threat-always,balanced,6315,106315,20,True,8,8,0,7,2,0,2,1,3,0,0
B-threat-always,balanced,6316,106316,16,False,0,6,0,8,0,0,0,0,0,0,0
B-threat-always,balanced,6317,106317,20,True,6,8,8,8,1,0,1,0,2,0,0
B-threat-always,balanced,6318,106318,20,True,4,7,1,7,1,0,1,0,1,0,0
B-threat-always,balanced,6319,106319,20,True,8,8,1,10,1,0,1,0,4,0,0
B-threat-always,balanced,6320,106320,20,True,6,7,6,7,1,1,0,0,2,0,0
B-threat-always,balanced,6321,106321,20,True,7,8,1,8,3,1,2,1,2,0,0
B-threat-always,balanced,6322,106322,20,True,1,6,2,7,1,0,1,1,1,0,0
B-threat-always,balanced,6323,106323,20,False,0,7,0,7,0,0,0,0,0,0,0
B-threat-always,balanced,6324,106324,20,True,1,5,3,7,0,0,0,0,1,0,0
B-threat-always,balanced,6325,106325,20,True,6,8,0,7,1,0,1,1,4,0,0
B-threat-always,balanced,6326,106326,20,True,3,7,0,7,2,0,2,2,1,0,0
B-threat-always,balanced,6327,106327,20,True,7,7,1,8,1,0,1,0,4,0,0
B-threat-always,balanced,6328,106328,20,True,5,7,0,9,0,0,0,0,2,0,0
B-threat-always,balanced,6329,106329,20,True,5,7,1,10,0,0,0,0,2,0,0
B-threat-always,balanced,6330,106330,20,True,2,8,0,7,2,1,1,1,0,0,0
B-threat-always,balanced,6331,106331,20,True,8,9,6,11,2,1,1,0,3,0,0
B-threat-always,balanced,6332,106332,20,True,5,8,0,11,1,1,0,0,4,0,0
B-threat-always,balanced,6333,106333,20,True,7,7,2,7,0,0,0,0,2,0,0
B-threat-always,balanced,6334,106334,20,True,6,7,1,10,1,0,1,0,2,0,0
B-threat-always,balanced,6335,106335,20,True,1,5,2,7,0,0,0,0,0,0,0
B-threat-always,balanced,6336,106336,20,True,2,6,2,7,0,0,0,0,1,0,0
B-threat-always,balanced,6337,106337,20,True,6,8,2,10,2,0,2,2,4,0,0
B-threat-always,balanced,6338,106338,20,True,3,5,3,7,0,0,0,0,0,0,0
B-threat-always,balanced,6339,106339,20,True,11,11,6,17,4,1,3,0,3,0,0
B-threat-always,balanced,6340,106340,20,True,1,6,1,7,0,0,0,0,1,0,0
B-threat-always,balanced,6341,106341,20,True,8,9,1,8,3,0,3,0,1,0,0
B-threat-always,balanced,6342,106342,19,False,0,5,0,8,0,0,0,0,0,0,0
B-threat-always,balanced,6343,106343,20,True,3,6,1,7,0,0,0,0,1,0,0
B-threat-always,balanced,6344,106344,20,True,6,9,7,13,4,1,3,1,1,0,0
B-threat-always,balanced,6345,106345,20,True,5,7,0,7,1,0,1,0,1,0,0
B-threat-always,balanced,6346,106346,20,True,5,6,6,8,1,0,1,1,2,0,0
B-threat-always,balanced,6347,106347,20,True,1,6,1,7,0,0,0,0,1,0,0
B-threat-always,balanced,6348,106348,11,False,1,5,0,7,0,0,0,0,0,0,0
B-threat-always,balanced,6349,106349,20,True,7,7,6,9,1,0,1,0,3,0,0
B-threat-always,balanced,6350,106350,20,True,3,6,0,7,1,0,1,1,1,0,0
B-threat-always,balanced,6351,106351,20,True,8,8,2,13,0,0,0,0,2,0,0
B-threat-always,balanced,6352,106352,20,True,3,6,3,7,2,0,2,2,1,0,0
B-threat-always,balanced,6353,106353,20,True,4,7,0,7,2,0,2,1,0,0,0
B-threat-always,balanced,6354,106354,20,True,11,11,0,7,1,0,1,1,2,0,0
B-threat-always,balanced,6355,106355,20,True,7,10,0,11,3,0,3,2,2,0,0
B-threat-always,balanced,6356,106356,16,False,1,5,0,7,0,0,0,0,1,0,0
B-threat-always,balanced,6357,106357,20,True,5,8,1,7,3,0,3,0,2,0,0
B-threat-always,balanced,6358,106358,20,True,7,7,1,10,1,1,0,0,2,0,0
B-threat-always,balanced,6359,106359,20,True,1,5,8,9,0,0,0,0,0,0,0
B-threat-always,balanced,6360,106360,20,True,9,9,0,12,2,1,1,0,6,0,0
B-threat-always,balanced,6361,106361,20,True,2,7,0,7,0,0,0,0,1,0,0
B-threat-always,balanced,6362,106362,15,False,1,6,0,7,1,0,1,1,0,0,0
B-threat-always,balanced,6363,106363,20,True,9,9,0,9,1,0,1,0,4,0,0
B-threat-always,balanced,6364,106364,20,True,2,5,0,7,0,0,0,0,2,0,0
B-threat-always,balanced,6365,106365,20,True,5,7,2,9,1,0,1,1,2,0,0
B-threat-always,balanced,6366,106366,20,True,9,10,6,17,0,0,0,0,2,0,0
B-threat-always,balanced,6367,106367,20,True,4,7,0,12,2,1,1,0,3,0,0
B-threat-always,balanced,6368,106368,20,True,3,7,3,7,1,0,1,0,0,0,0
B-threat-always,balanced,6369,106369,20,True,7,7,0,13,3,0,3,2,2,0,0
B-threat-always,balanced,6370,106370,20,True,4,7,0,9,2,0,2,0,1,0,0
B-threat-always,balanced,6371,106371,17,False,0,6,0,7,0,0,0,0,1,0,0
B-threat-always,balanced,6372,106372,20,True,8,8,6,14,1,1,0,0,4,0,0
B-threat-always,balanced,6373,106373,20,True,6,8,0,9,1,0,1,1,3,0,0
B-threat-always,balanced,6374,106374,20,True,2,7,0,7,2,0,2,2,2,0,0
B-threat-always,balanced,6375,106375,20,True,6,6,0,7,0,0,0,0,5,0,0
B-threat-always,balanced,6376,106376,20,True,7,7,1,8,0,0,0,0,2,0,0
B-threat-always,balanced,6377,106377,20,True,3,7,0,9,0,0,0,0,2,0,0
B-threat-always,balanced,6378,106378,20,True,2,6,0,7,0,0,0,0,3,0,0
B-threat-always,balanced,6379,106379,20,True,6,8,1,10,1,0,1,0,2,0,0
B-threat-always,balanced,6380,106380,20,True,7,8,0,8,2,1,1,0,3,0,0
B-threat-always,balanced,6381,106381,20,True,4,6,0,9,1,0,1,0,1,0,0
B-threat-always,balanced,6382,106382,20,True,5,8,0,7,2,0,2,2,2,0,0
B-threat-always,balanced,6383,106383,20,True,9,9,1,10,2,0,2,1,7,0,0
B-threat-always,balanced,6384,106384,20,True,9,9,4,9,0,0,0,0,4,0,0
B-threat-always,balanced,6385,106385,20,True,4,6,1,7,0,0,0,0,1,0,0
B-threat-always,balanced,6386,106386,20,True,4,8,5,9,0,0,0,0,1,0,0
B-threat-always,balanced,6387,106387,20,True,4,7,4,7,2,1,1,0,1,0,0
B-threat-always,balanced,6388,106388,20,True,5,7,0,8,1,0,1,1,3,0,0
B-threat-always,balanced,6389,106389,20,True,6,8,6,10,0,0,0,0,2,0,0
B-threat-always,balanced,6390,106390,20,True,8,8,3,10,1,0,1,1,3,0,0
B-threat-always,balanced,6391,106391,20,True,7,7,1,7,1,0,1,0,4,0,0
B-threat-always,balanced,6392,106392,20,True,6,8,4,7,3,0,3,1,2,0,0
B-threat-always,balanced,6393,106393,20,True,7,8,0,11,2,0,2,0,3,0,0
B-threat-always,balanced,6394,106394,20,True,5,6,0,9,0,0,0,0,3,0,0
B-threat-always,balanced,6395,106395,20,True,6,8,0,12,0,0,0,0,4,0,0
B-threat-always,balanced,6396,106396,20,True,10,10,2,7,4,0,4,1,2,0,0
B-threat-always,balanced,6397,106397,13,False,1,5,0,7,0,0,0,0,1,0,0
B-threat-always,balanced,6398,106398,20,True,9,11,0,10,2,0,2,1,2,0,0
B-threat-always,balanced,6399,106399,20,True,10,10,5,11,2,0,2,1,5,0,0
B-threat-always,balanced,6400,106400,20,True,9,9,0,13,1,1,0,0,3,0,0
B-threat-always,balanced,6401,106401,20,True,1,5,6,7,0,0,0,0,0,0,0
B-threat-always,balanced,6402,106402,20,True,8,9,0,11,1,0,1,1,4,0,0
B-threat-always,balanced,6403,106403,20,True,6,8,9,16,1,0,1,0,3,0,0
B-threat-always,balanced,6404,106404,20,True,5,7,1,7,2,1,1,1,3,0,0
B-threat-always,balanced,6405,106405,20,True,2,7,0,7,2,0,2,1,1,0,0
B-threat-always,balanced,6406,106406,20,True,5,8,4,12,1,1,0,0,1,0,0
B-threat-always,balanced,6407,106407,20,True,8,9,0,7,2,0,2,0,1,0,0
B-threat-always,balanced,6408,106408,20,True,2,5,0,8,0,0,0,0,2,0,0
B-threat-always,balanced,6409,106409,20,True,5,7,2,8,1,0,1,1,1,0,0
B-threat-always,balanced,6410,106410,20,True,7,8,0,7,1,0,1,1,2,0,0
B-threat-always,balanced,6411,106411,20,True,10,10,0,12,0,0,0,0,5,0,0
B-threat-always,balanced,6412,106412,20,True,1,6,1,7,0,0,0,0,0,0,0
B-threat-always,balanced,6413,106413,20,True,10,10,2,10,0,0,0,0,6,0,0
B-threat-always,balanced,6414,106414,20,True,7,9,4,7,3,1,2,1,2,0,0
B-threat-always,balanced,6415,106415,20,True,3,6,1,9,1,0,1,1,3,0,0
B-threat-always,balanced,6416,106416,20,True,6,7,1,8,1,0,1,1,2,0,0
B-threat-always,balanced,6417,106417,20,True,1,6,1,7,0,0,0,0,0,0,0
B-threat-always,balanced,6418,106418,20,True,7,7,2,12,1,0,1,1,3,0,0
B-threat-always,balanced,6419,106419,20,True,7,8,0,9,1,0,1,1,3,0,0
B-threat-always,balanced,6420,106420,20,True,5,7,5,9,0,0,0,0,2,0,0
B-threat-always,balanced,6421,106421,20,True,6,6,8,8,0,0,0,0,2,0,0
B-threat-always,balanced,6422,106422,20,True,7,7,1,8,1,0,1,0,2,0,0
B-threat-always,balanced,6423,106423,20,True,3,7,0,7,1,0,1,0,2,0,0
B-threat-always,balanced,6424,106424,20,True,6,6,7,7,1,0,1,0,2,0,0
B-threat-always,balanced,6425,106425,14,False,0,6,0,7,0,0,0,0,0,0,0
B-threat-always,balanced,6426,106426,20,True,5,6,1,7,0,0,0,0,4,0,0
B-threat-always,balanced,6427,106427,20,True,7,7,1,13,0,0,0,0,3,0,0
B-threat-always,balanced,6428,106428,20,True,4,7,1,7,2,1,1,1,2,0,0
B-threat-always,balanced,6429,106429,20,True,1,6,0,7,1,0,1,1,1,0,0
B-threat-always,balanced,6430,106430,20,True,3,5,0,7,0,0,0,0,1,0,0
B-threat-always,balanced,6431,106431,13,False,0,5,0,7,0,0,0,0,0,0,0
B-threat-always,balanced,6432,106432,20,True,11,12,2,14,5,1,4,2,4,0,0
B-threat-always,balanced,6433,106433,20,True,7,7,3,8,2,0,2,1,2,0,0
B-threat-always,balanced,6434,106434,20,True,2,6,2,10,0,0,0,0,2,0,0
B-threat-always,balanced,6435,106435,20,True,4,8,0,8,2,0,2,0,2,0,0
B-threat-always,balanced,6436,106436,20,True,4,8,0,8,1,1,0,0,1,0,0
B-threat-always,balanced,6437,106437,20,True,3,6,1,7,0,0,0,0,2,0,0
B-threat-always,balanced,6438,106438,20,True,3,6,5,8,0,0,0,0,3,0,0
B-threat-always,balanced,6439,106439,20,True,3,7,4,11,0,0,0,0,3,0,0
B-threat-always,balanced,6440,106440,20,True,1,5,0,7,0,0,0,0,1,0,0
B-threat-always,balanced,6441,106441,20,True,6,7,0,7,2,0,2,0,1,0,0
B-threat-always,balanced,6442,106442,20,True,3,7,0,7,1,0,1,1,1,0,0
B-threat-always,balanced,6443,106443,20,True,9,9,4,10,2,0,2,0,3,0,0
B-threat-always,balanced,6444,106444,20,True,6,6,9,12,0,0,0,0,1,0,0
B-threat-always,balanced,6445,106445,20,True,4,7,5,7,0,0,0,0,1,0,0
B-threat-always,balanced,6446,106446,10,False,1,5,0,7,0,0,0,0,0,0,0
B-threat-always,balanced,6447,106447,20,True,4,8,0,7,1,0,1,1,1,0,0
B-threat-always,balanced,6448,106448,20,True,3,5,0,8,1,0,1,1,1,0,0
B-threat-always,balanced,6449,106449,15,False,1,5,0,7,1,0,1,1,1,0,0
B-threat-always,balanced,6450,106450,20,True,2,5,1,7,1,0,1,1,1,0,0
B-threat-always,balanced,6451,106451,20,True,3,6,0,7,0,0,0,0,1,0,0
B-threat-always,balanced,6452,106452,20,True,3,7,1,7,0,0,0,0,1,0,0
B-threat-always,balanced,6453,106453,11,False,1,5,0,7,0,0,0,0,0,0,0
B-threat-always,balanced,6454,106454,20,True,3,7,0,10,0,0,0,0,2,0,0
B-threat-always,balanced,6455,106455,20,True,3,7,0,9,0,0,0,0,0,0,0
B-threat-always,balanced,6456,106456,20,True,4,8,0,7,3,0,3,1,1,0,0
B-threat-always,balanced,6457,106457,20,True,2,7,0,7,1,0,1,1,1,0,0
B-threat-always,balanced,6458,106458,20,True,7,8,3,7,1,0,1,0,2,0,0
B-threat-always,balanced,6459,106459,20,True,4,6,4,9,1,1,0,0,2,0,0
B-threat-always,balanced,6460,106460,20,True,3,7,0,7,2,0,2,1,1,0,0
B-threat-always,balanced,6461,106461,20,True,3,5,3,8,0,0,0,0,1,0,0
B-threat-always,balanced,6462,106462,20,True,3,6,1,7,0,0,0,0,1,0,0
B-threat-always,balanced,6463,106463,20,True,10,12,0,12,3,1,2,1,2,0,0
B-threat-always,balanced,6464,106464,20,True,9,10,0,11,4,0,4,2,2,0,0
B-threat-always,balanced,6465,106465,20,True,6,6,3,12,1,0,1,0,2,0,0
B-threat-always,balanced,6466,106466,20,True,1,6,0,7,1,0,1,1,0,0,0
B-threat-always,balanced,6467,106467,20,True,2,5,0,7,0,0,0,0,1,0,0
B-threat-always,balanced,6468,106468,20,True,8,9,0,8,0,0,0,0,4,0,0
B-threat-always,balanced,6469,106469,20,True,8,10,10,11,1,0,1,1,1,0,0
B-threat-always,balanced,6470,106470,20,True,7,8,1,9,1,0,1,1,2,0,0
B-threat-always,balanced,6471,106471,20,True,5,6,3,7,1,0,1,0,2,0,0
B-threat-always,balanced,6472,106472,20,True,1,5,1,7,0,0,0,0,1,0,0
B-threat-always,balanced,6473,106473,20,True,2,6,2,7,0,0,0,0,1,0,0
B-threat-always,balanced,6474,106474,20,True,5,7,0,11,0,0,0,0,3,0,0
B-threat-always,balanced,6475,106475,20,True,3,6,0,7,0,0,0,0,1,0,0
B-threat-always,balanced,6476,106476,20,True,5,6,0,7,1,0,1,1,3,0,0
B-threat-always,balanced,6477,106477,20,True,1,6,0,7,1,0,1,1,1,0,0
B-threat-always,balanced,6478,106478,20,True,7,8,1,8,1,0,1,1,3,0,0
B-threat-always,balanced,6479,106479,15,False,1,7,0,7,1,0,1,1,0,0,0
B-threat-always,balanced,6480,106480,20,True,7,7,0,10,1,0,1,0,2,0,0
B-threat-always,balanced,6481,106481,20,True,5,9,6,7,1,1,0,0,1,0,0
B-threat-always,balanced,6482,106482,20,True,8,9,0,11,3,0,3,0,3,0,0
B-threat-always,balanced,6483,106483,20,True,7,7,2,7,2,0,2,1,2,0,0
B-threat-always,balanced,6484,106484,20,True,4,7,2,11,0,0,0,0,2,0,0
B-threat-always,balanced,6485,106485,20,True,5,7,0,9,0,0,0,0,1,0,0
B-threat-always,balanced,6486,106486,20,True,8,9,6,12,2,0,2,2,3,0,0
B-threat-always,balanced,6487,106487,20,True,7,7,3,7,1,0,1,0,2,0,0
B-threat-always,balanced,6488,106488,20,True,7,8,4,8,1,0,1,1,2,0,0
B-threat-always,balanced,6489,106489,20,True,3,8,5,10,1,0,1,1,0,0,0
B-threat-always,balanced,6490,106490,20,True,6,7,9,15,1,1,0,0,3,0,0
B-threat-always,balanced,6491,106491,20,True,6,7,2,7,1,0,1,1,0,0,0
B-threat-always,balanced,6492,106492,20,True,4,7,0,8,2,1,1,1,3,0,0
B-threat-always,balanced,6493,106493,20,True,4,6,2,9,1,0,1,0,2,0,0
B-threat-always,balanced,6494,106494,20,True,6,9,0,9,0,0,0,0,3,0,0
B-threat-always,balanced,6495,106495,20,True,3,7,0,7,2,1,1,1,2,0,0
B-threat-always,balanced,6496,106496,20,True,8,9,0,8,2,0,2,0,3,0,0
B-threat-always,balanced,6497,106497,20,True,7,7,1,10,0,0,0,0,3,0,0
B-threat-always,balanced,6498,106498,20,True,1,6,1,7,0,0,0,0,0,0,0
B-threat-always,balanced,6499,106499,20,True,9,10,6,7,3,0,3,2,2,0,0
B-threat-always,balanced,6500,106500,20,True,6,6,1,9,2,0,2,1,2,0,0
B-threat-always,balanced,6501,106501,20,True,6,7,0,7,2,0,2,1,1,0,0
B-threat-always,balanced,6502,106502,17,False,0,5,0,7,0,0,0,0,1,0,0
B-threat-always,balanced,6503,106503,20,True,1,6,0,7,0,0,0,0,1,0,0
B-threat-always,balanced,6504,106504,20,True,10,10,1,9,2,0,2,1,3,0,0
B-threat-always,balanced,6505,106505,17,False,1,6,0,7,1,1,0,0,1,0,0
B-threat-always,balanced,6506,106506,20,True,1,6,0,7,2,0,2,1,1,0,0
B-threat-always,balanced,6507,106507,20,True,7,8,1,10,1,1,0,0,3,0,0
B-threat-always,balanced,6508,106508,20,True,2,5,0,7,0,0,0,0,1,0,0
B-threat-always,balanced,6509,106509,20,True,7,9,0,7,1,0,1,0,1,0,0
B-threat-always,balanced,6510,106510,20,True,2,6,0,7,1,0,1,1,1,0,0
B-threat-always,balanced,6511,106511,20,True,2,7,0,11,1,0,1,0,1,0,0
B-threat-always,balanced,6512,106512,20,True,10,11,8,12,0,0,0,0,2,0,0
B-threat-always,balanced,6513,106513,20,True,4,6,1,9,0,0,0,0,1,0,0
B-threat-always,balanced,6514,106514,20,True,7,8,9,9,3,0,3,2,2,0,0
B-threat-always,balanced,6515,106515,20,True,3,7,0,8,1,1,0,0,1,0,0
B-threat-always,balanced,6516,106516,20,True,7,7,7,7,1,0,1,1,2,0,0
B-threat-always,balanced,6517,106517,18,False,1,5,0,7,0,0,0,0,1,0,0
B-threat-always,balanced,6518,106518,20,True,5,7,3,7,1,0,1,1,2,0,0
B-threat-always,balanced,6519,106519,20,True,7,8,0,13,2,1,1,0,3,0,0
B-threat-always,balanced,6520,106520,20,True,1,6,1,7,0,0,0,0,1,0,0
B-threat-always,balanced,6521,106521,18,False,1,5,0,7,0,0,0,0,1,0,0
B-threat-always,balanced,6522,106522,20,True,1,5,2,7,0,0,0,0,0,0,0
B-threat-always,balanced,6523,106523,20,True,12,12,6,12,2,1,1,0,6,0,0
B-threat-always,balanced,6524,106524,20,True,3,6,1,7,2,0,2,1,1,0,0
B-threat-always,balanced,6525,106525,20,True,4,7,5,7,1,0,1,0,2,0,0
B-threat-always,balanced,6526,106526,20,True,3,7,2,7,0,0,0,0,1,0,0
B-threat-always,balanced,6527,106527,20,True,6,8,0,14,3,0,3,2,3,0,0
B-threat-always,balanced,6528,106528,20,True,6,7,0,7,2,0,2,0,1,0,0
B-threat-always,balanced,6529,106529,20,True,8,8,2,10,0,0,0,0,4,0,0
B-threat-always,balanced,6530,106530,20,True,3,7,0,9,1,0,1,1,3,0,0
B-threat-always,balanced,6531,106531,20,True,2,6,0,7,0,0,0,0,1,0,0
B-threat-always,balanced,6532,106532,20,True,9,10,11,11,2,0,2,1,5,0,0
B-threat-always,balanced,6533,106533,20,True,6,8,0,9,2,0,2,1,3,0,0
B-threat-always,balanced,6534,106534,20,True,3,7,0,7,1,0,1,0,2,0,0
B-threat-always,balanced,6535,106535,19,False,1,5,0,7,2,1,1,1,1,0,0
B-threat-always,balanced,6536,106536,20,True,2,6,0,7,0,0,0,0,1,0,0
B-threat-always,balanced,6537,106537,20,True,9,10,1,11,4,1,3,1,2,0,0
B-threat-always,balanced,6538,106538,13,False,1,5,0,7,0,0,0,0,1,0,0
B-threat-always,balanced,6539,106539,20,True,2,6,0,7,1,0,1,0,1,0,0
B-threat-always,balanced,6540,106540,20,True,2,6,0,12,0,0,0,0,1,0,0
B-threat-always,balanced,6541,106541,20,True,9,9,0,7,4,0,4,1,3,0,0
B-threat-always,balanced,6542,106542,20,True,9,10,6,9,1,0,1,1,3,0,0
B-threat-always,balanced,6543,106543,20,True,1,5,0,7,0,0,0,0,1,0,0
B-threat-always,balanced,6544,106544,20,True,10,10,8,13,1,0,1,1,6,0,0
B-threat-always,balanced,6545,106545,20,True,7,8,7,7,0,0,0,0,2,0,0
B-threat-always,balanced,6546,106546,20,True,7,7,0,9,1,0,1,0,2,0,0
B-threat-always,balanced,6547,106547,20,True,6,6,5,10,0,0,0,0,4,0,0
B-threat-always,balanced,6548,106548,20,True,3,5,1,7,0,0,0,0,1,0,0
B-threat-always,balanced,6549,106549,20,True,6,7,3,10,0,0,0,0,1,0,0
B-threat-always,balanced,6550,106550,20,True,10,10,7,11,2,0,2,1,2,0,0
B-threat-always,balanced,6551,106551,20,True,2,6,0,7,1,0,1,1,0,0,0
B-threat-always,balanced,6552,106552,20,True,6,7,0,7,1,0,1,1,2,0,0
B-threat-always,balanced,6553,106553,20,True,5,6,0,9,0,0,0,0,3,0,0
B-threat-always,balanced,6554,106554,20,True,9,10,0,10,1,0,1,1,3,0,0
B-threat-always,balanced,6555,106555,20,True,7,9,0,10,1,0,1,0,3,0,0
B-threat-always,balanced,6556,106556,20,True,8,8,10,12,1,0,1,1,2,0,0
B-threat-always,balanced,6557,106557,20,True,5,7,0,10,1,0,1,1,6,0,0
B-threat-always,balanced,6558,106558,20,True,7,7,5,9,0,0,0,0,3,0,0
B-threat-always,balanced,6559,106559,20,True,2,6,1,7,1,0,1,1,1,0,0
B-threat-always,balanced,6560,106560,20,True,6,6,2,7,1,0,1,1,2,0,0
B-threat-always,balanced,6561,106561,20,True,9,9,9,10,1,0,1,1,5,0,0
B-threat-always,balanced,6562,106562,20,True,5,6,2,7,1,0,1,0,3,0,0
B-threat-always,balanced,6563,106563,20,True,4,7,0,7,1,0,1,0,1,0,0
B-threat-always,balanced,6564,106564,20,True,5,7,0,7,2,0,2,1,1,0,0
B-threat-always,balanced,6565,106565,16,False,0,6,0,7,0,0,0,0,0,0,0
B-threat-always,balanced,6566,106566,20,True,4,7,0,7,1,0,1,1,2,0,0
B-threat-always,balanced,6567,106567,20,True,9,9,9,18,2,2,0,0,4,0,0
B-threat-always,balanced,6568,106568,20,True,1,5,5,7,0,0,0,0,0,0,0
B-threat-always,balanced,6569,106569,20,True,2,5,0,10,0,0,0,0,1,0,0
B-threat-always,balanced,6570,106570,20,True,1,5,1,7,1,0,1,1,0,0,0
B-threat-always,balanced,6571,106571,20,True,2,7,1,7,0,0,0,0,1,0,0
B-threat-always,balanced,6572,106572,20,True,3,7,0,10,1,0,1,1,3,0,0
B-threat-always,balanced,6573,106573,20,True,8,8,2,10,2,0,2,1,4,0,0
B-threat-always,balanced,6574,106574,20,True,7,8,0,17,1,1,0,0,6,0,0
B-threat-always,balanced,6575,106575,20,True,2,5,0,7,0,0,0,0,1,0,0
B-threat-always,balanced,6576,106576,20,True,1,5,0,7,0,0,0,0,1,0,0
B-threat-always,balanced,6577,106577,20,True,6,7,8,8,1,0,1,1,2,0,0
B-threat-always,balanced,6578,106578,20,True,8,9,1,18,2,0,2,2,3,0,0
B-threat-always,balanced,6579,106579,20,True,5,7,4,7,0,0,0,0,0,0,0
B-threat-always,balanced,6580,106580,20,True,3,6,2,7,2,1,1,0,1,0,0
B-threat-always,balanced,6581,106581,20,True,2,7,1,7,1,0,1,1,1,0,0
B-threat-always,balanced,6582,106582,20,True,8,9,0,8,2,0,2,1,1,0,0
B-threat-always,balanced,6583,106583,20,True,2,7,0,7,1,0,1,1,2,0,0
B-threat-always,balanced,6584,106584,20,True,2,7,0,8,0,0,0,0,3,0,0
B-threat-always,balanced,6585,106585,20,True,11,11,14,14,2,1,1,0,5,0,0
B-threat-always,balanced,6586,106586,20,True,11,12,9,16,3,1,2,2,6,0,0
B-threat-always,balanced,6587,106587,20,True,5,6,4,11,0,0,0,0,3,0,0
B-threat-always,balanced,6588,106588,14,False,0,6,0,7,0,0,0,0,0,0,0
B-threat-always,balanced,6589,106589,20,True,8,9,5,13,1,0,1,1,6,0,0
B-threat-always,balanced,6590,106590,20,True,7,7,9,12,1,0,1,0,2,0,0
B-threat-always,balanced,6591,106591,12,False,0,5,0,7,1,0,1,1,0,0,0
B-threat-always,balanced,6592,106592,20,True,8,9,3,11,1,1,0,0,2,0,0
B-threat-always,balanced,6593,106593,20,True,4,7,2,7,1,0,1,1,1,0,0
B-threat-always,balanced,6594,106594,20,True,8,8,3,7,2,0,2,2,2,0,0
B-threat-always,balanced,6595,106595,20,True,8,9,1,11,2,1,1,1,3,0,0
B-threat-always,balanced,6596,106596,19,False,0,5,0,7,0,0,0,0,1,0,0
B-threat-always,balanced,6597,106597,20,True,6,7,1,8,1,0,1,1,3,0,0
B-threat-always,balanced,6598,106598,20,True,5,6,5,10,0,0,0,0,2,0,0
B-threat-always,balanced,6599,106599,20,True,2,7,0,7,0,0,0,0,1,0,0
B-threat-always,balanced,6600,106600,20,True,4,8,1,7,0,0,0,0,3,0,0
B-threat-always,balanced,6601,106601,20,True,7,8,0,10,2,0,2,2,3,0,0
B-threat-always,balanced,6602,106602,20,True,4,7,0,10,0,0,0,0,1,0,0
B-threat-always,balanced,6603,106603,20,True,3,5,1,7,1,0,1,1,2,0,0
B-threat-always,balanced,6604,106604,20,True,5,6,0,7,1,0,1,1,1,0,0
B-threat-always,balanced,6605,106605,20,True,5,7,0,10,1,1,0,0,2,0,0
B-threat-always,balanced,6606,106606,20,True,8,8,5,8,2,0,2,0,2,0,0
B-threat-always,balanced,6607,106607,20,True,7,8,0,9,4,1,3,2,3,0,0
B-threat-always,balanced,6608,106608,20,True,5,7,0,7,1,0,1,0,1,0,0
B-threat-always,balanced,6609,106609,20,True,8,10,1,11,1,0,1,1,4,0,0
B-threat-always,balanced,6610,106610,20,True,5,7,0,7,1,0,1,0,0,0,0
B-threat-always,balanced,6611,106611,20,True,2,7,3,7,0,0,0,0,0,0,0
B-threat-always,balanced,6612,106612,20,True,8,9,0,10,4,1,3,2,2,0,0
B-threat-always,balanced,6613,106613,20,True,10,10,18,18,2,1,1,0,4,0,0
B-threat-always,balanced,6614,106614,20,True,1,5,3,7,0,0,0,0,1,0,0
B-threat-always,balanced,6615,106615,20,True,6,8,1,10,1,0,1,1,3,0,0
B-threat-always,balanced,6616,106616,20,True,2,6,0,7,1,0,1,0,1,0,0
B-threat-always,balanced,6617,106617,20,True,5,7,2,7,2,0,2,1,1,0,0
B-threat-always,balanced,6618,106618,20,True,8,9,1,9,1,0,1,1,3,0,0
B-threat-always,balanced,6619,106619,16,False,1,5,0,7,0,0,0,0,1,0,0
B-threat-always,balanced,6620,106620,16,False,1,6,0,7,1,0,1,0,0,0,0
B-threat-always,balanced,6621,106621,20,True,8,8,10,13,2,0,2,2,4,0,0
B-threat-always,balanced,6622,106622,20,True,9,9,2,13,2,0,2,0,3,0,0
B-threat-always,balanced,6623,106623,20,True,8,8,1,9,3,0,3,2,3,0,0
B-threat-always,balanced,6624,106624,20,True,6,8,1,7,2,1,1,1,2,0,0
B-threat-always,balanced,6625,106625,20,True,2,7,0,7,2,0,2,1,2,0,0
B-threat-always,balanced,6626,106626,20,True,6,7,2,7,2,0,2,0,1,0,0
B-threat-always,balanced,6627,106627,20,True,3,7,1,7,1,0,1,0,1,0,0
B-threat-always,balanced,6628,106628,20,True,4,7,0,7,1,0,1,0,0,0,0
B-threat-always,balanced,6629,106629,20,True,1,5,0,7,0,0,0,0,0,0,0
B-threat-always,balanced,6630,106630,20,True,1,6,0,7,1,0,1,0,1,0,0
B-threat-always,balanced,6631,106631,20,True,5,6,0,9,1,0,1,1,1,0,0
B-threat-always,balanced,6632,106632,20,True,4,7,0,9,1,0,1,0,0,0,0
B-threat-always,balanced,6633,106633,13,False,1,5,0,7,0,0,0,0,1,0,0
B-threat-always,balanced,6634,106634,20,True,6,7,4,7,0,0,0,0,3,0,0
B-threat-always,balanced,6635,106635,20,True,8,8,6,10,4,1,3,0,3,0,0
B-threat-always,balanced,6636,106636,20,True,8,8,5,8,0,0,0,0,2,0,0
B-threat-always,balanced,6637,106637,20,True,5,8,3,12,1,1,0,0,1,0,0
B-threat-always,balanced,6638,106638,20,True,10,10,10,11,0,0,0,0,3,0,0
B-threat-always,balanced,6639,106639,20,True,1,5,6,7,0,0,0,0,0,0,0
B-threat-always,balanced,6640,106640,20,True,2,5,0,7,0,0,0,0,0,0,0
B-threat-always,balanced,6641,106641,20,True,7,7,1,9,0,0,0,0,2,0,0
B-threat-always,balanced,6642,106642,20,True,7,8,6,8,1,0,1,0,3,0,0
B-threat-always,balanced,6643,106643,20,True,2,7,0,7,2,0,2,1,2,0,0
B-threat-always,balanced,6644,106644,19,False,1,5,0,7,0,0,0,0,0,0,0
B-threat-always,balanced,6645,106645,20,True,10,10,1,11,3,0,3,2,4,0,0
B-threat-always,balanced,6646,106646,20,True,1,6,3,7,0,0,0,0,0,0,0
B-threat-always,balanced,6647,106647,20,True,1,7,0,7,1,0,1,0,1,0,0
B-threat-always,balanced,6648,106648,20,True,6,7,6,16,0,0,0,0,3,0,0
B-threat-always,balanced,6649,106649,20,True,6,8,2,7,1,0,1,0,2,0,0
B-threat-always,balanced,6650,106650,20,True,5,7,1,7,1,0,1,1,2,0,0
B-threat-always,balanced,6651,106651,20,True,4,6,0,9,0,0,0,0,2,0,0
B-threat-always,balanced,6652,106652,14,False,0,6,0,7,1,0,1,1,0,0,0
B-threat-always,balanced,6653,106653,20,True,4,8,0,7,3,1,2,1,0,0,0
B-threat-always,balanced,6654,106654,20,True,6,8,0,8,0,0,0,0,2,0,0
B-threat-always,balanced,6655,106655,20,True,4,5,3,7,0,0,0,0,1,0,0
B-threat-always,balanced,6656,106656,20,True,4,6,1,11,1,0,1,1,3,0,0
B-threat-always,balanced,6657,106657,20,True,11,11,16,16,2,1,1,0,5,0,0
B-threat-always,balanced,6658,106658,20,True,7,9,6,10,1,0,1,1,4,0,0
B-threat-always,balanced,6659,106659,20,True,4,6,0,8,0,0,0,0,1,0,0
B-threat-always,balanced,6660,106660,20,True,1,5,2,7,0,0,0,0,0,0,0
B-threat-always,balanced,6661,106661,20,True,9,9,9,9,3,0,3,1,2,0,0
B-threat-always,balanced,6662,106662,20,True,6,8,0,12,1,1,0,0,3,0,0
B-threat-always,balanced,6663,106663,20,True,6,8,0,7,2,0,2,0,1,0,0
B-threat-always,balanced,6664,106664,20,True,7,7,4,11,0,0,0,0,3,0,0
B-threat-always,balanced,6665,106665,20,True,10,10,2,12,1,0,1,1,4,0,0
B-threat-always,balanced,6666,106666,20,True,4,5,0,9,1,1,0,0,1,0,0
B-threat-always,balanced,6667,106667,20,True,2,5,1,7,0,0,0,0,2,0,0
B-threat-always,balanced,6668,106668,20,True,7,7,1,11,0,0,0,0,4,0,0
B-threat-always,balanced,6669,106669,20,True,7,8,5,8,2,0,2,1,3,0,0
B-threat-always,balanced,6670,106670,20,True,9,10,0,9,3,0,3,1,3,0,0
B-threat-always,balanced,6671,106671,20,True,1,6,0,7,1,0,1,1,1,0,0
B-threat-always,balanced,6672,106672,17,False,1,6,0,11,1,0,1,1,1,0,0
B-threat-always,balanced,6673,106673,17,False,0,6,0,7,0,0,0,0,0,0,0
B-threat-always,balanced,6674,106674,20,True,8,9,0,17,4,0,4,4,8,0,0
B-threat-always,balanced,6675,106675,20,True,6,7,0,7,1,0,1,1,2,0,0
B-threat-always,balanced,6676,106676,20,True,3,7,0,7,0,0,0,0,1,0,0
B-threat-always,balanced,6677,106677,20,True,4,5,5,8,0,0,0,0,1,0,0
B-threat-always,balanced,6678,106678,20,True,4,6,4,11,0,0,0,0,1,0,0
B-threat-always,balanced,6679,106679,20,True,2,6,0,10,1,0,1,0,1,0,0
B-threat-always,balanced,6680,106680,20,True,6,7,0,8,1,0,1,1,3,0,0
B-threat-always,balanced,6681,106681,20,True,3,6,0,7,0,0,0,0,1,0,0
B-threat-always,balanced,6682,106682,20,True,1,6,1,7,0,0,0,0,0,0,0
B-threat-always,balanced,6683,106683,20,True,5,5,0,7,0,0,0,0,2,0,0
B-threat-always,balanced,6684,106684,20,True,6,7,4,7,1,0,1,0,2,0,0
B-threat-always,balanced,6685,106685,20,False,0,5,0,7,0,0,0,0,1,0,0
B-threat-always,balanced,6686,106686,20,True,4,7,0,11,2,2,0,0,2,0,0
B-threat-always,balanced,6687,106687,20,True,5,7,0,8,2,0,2,1,2,0,0
B-threat-always,balanced,6688,106688,20,True,7,8,3,10,1,0,1,1,3,0,0
B-threat-always,balanced,6689,106689,11,False,1,5,0,7,0,0,0,0,1,0,0
B-threat-always,balanced,6690,106690,20,True,6,8,3,14,1,0,1,1,3,0,0
B-threat-always,balanced,6691,106691,20,True,9,9,6,7,3,0,3,2,2,0,0
B-threat-always,balanced,6692,106692,20,True,5,7,2,13,1,0,1,0,3,0,0
B-threat-always,balanced,6693,106693,20,True,5,7,0,7,2,0,2,1,0,0,0
B-threat-always,balanced,6694,106694,20,True,9,10,1,12,2,1,1,1,3,0,0
B-threat-always,balanced,6695,106695,20,True,4,7,0,7,2,0,2,1,1,0,0
B-threat-always,balanced,6696,106696,20,True,2,5,0,7,0,0,0,0,1,0,0
B-threat-always,balanced,6697,106697,20,True,1,5,4,7,0,0,0,0,1,0,0
B-threat-always,balanced,6698,106698,20,True,1,5,0,7,0,0,0,0,1,0,0
B-threat-always,balanced,6699,106699,20,True,6,10,1,7,3,0,3,1,3,0,0
B-threat-always,balanced,6700,106700,20,True,1,6,1,7,0,0,0,0,1,0,0
B-threat-always,balanced,6701,106701,20,True,6,8,4,8,1,0,1,1,2,0,0
B-threat-always,balanced,6702,106702,20,True,4,8,0,7,2,0,2,1,1,0,0
B-threat-always,balanced,6703,106703,20,True,6,8,2,12,1,1,0,0,2,0,0
B-threat-always,balanced,6704,106704,20,True,4,7,1,7,1,0,1,1,2,0,0
B-threat-always,balanced,6705,106705,20,True,1,6,0,7,1,0,1,0,1,0,0
B-threat-always,balanced,6706,106706,20,True,8,8,15,15,2,1,1,1,4,0,0
B-threat-always,balanced,6707,106707,20,True,3,6,0,7,2,0,2,1,2,0,0
B-threat-always,balanced,6708,106708,20,True,6,8,3,9,3,1,2,1,1,0,0
B-threat-always,balanced,6709,106709,20,True,11,12,11,13,3,0,3,1,3,0,0
B-threat-always,balanced,6710,106710,20,True,2,6,1,7,0,0,0,0,1,0,0
B-threat-always,balanced,6711,106711,20,True,3,6,2,7,0,0,0,0,3,0,0
B-threat-always,balanced,6712,106712,20,True,5,6,0,10,0,0,0,0,3,0,0
B-threat-always,balanced,6713,106713,20,True,6,7,1,12,1,0,1,1,2,0,0
B-threat-always,balanced,6714,106714,20,True,6,7,0,7,2,1,1,1,2,0,0
B-threat-always,balanced,6715,106715,20,True,5,7,0,12,1,0,1,1,4,0,0
B-threat-always,balanced,6716,106716,20,True,11,11,11,11,2,0,2,0,1,0,0
B-threat-always,balanced,6717,106717,20,True,4,6,4,10,1,0,1,0,2,0,0
B-threat-always,balanced,6718,106718,20,True,5,6,0,7,1,0,1,0,2,0,0
B-threat-always,balanced,6719,106719,20,True,4,6,0,7,1,0,1,0,2,0,0
B-threat-always,balanced,6720,106720,20,True,5,7,2,11,1,1,0,0,3,0,0
B-threat-always,balanced,6721,106721,20,True,2,6,0,10,1,0,1,1,1,0,0
B-threat-always,balanced,6722,106722,20,True,8,8,2,7,1,0,1,0,2,0,0
B-threat-always,balanced,6723,106723,18,False,1,6,0,7,2,0,2,2,1,0,0
B-threat-always,balanced,6724,106724,18,False,1,6,0,7,1,0,1,1,2,0,0
B-threat-always,balanced,6725,106725,20,True,8,8,1,14,2,0,2,1,3,0,0
B-threat-always,balanced,6726,106726,20,True,4,7,4,7,1,0,1,1,1,0,0
B-threat-always,balanced,6727,106727,20,True,5,5,0,11,0,0,0,0,2,0,0
B-threat-always,balanced,6728,106728,20,True,11,11,6,16,2,1,1,1,3,0,0
B-threat-always,balanced,6729,106729,20,True,5,7,5,13,1,0,1,0,2,0,0
B-threat-always,balanced,6730,106730,20,True,8,8,2,13,1,1,0,0,5,0,0
B-threat-always,balanced,6731,106731,20,True,1,6,0,7,1,0,1,1,1,0,0
B-threat-always,balanced,6732,106732,20,True,5,7,0,7,1,0,1,0,3,0,0
B-threat-always,balanced,6733,106733,20,True,3,7,0,7,3,0,3,2,1,0,0
B-threat-always,balanced,6734,106734,20,True,7,7,3,7,0,0,0,0,0,0,0
B-threat-always,balanced,6735,106735,20,True,4,6,0,7,0,0,0,0,3,0,0
B-threat-always,balanced,6736,106736,20,True,1,7,3,7,0,0,0,0,0,0,0
B-threat-always,balanced,6737,106737,20,True,6,6,8,9,1,0,1,1,2,0,0
B-threat-always,balanced,6738,106738,17,False,1,6,0,7,0,0,0,0,0,0,0
B-threat-always,balanced,6739,106739,20,True,4,6,0,11,1,0,1,0,2,0,0
B-threat-always,balanced,6740,106740,20,True,3,6,0,13,1,0,1,1,3,0,0
B-threat-always,balanced,6741,106741,20,True,6,7,2,7,2,0,2,1,2,0,0
B-threat-always,balanced,6742,106742,20,True,5,7,0,11,2,0,2,1,2,0,0
B-threat-always,balanced,6743,106743,20,True,7,7,1,13,2,1,1,0,3,0,0
B-threat-always,balanced,6744,106744,20,True,1,6,2,7,0,0,0,0,2,0,0
B-threat-always,balanced,6745,106745,20,True,9,9,0,11,1,1,0,0,3,0,0
B-threat-always,balanced,6746,106746,20,True,1,6,0,7,0,0,0,0,1,0,0
B-threat-always,balanced,6747,106747,20,True,3,6,0,9,0,0,0,0,2,0,0
B-threat-always,balanced,6748,106748,20,True,1,5,1,7,0,0,0,0,1,0,0
B-threat-always,balanced,6749,106749,20,True,3,5,0,7,0,0,0,0,2,0,0
B-threat-always,balanced,6750,106750,20,True,4,6,0,7,0,0,0,0,2,0,0
B-threat-always,balanced,6751,106751,20,True,1,5,2,7,0,0,0,0,0,0,0
B-threat-always,balanced,6752,106752,20,True,7,8,0,7,2,0,2,1,1,0,0
B-threat-always,balanced,6753,106753,20,True,6,6,5,7,2,0,2,0,1,0,0
B-threat-always,balanced,6754,106754,14,False,0,5,0,7,0,0,0,0,1,0,0
B-threat-always,balanced,6755,106755,20,True,3,5,3,7,1,0,1,0,1,0,0
B-threat-always,balanced,6756,106756,20,True,9,10,8,9,3,0,3,1,4,0,0
B-threat-always,balanced,6757,106757,14,False,1,5,0,7,0,0,0,0,0,0,0
B-threat-always,balanced,6758,106758,20,True,3,6,0,7,1,0,1,0,1,0,0
B-threat-always,balanced,6759,106759,20,True,5,7,0,8,4,1,3,2,2,0,0
B-threat-always,balanced,6760,106760,20,True,1,5,0,7,0,0,0,0,1,0,0
B-threat-always,balanced,6761,106761,20,True,12,12,7,15,4,0,4,1,6,0,0
B-threat-always,balanced,6762,106762,20,True,6,8,0,7,2,0,2,1,2,0,0
B-threat-always,balanced,6763,106763,20,True,3,6,5,7,1,0,1,1,3,0,0
B-threat-always,balanced,6764,106764,20,True,11,12,13,15,3,1,2,1,4,0,0
B-threat-always,balanced,6765,106765,20,True,7,7,6,10,0,0,0,0,3,0,0
B-threat-always,balanced,6766,106766,20,True,8,8,0,8,1,0,1,0,3,0,0
B-threat-always,balanced,6767,106767,20,True,6,7,0,7,2,0,2,1,0,0,0
B-threat-always,balanced,6768,106768,20,True,3,5,0,7,0,0,0,0,1,0,0
B-threat-always,balanced,6769,106769,20,True,5,6,4,9,0,0,0,0,2,0,0
B-threat-always,balanced,6770,106770,20,True,4,5,1,9,1,0,1,0,2,0,0
B-threat-always,balanced,6771,106771,20,True,4,6,1,9,1,0,1,0,2,0,0
B-threat-always,balanced,6772,106772,20,True,3,6,0,7,1,0,1,0,2,0,0
B-threat-always,balanced,6773,106773,20,True,2,6,3,7,3,1,2,2,1,0,0
B-threat-always,balanced,6774,106774,20,True,9,10,8,9,3,2,1,1,3,0,0
B-threat-always,balanced,6775,106775,20,True,6,8,0,11,1,0,1,0,4,0,0
B-threat-always,balanced,6776,106776,20,True,5,7,1,7,1,0,1,0,2,0,0
B-threat-always,balanced,6777,106777,20,True,7,9,1,9,2,1,1,0,2,0,0
B-threat-always,balanced,6778,106778,20,True,2,7,0,7,1,0,1,1,1,0,0
B-threat-always,balanced,6779,106779,20,True,3,6,0,7,1,0,1,1,2,0,0
B-threat-always,balanced,6780,106780,20,True,10,10,0,12,2,0,2,1,6,0,0
B-threat-always,balanced,6781,106781,20,True,7,8,9,9,1,0,1,0,3,0,0
B-threat-always,balanced,6782,106782,20,True,4,7,0,7,1,0,1,0,4,0,0
B-threat-always,balanced,6783,106783,20,True,10,10,9,11,1,0,1,1,2,0,0
B-threat-always,balanced,6784,106784,20,True,8,8,0,7,1,0,1,0,2,0,0
B-threat-always,balanced,6785,106785,20,True,9,9,2,7,1,0,1,0,2,0,0
B-threat-always,balanced,6786,106786,20,True,5,7,2,7,0,0,0,0,2,0,0
B-threat-always,balanced,6787,106787,16,False,0,5,0,7,0,0,0,0,0,0,0
B-threat-always,balanced,6788,106788,20,True,4,7,2,8,1,0,1,1,3,0,0
B-threat-always,balanced,6789,106789,20,True,8,9,0,10,3,0,3,2,2,0,0
B-threat-always,balanced,6790,106790,20,True,2,6,1,7,1,0,1,0,2,0,0
B-threat-always,balanced,6791,106791,20,True,6,8,4,9,0,0,0,0,2,0,0
B-threat-always,balanced,6792,106792,20,True,5,8,4,11,2,0,2,2,3,0,0
B-threat-always,balanced,6793,106793,20,True,3,6,0,11,1,0,1,1,1,0,0
B-threat-always,balanced,6794,106794,20,True,5,7,0,7,1,0,1,1,2,0,0
B-threat-always,balanced,6795,106795,20,True,9,10,3,12,4,2,2,1,4,0,0
B-threat-always,balanced,6796,106796,20,True,8,8,2,7,1,0,1,0,4,0,0
B-threat-always,balanced,6797,106797,20,True,2,5,3,7,2,0,2,2,1,0,0
B-threat-always,balanced,6798,106798,20,True,1,5,1,7,0,0,0,0,1,0,0
B-threat-always,balanced,6799,106799,17,False,1,5,0,7,2,1,1,0,0,0,0
B-threat-always,balanced,6800,106800,20,True,6,7,1,8,0,0,0,0,3,0,0
B-threat-always,balanced,6801,106801,20,True,6,6,3,12,0,0,0,0,4,0,0
B-threat-always,balanced,6802,106802,20,True,1,6,7,8,0,0,0,0,1,0,0
B-threat-always,balanced,6803,106803,19,False,0,5,0,7,0,0,0,0,1,0,0
B-threat-always,balanced,6804,106804,20,True,7,7,1,12,1,1,0,0,3,0,0
B-threat-always,balanced,6805,106805,20,True,8,8,3,7,3,0,3,1,2,0,0
B-threat-always,balanced,6806,106806,20,True,4,7,0,7,1,0,1,0,3,0,0
B-threat-always,balanced,6807,106807,20,True,2,6,0,7,0,0,0,0,1,0,0
B-threat-always,balanced,6808,106808,20,True,7,9,0,8,3,0,3,1,4,0,0
B-threat-always,balanced,6809,106809,20,True,6,6,2,7,0,0,0,0,2,0,0
B-threat-always,balanced,6810,106810,20,True,6,7,7,8,1,0,1,0,2,0,0
B-threat-always,balanced,6811,106811,20,True,3,7,0,8,1,0,1,1,0,0,0
B-threat-always,balanced,6812,106812,20,True,4,6,2,10,2,0,2,1,2,0,0
B-threat-always,balanced,6813,106813,15,False,1,6,0,7,0,0,0,0,1,0,0
B-threat-always,balanced,6814,106814,20,True,1,5,0,7,0,0,0,0,1,0,0
B-threat-always,balanced,6815,106815,19,False,1,7,0,7,2,0,2,2,1,0,0
B-threat-always,balanced,6816,106816,20,True,5,6,0,10,0,0,0,0,2,0,0
B-threat-always,balanced,6817,106817,20,True,2,7,0,7,3,0,3,2,1,0,0
B-threat-always,balanced,6818,106818,20,True,5,7,0,8,0,0,0,0,2,0,0
B-threat-always,balanced,6819,106819,20,True,9,9,11,11,2,0,2,1,1,0,0
B-threat-always,balanced,6820,106820,20,True,7,7,3,8,2,0,2,0,1,0,0
B-threat-always,balanced,6821,106821,20,True,7,8,9,13,1,0,1,0,2,0,0
B-threat-always,balanced,6822,106822,20,True,2,7,0,7,1,0,1,1,1,0,0
B-threat-always,balanced,6823,106823,20,True,6,7,5,12,0,0,0,0,4,0,0
B-threat-always,balanced,6824,106824,20,True,8,8,0,10,1,0,1,0,4,0,0
B-threat-always,balanced,6825,106825,20,True,5,6,1,10,2,0,2,2,2,0,0
B-threat-always,balanced,6826,106826,20,True,6,7,1,11,0,0,0,0,2,0,0
B-threat-always,balanced,6827,106827,20,True,4,5,0,7,1,0,1,1,1,0,0
B-threat-always,balanced,6828,106828,20,True,4,6,1,8,1,0,1,1,1,0,0
B-threat-always,balanced,6829,106829,20,True,10,10,0,11,4,0,4,2,2,0,0
B-threat-always,balanced,6830,106830,20,True,3,6,2,7,1,0,1,0,2,0,0
B-threat-always,balanced,6831,106831,20,True,7,7,1,8,3,0,3,0,4,0,0
B-threat-always,balanced,6832,106832,20,True,7,9,0,10,0,0,0,0,4,0,0
B-threat-always,balanced,6833,106833,20,True,1,6,0,7,0,0,0,0,1,0,0
B-threat-always,balanced,6834,106834,20,True,3,8,0,7,2,0,2,1,3,0,0
B-threat-always,balanced,6835,106835,20,True,2,7,0,7,0,0,0,0,0,0,0
B-threat-always,balanced,6836,106836,20,True,5,6,0,9,2,1,1,1,1,0,0
B-threat-always,balanced,6837,106837,20,True,2,5,0,7,0,0,0,0,1,0,0
B-threat-always,balanced,6838,106838,20,True,3,6,0,7,2,0,2,0,1,0,0
B-threat-always,balanced,6839,106839,20,True,3,6,0,7,1,0,1,0,1,0,0
B-threat-always,balanced,6840,106840,20,True,10,10,4,15,1,1,0,0,3,0,0
B-threat-always,balanced,6841,106841,12,False,1,5,0,7,0,0,0,0,0,0,0
B-threat-always,balanced,6842,106842,20,True,7,7,4,8,2,0,2,1,3,0,0
B-threat-always,balanced,6843,106843,20,True,5,8,0,7,1,0,1,1,2,0,0
B-threat-always,balanced,6844,106844,20,True,5,7,4,8,1,0,1,1,0,0,0
B-threat-always,balanced,6845,106845,20,True,1,5,0,7,0,0,0,0,0,0,0
B-threat-always,balanced,6846,106846,18,False,0,6,0,7,2,0,2,1,1,0,0
B-threat-always,balanced,6847,106847,20,True,3,5,0,7,0,0,0,0,1,0,0
B-threat-always,balanced,6848,106848,20,True,3,6,0,7,2,0,2,2,1,0,0
B-threat-always,balanced,6849,106849,20,True,3,7,0,7,0,0,0,0,1,0,0
B-threat-always,balanced,6850,106850,20,True,2,6,2,7,1,0,1,0,2,0,0
B-threat-always,balanced,6851,106851,20,True,6,7,0,7,1,0,1,0,2,0,0
B-threat-always,balanced,6852,106852,20,True,4,7,8,8,0,0,0,0,4,0,0
B-threat-always,balanced,6853,106853,20,True,7,9,0,16,2,0,2,1,3,0,0
B-threat-always,balanced,6854,106854,20,True,5,7,0,9,1,1,0,0,0,0,0
B-threat-always,balanced,6855,106855,20,True,2,6,0,7,0,0,0,0,1,0,0
B-threat-always,balanced,6856,106856,20,True,7,7,9,13,2,0,2,1,5,0,0
B-threat-always,balanced,6857,106857,20,True,4,8,0,7,0,0,0,0,2,0,0
B-threat-always,balanced,6858,106858,20,True,9,10,6,11,2,1,1,0,5,0,0
B-threat-always,balanced,6859,106859,20,True,1,6,0,7,2,0,2,0,0,0,0
B-threat-always,balanced,6860,106860,20,True,6,7,6,12,0,0,0,0,4,0,0
B-threat-always,balanced,6861,106861,20,True,7,8,0,10,1,1,0,0,2,0,0
B-threat-always,balanced,6862,106862,20,True,1,7,1,7,1,0,1,1,2,0,0
B-threat-always,balanced,6863,106863,20,True,1,5,7,8,0,0,0,0,0,0,0
B-threat-always,balanced,6864,106864,20,True,10,10,7,12,4,1,3,0,1,0,0
B-threat-always,balanced,6865,106865,20,True,5,6,0,9,1,0,1,0,2,0,0
B-threat-always,balanced,6866,106866,20,True,3,6,0,7,1,0,1,0,0,0,0
B-threat-always,balanced,6867,106867,20,True,4,7,6,13,0,0,0,0,3,0,0
B-threat-always,balanced,6868,106868,20,True,9,9,2,12,1,0,1,0,2,0,0
B-threat-always,balanced,6869,106869,20,True,5,7,0,12,1,1,0,0,3,0,0
B-threat-always,balanced,6870,106870,20,True,7,7,12,12,1,1,0,0,2,0,0
B-threat-always,balanced,6871,106871,20,True,5,6,3,8,1,0,1,1,3,0,0
B-threat-always,balanced,6872,106872,20,True,6,8,0,14,2,0,2,0,1,0,0
B-threat-always,balanced,6873,106873,20,True,3,6,0,7,0,0,0,0,1,0,0
B-threat-always,balanced,6874,106874,20,True,6,7,5,10,2,0,2,1,0,0,0
B-threat-always,balanced,6875,106875,20,True,6,7,9,9,1,0,1,1,3,0,0
B-threat-always,balanced,6876,106876,20,True,7,9,0,9,2,0,2,2,2,0,0
B-threat-always,balanced,6877,106877,20,True,9,9,1,8,2,1,1,0,2,0,0
B-threat-always,balanced,6878,106878,20,True,7,8,2,9,0,0,0,0,5,0,0
B-threat-always,balanced,6879,106879,20,True,10,10,2,7,1,0,1,1,2,0,0
B-threat-always,balanced,6880,106880,20,True,10,12,0,12,1,0,1,0,3,0,0
B-threat-always,balanced,6881,106881,20,True,2,5,1,7,1,0,1,1,2,0,0
B-threat-always,balanced,6882,106882,20,True,5,7,0,7,1,0,1,0,2,0,0
B-threat-always,balanced,6883,106883,20,True,1,6,1,7,1,0,1,1,0,0,0
B-threat-always,balanced,6884,106884,20,True,10,10,1,21,2,1,1,1,4,0,0
B-threat-always,balanced,6885,106885,20,True,8,8,7,9,2,1,1,1,4,0,0
B-threat-always,balanced,6886,106886,20,True,4,6,0,7,1,0,1,1,2,0,0
B-threat-always,balanced,6887,106887,20,True,6,6,3,8,0,0,0,0,3,0,0
B-threat-always,balanced,6888,106888,20,True,4,7,0,10,0,0,0,0,2,0,0
B-threat-always,balanced,6889,106889,20,True,5,7,1,11,0,0,0,0,1,0,0
B-threat-always,balanced,6890,106890,20,True,4,7,5,7,1,0,1,1,2,0,0
B-threat-always,balanced,6891,106891,20,True,4,7,0,7,1,1,0,0,3,0,0
B-threat-always,balanced,6892,106892,20,True,2,5,2,7,0,0,0,0,1,0,0
B-threat-always,balanced,6893,106893,20,False,0,6,0,7,1,0,1,0,1,0,0
B-threat-always,balanced,6894,106894,20,True,7,8,6,8,0,0,0,0,2,0,0
B-threat-always,balanced,6895,106895,20,False,0,6,0,7,1,0,1,0,1,0,0
B-threat-always,balanced,6896,106896,20,True,6,7,4,13,1,0,1,1,4,0,0
B-threat-always,balanced,6897,106897,20,True,3,6,0,7,1,0,1,0,1,0,0
B-threat-always,balanced,6898,106898,20,True,9,10,1,8,3,0,3,2,3,0,0
B-threat-always,balanced,6899,106899,20,True,6,7,0,7,0,0,0,0,3,0,0
B-threat-always,balanced,6900,106900,20,True,1,5,1,7,0,0,0,0,0,0,0
B-threat-always,balanced,6901,106901,20,True,6,7,0,12,1,1,0,0,3,0,0
B-threat-always,balanced,6902,106902,20,True,6,7,0,7,1,0,1,1,2,0,0
B-threat-always,balanced,6903,106903,20,True,5,6,2,10,0,0,0,0,4,0,0
B-threat-always,balanced,6904,106904,20,True,9,10,3,12,0,0,0,0,4,0,0
B-threat-always,balanced,6905,106905,18,False,1,5,0,7,0,0,0,0,2,0,0
B-threat-always,balanced,6906,106906,17,False,1,6,0,7,1,0,1,1,0,0,0
B-threat-always,balanced,6907,106907,20,True,9,9,3,8,3,1,2,0,4,0,0
B-threat-always,balanced,6908,106908,17,False,0,5,0,7,0,0,0,0,0,0,0
B-threat-always,balanced,6909,106909,20,True,5,7,0,7,2,0,2,2,3,0,0
B-threat-always,balanced,6910,106910,20,True,9,9,2,20,2,2,0,0,4,0,0
B-threat-always,balanced,6911,106911,20,True,3,5,0,7,0,0,0,0,2,0,0
B-threat-always,balanced,6912,106912,20,True,5,8,6,7,0,0,0,0,0,0,0
B-threat-always,balanced,6913,106913,20,True,4,7,0,7,0,0,0,0,3,0,0
B-threat-always,balanced,6914,106914,20,True,10,11,0,11,0,0,0,0,2,0,0
B-threat-always,balanced,6915,106915,20,True,6,7,7,13,2,0,2,0,4,0,0
B-threat-always,balanced,6916,106916,20,True,4,5,0,7,1,0,1,0,1,0,0
B-threat-always,balanced,6917,106917,20,True,1,5,2,7,0,0,0,0,1,0,0
B-threat-always,balanced,6918,106918,20,True,4,6,0,7,1,0,1,0,2,0,0
B-threat-always,balanced,6919,106919,20,True,7,9,0,14,3,1,2,2,2,0,0
B-threat-always,balanced,6920,106920,20,True,9,10,0,9,1,0,1,0,4,0,0
B-threat-always,balanced,6921,106921,20,True,6,7,0,7,2,0,2,1,2,0,0
B-threat-always,balanced,6922,106922,20,True,6,8,0,7,3,0,3,1,2,0,0
B-threat-always,balanced,6923,106923,20,True,2,6,1,7,0,0,0,0,0,0,0
B-threat-always,balanced,6924,106924,20,True,9,9,9,15,2,1,1,1,2,0,0
B-threat-always,balanced,6925,106925,20,True,5,6,0,7,0,0,0,0,1,0,0
B-threat-always,balanced,6926,106926,20,True,6,7,0,8,1,0,1,1,3,0,0
B-threat-always,balanced,6927,106927,20,True,7,9,0,7,1,0,1,1,2,0,0
B-threat-always,balanced,6928,106928,20,True,2,7,2,7,1,0,1,0,0,0,0
B-threat-always,balanced,6929,106929,20,True,6,8,4,8,0,0,0,0,3,0,0
B-threat-always,balanced,6930,106930,20,True,9,10,5,11,4,2,2,1,2,0,0
B-threat-always,balanced,6931,106931,20,True,2,5,0,7,1,0,1,1,2,0,0
B-threat-always,balanced,6932,106932,20,True,4,5,0,7,0,0,0,0,1,0,0
B-threat-always,balanced,6933,106933,20,True,12,12,9,21,2,1,1,0,3,0,0
B-threat-always,balanced,6934,106934,20,True,1,6,0,7,2,0,2,1,1,0,0
B-threat-always,balanced,6935,106935,20,True,4,6,2,7,2,0,2,2,0,0,0
B-threat-always,balanced,6936,106936,20,True,5,7,1,14,1,0,1,1,1,0,0
B-threat-always,balanced,6937,106937,18,False,1,6,0,7,1,1,0,0,1,0,0
B-threat-always,balanced,6938,106938,20,True,2,5,0,7,0,0,0,0,1,0,0
B-threat-always,balanced,6939,106939,20,True,9,11,0,9,3,0,3,1,1,0,0
B-threat-always,balanced,6940,106940,16,False,1,5,0,7,0,0,0,0,1,0,0
B-threat-always,balanced,6941,106941,20,True,3,7,0,7,1,0,1,0,0,0,0
B-threat-always,balanced,6942,106942,20,True,8,9,10,10,1,0,1,0,2,0,0
B-threat-always,balanced,6943,106943,20,True,4,6,1,7,1,0,1,1,1,0,0
B-threat-always,balanced,6944,106944,14,False,1,6,0,7,0,0,0,0,0,0,0
B-threat-always,balanced,6945,106945,20,True,6,7,0,9,2,0,2,1,3,0,0
B-threat-always,balanced,6946,106946,20,True,9,9,0,16,3,2,1,0,5,0,0
B-threat-always,balanced,6947,106947,20,True,8,9,0,16,3,1,2,0,2,0,0
B-threat-always,balanced,6948,106948,20,True,6,7,2,7,0,0,0,0,2,0,0
B-threat-always,balanced,6949,106949,20,True,6,8,0,12,2,0,2,1,2,0,0
B-threat-always,balanced,6950,106950,20,True,5,7,6,12,1,0,1,1,2,0,0
B-threat-always,balanced,6951,106951,20,True,7,8,2,14,3,1,2,2,3,0,0
B-threat-always,balanced,6952,106952,20,True,13,13,12,20,1,0,1,0,6,0,0
B-threat-always,balanced,6953,106953,20,True,2,7,2,15,0,0,0,0,3,0,0
B-threat-always,balanced,6954,106954,20,True,1,6,4,7,0,0,0,0,1,0,0
B-threat-always,balanced,6955,106955,20,True,5,8,0,10,0,0,0,0,3,0,0
B-threat-always,balanced,6956,106956,20,True,1,6,0,7,1,0,1,1,2,0,0
B-threat-always,balanced,6957,106957,20,True,2,5,3,7,0,0,0,0,1,0,0
B-threat-always,balanced,6958,106958,20,True,6,6,1,13,0,0,0,0,2,0,0
B-threat-always,balanced,6959,106959,20,True,1,5,9,9,0,0,0,0,1,0,0
B-threat-always,balanced,6960,106960,20,True,5,7,7,10,1,0,1,1,3,0,0
B-threat-always,balanced,6961,106961,20,True,1,6,0,8,1,0,1,0,1,0,0
B-threat-always,balanced,6962,106962,20,True,3,6,0,8,2,0,2,2,2,0,0
B-threat-always,balanced,6963,106963,20,True,6,10,0,8,3,0,3,3,1,0,0
B-threat-always,balanced,6964,106964,20,True,3,6,0,7,1,0,1,0,2,0,0
B-threat-always,balanced,6965,106965,20,True,2,6,0,7,0,0,0,0,1,0,0
B-threat-always,balanced,6966,106966,12,False,1,5,0,7,0,0,0,0,0,0,0
B-threat-always,balanced,6967,106967,20,True,2,6,0,7,2,1,1,1,2,0,0
B-threat-always,balanced,6968,106968,20,True,1,5,1,7,1,0,1,0,0,0,0
B-threat-always,balanced,6969,106969,20,True,7,7,0,8,0,0,0,0,4,0,0
B-threat-always,balanced,6970,106970,20,True,7,8,0,7,1,0,1,1,3,0,0
B-threat-always,balanced,6971,106971,20,True,1,5,1,7,0,0,0,0,0,0,0
B-threat-always,balanced,6972,106972,20,True,13,13,14,15,1,0,1,0,6,0,0
B-threat-always,balanced,6973,106973,20,True,7,7,7,7,2,0,2,1,1,0,0
B-threat-always,balanced,6974,106974,14,False,0,5,0,7,0,0,0,0,1,0,0
B-threat-always,balanced,6975,106975,20,True,3,6,0,7,2,0,2,1,2,0,0
B-threat-always,balanced,6976,106976,20,True,4,8,0,7,3,0,3,2,3,0,0
B-threat-always,balanced,6977,106977,20,True,1,5,1,7,0,0,0,0,1,0,0
B-threat-always,balanced,6978,106978,20,True,4,6,2,7,2,0,2,2,2,0,0
B-threat-always,balanced,6979,106979,20,True,4,6,1,9,0,0,0,0,2,0,0
B-threat-always,balanced,6980,106980,20,True,4,8,1,7,2,0,2,1,1,0,0
B-threat-always,balanced,6981,106981,20,True,7,8,1,7,5,0,5,4,2,0,0
B-threat-always,balanced,6982,106982,20,True,3,7,0,14,0,0,0,0,2,0,0
B-threat-always,balanced,6983,106983,17,False,1,5,0,8,0,0,0,0,1,0,0
B-threat-always,balanced,6984,106984,20,True,6,7,1,10,0,0,0,0,4,0,0
B-threat-always,balanced,6985,106985,20,True,10,11,4,19,3,1,2,1,7,0,0
B-threat-always,balanced,6986,106986,12,False,0,5,0,7,0,0,0,0,0,0,0
B-threat-always,balanced,6987,106987,20,True,8,9,8,10,2,1,1,0,4,0,0
B-threat-always,balanced,6988,106988,20,True,4,5,0,13,0,0,0,0,3,0,0
B-threat-always,balanced,6989,106989,20,True,5,6,0,11,1,1,0,0,3,0,0
B-threat-always,balanced,6990,106990,20,True,1,6,0,7,2,0,2,1,1,0,0
B-threat-always,balanced,6991,106991,20,True,10,10,5,15,1,0,1,1,5,0,0
B-threat-always,balanced,6992,106992,20,True,5,6,0,8,2,0,2,1,2,0,0
B-threat-always,balanced,6993,106993,20,True,6,8,0,14,0,0,0,0,4,0,0
B-threat-always,balanced,6994,106994,20,True,10,10,11,11,3,0,3,2,1,0,0
B-threat-always,balanced,6995,106995,20,True,1,5,2,7,0,0,0,0,1,0,0
B-threat-always,balanced,6996,106996,20,True,2,5,0,7,1,0,1,1,0,0,0
B-threat-always,balanced,6997,106997,20,True,5,7,0,7,2,0,2,2,1,0,0
B-threat-always,balanced,6998,106998,20,True,3,7,0,7,1,0,1,1,2,0,0
B-threat-always,balanced,6999,106999,20,False,0,6,0,7,0,0,0,0,2,0,0
B-threat-always,balanced,7000,107000,20,True,5,8,5,7,0,0,0,0,2,0,0
