strategy,game_number,seed,turns_survived,ended_at_max_turns,end_reason,final_people,max_people,final_food,max_food,total_hunts,successful_hunts,hunt_failures,hunt_deaths,tech_sets_completed,tech_upgrades,kinship_started,kinship_completed,prayer_earned,prayer_spent,events_ignored,sacrifices
random,1,100199,19,False,population_zero,0,6,0,12,5,2,3,2,0,0,6,6,13,12,6,2
random,2,100299,5,False,other,3,5,0,10,1,0,1,1,1,1,3,1,3,2,1,1
random,3,100399,10,False,other,1,6,0,14,4,1,3,2,1,1,6,4,1,0,0,2
random,4,100499,6,False,population_zero,0,5,0,7,4,0,4,3,0,1,2,2,0,0,0,1
random,5,100599,10,False,population_zero,0,6,0,13,3,0,3,1,0,0,4,3,5,4,2,5
random,6,100699,3,False,other,3,5,0,7,2,0,2,1,0,0,2,0,1,0,0,0
random,7,100799,7,False,population_zero,0,5,10,10,6,1,5,3,1,1,1,1,2,2,1,1
random,8,100899,5,False,other,3,6,0,7,2,1,1,0,0,0,4,0,2,2,1,1
random,9,100999,2,False,other,3,5,0,7,1,0,1,1,0,0,2,0,0,0,0,0
random,10,101099,6,False,other,1,5,0,11,4,1,3,2,1,1,2,0,2,0,0,1
random,11,101199,16,False,other,1,5,0,11,9,2,7,4,1,2,5,4,2,2,1,2
random,12,101299,8,False,population_zero,0,5,6,10,6,1,5,4,1,2,0,0,1,0,0,1
random,13,101399,17,False,other,1,5,0,24,5,1,4,1,3,3,4,3,3,2,1,3
random,14,101499,17,False,other,3,8,0,23,5,2,3,0,3,4,11,7,3,2,1,3
random,15,101599,3,False,other,3,5,0,8,1,0,1,1,0,0,2,0,1,0,0,0
random,16,101699,17,False,population_zero,0,5,0,8,3,2,1,1,2,3,5,5,4,4,2,1
random,17,101799,7,False,other,1,5,0,7,4,1,3,3,0,0,3,2,2,2,1,0
random,18,101899,6,False,other,3,5,0,13,2,0,2,0,0,0,4,2,0,0,0,1
random,19,101999,10,False,population_zero,0,5,0,7,7,3,4,1,0,2,2,1,4,2,1,3
random,20,102099,3,False,other,3,5,0,7,1,0,1,0,0,1,2,0,2,0,0,1
random,21,102199,16,False,other,1,6,0,10,8,3,5,2,1,1,5,4,17,4,2,1
random,22,102299,9,False,population_zero,0,5,8,15,2,0,2,2,1,2,1,1,4,0,0,4
random,23,102399,7,False,other,3,6,0,7,3,2,1,1,1,1,4,2,2,0,0,0
random,24,102499,9,False,other,3,5,0,14,2,1,1,1,1,1,5,3,2,2,1,1
random,25,102599,11,False,other,3,7,0,12,6,3,3,1,0,0,6,4,4,0,0,0
random,26,102699,10,False,population_zero,0,5,20,29,3,0,3,2,2,2,1,1,0,0,0,4
random,27,102799,7,False,other,1,5,0,9,4,1,3,0,0,0,3,1,1,0,0,1
random,28,102899,6,False,other,3,6,0,7,3,2,1,1,0,0,3,1,5,4,2,0
random,29,102999,12,False,other,1,5,0,7,4,1,3,0,1,2,5,4,1,0,0,1
random,30,103099,4,False,other,3,5,0,7,1,0,1,1,0,0,3,1,2,0,0,0
random,31,103199,2,False,other,3,5,0,7,2,0,2,1,0,0,2,0,0,0,0,0
random,32,103299,6,False,other,1,5,0,9,3,1,2,2,1,1,2,1,3,2,1,0
random,33,103399,9,False,population_zero,0,5,13,15,5,1,4,3,1,2,1,1,4,2,1,3
random,34,103499,23,False,population_zero,0,5,0,15,6,1,5,2,2,2,1,1,7,6,3,1
random,35,103599,4,False,other,1,5,0,7,3,0,3,1,0,0,2,0,3,2,1,1
random,36,103699,7,False,other,1,5,0,7,3,0,3,1,0,0,4,3,1,0,0,0
random,37,103799,2,False,other,3,5,0,7,2,0,2,1,0,0,2,0,0,0,0,0
random,38,103899,5,False,other,3,5,0,7,2,1,1,0,0,0,4,2,1,0,0,0
random,39,103999,7,False,population_zero,0,5,0,7,3,0,3,3,1,1,2,1,1,0,0,1
random,40,104099,8,False,population_zero,0,5,0,7,1,0,1,0,1,1,3,3,0,0,0,1
random,41,104199,8,False,other,1,5,0,7,3,1,2,1,0,0,4,3,2,0,0,0
random,42,104299,13,False,other,1,5,0,19,6,2,4,2,1,1,4,3,8,6,3,1
random,43,104399,7,False,other,1,5,0,7,3,0,3,1,0,0,3,1,3,2,1,1
random,44,104499,5,False,population_zero,0,5,3,7,3,0,3,3,0,2,0,0,0,0,0,2
random,45,104599,6,False,other,1,5,0,10,3,1,2,2,0,0,2,1,5,4,2,0
random,46,104699,7,False,population_zero,0,5,9,10,3,0,3,2,0,0,1,0,2,2,1,2
random,47,104799,16,False,other,3,8,0,15,8,4,4,1,1,1,10,7,8,4,2,2
random,48,104899,5,False,population_zero,0,5,0,7,2,0,2,2,1,1,0,0,2,0,0,2
random,49,104999,16,False,population_zero,0,6,0,11,6,1,5,1,3,3,5,4,13,4,2,2
random,50,105099,9,False,other,3,5,0,21,4,2,2,2,1,2,5,3,2,2,1,2
random,51,105199,4,False,population_zero,0,5,0,7,1,0,1,1,0,1,0,0,4,2,1,2
random,52,105299,16,False,population_zero,0,5,0,9,2,1,1,0,1,3,4,4,1,0,0,4
random,53,105399,5,False,other,3,5,0,7,0,0,0,0,0,0,4,2,2,0,0,0
random,54,105499,12,False,other,1,6,0,20,5,1,4,0,1,2,6,5,3,2,1,2
random,55,105599,8,False,other,1,5,0,7,0,0,0,0,0,0,4,3,5,4,2,0
random,56,105699,5,False,other,1,5,0,7,2,0,2,1,0,1,1,0,4,4,2,1
random,57,105799,10,False,population_zero,0,5,0,8,5,1,4,3,1,1,2,2,2,0,0,0
random,58,105899,5,False,population_zero,0,5,0,7,3,0,3,1,0,1,1,0,2,0,0,2
random,59,105999,4,False,other,1,5,0,7,1,0,1,1,0,0,1,0,4,2,1,1
random,60,106099,6,False,other,1,5,0,7,5,1,4,2,0,0,2,1,2,2,1,0
random,61,106199,14,False,population_zero,0,6,0,16,6,1,5,1,1,2,4,4,8,6,3,3
random,62,106299,8,False,population_zero,0,5,15,15,3,0,3,2,1,2,0,0,5,0,0,3
random,63,106399,11,False,population_zero,0,5,0,7,2,1,1,0,0,0,3,3,5,2,1,0
random,64,106499,8,False,population_zero,0,5,0,7,2,0,2,1,0,0,3,3,1,0,0,0
random,65,106599,2,False,other,3,5,0,7,1,0,1,1,0,0,2,0,1,0,0,0
random,66,106699,7,False,other,1,5,0,7,2,1,1,0,0,1,3,1,1,0,0,2
random,67,106799,6,False,other,1,5,0,7,3,0,3,2,0,0,2,1,1,0,0,0
random,68,106899,10,False,population_zero,0,6,0,10,6,2,4,2,1,2,3,3,9,4,2,1
random,69,106999,10,False,population_zero,0,6,0,11,6,1,5,3,1,1,3,3,3,0,0,0
random,70,107099,9,False,other,1,5,0,16,3,2,1,0,2,2,2,1,7,0,0,2
random,71,107199,11,False,population_zero,0,5,0,7,5,1,4,1,1,1,3,3,4,2,1,0
random,72,107299,17,False,population_zero,0,5,15,15,2,0,2,0,0,1,1,1,6,6,3,3
random,73,107399,8,False,population_zero,0,5,0,7,4,0,4,1,0,3,1,1,3,2,1,3
random,74,107499,2,False,other,3,5,0,7,1,0,1,1,0,0,2,0,0,0,0,0
random,75,107599,11,False,population_zero,0,5,0,9,3,0,3,2,1,2,2,1,4,2,1,3
random,76,107699,15,False,other,3,5,0,26,6,3,3,3,0,0,6,4,3,2,1,2
random,77,107799,9,False,other,1,5,0,7,4,0,4,0,1,1,4,3,3,2,1,0
random,78,107899,11,False,population_zero,0,5,0,11,5,1,4,1,1,1,2,2,9,0,0,0
random,79,107999,9,False,population_zero,0,5,18,22,4,1,3,2,1,2,0,0,2,2,1,3
random,80,108099,6,False,other,3,5,0,7,2,0,2,0,0,0,4,2,1,0,0,0
random,81,108199,13,False,population_zero,0,5,14,14,5,1,4,2,2,3,0,0,6,6,3,3
random,82,108299,26,False,population_zero,0,6,0,26,10,1,9,1,2,3,7,7,5,4,2,5
random,83,108399,8,False,other,1,5,0,9,1,1,0,0,1,3,3,2,2,0,0,3
random,84,108499,15,False,population_zero,0,6,0,8,5,0,5,2,1,1,4,4,5,2,1,1
random,85,108599,18,False,population_zero,0,5,0,10,6,0,6,4,1,1,1,1,4,4,2,1
random,86,108699,11,False,population_zero,0,5,0,7,4,1,3,0,1,1,1,1,11,2,1,1
random,87,108799,12,False,population_zero,0,5,0,10,2,2,0,0,1,4,3,2,7,0,0,4
random,88,108899,4,False,other,3,5,0,7,2,1,1,1,0,0,3,0,3,2,1,1
random,89,108999,11,False,other,1,5,0,13,7,2,5,3,1,2,3,2,7,0,0,2
random,90,109099,5,False,other,1,5,0,7,1,0,1,0,1,2,2,1,0,0,0,1
random,91,109199,18,False,other,1,5,0,23,6,2,4,2,0,1,6,5,8,8,4,3
random,92,109299,6,False,population_zero,0,5,0,7,2,0,2,2,0,0,1,1,4,2,1,0
random,93,109399,5,False,other,3,5,0,7,2,1,1,1,0,0,3,1,4,2,1,0
random,94,109499,2,False,other,3,5,0,7,1,0,1,1,0,0,2,0,0,0,0,0
random,95,109599,5,False,other,3,5,0,16,2,1,1,0,0,0,3,0,3,2,1,2
random,96,109699,5,False,other,1,5,0,7,4,1,3,2,0,0,2,1,2,0,0,0
random,97,109799,15,False,other,1,5,0,20,2,0,2,1,1,3,4,3,6,6,3,4
random,98,109899,9,False,other,3,5,0,18,5,1,4,0,1,1,6,3,5,0,0,2
random,99,109999,5,False,other,3,5,0,7,1,0,1,0,0,0,4,2,0,0,0,0
random,100,110099,7,False,other,3,5,0,10,1,1,0,0,0,1,3,1,3,2,1,2
random,101,110199,10,False,other,1,5,0,9,3,1,2,2,0,0,5,4,3,0,0,0
random,102,110299,5,False,population_zero,0,5,0,7,1,0,1,0,1,3,1,1,2,0,0,2
random,103,110399,6,False,other,3,6,0,13,2,0,2,2,0,0,4,2,2,0,0,1
random,104,110499,17,False,population_zero,0,7,12,13,8,4,4,1,2,4,3,2,6,6,3,5
random,105,110599,21,False,population_zero,0,5,1,13,6,1,5,1,1,3,6,5,6,6,3,5
random,106,110699,2,False,other,3,5,0,7,0,0,0,0,0,1,2,0,0,0,0,1
random,107,110799,18,False,population_zero,0,5,0,11,3,1,2,0,1,2,3,3,12,8,4,2
random,108,110899,12,False,other,1,5,0,15,6,0,6,2,0,0,5,4,4,2,1,2
random,109,110999,19,False,other,1,6,0,17,5,2,3,2,3,4,5,4,9,6,3,4
random,110,111099,12,False,population_zero,0,7,0,7,6,2,4,1,1,2,6,5,4,2,1,2
random,111,111199,17,False,population_zero,0,5,0,12,5,1,4,2,1,2,1,1,6,2,1,2
random,112,111299,19,False,other,1,5,0,16,6,1,5,4,0,0,4,3,8,8,4,1
random,113,111399,11,False,population_zero,0,5,0,11,6,1,5,1,0,0,3,2,3,0,0,2
random,114,111499,8,False,other,1,5,0,12,2,1,1,1,0,1,3,1,3,2,1,3
random,115,111599,6,False,population_zero,0,5,0,7,2,0,2,1,0,0,2,2,3,0,0,1
random,116,111699,8,False,population_zero,0,5,0,7,4,1,3,2,1,1,1,1,1,0,0,0
random,117,111799,3,False,other,3,5,0,7,2,0,2,0,0,0,3,0,0,0,0,1
random,118,111899,9,False,other,1,5,0,7,4,1,3,1,0,1,3,1,4,4,2,2
random,119,111999,9,False,other,3,6,0,8,2,2,0,0,2,2,5,3,3,2,1,0
random,120,112099,2,False,other,3,5,0,7,1,0,1,1,0,0,2,0,0,0,0,0
random,121,112199,12,False,other,3,5,0,12,4,2,2,1,1,2,5,3,4,4,2,1
random,122,112299,9,False,other,1,5,0,7,3,0,3,0,1,1,4,2,3,2,1,1
random,123,112399,6,False,other,1,5,0,7,3,0,3,1,0,1,3,2,0,0,0,1
random,124,112499,17,False,population_zero,0,5,17,17,3,0,3,2,1,1,1,1,5,4,2,3
random,125,112599,5,False,other,3,5,0,15,0,0,0,0,0,1,3,1,0,0,0,2
random,126,112699,14,False,population_zero,0,5,24,25,4,1,3,2,1,3,2,2,3,2,1,5
random,127,112799,6,False,population_zero,0,5,0,7,3,0,3,2,1,1,2,0,1,0,0,2
random,128,112899,8,False,other,1,5,0,7,5,2,3,1,1,1,2,0,3,2,1,1
random,129,112999,13,False,other,1,5,0,12,4,2,2,1,0,1,4,3,7,4,2,2
random,130,113099,5,False,population_zero,0,5,0,7,3,0,3,1,1,1,2,0,2,0,0,2
random,131,113199,18,False,population_zero,0,5,0,20,7,0,7,2,0,0,3,2,7,6,3,5
random,132,113299,18,False,population_zero,0,5,0,10,7,1,6,2,2,2,3,3,10,8,4,0
random,133,113399,6,False,other,1,5,0,8,4,1,3,1,0,0,2,0,3,0,0,1
random,134,113499,8,False,other,1,5,0,7,1,0,1,0,0,0,4,3,3,2,1,0
random,135,113599,6,False,population_zero,0,5,0,7,3,0,3,2,0,0,1,1,4,4,2,0
random,136,113699,6,False,other,1,5,0,7,0,0,0,0,1,1,2,1,3,2,1,0
random,137,113799,8,False,population_zero,0,5,0,7,3,0,3,0,0,2,1,1,2,0,0,3
random,138,113899,5,False,population_zero,0,5,0,7,2,0,2,2,0,2,2,1,1,0,0,4
random,139,113999,4,False,other,3,6,0,7,0,0,0,0,0,0,4,0,1,0,0,1
random,140,114099,11,False,population_zero,0,6,0,7,4,2,2,0,0,2,5,4,4,0,0,4
random,141,114199,12,False,population_zero,0,6,0,7,5,0,5,2,1,1,4,4,7,0,0,0
random,142,114299,5,False,other,3,5,0,7,1,0,1,0,0,0,4,2,3,2,1,0
random,143,114399,7,False,other,1,5,0,7,2,0,2,1,0,0,2,0,3,2,1,1
random,144,114499,9,False,other,1,6,0,10,4,1,3,2,0,0,4,3,1,0,0,0
random,145,114599,9,False,population_zero,0,5,0,7,2,0,2,0,1,1,2,2,3,0,0,0
random,146,114699,8,False,other,1,5,0,7,1,0,1,0,0,0,4,3,0,0,0,0
random,147,114799,8,False,other,3,5,0,9,4,2,2,1,0,0,4,2,3,2,1,0
random,148,114899,9,False,population_zero,0,6,0,7,2,1,1,1,0,1,4,3,4,2,1,2
random,149,114999,11,False,population_zero,0,5,1,11,7,2,5,2,2,4,2,2,5,2,1,3
random,150,115099,2,False,other,3,5,0,7,1,0,1,1,0,0,2,0,0,0,0,0
random,151,115199,10,False,population_zero,0,5,0,18,3,0,3,2,0,0,4,3,1,0,0,2
random,152,115299,4,False,population_zero,0,5,12,20,3,1,2,2,0,1,0,0,0,0,0,3
random,153,115399,8,False,other,1,5,0,7,2,0,2,0,1,1,3,2,4,0,0,0
random,154,115499,7,False,other,1,5,0,7,0,0,0,0,0,2,3,2,3,0,0,2
random,155,115599,5,False,other,3,5,0,7,2,1,1,1,1,1,3,1,1,0,0,0
random,156,115699,3,False,other,3,5,0,7,2,0,2,0,0,1,2,0,0,0,0,1
random,157,115799,10,False,population_zero,0,5,5,9,3,0,3,3,0,0,1,1,7,4,2,1
random,158,115899,5,False,other,1,5,0,7,1,0,1,0,0,0,2,0,2,0,0,1
random,159,115999,13,False,population_zero,0,5,6,9,2,1,1,1,0,1,2,2,7,4,2,2
random,160,116099,5,False,other,1,5,0,7,3,0,3,1,0,0,2,1,1,0,0,0
random,161,116199,4,False,other,1,5,0,7,2,0,2,2,0,0,1,0,2,2,1,0
random,162,116299,7,False,population_zero,0,5,0,7,2,0,2,1,0,0,2,2,3,2,1,0
random,163,116399,10,False,population_zero,0,5,11,11,1,0,1,1,1,1,2,1,2,2,1,2
random,164,116499,5,False,other,3,5,0,10,2,1,1,0,0,1,4,2,1,0,0,1
random,165,116599,17,False,population_zero,0,5,0,13,4,1,3,0,0,1,3,3,8,6,3,2
random,166,116699,15,False,population_zero,0,5,9,14,3,0,3,3,1,1,2,1,4,2,1,2
random,167,116799,11,False,population_zero,0,6,0,11,5,1,4,2,0,1,4,4,3,2,1,3
random,168,116899,12,False,population_zero,0,5,17,19,4,0,4,2,1,1,2,2,2,2,1,2
random,169,116999,7,False,other,1,6,0,7,3,1,2,2,0,0,4,3,2,0,0,0
random,170,117099,11,False,population_zero,0,5,3,14,2,0,2,1,0,2,1,1,4,2,1,5
random,171,117199,10,False,other,1,5,0,13,1,1,0,0,1,2,4,3,3,2,1,2
random,172,117299,18,False,population_zero,0,5,21,24,9,2,7,2,0,1,3,2,3,2,1,6
random,173,117399,10,False,other,1,5,0,16,3,1,2,1,0,0,3,2,3,2,1,2
random,174,117499,15,False,population_zero,0,5,0,8,3,0,3,2,1,1,4,4,8,4,2,2
random,175,117599,5,False,other,1,5,0,7,2,0,2,2,0,1,2,1,0,0,0,1
random,176,117699,12,False,population_zero,0,6,0,7,4,1,3,1,1,1,4,2,3,2,1,1
random,177,117799,10,False,population_zero,0,5,0,17,3,0,3,1,1,3,2,2,3,2,1,3
random,178,117899,6,False,other,3,5,0,7,2,0,2,0,0,0,3,1,0,0,0,2
random,179,117999,10,False,other,3,5,0,7,2,2,0,0,0,0,6,4,2,0,0,0
random,180,118099,12,False,other,3,6,0,17,4,1,3,1,0,0,7,3,6,4,2,2
random,181,118199,4,False,population_zero,0,5,21,21,2,0,2,2,0,0,0,0,0,0,0,3
random,182,118299,5,False,other,3,5,0,7,2,0,2,0,0,0,4,2,0,0,0,0
random,183,118399,7,False,other,1,5,0,7,1,0,1,1,1,1,3,2,2,2,1,0
random,184,118499,5,False,other,3,5,0,7,0,0,0,0,0,1,3,1,5,4,2,1
random,185,118599,5,False,other,1,5,0,7,1,0,1,1,0,0,2,1,2,2,1,0
random,186,118699,7,False,population_zero,0,5,1,7,3,0,3,1,1,2,1,1,1,0,0,1
random,187,118799,11,False,other,1,5,0,15,5,0,5,2,0,1,3,2,3,2,1,2
random,188,118899,9,False,population_zero,0,5,8,16,3,0,3,2,0,2,1,1,1,0,0,4
random,189,118999,7,False,other,1,5,0,7,2,1,1,0,1,1,3,2,2,2,1,1
random,190,119099,16,False,population_zero,0,5,9,22,5,1,4,2,1,2,1,1,8,8,4,3
random,191,119199,2,False,other,3,5,0,7,0,0,0,0,0,1,2,0,1,0,0,1
random,192,119299,10,False,population_zero,0,5,3,12,5,1,4,2,1,2,1,1,4,2,1,4
random,193,119399,5,False,other,3,5,0,7,1,0,1,0,0,0,4,2,3,2,1,0
random,194,119499,7,False,other,1,5,0,7,1,0,1,0,0,0,3,2,1,0,0,0
random,195,119599,12,False,population_zero,0,5,2,7,3,1,2,1,1,1,3,3,5,2,1,1
random,196,119699,5,False,other,1,5,0,13,2,0,2,2,0,0,3,2,1,0,0,1
random,197,119799,15,False,population_zero,0,5,2,7,5,1,4,1,1,3,3,3,7,2,1,2
random,198,119899,11,False,other,1,6,0,13,4,1,3,2,0,0,6,5,4,2,1,0
random,199,119999,9,False,population_zero,0,5,0,7,6,2,4,2,0,1,2,2,4,2,1,1
random,200,120099,5,False,other,3,5,0,7,2,0,2,0,0,0,4,2,2,2,1,0
random,201,120199,4,False,other,1,5,0,7,2,0,2,2,1,1,2,0,3,2,1,1
random,202,120299,8,False,population_zero,0,5,0,7,2,0,2,0,0,0,3,3,4,2,1,1
random,203,120399,6,False,other,1,5,0,14,1,0,1,0,0,0,2,1,2,0,0,2
random,204,120499,8,False,other,1,5,0,7,3,1,2,1,0,1,4,3,0,0,0,1
random,205,120599,20,False,population_zero,0,6,0,18,9,4,5,2,2,4,3,2,6,6,3,4
random,206,120699,11,False,other,1,5,0,8,3,1,2,2,1,1,4,3,2,2,1,0
random,207,120799,22,False,population_zero,0,5,0,23,7,4,3,1,0,2,4,4,7,6,3,5
random,208,120899,6,False,other,1,5,0,7,4,0,4,1,0,0,2,1,2,2,1,0
random,209,120999,16,False,population_zero,0,6,0,9,5,1,4,2,1,1,5,5,4,2,1,0
random,210,121099,3,False,other,3,5,0,7,2,0,2,1,0,0,2,0,0,0,0,0
random,211,121199,11,False,population_zero,0,5,1,8,5,0,5,4,1,1,1,1,8,4,2,2
random,212,121299,11,False,population_zero,0,5,0,7,6,2,4,1,2,3,3,3,2,2,1,1
random,213,121399,8,False,other,1,5,0,7,4,1,3,1,1,1,3,2,1,0,0,0
random,214,121499,4,False,other,1,5,0,7,1,0,1,0,0,2,1,0,4,4,2,2
random,215,121599,6,False,other,1,5,0,7,1,0,1,1,0,1,3,2,2,0,0,1
random,216,121699,8,False,other,1,5,0,10,2,1,1,1,1,2,2,1,2,0,0,1
random,217,121799,5,False,other,1,5,0,7,1,0,1,1,0,0,2,1,1,0,0,0
random,218,121899,20,False,population_zero,0,5,0,20,6,2,4,1,2,4,6,5,5,4,2,4
random,219,121999,5,False,other,1,5,0,7,2,0,2,1,0,0,2,1,3,2,1,1
random,220,122099,7,False,other,1,5,0,9,3,1,2,0,1,2,2,1,1,0,0,1
random,221,122199,8,False,other,1,5,0,19,2,0,2,2,0,0,3,2,3,2,1,2
random,222,122299,11,False,population_zero,0,5,2,9,3,1,2,1,1,1,2,1,6,4,2,5
random,223,122399,6,False,other,1,5,0,7,3,1,2,2,1,1,2,1,4,4,2,0
random,224,122499,5,False,other,3,5,0,12,1,0,1,0,0,0,3,0,1,0,0,2
random,225,122599,10,False,population_zero,0,5,10,14,5,2,3,2,1,1,1,1,4,2,1,2
random,226,122699,5,False,other,1,5,0,7,1,0,1,1,0,0,2,0,3,0,0,2
random,227,122799,6,False,population_zero,0,5,20,20,1,0,1,0,0,1,3,2,0,0,0,4
random,228,122899,7,False,other,1,5,0,7,0,0,0,0,1,1,3,2,2,0,0,0
random,229,122999,5,False,population_zero,0,5,0,7,4,1,3,1,0,0,1,1,5,2,1,1
random,230,123099,6,False,population_zero,0,5,0,9,5,1,4,2,1,2,0,0,3,2,1,1
random,231,123199,16,False,population_zero,0,6,16,23,10,3,7,5,2,3,3,3,5,2,1,3
random,232,123299,11,False,population_zero,0,5,11,11,5,1,4,1,0,1,3,1,3,2,1,5
random,233,123399,14,False,population_zero,0,5,7,9,5,0,5,2,1,1,2,2,4,4,2,3
random,234,123499,20,False,other,1,8,0,17,11,4,7,2,1,2,11,8,20,10,5,3
random,235,123599,7,False,population_zero,0,6,0,7,2,0,2,2,0,0,3,1,4,2,1,1
random,236,123699,8,False,population_zero,0,5,0,7,3,0,3,1,0,0,2,2,1,0,0,0
random,237,123799,2,False,other,3,5,0,7,1,0,1,1,0,0,2,0,2,0,0,0
random,238,123899,6,False,population_zero,0,5,0,7,0,0,0,0,1,2,2,1,1,0,0,3
random,239,123999,6,False,population_zero,0,5,0,7,3,0,3,1,1,1,2,1,1,0,0,1
random,240,124099,13,False,population_zero,0,5,0,8,3,2,1,0,1,2,5,5,1,0,0,1
random,241,124199,9,False,population_zero,0,5,0,8,3,0,3,1,1,1,2,2,7,2,1,0
random,242,124299,16,False,population_zero,0,6,0,14,6,2,4,2,2,2,5,5,5,4,2,0
random,243,124399,9,False,other,1,5,0,7,3,1,2,1,1,1,3,2,7,4,2,0
random,244,124499,7,False,other,1,5,0,7,1,0,1,1,1,1,3,2,3,2,1,0
random,245,124599,19,False,population_zero,0,6,0,14,7,3,4,0,4,6,5,5,10,10,5,3
random,246,124699,14,False,other,1,6,0,14,5,2,3,0,0,1,7,3,3,2,1,4
random,247,124799,7,False,population_zero,0,5,0,9,4,1,3,2,1,2,1,1,3,2,1,1
random,248,124899,9,False,population_zero,0,5,0,7,4,0,4,1,1,1,1,0,4,0,0,1
random,249,124999,3,False,other,3,5,0,7,2,0,2,1,0,0,2,0,1,0,0,0
random,250,125099,13,False,other,1,5,0,13,9,2,7,1,0,0,4,3,3,0,0,2
random,251,125199,6,False,other,1,5,0,11,2,1,1,1,0,1,2,0,1,0,0,2
random,252,125299,5,False,population_zero,0,5,0,7,2,0,2,2,0,1,1,1,3,0,0,1
random,253,125399,9,False,population_zero,0,5,3,10,8,2,6,4,1,1,1,1,2,2,1,0
random,254,125499,3,False,other,3,5,0,7,1,0,1,0,0,0,2,0,3,0,0,0
random,255,125599,6,False,other,1,5,0,7,1,0,1,1,1,1,2,1,3,2,1,0
random,256,125699,2,False,other,3,5,0,7,1,0,1,1,0,0,2,0,1,0,0,0
random,257,125799,12,False,population_zero,0,6,0,12,5,2,3,2,1,1,3,3,8,4,2,1
random,258,125899,14,False,population_zero,0,5,22,22,8,3,5,3,1,2,2,2,2,2,1,4
random,259,125999,9,False,other,1,5,0,12,4,1,3,1,0,0,3,2,4,4,2,1
random,260,126099,2,False,other,3,5,0,7,0,0,0,0,0,1,2,0,0,0,0,1
random,261,126199,2,False,other,3,5,0,7,1,0,1,1,0,0,2,0,1,0,0,0
random,262,126299,2,False,other,3,5,0,7,0,0,0,0,0,1,2,0,0,0,0,1
random,263,126399,6,False,other,3,6,0,8,2,0,2,1,0,0,4,2,1,0,0,0
random,264,126499,11,False,other,1,5,0,8,3,2,1,1,0,1,5,4,6,4,2,1
random,265,126599,13,False,population_zero,0,6,0,8,7,2,5,1,0,1,5,4,8,0,0,3
random,266,126699,16,False,population_zero,0,5,0,14,8,2,6,1,0,1,4,3,4,2,1,4
random,267,126799,8,False,other,3,5,0,13,3,1,2,0,0,2,3,1,3,2,1,2
random,268,126899,18,False,population_zero,0,5,0,12,9,1,8,2,1,1,2,2,9,8,4,3
random,269,126999,10,False,other,1,5,0,7,6,2,4,1,1,1,3,2,2,2,1,1
random,270,127099,7,False,population_zero,0,5,0,7,2,1,1,1,0,1,2,1,6,4,2,2
random,271,127199,9,False,population_zero,0,5,0,7,1,0,1,0,1,1,3,2,5,4,2,1
random,272,127299,10,False,population_zero,0,5,0,7,5,1,4,1,0,1,2,2,1,0,0,1
random,273,127399,15,False,other,1,5,0,12,5,2,3,2,1,1,4,3,8,8,4,2
random,274,127499,3,False,other,1,5,0,7,2,0,2,1,0,1,1,0,1,0,0,2
random,275,127599,5,False,other,3,5,0,7,2,0,2,2,0,0,3,1,2,2,1,0
random,276,127699,7,False,other,1,5,0,7,1,0,1,1,1,1,3,2,5,2,1,0
random,277,127799,11,False,population_zero,0,5,0,7,5,1,4,1,1,2,2,2,3,2,1,1
random,278,127899,13,False,population_zero,0,5,0,14,6,1,5,2,0,0,3,3,5,2,1,3
random,279,127999,10,False,population_zero,0,5,10,10,3,1,2,1,0,0,3,3,0,0,0,2
random,280,128099,6,False,population_zero,0,6,0,7,1,0,1,1,1,1,2,0,1,0,0,2
random,281,128199,14,False,other,1,5,0,16,9,2,7,2,1,3,4,2,4,2,1,4
random,282,128299,11,False,population_zero,0,5,0,11,4,0,4,3,2,2,3,3,3,0,0,1
random,283,128399,6,False,population_zero,0,5,13,18,4,1,3,3,0,0,1,1,2,2,1,3
random,284,128499,9,False,population_zero,0,5,0,11,4,0,4,1,0,0,3,3,5,4,2,2
random,285,128599,12,False,other,1,5,0,14,5,1,4,2,0,1,3,2,5,0,0,1
random,286,128699,2,False,other,3,5,0,7,1,0,1,1,0,0,2,0,0,0,0,0
random,287,128799,21,False,other,1,6,0,15,10,3,7,1,2,2,8,7,6,6,3,2
random,288,128899,22,False,population_zero,0,5,0,26,6,2,4,3,1,1,3,3,9,8,4,4
random,289,128999,2,False,other,3,5,0,7,1,0,1,1,0,0,2,0,0,0,0,0
random,290,129099,5,False,other,1,5,0,7,2,0,2,1,0,0,2,1,3,2,1,0
random,291,129199,8,False,population_zero,0,5,0,7,3,0,3,0,0,0,2,2,3,2,1,0
random,292,129299,3,False,other,3,5,0,7,1,0,1,1,0,0,2,0,2,0,0,0
random,293,129399,9,False,population_zero,0,5,0,7,4,0,4,2,0,0,3,3,1,0,0,0
random,294,129499,7,False,other,1,5,0,7,2,0,2,0,1,1,3,1,4,0,0,1
random,295,129599,5,False,population_zero,0,5,0,7,2,0,2,1,1,1,1,0,4,0,0,1
random,296,129699,15,False,population_zero,0,5,9,15,2,0,2,0,2,2,0,0,4,4,2,5
random,297,129799,2,False,other,3,5,0,7,1,0,1,1,0,0,2,0,0,0,0,0
random,298,129899,8,False,population_zero,0,6,10,10,3,1,2,1,0,1,3,1,2,2,1,3
random,299,129999,4,False,other,1,5,0,7,0,0,0,0,0,1,2,0,1,0,0,2
random,300,130099,4,False,other,3,5,0,7,2,0,2,1,0,0,3,1,0,0,0,0
random,301,130199,8,False,population_zero,0,5,0,9,3,1,2,2,0,2,2,2,0,0,0,2
random,302,130299,5,False,population_zero,0,5,0,7,2,0,2,1,0,1,1,1,4,2,1,2
random,303,130399,9,False,other,1,5,0,14,3,1,2,2,0,1,2,1,3,2,1,1
random,304,130499,9,False,population_zero,0,5,0,7,2,0,2,0,0,0,2,1,3,2,1,1
random,305,130599,5,False,population_zero,0,5,32,32,4,1,3,2,0,0,0,0,1,0,0,3
random,306,130699,4,False,other,3,5,0,7,2,0,2,2,0,0,3,1,1,0,0,0
random,307,130799,5,False,population_zero,0,5,0,7,2,0,2,2,0,0,1,1,1,0,0,0
random,308,130899,16,False,population_zero,0,5,0,14,4,0,4,2,1,1,1,1,7,2,1,3
random,309,130999,12,False,other,1,5,0,16,3,0,3,3,1,1,3,2,3,0,0,1
random,310,131099,8,False,other,3,5,0,7,4,2,2,0,0,1,5,3,0,0,0,1
random,311,131199,13,False,other,1,5,0,11,6,1,5,0,2,2,5,4,3,2,1,1
random,312,131299,2,False,other,3,5,0,7,1,0,1,1,0,0,2,0,0,0,0,0
random,313,131399,16,False,population_zero,0,5,0,12,5,1,4,0,1,2,4,4,4,4,2,2
random,314,131499,6,False,population_zero,0,5,0,7,3,0,3,2,0,1,1,1,1,0,0,2
random,315,131599,8,False,other,1,5,0,7,3,0,3,1,0,0,4,3,1,0,0,0
random,316,131699,17,False,population_zero,0,5,9,13,7,2,5,1,1,2,5,5,5,4,2,3
random,317,131799,15,False,population_zero,0,6,0,8,4,1,3,3,2,2,4,2,6,4,2,1
random,318,131899,5,False,other,1,5,0,7,1,0,1,1,1,1,2,1,2,2,1,0
random,319,131999,3,False,other,3,5,0,7,1,0,1,1,0,0,2,0,0,0,0,0
random,320,132099,8,False,population_zero,0,5,0,16,1,0,1,1,1,4,1,1,4,2,1,4
random,321,132199,16,False,other,1,6,0,12,7,3,4,2,2,2,6,5,5,4,2,0
random,322,132299,11,False,other,1,5,0,18,4,1,3,1,2,2,3,1,3,2,1,3
random,323,132399,4,False,other,1,5,0,7,1,0,1,1,0,0,2,0,2,0,0,1
random,324,132499,15,False,population_zero,0,5,0,22,8,2,6,1,1,3,4,4,5,4,2,3
random,325,132599,18,False,other,1,5,0,22,6,2,4,2,1,1,4,2,7,2,1,2
random,326,132699,8,False,other,1,5,0,12,2,1,1,1,1,1,2,1,4,2,1,1
random,327,132799,12,False,other,1,5,0,7,8,3,5,2,2,2,4,3,6,2,1,1
random,328,132899,4,False,other,1,5,0,7,2,0,2,2,0,1,1,0,3,2,1,1
random,329,132999,13,False,population_zero,0,5,0,8,3,0,3,3,2,2,4,4,1,0,0,1
random,330,133099,10,False,population_zero,0,5,0,7,4,1,3,0,1,2,3,3,3,0,0,1
random,331,133199,17,False,population_zero,0,5,1,11,3,0,3,0,0,1,1,1,5,2,1,4
random,332,133299,13,False,population_zero,0,5,0,8,7,3,4,0,1,1,4,3,7,2,1,1
random,333,133399,7,False,population_zero,0,5,0,7,2,0,2,1,0,0,2,1,2,0,0,1
random,334,133499,8,False,population_zero,0,5,0,7,6,1,5,1,0,0,2,2,3,0,0,0
random,335,133599,20,False,population_zero,0,5,10,11,3,1,2,0,1,3,2,2,5,4,2,3
random,336,133699,7,False,population_zero,0,5,1,7,5,0,5,2,0,0,1,1,4,4,2,1
random,337,133799,9,False,population_zero,0,5,0,7,2,0,2,1,0,1,3,3,3,0,0,2
random,338,133899,5,False,population_zero,0,5,0,7,2,1,1,1,0,1,1,0,1,0,0,2
random,339,133999,8,False,other,1,5,0,7,4,1,3,1,0,0,3,2,4,2,1,0
random,340,134099,10,False,other,3,5,0,11,3,1,2,0,0,1,6,4,2,2,1,1
random,341,134199,4,False,other,1,5,0,7,2,0,2,1,0,1,1,0,3,2,1,1
random,342,134299,8,False,other,1,5,0,16,1,0,1,1,1,2,2,1,3,2,1,2
random,343,134399,6,False,other,1,5,0,7,3,0,3,2,0,0,3,2,2,2,1,0
random,344,134499,5,False,other,1,5,0,7,4,1,3,2,1,1,2,0,1,0,0,1
random,345,134599,18,False,population_zero,0,5,0,21,5,1,4,1,0,0,3,3,5,4,2,4
random,346,134699,9,False,population_zero,0,5,11,11,4,0,4,2,0,2,1,1,2,2,1,4
random,347,134799,4,False,other,1,5,0,7,3,0,3,2,0,0,2,1,3,2,1,0
random,348,134899,3,False,other,3,5,0,7,1,0,1,1,0,0,2,0,2,2,1,0
random,349,134999,6,False,other,3,5,0,7,2,1,1,0,1,1,4,2,1,0,0,0
random,350,135099,6,False,other,1,6,0,7,3,0,3,1,0,0,3,0,1,0,0,1
random,351,135199,5,False,other,1,5,0,7,2,0,2,1,0,0,2,1,2,2,1,0
random,352,135299,5,False,other,1,5,0,7,0,0,0,0,0,1,1,0,5,4,2,2
random,353,135399,18,False,population_zero,0,5,0,14,4,1,3,3,1,1,5,5,5,4,2,3
random,354,135499,15,False,population_zero,0,5,3,7,3,1,2,0,2,3,1,1,6,6,3,3
random,355,135599,14,False,population_zero,0,5,19,19,6,1,5,2,2,2,2,2,1,0,0,5
random,356,135699,14,False,population_zero,0,5,0,7,5,2,3,1,1,2,1,1,7,4,2,3
random,357,135799,16,False,population_zero,0,5,20,27,5,1,4,2,1,3,1,1,4,2,1,4
random,358,135899,6,False,other,1,5,0,7,1,0,1,1,1,1,3,0,3,2,1,2
random,359,135999,2,False,other,3,5,0,7,1,0,1,1,0,0,2,0,0,0,0,0
random,360,136099,9,False,population_zero,0,5,0,7,3,0,3,2,2,2,2,2,6,4,2,0
random,361,136199,6,False,other,3,5,0,7,1,0,1,0,1,1,4,2,0,0,0,0
random,362,136299,14,False,other,1,5,0,32,6,2,4,2,2,2,5,2,2,2,1,4
random,363,136399,10,False,population_zero,0,5,0,7,3,0,3,2,0,1,1,1,5,2,1,1
random,364,136499,13,False,population_zero,0,5,0,14,4,0,4,2,1,3,2,2,3,2,1,3
random,365,136599,10,False,population_zero,0,5,11,14,6,0,6,3,1,1,1,1,2,0,0,2
random,366,136699,18,False,population_zero,0,5,0,11,6,2,4,2,0,1,6,5,7,6,3,3
random,367,136799,11,False,other,3,6,0,8,0,0,0,0,1,1,5,3,3,2,1,1
random,368,136899,14,False,other,3,6,0,23,2,0,2,1,0,1,7,5,7,6,3,4
random,369,136999,6,False,other,1,5,0,7,1,0,1,1,0,0,3,1,0,0,0,1
random,370,137099,9,False,population_zero,0,5,10,10,2,1,1,1,1,1,2,2,2,0,0,1
random,371,137199,7,False,population_zero,0,5,0,7,1,0,1,1,1,1,2,1,2,2,1,2
random,372,137299,17,False,population_zero,0,6,0,21,7,3,4,2,0,1,4,3,6,6,3,5
random,373,137399,11,False,other,1,5,0,7,3,0,3,0,0,1,5,4,0,0,0,1
random,374,137499,9,False,population_zero,0,5,1,7,5,0,5,3,0,1,1,0,4,2,1,2
random,375,137599,9,False,population_zero,0,5,0,7,3,0,3,2,0,0,1,1,3,2,1,0
random,376,137699,12,False,population_zero,0,5,0,7,6,1,5,1,0,0,3,3,6,4,2,0
random,377,137799,3,False,other,1,5,0,7,3,0,3,2,0,0,1,0,4,2,1,0
random,378,137899,5,False,population_zero,0,5,0,7,2,0,2,2,0,3,1,1,1,0,0,3
random,379,137999,8,False,other,3,6,0,7,2,1,1,0,0,1,6,4,1,0,0,1
random,380,138099,17,False,population_zero,0,5,0,13,10,2,8,2,0,0,0,0,6,6,3,2
random,381,138199,7,False,other,1,5,0,7,3,0,3,1,0,0,2,1,0,0,0,1
random,382,138299,11,False,other,1,5,0,12,2,1,1,0,1,2,2,1,9,2,1,2
random,383,138399,7,False,other,1,5,0,12,3,1,2,2,0,0,2,1,2,0,0,0
random,384,138499,14,False,population_zero,0,5,5,9,2,0,2,2,1,2,1,1,6,2,1,4
random,385,138599,5,False,other,3,5,0,7,2,0,2,0,0,0,3,1,0,0,0,0
random,386,138699,8,False,population_zero,0,5,0,7,2,0,2,2,0,0,4,3,3,0,0,1
random,387,138799,9,False,population_zero,0,5,0,7,4,2,2,2,1,1,1,1,7,0,0,0
random,388,138899,9,False,population_zero,0,5,0,7,3,0,3,2,1,1,2,2,3,0,0,2
random,389,138999,11,False,population_zero,0,6,0,9,5,2,3,2,1,1,4,4,4,4,2,1
random,390,139099,17,False,population_zero,0,5,0,17,5,0,5,3,1,1,2,2,6,4,2,3
random,391,139199,11,False,population_zero,0,5,0,18,2,0,2,1,0,0,3,1,7,2,1,3
random,392,139299,4,False,other,1,5,0,7,1,0,1,1,0,1,2,0,2,0,0,2
random,393,139399,14,False,population_zero,0,7,0,17,6,2,4,2,1,1,5,5,6,2,1,0
random,394,139499,9,False,other,3,5,0,12,6,2,4,0,1,3,4,2,3,2,1,2
random,395,139599,3,False,other,3,5,0,7,1,0,1,0,0,0,3,0,1,0,0,1
random,396,139699,2,False,other,3,5,0,7,1,0,1,1,0,0,2,0,0,0,0,0
random,397,139799,7,False,other,1,5,0,10,3,1,2,1,1,1,3,2,2,2,1,0
random,398,139899,8,False,other,1,5,0,7,2,1,1,0,1,1,2,1,3,2,1,0
random,399,139999,19,False,other,1,5,0,18,5,3,2,1,1,4,4,3,2,2,1,5
random,400,140099,7,False,population_zero,0,5,0,7,2,0,2,0,0,0,0,0,9,6,3,2
random,401,140199,3,False,other,3,5,0,7,0,0,0,0,0,0,2,0,2,0,0,0
random,402,140299,16,False,population_zero,0,5,0,13,7,0,7,1,1,2,3,3,7,6,3,3
random,403,140399,9,False,population_zero,0,5,0,7,4,0,4,2,0,0,2,1,1,0,0,1
random,404,140499,15,False,other,3,5,0,16,11,5,6,0,1,1,4,2,15,6,3,3
random,405,140599,5,False,other,3,5,0,7,1,0,1,0,0,1,3,1,3,2,1,1
random,406,140699,7,False,other,1,5,0,7,3,0,3,1,1,1,3,2,4,2,1,0
random,407,140799,12,False,other,1,5,0,9,0,0,0,0,0,0,4,3,4,2,1,3
random,408,140899,6,False,population_zero,0,5,0,7,4,0,4,1,0,0,1,1,0,0,0,1
random,409,140999,4,False,other,3,5,0,7,1,0,1,1,0,0,2,0,3,2,1,0
random,410,141099,10,False,other,1,5,0,9,4,2,2,1,0,0,5,4,2,2,1,0
random,411,141199,7,False,other,1,5,0,7,3,0,3,2,0,0,3,2,2,2,1,0
random,412,141299,4,False,population_zero,0,5,0,7,2,1,1,1,1,1,0,0,2,0,0,3
random,413,141399,2,False,other,3,5,0,7,1,0,1,1,0,0,2,0,1,0,0,0
random,414,141499,15,False,other,1,5,0,9,6,1,5,0,0,0,7,6,4,4,2,1
random,415,141599,5,False,other,3,5,0,7,1,0,1,0,0,0,4,2,1,0,0,1
random,416,141699,14,False,other,1,7,0,9,7,3,4,2,0,0,6,5,7,2,1,1
random,417,141799,6,False,other,1,5,0,7,4,0,4,3,0,0,3,1,1,0,0,1
random,418,141899,4,False,other,1,5,0,7,2,0,2,1,0,1,1,0,2,0,0,1
random,419,141999,9,False,population_zero,0,5,0,7,5,0,5,1,1,2,3,2,2,0,0,3
random,420,142099,11,False,population_zero,0,5,0,7,2,1,1,0,1,1,4,4,5,0,0,0
random,421,142199,4,False,other,1,5,0,7,3,0,3,2,0,0,2,0,0,0,0,1
random,422,142299,10,False,population_zero,0,5,0,15,4,0,4,2,1,1,3,3,4,4,2,1
random,423,142399,17,False,population_zero,0,6,0,24,10,3,7,3,0,1,3,3,6,4,2,4
random,424,142499,10,False,population_zero,0,5,6,15,6,1,5,2,0,2,0,0,6,2,1,3
random,425,142599,10,False,population_zero,0,5,0,10,3,1,2,1,1,1,3,3,1,0,0,1
random,426,142699,4,False,other,1,5,0,7,1,0,1,1,0,0,2,0,1,0,0,2
random,427,142799,8,False,other,1,5,0,12,4,1,3,3,1,2,2,1,4,2,1,1
random,428,142899,19,False,population_zero,0,6,0,11,10,3,7,2,1,1,7,6,5,4,2,1
random,429,142999,6,False,other,1,5,0,7,2,1,1,1,1,2,3,1,0,0,0,2
random,430,143099,8,False,population_zero,0,5,3,14,5,1,4,3,0,2,1,1,3,2,1,3
random,431,143199,6,False,other,1,5,0,8,3,0,3,3,0,0,3,2,1,0,0,0
random,432,143299,7,False,other,1,6,0,15,2,0,2,0,0,2,4,2,1,0,0,4
random,433,143399,7,False,population_zero,0,5,0,7,3,1,2,1,1,2,1,1,1,0,0,2
random,434,143499,7,False,other,3,6,0,13,3,1,2,0,0,0,5,2,1,0,0,2
random,435,143599,12,False,population_zero,0,6,0,7,5,1,4,1,0,1,5,5,6,0,0,1
random,436,143699,9,False,other,1,6,0,8,4,2,2,2,0,0,5,4,1,0,0,0
random,437,143799,18,False,population_zero,0,5,0,27,3,0,3,1,2,3,0,0,2,0,0,3
random,438,143899,6,False,other,3,5,0,7,1,0,1,0,0,0,4,2,3,2,1,0
random,439,143999,13,False,population_zero,0,7,0,7,4,1,3,0,1,2,7,2,3,2,1,4
random,440,144099,13,False,population_zero,0,5,0,7,5,2,3,1,2,2,4,4,4,2,1,0
random,441,144199,12,False,population_zero,0,5,0,7,8,3,5,2,2,2,2,2,2,2,1,1
random,442,144299,8,False,other,1,5,0,8,3,1,2,1,0,0,3,2,2,2,1,0
random,443,144399,2,False,other,3,5,0,7,0,0,0,0,0,1,2,0,0,0,0,1
random,444,144499,15,False,population_zero,0,5,24,24,6,1,5,2,0,1,4,4,3,2,1,5
random,445,144599,9,False,population_zero,0,5,15,26,2,0,2,2,0,1,0,0,5,4,2,3
random,446,144699,12,False,other,1,5,0,10,3,0,3,2,1,2,5,4,4,2,1,2
random,447,144799,10,False,other,1,5,0,14,3,1,2,1,2,2,3,1,2,0,0,2
random,448,144899,21,False,population_zero,0,5,0,25,2,0,2,1,2,2,4,3,5,2,1,4
random,449,144999,10,False,other,1,5,0,7,6,3,3,2,1,1,2,1,5,0,0,0
random,450,145099,9,False,population_zero,0,5,18,22,3,1,2,1,1,3,1,1,0,0,0,5
random,451,145199,6,False,other,1,5,0,7,3,0,3,1,1,1,2,1,1,0,0,0
random,452,145299,14,False,other,1,6,0,18,6,2,4,2,0,0,5,4,6,6,3,2
random,453,145399,14,False,population_zero,0,5,3,7,5,1,4,2,1,2,1,1,4,4,2,2
random,454,145499,5,False,other,1,5,0,7,2,0,2,2,0,0,2,1,1,0,0,0
random,455,145599,4,False,other,3,5,0,7,0,0,0,0,0,0,3,0,1,0,0,1
random,456,145699,13,False,population_zero,0,5,0,10,3,0,3,1,0,1,4,3,2,2,1,3
random,457,145799,16,False,population_zero,0,5,0,12,2,1,1,0,1,2,4,4,7,4,2,2
random,458,145899,8,False,population_zero,0,5,0,7,4,1,3,1,1,2,2,2,6,6,3,2
random,459,145999,2,False,other,3,5,0,7,1,0,1,1,0,0,2,0,0,0,0,0
random,460,146099,6,False,other,1,5,0,7,2,0,2,2,1,1,2,1,0,0,0,0
random,461,146199,8,False,population_zero,0,5,13,17,4,1,3,1,2,3,0,0,4,2,1,4
random,462,146299,16,False,population_zero,0,5,10,12,8,2,6,2,3,4,1,1,4,4,2,4
random,463,146399,4,False,population_zero,0,5,0,7,3,0,3,2,0,0,2,0,0,0,0,2
random,464,146499,6,False,other,3,6,0,7,2,0,2,0,0,0,5,1,2,0,0,1
random,465,146599,11,False,other,1,5,0,11,5,2,3,0,1,1,3,2,8,2,1,1
random,466,146699,8,False,other,1,5,0,7,7,3,4,0,0,1,3,1,5,4,2,2
random,467,146799,8,False,population_zero,0,5,0,7,4,0,4,3,0,1,1,1,4,2,1,1
random,468,146899,6,False,other,1,6,0,7,1,0,1,1,0,0,4,1,1,0,0,1
random,469,146999,14,False,population_zero,0,5,0,12,8,2,6,3,1,3,1,1,5,4,2,2
random,470,147099,8,False,other,1,5,0,8,3,1,2,2,0,0,2,1,4,4,2,0
random,471,147199,7,False,other,3,5,0,11,3,1,2,1,1,1,3,1,3,2,1,0
random,472,147299,13,False,other,1,5,0,13,4,1,3,0,1,1,4,3,4,2,1,1
random,473,147399,10,False,other,1,6,0,13,3,1,2,2,0,1,5,4,2,2,1,2
random,474,147499,5,False,other,1,5,0,7,1,0,1,1,0,0,2,1,3,2,1,0
random,475,147599,7,False,other,1,5,0,7,5,0,5,2,0,0,3,1,1,0,0,1
random,476,147699,12,False,population_zero,0,5,0,8,6,0,6,3,0,0,2,2,3,2,1,1
random,477,147799,13,False,other,1,5,0,15,6,2,4,2,1,3,6,5,4,4,2,3
random,478,147899,6,False,other,1,5,0,7,2,0,2,1,1,1,3,2,2,0,0,0
random,479,147999,21,False,population_zero,0,5,0,18,7,2,5,2,1,3,4,4,10,8,4,6
random,480,148099,3,False,other,3,5,0,7,2,0,2,0,0,0,2,0,2,2,1,1
random,481,148199,13,False,other,1,5,0,23,7,2,5,4,0,1,5,3,2,0,0,3
random,482,148299,18,False,other,1,5,0,24,8,2,6,0,2,2,3,2,5,4,2,4
random,483,148399,18,False,other,1,5,0,21,9,2,7,2,2,3,3,2,7,2,1,3
random,484,148499,11,False,population_zero,0,6,2,9,5,1,4,2,1,1,3,2,2,2,1,1
random,485,148599,7,False,other,3,5,0,7,1,1,0,0,1,1,5,3,0,0,0,0
random,486,148699,17,False,population_zero,0,5,0,16,6,1,5,2,0,1,0,0,6,4,2,2
random,487,148799,8,False,other,1,5,0,7,4,0,4,2,1,1,3,1,1,0,0,1
random,488,148899,2,False,other,3,5,0,7,1,0,1,1,0,0,2,0,0,0,0,0
random,489,148999,6,False,population_zero,0,5,19,26,1,0,1,1,0,3,1,1,1,0,0,5
random,490,149099,13,False,population_zero,0,5,26,27,6,2,4,1,0,0,2,1,6,2,1,6
random,491,149199,16,False,population_zero,0,5,1,10,7,0,7,3,2,3,2,2,3,2,1,2
random,492,149299,7,False,other,1,5,0,7,3,0,3,1,0,1,2,1,3,2,1,1
random,493,149399,9,False,population_zero,0,5,7,16,3,0,3,2,0,1,1,1,3,2,1,4
random,494,149499,7,False,population_zero,0,5,0,7,4,0,4,3,1,1,0,0,4,2,1,0
random,495,149599,2,False,other,3,5,0,7,0,0,0,0,0,1,2,0,0,0,0,1
random,496,149699,6,False,other,1,5,0,8,3,2,1,0,0,0,2,0,3,2,1,1
random,497,149799,5,False,other,1,5,0,7,1,0,1,1,0,0,2,1,3,0,0,0
random,498,149899,6,False,other,1,5,0,7,2,0,2,1,0,1,2,1,2,2,1,1
random,499,149999,11,False,other,1,5,0,14,4,1,3,3,1,1,3,1,3,2,1,2
random,500,150099,9,False,other,1,5,0,9,3,2,1,0,0,0,2,1,5,2,1,3
random,501,150199,8,False,other,1,5,0,15,5,1,4,2,1,1,3,2,2,2,1,1
random,502,150299,9,False,population_zero,0,6,10,10,3,0,3,1,0,1,3,2,3,2,1,4
random,503,150399,8,False,population_zero,0,5,0,7,2,0,2,1,0,1,2,1,3,2,1,3
random,504,150499,5,False,other,1,5,0,7,2,0,2,1,0,0,2,1,2,2,1,0
random,505,150599,10,False,other,3,6,0,22,4,2,2,0,1,3,6,4,1,0,0,3
random,506,150699,2,False,other,3,5,0,7,0,0,0,0,0,1,2,0,1,0,0,1
random,507,150799,5,False,population_zero,0,5,0,7,2,0,2,1,0,1,1,0,1,0,0,3
random,508,150899,2,False,other,3,5,0,7,1,0,1,1,0,0,2,0,1,0,0,0
random,509,150999,10,False,population_zero,0,5,0,19,5,1,4,2,1,2,3,3,6,4,2,2
random,510,151099,6,False,other,1,5,0,7,2,0,2,1,0,0,3,2,2,0,0,0
random,511,151199,14,False,population_zero,0,5,3,8,4,1,3,2,1,1,2,1,5,4,2,2
random,512,151299,13,False,population_zero,0,5,0,7,4,1,3,1,1,2,3,3,7,2,1,1
random,513,151399,12,False,population_zero,0,5,0,7,4,1,3,0,0,0,4,4,6,2,1,0
random,514,151499,18,False,population_zero,0,5,0,23,5,2,3,2,2,3,2,2,8,2,1,3
random,515,151599,4,False,other,5,6,0,7,1,1,0,0,0,0,4,1,0,0,0,0
random,516,151699,9,False,population_zero,0,5,8,9,3,1,2,2,1,1,2,2,5,2,1,2
random,517,151799,15,False,population_zero,0,5,18,25,4,0,4,2,1,2,0,0,2,0,0,3
random,518,151899,9,False,other,1,6,0,7,2,1,1,0,0,0,4,3,2,0,0,1
random,519,151999,11,False,other,1,5,0,7,4,1,3,2,1,1,4,3,1,0,0,0
random,520,152099,9,False,other,1,5,0,8,6,2,4,3,0,0,4,3,3,2,1,0
random,521,152199,4,False,population_zero,0,5,0,7,3,0,3,3,0,0,1,1,1,0,0,2
random,522,152299,7,False,other,1,5,0,8,3,1,2,1,0,1,2,1,3,0,0,1
random,523,152399,5,False,other,3,5,0,7,0,0,0,0,1,1,3,1,1,0,0,0
random,524,152499,5,False,other,1,5,0,7,1,0,1,0,0,1,2,1,3,0,0,1
random,525,152599,8,False,population_zero,0,5,0,7,4,0,4,4,1,1,2,2,1,0,0,0
random,526,152699,8,False,other,1,5,0,7,1,0,1,1,0,0,4,3,3,2,1,0
random,527,152799,6,False,other,1,5,0,7,3,1,2,2,0,1,2,1,2,2,1,1
random,528,152899,9,False,population_zero,0,5,13,14,6,1,5,4,0,0,1,1,2,2,1,1
random,529,152999,6,False,other,3,5,0,7,2,0,2,0,1,1,4,2,1,0,0,0
random,530,153099,8,False,population_zero,0,5,0,7,3,1,2,1,1,1,1,1,6,4,2,1
random,531,153199,5,False,other,3,6,0,7,3,1,2,2,1,1,3,1,1,0,0,0
random,532,153299,21,False,population_zero,0,6,0,23,13,5,8,3,0,2,5,5,17,6,3,6
random,533,153399,8,False,population_zero,0,5,0,7,1,0,1,1,0,0,3,3,2,2,1,0
random,534,153499,18,False,population_zero,0,5,0,18,8,1,7,2,1,2,3,3,8,8,4,4
random,535,153599,9,False,population_zero,0,5,0,7,6,0,6,0,1,2,2,2,2,2,1,2
random,536,153699,6,False,population_zero,0,5,0,7,3,0,3,0,0,1,0,0,8,4,2,2
random,537,153799,14,False,population_zero,0,5,0,15,5,1,4,1,0,1,2,2,4,0,0,2
random,538,153899,13,False,population_zero,0,5,0,16,5,0,5,3,1,1,2,2,9,0,0,1
random,539,153999,12,False,other,1,7,0,17,6,2,4,2,1,1,5,4,7,4,2,0
random,540,154099,19,False,population_zero,0,5,0,9,7,2,5,2,1,1,2,2,4,2,1,1
random,541,154199,6,False,other,3,5,0,10,3,0,3,1,0,0,3,1,2,0,0,1
random,542,154299,23,False,other,1,5,0,17,5,3,2,1,1,1,6,5,11,10,5,4
random,543,154399,6,False,other,1,5,0,7,3,0,3,1,1,1,2,1,3,2,1,0
random,544,154499,9,False,population_zero,0,5,0,7,2,0,2,1,1,3,3,3,1,0,0,3
random,545,154599,14,False,other,3,6,0,15,6,2,4,0,1,1,7,5,3,2,1,2
random,546,154699,12,False,population_zero,0,7,0,13,3,2,1,1,2,4,5,3,5,4,2,3
random,547,154799,9,False,population_zero,0,5,0,7,3,1,2,1,1,1,2,2,7,2,1,0
random,548,154899,8,False,population_zero,0,5,0,7,4,0,4,1,1,1,2,2,2,0,0,0
random,549,154999,6,False,other,1,5,0,7,2,0,2,2,0,0,2,1,4,4,2,0
random,550,155099,5,False,other,1,5,0,10,3,1,2,2,0,1,2,1,3,0,0,1
random,551,155199,7,False,other,3,5,0,12,2,1,1,1,1,1,4,2,2,0,0,0
random,552,155299,9,False,population_zero,0,5,0,7,3,0,3,0,1,1,2,2,3,0,0,0
random,553,155399,2,False,other,3,5,0,7,1,0,1,1,0,0,2,0,0,0,0,0
random,554,155499,4,False,population_zero,0,5,0,7,3,0,3,3,0,0,0,0,2,2,1,1
random,555,155599,6,False,population_zero,0,5,0,7,3,0,3,2,1,2,0,0,2,0,0,1
random,556,155699,7,False,other,1,5,0,9,3,0,3,1,0,0,3,2,0,0,0,0
random,557,155799,2,False,other,3,5,0,7,1,0,1,1,0,0,2,0,0,0,0,0
random,558,155899,4,False,other,3,5,0,7,1,0,1,1,0,0,3,1,0,0,0,0
random,559,155999,5,False,other,1,5,0,7,3,0,3,2,0,0,2,1,0,0,0,0
random,560,156099,5,False,other,1,5,0,7,1,0,1,1,0,1,2,1,2,2,1,1
random,561,156199,9,False,other,1,5,0,7,3,0,3,0,1,1,3,2,3,2,1,0
random,562,156299,4,False,other,1,5,0,7,1,0,1,0,0,2,2,1,5,0,0,2
random,563,156399,11,False,other,1,5,0,8,3,0,3,0,1,2,3,2,7,0,0,2
random,564,156499,8,False,other,1,5,0,7,1,0,1,0,0,0,4,3,1,0,0,0
random,565,156599,2,False,other,3,5,0,7,1,0,1,1,0,0,2,0,0,0,0,0
random,566,156699,5,False,other,1,5,0,7,1,0,1,1,0,0,3,2,1,0,0,1
random,567,156799,8,False,other,1,6,0,11,5,1,4,2,1,1,4,3,1,0,0,1
random,568,156899,9,False,population_zero,0,5,0,9,8,2,6,2,1,1,1,1,6,2,1,0
random,569,156999,8,False,other,1,5,0,7,5,2,3,2,0,1,2,1,2,2,1,1
random,570,157099,10,False,population_zero,0,5,0,8,5,2,3,2,2,2,2,1,4,0,0,1
random,571,157199,10,False,population_zero,0,5,0,16,3,0,3,0,1,1,2,2,4,0,0,1
random,572,157299,11,False,other,1,5,0,7,5,2,3,2,1,1,1,0,3,0,0,0
random,573,157399,3,False,other,3,5,0,7,1,0,1,0,0,1,2,0,0,0,0,1
random,574,157499,9,False,population_zero,0,5,1,7,3,0,3,1,0,0,1,1,4,4,2,2
random,575,157599,6,False,other,1,5,0,7,2,0,2,0,1,1,2,1,1,0,0,1
random,576,157699,6,False,population_zero,0,5,0,7,3,0,3,1,0,0,1,1,5,0,0,0
random,577,157799,7,False,other,1,5,0,7,3,0,3,0,0,1,4,2,2,2,1,2
random,578,157899,8,False,population_zero,0,5,0,8,3,0,3,2,1,2,2,2,3,2,1,2
random,579,157999,6,False,population_zero,0,5,0,7,3,0,3,3,0,0,1,1,2,2,1,0
random,580,158099,6,False,population_zero,0,5,0,7,2,0,2,2,0,0,1,1,2,0,0,2
random,581,158199,5,False,other,1,5,0,7,3,0,3,0,0,1,2,1,2,0,0,1
random,582,158299,14,False,population_zero,0,6,18,18,5,1,4,1,0,1,5,5,4,4,2,6
random,583,158399,13,False,population_zero,0,5,0,8,7,2,5,1,0,0,4,3,2,2,1,1
random,584,158499,7,False,other,1,5,0,13,3,0,3,2,0,0,2,1,1,0,0,2
random,585,158599,4,False,other,1,5,0,7,0,0,0,0,1,1,1,0,2,0,0,2
random,586,158699,11,False,population_zero,0,5,0,8,4,1,3,1,1,1,3,3,5,4,2,0
random,587,158799,6,False,population_zero,0,5,0,12,4,1,3,1,1,3,0,0,3,0,0,2
random,588,158899,7,False,other,1,5,0,7,5,2,3,3,0,0,2,1,2,2,1,0
random,589,158999,7,False,population_zero,0,5,0,7,3,0,3,1,1,1,1,1,0,0,0,0
random,590,159099,13,False,population_zero,0,5,0,7,6,1,5,1,2,2,1,1,2,2,1,0
random,591,159199,5,False,other,1,5,0,7,4,0,4,2,0,1,2,1,0,0,0,1
random,592,159299,13,False,population_zero,0,5,13,13,4,2,2,0,1,4,3,3,3,2,1,4
random,593,159399,12,False,population_zero,0,5,0,17,6,1,5,1,0,1,3,3,1,0,0,3
random,594,159499,8,False,population_zero,0,5,0,7,1,0,1,1,0,2,1,1,4,2,1,3
random,595,159599,11,False,other,1,5,0,10,2,1,1,0,2,4,4,3,2,2,1,2
random,596,159699,2,False,other,3,5,0,7,1,0,1,1,0,0,2,0,1,0,0,0
random,597,159799,23,False,population_zero,0,5,3,21,6,0,6,3,1,2,3,2,6,6,3,5
random,598,159899,22,False,population_zero,0,5,0,10,9,2,7,4,2,2,5,5,7,6,3,2
random,599,159999,9,False,population_zero,0,5,0,15,7,0,7,3,0,1,2,2,2,0,0,2
random,600,160099,14,False,population_zero,0,5,9,12,4,1,3,2,1,3,1,1,3,2,1,3
random,601,160199,6,False,other,1,5,0,7,4,0,4,2,0,0,2,1,0,0,0,0
random,602,160299,7,False,other,1,5,0,7,4,0,4,1,0,0,2,1,1,0,0,1
random,603,160399,8,False,other,3,5,0,7,2,1,1,0,1,2,4,2,2,0,0,1
random,604,160499,8,False,population_zero,0,5,0,7,4,1,3,2,0,0,2,2,5,2,1,0
random,605,160599,12,False,population_zero,0,5,0,21,4,1,3,2,0,1,3,3,6,6,3,2
random,606,160699,5,False,other,1,5,0,7,2,0,2,2,0,0,3,2,2,2,1,0
random,607,160799,10,False,population_zero,0,5,0,12,4,1,3,2,0,1,2,2,5,2,1,2
random,608,160899,8,False,population_zero,0,5,0,8,3,0,3,0,1,3,1,0,1,0,0,5
random,609,160999,19,False,population_zero,0,5,15,15,8,2,6,2,1,1,3,3,7,6,3,3
random,610,161099,21,False,population_zero,0,5,0,17,8,3,5,2,1,3,3,3,6,6,3,5
random,611,161199,20,False,population_zero,0,5,7,26,12,4,8,5,2,3,3,3,5,4,2,3
random,612,161299,12,False,other,1,5,0,9,6,0,6,2,1,1,3,2,3,2,1,1
random,613,161399,6,False,other,1,5,0,7,3,1,2,1,0,2,3,2,1,0,0,2
random,614,161499,7,False,population_zero,0,5,10,10,2,0,2,2,0,0,3,3,2,2,1,1
random,615,161599,4,False,other,3,5,0,7,0,0,0,0,0,0,3,0,3,2,1,1
random,616,161699,6,False,other,1,5,0,7,1,0,1,0,0,1,3,2,0,0,0,1
random,617,161799,14,False,population_zero,0,5,16,16,2,1,1,1,0,1,0,0,8,4,2,4
random,618,161899,7,False,other,1,5,0,11,4,1,3,3,0,0,2,1,7,2,1,0
random,619,161999,15,False,population_zero,0,5,0,9,3,0,3,1,1,1,1,0,4,4,2,2
random,620,162099,2,False,other,3,5,0,7,0,0,0,0,0,1,2,0,0,0,0,1
random,621,162199,12,False,other,1,5,0,10,6,2,4,0,2,2,4,3,5,2,1,0
random,622,162299,4,False,other,3,5,0,7,1,0,1,0,0,0,2,0,6,4,2,0
random,623,162399,5,False,other,3,5,0,7,0,0,0,0,0,0,4,2,0,0,0,0
random,624,162499,13,False,population_zero,0,7,0,8,6,4,2,1,2,5,4,4,9,2,1,3
random,625,162599,7,False,population_zero,0,5,0,7,4,0,4,2,0,0,3,3,1,0,0,0
random,626,162699,6,False,other,1,5,0,7,1,0,1,1,0,0,3,2,3,2,1,0
random,627,162799,4,False,other,1,5,0,7,1,0,1,1,0,1,2,1,1,0,0,1
random,628,162899,6,False,other,3,5,0,7,3,1,2,1,0,0,3,1,1,0,0,1
random,629,162999,13,False,other,1,6,0,7,5,1,4,0,1,2,6,2,3,2,1,3
random,630,163099,5,False,other,1,5,0,7,3,0,3,1,0,0,2,1,1,0,0,1
random,631,163199,10,False,population_zero,0,5,10,20,8,1,7,4,1,1,0,0,8,2,1,1
random,632,163299,13,False,other,1,5,0,16,8,2,6,2,1,3,3,2,5,4,2,3
random,633,163399,8,False,other,1,5,0,7,3,1,2,0,0,0,6,2,5,0,0,3
random,634,163499,15,False,population_zero,0,5,16,18,5,0,5,2,1,1,3,3,5,2,1,3
random,635,163599,9,False,population_zero,0,5,0,7,4,1,3,1,0,0,4,3,2,2,1,1
random,636,163699,9,False,population_zero,0,5,0,18,5,1,4,0,1,3,2,1,3,2,1,4
random,637,163799,12,False,other,1,5,0,7,2,0,2,1,0,0,5,4,5,2,1,1
random,638,163899,9,False,population_zero,0,5,4,11,5,0,5,4,1,1,1,1,3,2,1,2
random,639,163999,7,False,other,1,5,0,7,2,0,2,0,0,1,2,1,2,2,1,1
random,640,164099,8,False,population_zero,0,5,0,7,2,0,2,0,0,1,3,3,1,0,0,1
random,641,164199,13,False,population_zero,0,7,0,13,9,4,5,3,0,0,6,6,8,0,0,0
random,642,164299,5,False,other,3,5,0,7,2,0,2,0,0,0,4,2,0,0,0,0
random,643,164399,14,False,population_zero,0,5,13,13,5,2,3,2,0,1,3,3,3,2,1,2
random,644,164499,11,False,population_zero,0,5,0,12,3,1,2,1,1,1,3,3,3,2,1,1
random,645,164599,4,False,population_zero,0,5,0,7,3,0,3,2,0,0,0,0,1,0,0,2
random,646,164699,7,False,other,3,5,0,7,3,2,1,0,0,0,4,2,3,2,1,0
random,647,164799,18,False,population_zero,0,5,10,10,5,2,3,0,2,2,8,7,4,4,2,2
random,648,164899,12,False,other,1,5,0,18,3,1,2,0,1,1,6,5,4,0,0,1
random,649,164999,12,False,population_zero,0,5,6,7,4,2,2,0,1,1,2,2,4,2,1,2
random,650,165099,10,False,population_zero,0,5,0,8,5,1,4,2,0,1,3,3,2,2,1,1
random,651,165199,15,False,population_zero,0,5,0,7,3,1,2,0,1,1,3,3,7,2,1,1
random,652,165299,10,False,population_zero,0,5,6,15,5,2,3,3,1,2,1,1,7,2,1,3
random,653,165399,8,False,other,3,6,0,7,2,1,1,0,0,0,6,2,0,0,0,1
random,654,165499,18,False,population_zero,0,5,0,13,8,1,7,2,0,0,5,5,7,4,2,2
random,655,165599,12,False,population_zero,0,5,0,7,4,1,3,1,1,1,3,2,4,4,2,1
random,656,165699,15,False,population_zero,0,6,0,7,4,2,2,1,1,3,4,4,11,4,2,2
random,657,165799,2,False,other,3,5,0,7,1,0,1,1,0,0,2,0,1,0,0,0
random,658,165899,7,False,other,1,5,0,7,2,0,2,1,0,1,2,1,3,0,0,1
random,659,165999,13,False,population_zero,0,6,0,27,7,3,4,1,0,1,3,3,13,4,2,2
random,660,166099,14,False,population_zero,0,5,9,11,1,0,1,0,1,5,2,1,3,2,1,7
random,661,166199,16,False,population_zero,0,6,9,16,6,0,6,1,1,2,5,4,8,6,3,4
random,662,166299,11,False,population_zero,0,5,0,7,5,1,4,2,1,1,1,1,3,2,1,1
random,663,166399,15,False,population_zero,0,6,0,14,5,1,4,1,2,2,3,3,8,6,3,0
random,664,166499,8,False,population_zero,0,5,0,13,4,0,4,2,1,1,1,1,3,2,1,2
random,665,166599,9,False,population_zero,0,5,0,7,6,1,5,3,1,1,1,1,1,0,0,0
random,666,166699,8,False,other,1,5,0,7,2,0,2,0,1,1,4,3,1,0,0,0
random,667,166799,15,False,other,1,5,0,23,3,0,3,1,0,1,3,2,6,6,3,4
random,668,166899,6,False,population_zero,0,5,0,7,3,0,3,2,0,0,2,2,3,0,0,0
random,669,166999,8,False,population_zero,0,5,10,10,3,1,2,2,0,1,3,3,2,0,0,2
random,670,167099,6,False,other,1,5,0,8,3,1,2,1,0,2,2,1,0,0,0,3
random,671,167199,15,False,population_zero,0,5,0,10,5,1,4,3,0,0,1,1,8,2,1,0
random,672,167299,10,False,population_zero,0,7,0,7,6,3,3,1,1,2,5,3,5,4,2,3
random,673,167399,13,False,population_zero,0,6,20,20,6,3,3,1,2,4,4,4,8,2,1,5
random,674,167499,17,False,population_zero,0,6,0,13,9,3,6,3,2,3,3,3,11,10,5,2
random,675,167599,5,False,other,3,5,0,7,1,0,1,1,0,0,4,2,0,0,0,1
random,676,167699,13,False,population_zero,0,5,16,20,6,1,5,2,1,1,2,0,5,4,2,4
random,677,167799,6,False,other,1,5,0,7,0,0,0,0,0,0,4,2,0,0,0,2
random,678,167899,11,False,other,1,5,0,8,4,3,1,1,1,3,6,5,1,0,0,2
random,679,167999,16,False,population_zero,0,5,9,13,6,1,5,2,0,2,3,3,5,4,2,6
random,680,168099,18,False,population_zero,0,5,7,15,5,1,4,1,1,2,1,1,9,8,4,3
random,681,168199,18,False,other,1,5,0,13,5,2,3,1,1,2,4,3,9,8,4,2
random,682,168299,13,False,other,1,7,0,13,5,2,3,2,1,1,7,3,4,2,1,4
random,683,168399,6,False,other,1,5,0,7,1,0,1,1,0,0,2,1,4,2,1,1
random,684,168499,9,False,other,1,5,0,11,4,2,2,1,1,2,3,2,1,0,0,3
random,685,168599,13,False,population_zero,0,5,16,16,6,2,4,3,1,1,1,1,4,2,1,3
random,686,168699,8,False,other,1,5,0,7,1,0,1,1,0,0,4,3,2,2,1,0
random,687,168799,12,False,other,1,5,0,8,4,0,4,2,2,2,3,2,5,2,1,1
random,688,168899,7,False,population_zero,0,5,0,7,2,0,2,1,0,1,2,2,2,2,1,2
random,689,168999,6,False,other,1,5,0,7,3,0,3,1,0,1,2,1,0,0,0,2
random,690,169099,13,False,population_zero,0,5,0,9,7,1,6,1,2,2,3,3,12,6,3,1
random,691,169199,11,False,other,1,5,0,14,4,0,4,2,0,0,6,5,1,0,0,1
random,692,169299,5,False,population_zero,0,5,0,7,3,0,3,1,1,2,2,0,1,0,0,4
random,693,169399,5,False,other,1,5,0,7,2,0,2,2,0,0,2,1,1,0,0,0
random,694,169499,11,False,population_zero,0,5,0,7,3,0,3,0,1,1,3,3,5,4,2,0
random,695,169599,13,False,population_zero,0,5,1,19,4,1,3,3,0,1,3,3,1,0,0,3
random,696,169699,16,False,population_zero,0,5,0,11,8,2,6,2,0,2,3,3,3,0,0,2
random,697,169799,17,False,population_zero,0,5,0,18,8,1,7,3,1,3,2,2,7,4,2,3
random,698,169899,6,False,other,1,5,0,7,3,1,2,1,0,0,2,1,5,2,1,0
random,699,169999,15,False,population_zero,0,6,0,12,5,3,2,2,1,1,5,4,10,4,2,2
random,700,170099,7,False,other,1,5,0,7,1,0,1,1,0,0,4,3,2,2,1,0
random,701,170199,14,False,population_zero,0,5,0,10,6,2,4,3,0,1,2,2,7,4,2,1
random,702,170299,7,False,population_zero,0,5,0,8,4,0,4,2,0,0,2,2,2,0,0,1
random,703,170399,11,False,population_zero,0,5,1,9,5,2,3,2,1,2,2,1,2,2,1,3
random,704,170499,7,False,population_zero,0,5,0,11,3,1,2,1,1,1,2,2,3,0,0,1
random,705,170599,9,False,population_zero,0,6,0,7,2,1,1,1,1,1,3,2,5,0,0,1
random,706,170699,16,False,other,1,5,0,17,7,1,6,3,1,1,4,3,9,8,4,2
random,707,170799,9,False,population_zero,0,5,0,7,2,0,2,1,2,2,1,1,4,0,0,0
random,708,170899,13,False,population_zero,0,5,3,9,6,1,5,3,2,2,2,2,4,2,1,1
random,709,170999,9,False,population_zero,0,6,10,10,5,1,4,3,1,1,3,3,3,0,0,1
random,710,171099,8,False,other,1,5,0,7,2,0,2,0,0,0,4,3,3,2,1,0
random,711,171199,8,False,other,1,5,0,7,2,0,2,1,1,1,4,3,1,0,0,0
random,712,171299,18,False,population_zero,0,6,0,15,10,2,8,5,1,1,7,6,7,4,2,2
random,713,171399,5,False,other,1,5,0,9,2,0,2,2,1,1,1,0,1,0,0,0
random,714,171499,12,False,other,1,5,0,11,5,2,3,1,2,3,4,3,3,0,0,3
random,715,171599,20,False,population_zero,0,5,0,26,10,2,8,5,0,2,4,4,5,4,2,4
random,716,171699,9,False,population_zero,0,5,0,7,5,0,5,2,2,2,1,1,3,2,1,0
random,717,171799,5,False,other,1,5,0,7,3,0,3,1,0,0,3,1,1,0,0,1
random,718,171899,16,False,population_zero,0,5,0,18,4,1,3,0,1,1,4,4,4,4,2,1
random,719,171999,9,False,population_zero,0,5,0,13,4,0,4,1,2,3,3,2,2,2,1,3
random,720,172099,5,False,population_zero,0,5,0,7,1,0,1,0,0,2,1,1,1,0,0,4
random,721,172199,8,False,other,1,5,0,7,4,0,4,1,0,0,4,3,2,2,1,0
random,722,172299,9,False,population_zero,0,5,0,13,4,0,4,2,0,0,1,1,3,2,1,1
random,723,172399,15,False,population_zero,0,5,0,7,3,1,2,1,1,1,6,6,5,0,0,0
random,724,172499,4,False,other,3,5,0,7,2,1,1,1,0,1,3,1,1,0,0,1
random,725,172599,13,False,population_zero,0,5,0,13,5,1,4,1,1,2,3,3,2,0,0,2
random,726,172699,8,False,other,1,5,0,11,3,1,2,2,0,0,2,1,4,4,2,1
random,727,172799,13,False,population_zero,0,5,0,7,5,1,4,0,1,2,2,2,1,0,0,1
random,728,172899,20,False,population_zero,0,5,2,14,5,2,3,2,1,1,2,2,11,10,5,3
random,729,172999,9,False,population_zero,0,5,10,10,4,0,4,2,0,1,1,1,2,2,1,2
random,730,173099,8,False,population_zero,0,6,0,8,5,1,4,1,1,1,2,0,0,0,0,3
random,731,173199,6,False,population_zero,0,5,0,7,5,2,3,1,2,4,0,0,5,2,1,2
random,732,173299,8,False,other,3,6,0,7,2,1,1,0,0,1,6,4,0,0,0,1
random,733,173399,5,False,population_zero,0,5,0,7,4,0,4,3,0,2,1,1,2,2,1,2
random,734,173499,7,False,other,3,5,0,7,3,2,1,0,2,3,3,1,2,2,1,1
random,735,173599,5,False,other,3,5,0,7,1,0,1,0,0,0,4,2,0,0,0,0
random,736,173699,8,False,population_zero,0,5,21,30,2,0,2,0,0,1,0,0,0,0,0,5
random,737,173799,7,False,other,1,5,0,7,1,0,1,0,1,1,2,1,1,0,0,1
random,738,173899,12,False,other,1,5,0,10,4,1,3,1,0,1,2,1,4,4,2,2
random,739,173999,2,False,other,3,5,0,7,0,0,0,0,0,1,2,0,0,0,0,1
random,740,174099,18,False,population_zero,0,6,0,11,8,3,5,4,2,3,7,7,4,4,2,2
random,741,174199,14,False,other,3,5,0,15,7,2,5,2,0,1,6,4,5,4,2,2
random,742,174299,18,False,population_zero,0,5,22,30,8,2,6,3,1,1,1,1,8,8,4,3
random,743,174399,5,False,other,3,5,0,7,2,0,2,1,0,0,4,2,1,0,0,0
random,744,174499,18,False,population_zero,0,5,0,14,6,0,6,3,1,1,4,4,3,2,1,3
random,745,174599,2,False,other,3,5,0,7,1,0,1,1,0,0,2,0,0,0,0,0
random,746,174699,5,False,other,1,5,0,7,2,0,2,0,1,1,2,0,3,0,0,1
random,747,174799,9,False,population_zero,0,5,0,7,5,1,4,0,0,2,2,2,3,2,1,2
random,748,174899,8,False,population_zero,0,5,0,8,4,2,2,1,0,2,1,1,3,2,1,2
random,749,174999,8,False,population_zero,0,5,0,7,2,0,2,1,0,0,3,3,0,0,0,0
random,750,175099,8,False,population_zero,0,6,20,20,2,0,2,2,1,1,3,2,1,0,0,4
random,751,175199,6,False,other,1,5,0,7,3,1,2,0,0,0,1,0,7,4,2,1
random,752,175299,11,False,population_zero,0,5,0,8,4,0,4,2,0,0,3,3,2,0,0,0
random,753,175399,9,False,population_zero,0,5,0,7,3,0,3,1,1,1,3,3,3,2,1,0
random,754,175499,7,False,other,1,5,0,12,3,1,2,2,0,0,3,2,2,2,1,0
random,755,175599,8,False,population_zero,0,5,0,8,1,0,1,1,1,2,2,2,5,2,1,1
random,756,175699,18,False,population_zero,0,5,12,20,7,2,5,2,2,3,4,4,6,6,3,6
random,757,175799,14,False,population_zero,0,5,3,7,2,0,2,0,1,2,3,3,5,2,1,1
random,758,175899,9,False,population_zero,0,5,0,7,1,0,1,0,1,2,3,3,0,0,0,1
random,759,175999,17,False,population_zero,0,5,0,23,9,1,8,3,0,1,3,3,6,6,3,3
random,760,176099,5,False,other,1,5,0,7,2,0,2,1,0,1,1,0,2,2,1,1
random,761,176199,16,False,population_zero,0,5,0,8,3,1,2,1,2,2,3,3,6,6,3,1
random,762,176299,2,False,other,3,5,0,7,0,0,0,0,0,1,2,0,0,0,0,1
random,763,176399,8,False,other,3,5,0,10,3,1,2,0,1,2,3,1,0,0,0,1
random,764,176499,8,False,population_zero,0,5,5,7,2,1,1,1,0,2,2,2,2,2,1,3
random,765,176599,10,False,population_zero,0,5,0,7,6,1,5,1,0,0,3,3,4,0,0,0
random,766,176699,7,False,other,1,5,0,8,4,2,2,2,0,0,3,1,6,4,2,1
random,767,176799,16,False,population_zero,0,6,0,13,5,0,5,3,1,1,5,5,5,2,1,2
random,768,176899,14,False,population_zero,0,6,26,26,5,2,3,2,1,2,5,5,1,0,0,4
random,769,176999,12,False,population_zero,0,5,0,11,7,2,5,3,1,2,2,2,1,0,0,1
random,770,177099,9,False,population_zero,0,5,0,7,4,1,3,2,1,1,1,1,4,0,0,0
random,771,177199,2,False,other,3,5,0,7,1,0,1,1,0,0,2,0,0,0,0,0
random,772,177299,13,False,other,1,5,0,19,7,2,5,2,1,1,3,1,5,4,2,2
random,773,177399,14,False,population_zero,0,5,0,22,5,1,4,1,1,2,3,3,6,0,0,5
random,774,177499,10,False,other,1,5,0,7,3,1,2,0,2,2,3,2,2,2,1,0
random,775,177599,15,False,population_zero,0,5,0,20,6,0,6,3,1,1,4,4,10,4,2,3
random,776,177699,15,False,population_zero,0,6,0,20,5,2,3,0,0,1,6,4,6,2,1,4
random,777,177799,7,False,population_zero,0,5,15,15,3,0,3,2,0,1,2,1,3,2,1,4
random,778,177899,5,False,population_zero,0,5,0,7,5,0,5,2,0,1,1,0,0,0,0,2
random,779,177999,2,False,other,3,5,0,7,1,0,1,1,0,0,2,0,0,0,0,0
random,780,178099,4,False,other,3,5,0,7,0,0,0,0,1,2,3,1,0,0,0,1
random,781,178199,10,False,population_zero,0,5,0,7,1,0,1,1,2,2,1,1,2,0,0,0
random,782,178299,13,False,other,1,5,0,8,5,1,4,1,0,1,4,3,3,2,1,1
random,783,178399,15,False,population_zero,0,5,0,7,7,0,7,2,1,1,4,4,3,2,1,0
random,784,178499,4,False,population_zero,0,5,0,7,2,0,2,2,1,1,0,0,3,0,0,2
random,785,178599,7,False,population_zero,0,5,6,12,2,1,1,1,0,2,0,0,1,0,0,4
random,786,178699,3,False,other,3,5,0,7,0,0,0,0,1,1,2,0,1,0,0,0
random,787,178799,11,False,population_zero,0,5,0,8,4,0,4,2,0,0,3,3,6,4,2,2
random,788,178899,10,False,population_zero,0,5,10,13,3,0,3,2,2,3,2,2,5,2,1,3
random,789,178999,14,False,population_zero,0,5,0,15,7,2,5,1,1,3,3,3,8,4,2,4
random,790,179099,6,False,other,3,5,0,7,2,1,1,1,0,0,4,2,2,2,1,0
random,791,179199,12,False,other,1,6,0,9,5,1,4,2,0,0,4,3,6,4,2,1
random,792,179299,6,False,population_zero,0,5,1,7,3,0,3,2,1,1,1,1,1,0,0,1
random,793,179399,12,False,population_zero,0,5,0,7,3,1,2,1,1,3,2,2,11,0,0,2
random,794,179499,15,False,other,1,5,0,12,4,2,2,0,3,3,6,5,4,4,2,0
random,795,179599,15,False,population_zero,0,5,12,14,7,2,5,2,1,1,3,3,3,2,1,5
random,796,179699,10,False,population_zero,0,5,10,11,7,1,6,2,1,1,1,1,4,2,1,3
random,797,179799,5,False,other,3,5,0,7,0,0,0,0,1,2,4,2,0,0,0,1
random,798,179899,6,False,other,1,5,0,7,2,0,2,1,1,1,3,1,2,2,1,1
random,799,179999,4,False,other,3,5,0,7,1,0,1,0,0,0,3,1,1,0,0,0
random,800,180099,12,False,population_zero,0,5,2,9,7,1,6,4,1,1,2,2,3,0,0,1
random,801,180199,8,False,population_zero,0,5,0,7,2,0,2,1,1,1,3,3,0,0,0,0
random,802,180299,5,False,other,1,5,0,7,3,1,2,2,1,1,2,1,3,2,1,0
random,803,180399,3,False,other,3,5,0,7,1,0,1,1,0,0,2,0,0,0,0,0
random,804,180499,8,False,population_zero,0,5,0,10,6,1,5,1,1,2,2,2,1,0,0,1
random,805,180599,2,False,other,3,5,0,7,0,0,0,0,0,1,2,0,1,0,0,1
random,806,180699,13,False,population_zero,0,5,1,28,4,0,4,2,1,1,2,2,1,0,0,5
random,807,180799,5,False,other,3,5,0,14,2,0,2,1,0,0,3,1,2,0,0,1
random,808,180899,5,False,population_zero,0,5,0,7,2,0,2,2,1,2,0,0,4,2,1,1
random,809,180999,8,False,population_zero,0,5,23,24,4,1,3,2,0,1,1,1,2,2,1,4
random,810,181099,5,False,other,1,5,0,7,2,0,2,1,0,0,2,1,2,2,1,0
random,811,181199,6,False,other,3,5,0,7,2,1,1,0,0,0,4,2,1,0,0,0
random,812,181299,15,False,population_zero,0,7,0,10,7,4,3,3,2,2,3,3,10,2,1,0
random,813,181399,14,False,population_zero,0,5,0,7,3,1,2,0,0,0,5,5,5,0,0,1
random,814,181499,12,False,other,1,5,0,9,7,1,6,1,1,1,4,3,1,0,0,1
random,815,181599,9,False,population_zero,0,5,0,7,4,1,3,2,1,2,2,2,1,0,0,1
random,816,181699,6,False,other,1,5,0,8,3,1,2,1,0,1,3,2,1,0,0,1
random,817,181799,7,False,other,1,5,0,11,4,1,3,2,0,1,2,1,4,2,1,1
random,818,181899,3,False,other,3,5,0,7,1,0,1,1,0,0,2,0,2,0,0,0
random,819,181999,9,False,other,1,5,0,7,1,1,0,0,0,0,4,3,3,2,1,0
random,820,182099,11,False,other,1,5,0,7,2,2,0,0,1,3,5,4,2,2,1,2
random,821,182199,8,False,other,1,5,0,7,2,2,0,0,0,1,4,2,1,0,0,2
random,822,182299,6,False,other,1,5,0,7,1,0,1,0,0,0,2,0,2,0,0,1
random,823,182399,4,False,other,3,5,0,7,2,0,2,1,0,0,3,1,2,0,0,0
random,824,182499,5,False,population_zero,0,5,0,7,3,0,3,1,0,1,1,1,2,0,0,2
random,825,182599,24,False,population_zero,0,6,0,12,10,2,8,1,2,4,7,6,12,10,5,6
random,826,182699,7,False,population_zero,0,5,0,7,3,0,3,2,1,1,2,2,2,0,0,0
random,827,182799,10,False,other,1,5,0,14,7,2,5,3,0,1,4,2,4,4,2,3
random,828,182899,15,False,population_zero,0,5,0,7,4,1,3,0,1,1,3,3,7,4,2,1
random,829,182999,6,False,other,1,5,0,7,1,0,1,1,1,1,3,2,0,0,0,0
random,830,183099,5,False,other,3,5,0,9,0,0,0,0,0,1,4,2,0,0,0,1
random,831,183199,7,False,other,1,5,0,7,5,1,4,4,0,0,2,1,2,2,1,0
random,832,183299,8,False,other,3,6,0,8,3,1,2,1,1,1,4,2,5,2,1,1
random,833,183399,6,False,other,1,5,0,7,4,1,3,2,1,1,2,1,2,2,1,0
random,834,183499,14,False,population_zero,0,5,0,7,4,1,3,2,0,2,1,1,5,2,1,3
random,835,183599,9,False,other,1,5,0,7,6,2,4,1,1,1,1,0,4,4,2,0
random,836,183699,13,False,population_zero,0,5,0,7,5,1,4,1,1,1,3,3,2,2,1,0
random,837,183799,8,False,other,3,6,0,7,2,1,1,0,0,0,5,3,5,0,0,0
random,838,183899,16,False,other,1,6,0,12,7,2,5,1,2,3,7,5,6,6,3,3
random,839,183999,27,False,population_zero,0,5,0,20,10,2,8,1,1,1,8,7,6,4,2,5
random,840,184099,10,False,population_zero,0,5,21,27,2,1,1,1,1,3,1,1,2,2,1,5
random,841,184199,6,False,other,1,5,0,7,3,0,3,1,0,2,1,0,4,2,1,2
random,842,184299,7,False,other,1,5,0,7,1,0,1,0,0,1,3,2,2,0,0,1
random,843,184399,6,False,other,1,5,0,7,0,0,0,0,0,0,3,1,2,2,1,1
random,844,184499,22,False,population_zero,0,7,0,12,2,1,1,1,3,4,13,11,4,4,2,3
random,845,184599,6,False,other,1,5,0,7,4,0,4,2,0,0,3,1,1,0,0,1
random,846,184699,10,False,other,1,5,0,7,3,1,2,1,1,1,5,4,1,0,0,0
random,847,184799,5,False,other,3,5,0,7,1,0,1,0,0,0,3,1,2,2,1,0
random,848,184899,6,False,population_zero,0,5,19,21,2,0,2,1,0,1,0,0,3,2,1,4
random,849,184999,10,False,population_zero,0,5,0,19,5,1,4,3,1,2,2,2,1,0,0,2
random,850,185099,5,False,other,3,5,0,7,3,1,2,1,0,0,3,1,0,0,0,0
random,851,185199,15,False,population_zero,0,5,0,21,10,1,9,2,0,0,4,4,4,2,1,3
random,852,185299,9,False,other,3,5,0,15,3,1,2,0,1,1,4,2,3,2,1,1
random,853,185399,5,False,population_zero,0,5,13,14,2,0,2,1,0,2,0,0,2,0,0,4
random,854,185499,9,False,other,1,5,0,7,3,1,2,1,0,0,4,3,5,4,2,0
random,855,185599,10,False,population_zero,0,6,0,17,4,1,3,2,1,2,3,3,3,2,1,1
random,856,185699,6,False,population_zero,0,5,0,7,3,0,3,2,1,1,2,1,2,0,0,1
random,857,185799,17,False,population_zero,0,5,0,15,6,1,5,2,1,1,1,1,6,4,2,1
random,858,185899,9,False,population_zero,0,5,0,7,2,0,2,1,1,1,2,2,6,2,1,0
random,859,185999,9,False,population_zero,0,5,12,12,1,0,1,0,0,1,2,2,2,2,1,2
random,860,186099,19,False,population_zero,0,5,24,30,7,4,3,1,1,2,4,3,8,6,3,8
random,861,186199,4,False,population_zero,0,5,0,7,2,0,2,1,0,0,0,0,4,2,1,1
random,862,186299,14,False,population_zero,0,5,0,17,7,1,6,3,2,2,3,2,4,4,2,1
random,863,186399,11,False,population_zero,0,5,26,44,6,3,3,2,0,1,1,1,0,0,0,4
random,864,186499,8,False,population_zero,0,5,0,11,6,3,3,3,2,2,2,2,4,2,1,1
random,865,186599,3,False,other,1,5,0,7,2,0,2,2,0,1,1,0,0,0,0,1
random,866,186699,6,False,other,1,5,0,7,3,0,3,2,0,1,2,1,0,0,0,1
random,867,186799,13,False,population_zero,0,5,0,10,4,0,4,1,0,1,3,3,4,2,1,2
random,868,186899,10,False,other,1,5,0,7,4,1,3,1,0,0,5,3,4,0,0,1
random,869,186999,6,False,other,1,5,0,7,2,0,2,1,0,0,2,1,4,2,1,0
random,870,187099,7,False,other,1,5,0,7,1,0,1,0,0,1,3,2,1,0,0,1
random,871,187199,6,False,other,1,5,0,8,2,0,2,1,0,0,2,0,4,4,2,1
random,872,187299,6,False,other,1,5,0,7,2,0,2,1,0,0,2,1,3,0,0,0
random,873,187399,8,False,other,1,5,0,7,3,1,2,1,0,0,3,2,5,2,1,0
random,874,187499,2,False,other,3,5,0,7,0,0,0,0,0,1,2,0,3,0,0,1
random,875,187599,12,False,population_zero,0,5,0,7,2,0,2,2,2,2,2,2,3,2,1,2
random,876,187699,11,False,population_zero,0,5,0,8,6,2,4,2,0,0,4,4,8,6,3,0
random,877,187799,12,False,other,1,5,0,7,3,1,2,1,1,1,6,5,4,4,2,0
random,878,187899,5,False,other,3,5,0,7,1,0,1,1,1,1,2,0,3,2,1,0
random,879,187999,10,False,population_zero,0,5,0,8,3,1,2,1,1,1,3,3,3,2,1,0
random,880,188099,7,False,other,3,5,0,7,0,0,0,0,1,1,4,2,3,2,1,0
random,881,188199,18,False,population_zero,0,5,14,14,4,0,4,1,2,2,3,2,7,6,3,4
random,882,188299,12,False,population_zero,0,5,0,19,5,0,5,3,1,1,3,3,5,2,1,2
random,883,188399,12,False,population_zero,0,5,21,21,6,3,3,0,0,0,2,1,3,2,1,6
random,884,188499,11,False,other,1,5,0,7,3,0,3,1,0,1,4,2,3,2,1,3
random,885,188599,17,False,population_zero,0,5,0,11,7,0,7,1,0,1,3,3,5,4,2,2
random,886,188699,9,False,other,1,5,0,11,4,1,3,1,1,2,2,1,3,2,1,1
random,887,188799,7,False,other,1,5,0,8,3,1,2,2,0,1,3,2,3,2,1,1
random,888,188899,6,False,population_zero,0,5,0,7,2,1,1,0,0,1,2,2,2,0,0,2
random,889,188999,10,False,other,1,6,0,7,1,1,0,0,1,1,5,3,4,2,1,1
random,890,189099,16,False,population_zero,0,6,0,13,7,2,5,2,2,4,5,5,6,6,3,4
random,891,189199,10,False,population_zero,0,5,0,9,7,1,6,3,2,2,1,1,3,2,1,0
random,892,189299,14,False,other,1,6,0,21,3,1,2,1,1,2,6,4,7,4,2,5
random,893,189399,10,False,population_zero,0,5,0,10,4,1,3,1,0,3,1,1,3,2,1,3
random,894,189499,7,False,population_zero,0,5,10,10,5,0,5,2,0,0,1,1,2,2,1,1
random,895,189599,5,False,other,1,5,0,7,2,0,2,2,0,0,2,1,2,2,1,0
random,896,189699,8,False,other,1,5,0,7,4,1,3,2,1,1,3,1,3,2,1,1
random,897,189799,18,False,other,1,6,0,12,10,6,4,4,2,3,5,4,3,2,1,2
random,898,189899,2,False,other,3,5,0,7,1,0,1,1,0,0,2,0,1,0,0,0
random,899,189999,3,False,other,3,5,0,7,0,0,0,0,0,0,3,0,2,2,1,1
random,900,190099,11,False,other,3,6,0,10,6,3,3,1,1,1,4,2,5,4,2,1
random,901,190199,6,False,population_zero,0,5,0,7,2,0,2,1,1,1,1,1,2,2,1,2
random,902,190299,4,False,other,3,5,0,7,1,1,0,0,0,1,3,1,1,0,0,1
random,903,190399,5,False,other,3,5,0,13,0,0,0,0,0,0,3,0,0,0,0,2
random,904,190499,14,False,other,3,5,0,17,4,1,3,1,1,1,7,5,8,4,2,2
random,905,190599,13,False,population_zero,0,6,8,14,8,3,5,4,1,1,3,3,3,2,1,1
random,906,190699,5,False,other,1,5,0,7,1,0,1,1,0,0,2,0,3,2,1,1
random,907,190799,6,False,population_zero,0,5,0,7,4,1,3,1,2,4,1,1,1,0,0,3
random,908,190899,8,False,population_zero,0,5,0,7,3,0,3,0,0,1,2,2,0,0,0,1
random,909,190999,8,False,other,1,6,0,13,3,0,3,1,1,1,3,2,2,0,0,2
random,910,191099,12,False,other,1,6,0,31,5,2,3,3,1,1,5,4,4,2,1,1
random,911,191199,21,False,population_zero,0,5,0,16,7,0,7,2,0,1,3,3,6,6,3,3
random,912,191299,11,False,population_zero,0,5,0,7,6,1,5,1,0,0,4,4,5,2,1,0
random,913,191399,5,False,other,1,5,0,7,1,0,1,1,0,0,2,1,0,0,0,0
random,914,191499,9,False,population_zero,0,5,0,8,6,1,5,1,0,1,3,3,2,0,0,1
random,915,191599,7,False,population_zero,0,5,0,7,2,0,2,2,0,1,3,3,0,0,0,2
random,916,191699,10,False,population_zero,0,5,17,19,3,0,3,2,0,2,1,1,5,2,1,4
random,917,191799,17,False,population_zero,0,5,0,14,8,2,6,2,1,3,3,3,7,6,3,3
random,918,191899,16,False,population_zero,0,6,0,16,7,0,7,2,2,2,6,6,5,4,2,2
random,919,191999,9,False,population_zero,0,5,0,7,4,1,3,2,1,1,2,1,2,2,1,1
random,920,192099,18,False,other,1,5,0,13,5,1,4,1,1,1,3,2,12,12,6,2
random,921,192199,9,False,other,1,5,0,7,4,1,3,1,1,1,3,2,3,2,1,0
random,922,192299,6,False,other,3,6,0,13,2,0,2,0,0,0,5,2,0,0,0,2
random,923,192399,8,False,other,1,5,0,14,1,0,1,1,1,2,2,1,2,2,1,2
random,924,192499,13,False,other,3,6,0,12,9,4,5,2,2,3,4,2,8,4,2,1
random,925,192599,7,False,other,1,5,0,10,0,0,0,0,0,2,3,2,1,0,0,3
random,926,192699,10,False,population_zero,0,5,0,7,1,0,1,1,1,1,2,1,3,2,1,1
random,927,192799,10,False,population_zero,0,5,0,13,5,1,4,2,0,0,4,4,7,2,1,1
random,928,192899,20,False,population_zero,0,5,0,30,7,1,6,5,1,1,3,3,6,4,2,2
random,929,192999,19,False,population_zero,0,6,0,10,9,2,7,2,1,2,6,5,6,6,3,5
random,930,193099,8,False,other,3,5,0,7,3,1,2,0,0,0,4,2,5,0,0,0
random,931,193199,11,False,other,5,7,0,24,6,5,1,1,1,1,7,1,4,2,1,2
random,932,193299,7,False,other,1,5,0,7,2,0,2,2,0,0,2,1,2,0,0,0
random,933,193399,11,False,population_zero,0,5,0,7,5,1,4,2,0,0,2,2,5,2,1,0
random,934,193499,10,False,population_zero,0,5,10,10,3,1,2,2,0,0,1,1,7,2,1,1
random,935,193599,8,False,population_zero,0,5,0,7,2,1,1,0,1,3,1,1,4,2,1,2
random,936,193699,2,False,other,3,5,0,7,1,0,1,1,0,0,2,0,0,0,0,0
random,937,193799,7,False,population_zero,0,5,10,10,5,1,4,3,1,1,2,2,2,0,0,1
random,938,193899,8,False,other,1,5,0,7,5,1,4,2,0,0,3,1,5,2,1,1
random,939,193999,10,False,population_zero,0,5,0,7,3,0,3,1,0,1,3,3,1,0,0,1
random,940,194099,3,False,other,1,5,0,7,1,0,1,1,0,1,1,0,2,2,1,1
random,941,194199,11,False,population_zero,0,6,0,11,5,1,4,2,1,1,5,4,3,2,1,3
random,942,194299,2,False,other,3,5,0,7,1,0,1,1,0,0,2,0,0,0,0,0
random,943,194399,15,False,other,1,5,0,21,6,4,2,0,1,1,5,3,16,6,3,2
random,944,194499,2,False,other,3,5,0,7,0,0,0,0,0,1,2,0,0,0,0,1
random,945,194599,4,False,population_zero,0,5,21,25,2,0,2,2,0,1,0,0,0,0,0,3
random,946,194699,6,False,other,1,5,0,7,2,0,2,2,1,1,3,2,1,0,0,0
random,947,194799,17,False,population_zero,0,5,10,12,9,3,6,4,2,2,4,3,9,6,3,3
random,948,194899,11,False,population_zero,0,5,0,7,5,0,5,1,0,0,4,4,4,2,1,1
random,949,194999,15,False,population_zero,0,5,16,16,7,3,4,1,1,1,3,2,4,4,2,5
random,950,195099,6,False,population_zero,0,5,8,9,5,0,5,3,0,1,1,1,0,0,0,2
random,951,195199,6,False,other,1,5,0,7,3,1,2,2,0,0,2,1,1,0,0,0
random,952,195299,13,False,population_zero,0,5,0,9,5,1,4,2,1,3,3,3,2,0,0,2
random,953,195399,12,False,population_zero,0,5,0,15,6,3,3,2,1,3,3,3,2,0,0,2
random,954,195499,7,False,population_zero,0,5,0,7,3,0,3,1,0,1,2,2,4,0,0,1
random,955,195599,5,False,other,1,5,0,9,3,1,2,2,0,0,2,0,2,2,1,1
random,956,195699,11,False,other,1,5,0,7,5,3,2,1,1,1,4,2,10,6,3,1
random,957,195799,3,False,other,3,5,0,7,1,0,1,0,0,0,3,0,0,0,0,1
random,958,195899,10,False,other,1,5,0,9,4,1,3,0,1,1,4,2,5,4,2,1
random,959,195999,9,False,other,1,5,0,9,2,0,2,1,0,1,3,1,7,4,2,3
random,960,196099,14,False,population_zero,0,5,0,9,7,2,5,2,1,3,2,2,6,6,3,2
random,961,196199,7,False,other,1,5,0,13,3,0,3,2,0,0,3,1,1,0,0,2
random,962,196299,12,False,population_zero,0,6,0,7,3,1,2,1,1,1,3,2,10,4,2,1
random,963,196399,16,False,population_zero,0,6,0,13,7,2,5,1,1,1,4,4,12,4,2,2
random,964,196499,10,False,other,1,6,0,13,3,1,2,1,1,2,5,4,0,0,0,2
random,965,196599,9,False,other,1,6,0,11,3,1,2,0,2,3,2,1,3,2,1,1
random,966,196699,9,False,other,1,5,0,12,3,0,3,1,0,0,3,2,2,0,0,1
random,967,196799,11,False,population_zero,0,5,0,14,5,0,5,0,1,2,4,4,2,0,0,2
random,968,196899,14,False,population_zero,0,5,0,11,8,1,7,2,1,1,4,3,1,0,0,2
random,969,196999,11,False,other,1,6,0,7,7,2,5,2,0,0,3,2,6,6,3,0
random,970,197099,6,False,other,1,5,0,7,2,0,2,1,0,0,2,1,3,0,0,0
random,971,197199,21,False,population_zero,0,5,0,22,8,3,5,3,1,3,4,4,9,8,4,4
random,972,197299,20,False,population_zero,0,5,19,19,5,1,4,2,2,2,3,3,8,8,4,5
random,973,197399,11,False,other,1,5,0,7,4,1,3,2,1,1,4,2,4,4,2,1
random,974,197499,15,False,other,1,7,0,14,5,2,3,2,2,2,7,6,7,6,3,0
random,975,197599,2,False,other,3,5,0,7,1,0,1,1,0,0,2,0,1,0,0,0
random,976,197699,10,False,population_zero,0,5,0,13,3,0,3,2,1,1,2,2,5,2,1,3
random,977,197799,12,False,population_zero,0,5,0,7,4,2,2,2,2,2,2,2,9,6,3,0
random,978,197899,15,False,population_zero,0,5,19,31,8,4,4,3,1,3,2,2,7,4,2,4
random,979,197999,18,False,population_zero,0,6,0,9,5,1,4,1,2,3,3,1,13,8,4,3
random,980,198099,8,False,other,1,5,0,16,3,1,2,1,1,2,1,0,6,2,1,2
random,981,198199,8,False,other,1,6,0,7,2,1,1,0,0,1,3,2,6,0,0,2
random,982,198299,5,False,other,3,6,0,7,1,0,1,0,0,1,3,1,2,2,1,1
random,983,198399,8,False,other,1,5,0,14,1,0,1,0,0,2,2,1,3,0,0,3
random,984,198499,15,False,population_zero,0,5,12,19,5,2,3,2,3,6,1,1,6,6,3,4
random,985,198599,4,False,other,1,5,0,7,3,0,3,1,0,1,1,0,1,0,0,1
random,986,198699,16,False,other,1,6,0,10,7,2,5,2,1,2,6,5,4,4,2,3
random,987,198799,7,False,other,1,5,0,7,2,0,2,0,0,0,3,1,2,2,1,1
random,988,198899,9,False,other,3,5,0,7,3,1,2,0,1,1,6,4,3,0,0,0
random,989,198999,6,False,population_zero,0,5,0,7,3,0,3,0,1,2,0,0,1,0,0,4
random,990,199099,11,False,other,1,5,0,7,3,1,2,2,0,1,4,3,2,2,1,1
random,991,199199,11,False,other,1,5,0,7,3,1,2,0,1,1,4,3,5,4,2,0
random,992,199299,8,False,other,1,5,0,7,3,1,2,1,1,1,3,2,2,0,0,0
random,993,199399,2,False,other,3,5,0,7,1,0,1,0,0,1,3,0,0,0,0,2
random,994,199499,9,False,other,1,5,0,15,5,2,3,1,1,1,3,2,2,2,1,1
random,995,199599,6,False,population_zero,0,5,0,7,4,0,4,2,0,0,1,1,2,2,1,0
random,996,199699,12,False,population_zero,0,5,10,13,5,1,4,1,0,2,1,1,1,0,0,5
random,997,199799,14,False,population_zero,0,5,12,12,8,2,6,3,1,1,0,0,5,4,2,2
random,998,199899,16,False,population_zero,0,5,0,17,2,0,2,1,1,2,0,0,5,4,2,3
random,999,199999,18,False,population_zero,0,5,0,22,6,2,4,2,1,1,2,2,5,4,2,3
random,1000,200099,19,False,population_zero,0,5,0,15,7,1,6,2,1,1,1,0,7,4,2,3
food,1,100126,26,False,population_zero,0,5,0,53,20,13,7,4,0,0,0,0,0,0,0,0
food,2,100226,32,False,population_zero,0,5,0,21,6,2,4,4,0,0,0,0,0,0,0,0
food,3,100326,21,False,population_zero,0,5,0,46,18,11,7,4,0,0,0,0,0,0,0,0
food,4,100426,28,False,population_zero,0,5,0,28,9,5,4,4,0,0,0,0,0,0,0,0
food,5,100526,19,False,population_zero,0,5,0,28,9,5,4,4,0,0,0,0,0,0,0,0
food,6,100626,27,False,population_zero,0,5,0,50,21,13,8,4,0,0,0,0,0,0,0,0
food,7,100726,18,False,population_zero,0,5,0,39,10,6,4,4,0,0,0,0,0,0,0,0
food,8,100826,22,False,population_zero,0,5,0,42,16,8,8,4,0,0,0,0,0,0,0,0
food,9,100926,30,False,population_zero,0,5,0,44,16,11,5,4,0,0,0,0,0,0,0,0
food,10,101026,23,False,population_zero,0,5,0,41,18,10,8,3,0,0,0,0,0,0,0,0
food,11,101126,24,False,population_zero,0,5,0,37,14,9,5,4,0,0,0,0,0,0,0,0
food,12,101226,26,False,population_zero,0,5,0,42,13,8,5,4,0,0,0,0,0,0,0,0
food,13,101326,27,False,population_zero,0,5,0,32,12,7,5,4,0,0,0,0,0,0,0,0
food,14,101426,28,False,population_zero,0,5,0,29,10,6,4,4,0,0,0,0,0,0,0,0
food,15,101526,22,False,population_zero,0,5,0,32,13,8,5,4,0,0,0,0,0,0,0,0
food,16,101626,22,False,population_zero,0,5,0,55,18,10,8,4,0,0,0,0,0,0,0,0
food,17,101726,38,False,population_zero,0,5,0,32,11,7,4,4,0,0,0,0,0,0,0,0
food,18,101826,28,False,population_zero,0,5,0,52,20,12,8,4,0,0,0,0,0,0,0,0
food,19,101926,28,False,population_zero,0,5,0,28,8,4,4,4,0,0,0,0,0,0,0,0
food,20,102026,21,False,population_zero,0,5,0,33,10,5,5,4,0,0,0,0,0,0,0,0
food,21,102126,26,False,population_zero,0,5,0,23,6,1,5,4,0,0,0,0,0,0,0,0
food,22,102226,29,False,population_zero,0,5,0,40,13,8,5,4,0,0,0,0,0,0,0,0
food,23,102326,20,False,population_zero,0,5,0,38,11,7,4,4,0,0,0,0,0,0,0,0
food,24,102426,39,False,population_zero,0,5,0,24,9,4,5,4,0,0,0,0,0,0,0,0
food,25,102526,26,False,population_zero,0,5,0,41,13,9,4,4,0,0,0,0,0,0,0,0
food,26,102626,20,False,population_zero,0,5,0,34,15,7,8,4,0,0,0,0,0,0,0,0
food,27,102726,23,False,population_zero,0,5,0,40,15,8,7,4,0,0,0,0,0,0,0,0
food,28,102826,29,False,population_zero,0,5,0,38,18,7,11,4,0,0,0,0,0,0,0,0
food,29,102926,31,False,population_zero,0,5,0,37,16,11,5,4,0,0,0,0,0,0,0,0
food,30,103026,22,False,population_zero,0,5,0,31,11,5,6,4,0,0,0,0,0,0,0,0
food,31,103126,20,False,population_zero,0,5,0,33,15,6,9,4,0,0,0,0,0,0,0,0
food,32,103226,25,False,population_zero,0,5,0,45,11,7,4,4,0,0,0,0,0,0,0,0
food,33,103326,22,False,population_zero,0,5,0,45,16,10,6,4,0,0,0,0,0,0,0,0
food,34,103426,36,False,population_zero,0,5,0,39,14,8,6,4,0,0,0,0,0,0,0,0
food,35,103526,35,False,population_zero,0,5,0,49,19,14,5,4,0,0,0,0,0,0,0,0
food,36,103626,33,False,population_zero,0,5,0,39,15,9,6,4,0,0,0,0,0,0,0,0
food,37,103726,26,False,population_zero,0,5,0,48,13,8,5,4,0,0,0,0,0,0,0,0
food,38,103826,24,False,population_zero,0,5,0,42,21,12,9,3,0,0,0,0,0,0,0,0
food,39,103926,30,False,population_zero,0,5,0,46,20,13,7,4,0,0,0,0,0,0,0,0
food,40,104026,22,False,population_zero,0,5,0,50,16,11,5,4,0,0,0,0,0,0,0,0
food,41,104126,23,False,population_zero,0,5,0,15,8,4,4,4,0,0,0,0,0,0,0,0
food,42,104226,22,False,population_zero,0,5,0,43,15,6,9,4,0,0,0,0,0,0,0,0
food,43,104326,25,False,population_zero,0,5,0,43,20,11,9,4,0,0,0,0,0,0,0,0
food,44,104426,31,False,population_zero,0,5,0,40,18,10,8,3,0,0,0,0,0,0,0,0
food,45,104526,21,False,population_zero,0,5,0,32,9,5,4,4,0,0,0,0,0,0,0,0
food,46,104626,27,False,population_zero,0,5,0,28,14,5,9,4,0,0,0,0,0,0,0,0
food,47,104726,25,False,population_zero,0,5,0,41,13,7,6,4,0,0,0,0,0,0,0,0
food,48,104826,28,False,population_zero,0,5,0,49,15,9,6,4,0,0,0,0,0,0,0,0
food,49,104926,30,False,population_zero,0,5,0,16,6,0,6,4,0,0,0,0,0,0,0,0
food,50,105026,27,False,population_zero,0,5,0,41,13,8,5,4,0,0,0,0,0,0,0,0
food,51,105126,31,False,population_zero,0,5,0,35,13,8,5,4,0,0,0,0,0,0,0,0
food,52,105226,25,False,population_zero,0,5,0,48,14,5,9,4,0,0,0,0,0,0,0,0
food,53,105326,42,False,population_zero,0,5,0,53,13,9,4,4,0,0,0,0,0,0,0,0
food,54,105426,20,False,population_zero,0,5,0,26,12,5,7,4,0,0,0,0,0,0,0,0
food,55,105526,30,False,population_zero,0,5,0,27,10,6,4,4,0,0,0,0,0,0,0,0
food,56,105626,17,False,population_zero,0,5,0,36,14,8,6,4,0,0,0,0,0,0,0,0
food,57,105726,29,False,population_zero,0,5,0,27,14,6,8,4,0,0,0,0,0,0,0,0
food,58,105826,23,False,population_zero,0,5,0,37,13,8,5,4,0,0,0,0,0,0,0,0
food,59,105926,44,False,population_zero,0,5,0,46,19,9,10,4,0,0,0,0,0,0,0,0
food,60,106026,20,False,population_zero,0,5,0,37,11,6,5,4,0,0,0,0,0,0,0,0
food,61,106126,16,False,population_zero,0,5,0,13,10,2,8,3,0,0,0,0,0,0,0,0
food,62,106226,21,False,population_zero,0,5,0,34,18,5,13,4,0,0,0,0,0,0,0,0
food,63,106326,27,False,population_zero,0,5,0,37,11,6,5,4,0,0,0,0,0,0,0,0
food,64,106426,20,False,population_zero,0,5,0,32,12,7,5,4,0,0,0,0,0,0,0,0
food,65,106526,25,False,population_zero,0,5,0,24,7,3,4,4,0,0,0,0,0,0,0,0
food,66,106626,21,False,population_zero,0,5,0,46,17,12,5,3,0,0,0,0,0,0,0,0
food,67,106726,23,False,population_zero,0,5,0,29,11,4,7,4,0,0,0,0,0,0,0,0
food,68,106826,17,False,population_zero,0,5,0,35,12,8,4,4,0,0,0,0,0,0,0,0
food,69,106926,29,False,population_zero,0,5,0,42,22,15,7,4,0,0,0,0,0,0,0,0
food,70,107026,30,False,population_zero,0,5,0,39,11,7,4,4,0,0,0,0,0,0,0,0
food,71,107126,25,False,population_zero,0,5,0,47,18,13,5,4,0,0,0,0,0,0,0,0
food,72,107226,19,False,population_zero,0,5,0,34,13,7,6,4,0,0,0,0,0,0,0,0
food,73,107326,27,False,population_zero,0,5,0,51,20,13,7,4,0,0,0,0,0,0,0,0
food,74,107426,23,False,population_zero,0,5,0,51,16,11,5,4,0,0,0,0,0,0,0,0
food,75,107526,22,False,population_zero,0,5,0,43,17,11,6,3,0,0,0,0,0,0,0,0
food,76,107626,24,False,population_zero,0,5,0,45,13,9,4,4,0,0,0,0,0,0,0,0
food,77,107726,26,False,population_zero,0,5,0,49,20,14,6,4,0,0,0,0,0,0,0,0
food,78,107826,21,False,population_zero,0,5,0,46,19,12,7,3,0,0,0,0,0,0,0,0
food,79,107926,28,False,population_zero,0,5,0,51,18,12,6,4,0,0,0,0,0,0,0,0
food,80,108026,31,False,population_zero,0,5,0,43,22,12,10,4,0,0,0,0,0,0,0,0
food,81,108126,20,False,population_zero,0,5,0,30,10,5,5,4,0,0,0,0,0,0,0,0
food,82,108226,28,False,population_zero,0,5,0,52,17,13,4,4,0,0,0,0,0,0,0,0
food,83,108326,19,False,population_zero,0,5,0,35,17,7,10,4,0,0,0,0,0,0,0,0
food,84,108426,24,False,population_zero,0,5,0,37,9,5,4,4,0,0,0,0,0,0,0,0
food,85,108526,26,False,population_zero,0,5,0,32,14,7,7,4,0,0,0,0,0,0,0,0
food,86,108626,26,False,population_zero,0,5,0,39,10,6,4,4,0,0,0,0,0,0,0,0
food,87,108726,24,False,population_zero,0,5,0,24,11,5,6,4,0,0,0,0,0,0,0,0
food,88,108826,20,False,population_zero,0,5,0,20,12,6,6,4,0,0,0,0,0,0,0,0
food,89,108926,22,False,population_zero,0,5,0,34,20,9,11,3,0,0,0,0,0,0,0,0
food,90,109026,17,False,population_zero,0,5,0,17,11,2,9,4,0,0,0,0,0,0,0,0
food,91,109126,25,False,population_zero,0,5,0,36,14,8,6,4,0,0,0,0,0,0,0,0
food,92,109226,27,False,population_zero,0,5,0,44,13,8,5,4,0,0,0,0,0,0,0,0
food,93,109326,25,False,population_zero,0,5,0,54,17,11,6,4,0,0,0,0,0,0,0,0
food,94,109426,23,False,population_zero,0,5,0,32,10,5,5,4,0,0,0,0,0,0,0,0
food,95,109526,36,False,population_zero,0,5,0,45,17,12,5,4,0,0,0,0,0,0,0,0
food,96,109626,29,False,population_zero,0,5,0,46,20,12,8,4,0,0,0,0,0,0,0,0
food,97,109726,27,False,population_zero,0,5,0,33,10,6,4,4,0,0,0,0,0,0,0,0
food,98,109826,23,False,population_zero,0,5,0,45,18,8,10,4,0,0,0,0,0,0,0,0
food,99,109926,15,False,population_zero,0,5,0,7,7,0,7,4,0,0,0,0,0,0,0,0
food,100,110026,28,False,population_zero,0,5,0,15,6,2,4,4,0,0,0,0,0,0,0,0
food,101,110126,28,False,population_zero,0,5,0,49,16,12,4,4,0,0,0,0,0,0,0,0
food,102,110226,43,False,population_zero,0,5,0,42,15,11,4,4,0,0,0,0,0,0,0,0
food,103,110326,30,False,population_zero,0,5,0,36,23,7,16,4,0,0,0,0,0,0,0,0
food,104,110426,22,False,population_zero,0,5,0,35,15,7,8,4,0,0,0,0,0,0,0,0
food,105,110526,20,False,population_zero,0,5,0,30,8,4,4,4,0,0,0,0,0,0,0,0
food,106,110626,24,False,population_zero,0,5,0,41,21,14,7,4,0,0,0,0,0,0,0,0
food,107,110726,34,False,population_zero,0,5,0,39,20,12,8,4,0,0,0,0,0,0,0,0
food,108,110826,26,False,population_zero,0,5,0,41,16,11,5,4,0,0,0,0,0,0,0,0
food,109,110926,33,False,population_zero,0,5,0,40,13,8,5,4,0,0,0,0,0,0,0,0
food,110,111026,23,False,population_zero,0,5,0,41,16,10,6,4,0,0,0,0,0,0,0,0
food,111,111126,21,False,population_zero,0,5,0,36,14,9,5,4,0,0,0,0,0,0,0,0
food,112,111226,30,False,population_zero,0,5,0,31,11,6,5,4,0,0,0,0,0,0,0,0
food,113,111326,26,False,population_zero,0,5,0,39,15,6,9,4,0,0,0,0,0,0,0,0
food,114,111426,44,False,population_zero,0,5,0,31,15,7,8,4,0,0,0,0,0,0,0,0
food,115,111526,16,False,population_zero,0,5,0,15,10,4,6,4,0,0,0,0,0,0,0,0
food,116,111626,19,False,population_zero,0,5,0,40,15,8,7,4,0,0,0,0,0,0,0,0
food,117,111726,21,False,population_zero,0,5,0,38,20,6,14,4,0,0,0,0,0,0,0,0
food,118,111826,20,False,population_zero,0,5,0,48,16,9,7,4,0,0,0,0,0,0,0,0
food,119,111926,18,False,population_zero,0,5,0,41,16,8,8,4,0,0,0,0,0,0,0,0
food,120,112026,18,False,population_zero,0,5,0,27,14,5,9,4,0,0,0,0,0,0,0,0
food,121,112126,16,False,population_zero,0,5,0,15,8,2,6,4,0,0,0,0,0,0,0,0
food,122,112226,33,False,population_zero,0,5,0,43,13,9,4,4,0,0,0,0,0,0,0,0
food,123,112326,19,False,population_zero,0,5,0,32,14,6,8,4,0,0,0,0,0,0,0,0
food,124,112426,28,False,population_zero,0,5,0,43,19,12,7,4,0,0,0,0,0,0,0,0
food,125,112526,29,False,population_zero,0,5,0,56,20,13,7,4,0,0,0,0,0,0,0,0
food,126,112626,22,False,population_zero,0,5,0,20,6,2,4,4,0,0,0,0,0,0,0,0
food,127,112726,26,False,population_zero,0,5,0,38,12,7,5,4,0,0,0,0,0,0,0,0
food,128,112826,31,False,population_zero,0,5,0,45,20,10,10,4,0,0,0,0,0,0,0,0
food,129,112926,29,False,population_zero,0,5,0,52,15,11,4,4,0,0,0,0,0,0,0,0
food,130,113026,21,False,population_zero,0,5,0,21,17,6,11,4,0,0,0,0,0,0,0,0
food,131,113126,22,False,population_zero,0,5,0,24,8,4,4,4,0,0,0,0,0,0,0,0
food,132,113226,17,False,population_zero,0,5,0,32,13,7,6,4,0,0,0,0,0,0,0,0
food,133,113326,20,False,population_zero,0,5,0,42,15,11,4,4,0,0,0,0,0,0,0,0
food,134,113426,20,False,population_zero,0,5,0,19,9,3,6,4,0,0,0,0,0,0,0,0
food,135,113526,24,False,population_zero,0,5,0,51,19,13,6,4,0,0,0,0,0,0,0,0
food,136,113626,23,False,population_zero,0,5,0,29,8,4,4,4,0,0,0,0,0,0,0,0
food,137,113726,31,False,population_zero,0,5,0,34,11,5,6,4,0,0,0,0,0,0,0,0
food,138,113826,27,False,population_zero,0,5,0,19,6,2,4,4,0,0,0,0,0,0,0,0
food,139,113926,23,False,population_zero,0,5,0,40,22,9,13,4,0,0,0,0,0,0,0,0
food,140,114026,31,False,population_zero,0,5,0,59,19,15,4,4,0,0,0,0,0,0,0,0
food,141,114126,25,False,population_zero,0,5,0,40,11,7,4,4,0,0,0,0,0,0,0,0
food,142,114226,24,False,population_zero,0,5,0,52,21,13,8,4,0,0,0,0,0,0,0,0
food,143,114326,29,False,population_zero,0,5,0,35,11,7,4,4,0,0,0,0,0,0,0,0
food,144,114426,30,False,population_zero,0,5,0,31,13,8,5,4,0,0,0,0,0,0,0,0
food,145,114526,42,False,population_zero,0,5,0,43,17,12,5,4,0,0,0,0,0,0,0,0
food,146,114626,25,False,population_zero,0,5,0,47,22,15,7,4,0,0,0,0,0,0,0,0
food,147,114726,19,False,population_zero,0,5,0,8,5,1,4,4,0,0,0,0,0,0,0,0
food,148,114826,30,False,population_zero,0,5,0,39,13,7,6,4,0,0,0,0,0,0,0,0
food,149,114926,22,False,population_zero,0,5,0,47,20,10,10,3,0,0,0,0,0,0,0,0
food,150,115026,36,False,population_zero,0,5,0,51,18,12,6,4,0,0,0,0,0,0,0,0
food,151,115126,25,False,population_zero,0,5,0,25,12,4,8,4,0,0,0,0,0,0,0,0
food,152,115226,23,False,population_zero,0,5,0,38,14,7,7,4,0,0,0,0,0,0,0,0
food,153,115326,19,False,population_zero,0,5,0,39,14,5,9,4,0,0,0,0,0,0,0,0
food,154,115426,37,False,population_zero,0,5,0,57,28,15,13,4,0,0,0,0,0,0,0,0
food,155,115526,23,False,population_zero,0,5,0,48,16,7,9,4,0,0,0,0,0,0,0,0
food,156,115626,23,False,population_zero,0,5,0,49,11,7,4,4,0,0,0,0,0,0,0,0
food,157,115726,24,False,population_zero,0,5,0,39,20,9,11,4,0,0,0,0,0,0,0,0
food,158,115826,24,False,population_zero,0,5,0,38,13,7,6,4,0,0,0,0,0,0,0,0
food,159,115926,21,False,population_zero,0,5,0,50,19,13,6,4,0,0,0,0,0,0,0,0
food,160,116026,33,False,population_zero,0,5,0,39,16,11,5,4,0,0,0,0,0,0,0,0
food,161,116126,25,False,population_zero,0,5,0,54,18,8,10,4,0,0,0,0,0,0,0,0
food,162,116226,35,False,population_zero,0,5,0,34,13,9,4,4,0,0,0,0,0,0,0,0
food,163,116326,37,False,population_zero,0,5,0,50,22,14,8,4,0,0,0,0,0,0,0,0
food,164,116426,30,False,population_zero,0,5,0,29,11,3,8,4,0,0,0,0,0,0,0,0
food,165,116526,27,False,population_zero,0,5,0,29,10,6,4,4,0,0,0,0,0,0,0,0
food,166,116626,25,False,population_zero,0,5,0,44,14,10,4,4,0,0,0,0,0,0,0,0
food,167,116726,22,False,population_zero,0,5,0,48,19,10,9,4,0,0,0,0,0,0,0,0
food,168,116826,19,False,population_zero,0,5,0,18,12,4,8,4,0,0,0,0,0,0,0,0
food,169,116926,24,False,population_zero,0,5,0,32,9,4,5,4,0,0,0,0,0,0,0,0
food,170,117026,27,False,population_zero,0,5,0,49,22,13,9,4,0,0,0,0,0,0,0,0
food,171,117126,21,False,population_zero,0,5,0,26,11,7,4,4,0,0,0,0,0,0,0,0
food,172,117226,25,False,population_zero,0,5,0,33,12,5,7,4,0,0,0,0,0,0,0,0
food,173,117326,28,False,population_zero,0,5,0,44,21,13,8,4,0,0,0,0,0,0,0,0
food,174,117426,23,False,population_zero,0,5,0,18,6,2,4,4,0,0,0,0,0,0,0,0
food,175,117526,20,False,population_zero,0,5,0,41,15,9,6,4,0,0,0,0,0,0,0,0
food,176,117626,31,False,population_zero,0,5,0,43,19,12,7,4,0,0,0,0,0,0,0,0
food,177,117726,20,False,population_zero,0,5,0,37,10,6,4,4,0,0,0,0,0,0,0,0
food,178,117826,38,False,population_zero,0,5,0,38,15,7,8,4,0,0,0,0,0,0,0,0
food,179,117926,34,False,population_zero,0,5,0,34,14,7,7,4,0,0,0,0,0,0,0,0
food,180,118026,21,False,population_zero,0,5,0,31,11,5,6,4,0,0,0,0,0,0,0,0
food,181,118126,23,False,population_zero,0,5,0,25,9,4,5,4,0,0,0,0,0,0,0,0
food,182,118226,23,False,population_zero,0,5,0,40,19,9,10,3,0,0,0,0,0,0,0,0
food,183,118326,23,False,population_zero,0,5,0,36,10,5,5,4,0,0,0,0,0,0,0,0
food,184,118426,18,False,population_zero,0,5,0,12,11,3,8,4,0,0,0,0,0,0,0,0
food,185,118526,24,False,population_zero,0,5,0,38,18,10,8,4,0,0,0,0,0,0,0,0
food,186,118626,32,False,population_zero,0,5,0,26,9,4,5,4,0,0,0,0,0,0,0,0
food,187,118726,19,False,population_zero,0,5,0,41,10,6,4,4,0,0,0,0,0,0,0,0
food,188,118826,22,False,population_zero,0,5,0,38,13,7,6,4,0,0,0,0,0,0,0,0
food,189,118926,20,False,population_zero,0,5,0,33,11,7,4,4,0,0,0,0,0,0,0,0
food,190,119026,25,False,population_zero,0,5,0,35,11,5,6,4,0,0,0,0,0,0,0,0
food,191,119126,31,False,population_zero,0,5,0,51,22,14,8,4,0,0,0,0,0,0,0,0
food,192,119226,30,False,population_zero,0,5,0,39,13,9,4,4,0,0,0,0,0,0,0,0
food,193,119326,20,False,population_zero,0,5,0,36,15,9,6,4,0,0,0,0,0,0,0,0
food,194,119426,32,False,population_zero,0,5,0,37,15,10,5,4,0,0,0,0,0,0,0,0
food,195,119526,25,False,population_zero,0,5,0,40,15,8,7,4,0,0,0,0,0,0,0,0
food,196,119626,30,False,population_zero,0,5,0,58,19,15,4,4,0,0,0,0,0,0,0,0
food,197,119726,36,False,population_zero,0,5,0,45,23,13,10,3,0,0,0,0,0,0,0,0
food,198,119826,30,False,population_zero,0,5,0,39,11,7,4,4,0,0,0,0,0,0,0,0
food,199,119926,17,False,population_zero,0,5,0,7,5,0,5,3,0,0,0,0,0,0,0,0
food,200,120026,35,False,population_zero,0,5,0,50,18,14,4,4,0,0,0,0,0,0,0,0
food,201,120126,22,False,population_zero,0,5,0,28,7,3,4,4,0,0,0,0,0,0,0,0
food,202,120226,19,False,population_zero,0,5,0,26,10,5,5,4,0,0,0,0,0,0,0,0
food,203,120326,24,False,population_zero,0,5,0,21,17,4,13,4,0,0,0,0,0,0,0,0
food,204,120426,24,False,population_zero,0,5,0,38,21,10,11,4,0,0,0,0,0,0,0,0
food,205,120526,22,False,population_zero,0,5,0,33,9,4,5,4,0,0,0,0,0,0,0,0
food,206,120626,22,False,population_zero,0,5,0,32,11,5,6,4,0,0,0,0,0,0,0,0
food,207,120726,26,False,population_zero,0,5,0,45,15,10,5,4,0,0,0,0,0,0,0,0
food,208,120826,20,False,population_zero,0,5,0,33,16,8,8,4,0,0,0,0,0,0,0,0
food,209,120926,23,False,population_zero,0,5,0,13,10,3,7,4,0,0,0,0,0,0,0,0
food,210,121026,21,False,population_zero,0,5,0,33,13,6,7,4,0,0,0,0,0,0,0,0
food,211,121126,22,False,population_zero,0,5,0,54,14,10,4,4,0,0,0,0,0,0,0,0
food,212,121226,22,False,population_zero,0,5,0,26,13,5,8,4,0,0,0,0,0,0,0,0
food,213,121326,23,False,population_zero,0,5,0,32,11,7,4,4,0,0,0,0,0,0,0,0
food,214,121426,20,False,population_zero,0,5,0,46,18,12,6,3,0,0,0,0,0,0,0,0
food,215,121526,27,False,population_zero,0,5,0,48,15,7,8,4,0,0,0,0,0,0,0,0
food,216,121626,34,False,population_zero,0,5,0,45,14,9,5,4,0,0,0,0,0,0,0,0
food,217,121726,27,False,population_zero,0,5,0,26,9,2,7,4,0,0,0,0,0,0,0,0
food,218,121826,23,False,population_zero,0,5,0,41,12,7,5,4,0,0,0,0,0,0,0,0
food,219,121926,28,False,population_zero,0,5,0,51,14,7,7,4,0,0,0,0,0,0,0,0
food,220,122026,27,False,population_zero,0,5,0,51,19,13,6,4,0,0,0,0,0,0,0,0
food,221,122126,29,False,population_zero,0,5,0,52,23,15,8,4,0,0,0,0,0,0,0,0
food,222,122226,31,False,population_zero,0,5,0,37,13,8,5,4,0,0,0,0,0,0,0,0
food,223,122326,23,False,population_zero,0,5,0,38,11,7,4,4,0,0,0,0,0,0,0,0
food,224,122426,22,False,population_zero,0,5,0,50,18,10,8,4,0,0,0,0,0,0,0,0
food,225,122526,26,False,population_zero,0,5,0,41,21,12,9,4,0,0,0,0,0,0,0,0
food,226,122626,21,False,population_zero,0,5,0,28,10,5,5,4,0,0,0,0,0,0,0,0
food,227,122726,22,False,population_zero,0,5,0,47,20,10,10,4,0,0,0,0,0,0,0,0
food,228,122826,18,False,population_zero,0,5,0,23,7,3,4,4,0,0,0,0,0,0,0,0
food,229,122926,30,False,population_zero,0,5,0,35,10,6,4,4,0,0,0,0,0,0,0,0
food,230,123026,21,False,population_zero,0,5,0,34,18,10,8,4,0,0,0,0,0,0,0,0
food,231,123126,23,False,population_zero,0,5,0,42,13,8,5,4,0,0,0,0,0,0,0,0
food,232,123226,26,False,population_zero,0,5,0,38,18,7,11,4,0,0,0,0,0,0,0,0
food,233,123326,22,False,population_zero,0,5,0,39,18,8,10,4,0,0,0,0,0,0,0,0
food,234,123426,35,False,population_zero,0,5,0,50,18,14,4,4,0,0,0,0,0,0,0,0
food,235,123526,26,False,population_zero,0,5,0,33,14,7,7,4,0,0,0,0,0,0,0,0
food,236,123626,34,False,population_zero,0,5,0,36,14,9,5,4,0,0,0,0,0,0,0,0
food,237,123726,31,False,population_zero,0,5,0,35,13,9,4,4,0,0,0,0,0,0,0,0
food,238,123826,29,False,population_zero,0,5,0,26,7,3,4,4,0,0,0,0,0,0,0,0
food,239,123926,20,False,population_zero,0,5,0,28,12,7,5,4,0,0,0,0,0,0,0,0
food,240,124026,26,False,population_zero,0,5,0,34,10,5,5,4,0,0,0,0,0,0,0,0
food,241,124126,23,False,population_zero,0,5,0,43,10,6,4,4,0,0,0,0,0,0,0,0
food,242,124226,23,False,population_zero,0,5,0,26,9,4,5,4,0,0,0,0,0,0,0,0
food,243,124326,26,False,population_zero,0,5,0,38,14,7,7,4,0,0,0,0,0,0,0,0
food,244,124426,35,False,population_zero,0,5,0,52,19,13,6,4,0,0,0,0,0,0,0,0
food,245,124526,26,False,population_zero,0,5,0,39,17,9,8,4,0,0,0,0,0,0,0,0
food,246,124626,19,False,population_zero,0,5,0,12,6,0,6,4,0,0,0,0,0,0,0,0
food,247,124726,28,False,population_zero,0,5,0,44,18,13,5,4,0,0,0,0,0,0,0,0
food,248,124826,23,False,population_zero,0,5,0,18,7,1,6,4,0,0,0,0,0,0,0,0
food,249,124926,26,False,population_zero,0,5,0,40,14,10,4,4,0,0,0,0,0,0,0,0
food,250,125026,23,False,population_zero,0,5,0,32,11,6,5,4,0,0,0,0,0,0,0,0
food,251,125126,22,False,population_zero,0,5,0,38,20,8,12,3,0,0,0,0,0,0,0,0
food,252,125226,25,False,population_zero,0,5,0,49,20,16,4,4,0,0,0,0,0,0,0,0
food,253,125326,24,False,population_zero,0,5,0,46,20,11,9,4,0,0,0,0,0,0,0,0
food,254,125426,28,False,population_zero,0,5,0,49,18,12,6,4,0,0,0,0,0,0,0,0
food,255,125526,26,False,population_zero,0,5,0,43,17,12,5,4,0,0,0,0,0,0,0,0
food,256,125626,24,False,population_zero,0,5,0,44,16,9,7,3,0,0,0,0,0,0,0,0
food,257,125726,22,False,population_zero,0,5,0,31,8,4,4,4,0,0,0,0,0,0,0,0
food,258,125826,24,False,population_zero,0,5,0,48,12,8,4,4,0,0,0,0,0,0,0,0
food,259,125926,26,False,population_zero,0,5,0,40,13,7,6,4,0,0,0,0,0,0,0,0
food,260,126026,29,False,population_zero,0,5,0,53,14,10,4,4,0,0,0,0,0,0,0,0
food,261,126126,21,False,population_zero,0,5,0,39,11,7,4,4,0,0,0,0,0,0,0,0
food,262,126226,17,False,population_zero,0,5,0,14,6,2,4,4,0,0,0,0,0,0,0,0
food,263,126326,22,False,population_zero,0,5,0,22,8,3,5,4,0,0,0,0,0,0,0,0
food,264,126426,19,False,population_zero,0,5,0,36,11,7,4,4,0,0,0,0,0,0,0,0
food,265,126526,21,False,population_zero,0,5,0,48,19,12,7,4,0,0,0,0,0,0,0,0
food,266,126626,20,False,population_zero,0,5,0,54,19,12,7,4,0,0,0,0,0,0,0,0
food,267,126726,23,False,population_zero,0,5,0,34,19,9,10,3,0,0,0,0,0,0,0,0
food,268,126826,21,False,population_zero,0,5,0,48,18,12,6,4,0,0,0,0,0,0,0,0
food,269,126926,34,False,population_zero,0,5,0,49,24,15,9,4,0,0,0,0,0,0,0,0
food,270,127026,15,False,population_zero,0,5,0,7,6,0,6,4,0,0,0,0,0,0,0,0
food,271,127126,30,False,population_zero,0,5,0,31,11,5,6,4,0,0,0,0,0,0,0,0
food,272,127226,32,False,population_zero,0,5,0,45,15,11,4,4,0,0,0,0,0,0,0,0
food,273,127326,31,False,population_zero,0,5,0,30,13,5,8,4,0,0,0,0,0,0,0,0
food,274,127426,43,False,population_zero,0,5,0,48,12,7,5,4,0,0,0,0,0,0,0,0
food,275,127526,29,False,population_zero,0,5,0,25,11,5,6,4,0,0,0,0,0,0,0,0
food,276,127626,28,False,population_zero,0,5,0,41,19,10,9,4,0,0,0,0,0,0,0,0
food,277,127726,22,False,population_zero,0,5,0,40,17,5,12,4,0,0,0,0,0,0,0,0
food,278,127826,26,False,population_zero,0,5,0,40,14,9,5,4,0,0,0,0,0,0,0,0
food,279,127926,19,False,population_zero,0,5,0,20,8,4,4,4,0,0,0,0,0,0,0,0
food,280,128026,20,False,population_zero,0,5,0,38,15,8,7,4,0,0,0,0,0,0,0,0
food,281,128126,31,False,population_zero,0,5,0,34,11,7,4,4,0,0,0,0,0,0,0,0
food,282,128226,26,False,population_zero,0,5,0,38,18,13,5,4,0,0,0,0,0,0,0,0
food,283,128326,36,False,population_zero,0,5,0,9,5,0,5,4,0,0,0,0,0,0,0,0
food,284,128426,21,False,population_zero,0,5,0,30,14,7,7,4,0,0,0,0,0,0,0,0
food,285,128526,19,False,population_zero,0,5,0,35,15,8,7,4,0,0,0,0,0,0,0,0
food,286,128626,19,False,population_zero,0,5,0,18,5,1,4,4,0,0,0,0,0,0,0,0
food,287,128726,36,False,population_zero,0,5,0,44,18,14,4,4,0,0,0,0,0,0,0,0
food,288,128826,31,False,population_zero,0,5,0,37,11,6,5,4,0,0,0,0,0,0,0,0
food,289,128926,35,False,population_zero,0,5,0,18,6,2,4,4,0,0,0,0,0,0,0,0
food,290,129026,17,False,population_zero,0,5,0,24,8,4,4,4,0,0,0,0,0,0,0,0
food,291,129126,20,False,population_zero,0,5,0,28,14,3,11,4,0,0,0,0,0,0,0,0
food,292,129226,28,False,population_zero,0,5,0,42,16,7,9,4,0,0,0,0,0,0,0,0
food,293,129326,31,False,population_zero,0,5,0,35,14,7,7,4,0,0,0,0,0,0,0,0
food,294,129426,27,False,population_zero,0,5,0,47,23,15,8,4,0,0,0,0,0,0,0,0
food,295,129526,23,False,population_zero,0,5,0,28,15,5,10,4,0,0,0,0,0,0,0,0
food,296,129626,32,False,population_zero,0,5,0,51,19,14,5,4,0,0,0,0,0,0,0,0
food,297,129726,22,False,population_zero,0,5,0,35,15,8,7,4,0,0,0,0,0,0,0,0
food,298,129826,26,False,population_zero,0,5,0,52,16,11,5,4,0,0,0,0,0,0,0,0
food,299,129926,27,False,population_zero,0,5,0,48,13,9,4,4,0,0,0,0,0,0,0,0
food,300,130026,27,False,population_zero,0,5,0,35,15,9,6,4,0,0,0,0,0,0,0,0
food,301,130126,19,False,population_zero,0,5,0,11,8,2,6,4,0,0,0,0,0,0,0,0
food,302,130226,23,False,population_zero,0,5,0,12,7,2,5,4,0,0,0,0,0,0,0,0
food,303,130326,28,False,population_zero,0,5,0,51,19,14,5,3,0,0,0,0,0,0,0,0
food,304,130426,24,False,population_zero,0,5,0,42,17,12,5,4,0,0,0,0,0,0,0,0
food,305,130526,24,False,population_zero,0,5,0,29,11,6,5,4,0,0,0,0,0,0,0,0
food,306,130626,28,False,population_zero,0,5,0,45,19,10,9,3,0,0,0,0,0,0,0,0
food,307,130726,25,False,population_zero,0,5,0,29,11,5,6,4,0,0,0,0,0,0,0,0
food,308,130826,24,False,population_zero,0,5,0,35,16,7,9,4,0,0,0,0,0,0,0,0
food,309,130926,46,False,population_zero,0,5,0,46,16,10,6,4,0,0,0,0,0,0,0,0
food,310,131026,25,False,population_zero,0,5,0,47,21,13,8,4,0,0,0,0,0,0,0,0
food,311,131126,20,False,population_zero,0,5,0,22,10,3,7,4,0,0,0,0,0,0,0,0
food,312,131226,24,False,population_zero,0,5,0,55,14,8,6,4,0,0,0,0,0,0,0,0
food,313,131326,43,False,population_zero,0,5,0,52,18,14,4,4,0,0,0,0,0,0,0,0
food,314,131426,22,False,population_zero,0,5,0,40,13,7,6,4,0,0,0,0,0,0,0,0
food,315,131526,27,False,population_zero,0,5,0,40,21,13,8,3,0,0,0,0,0,0,0,0
food,316,131626,19,False,population_zero,0,5,0,24,11,6,5,4,0,0,0,0,0,0,0,0
food,317,131726,20,False,population_zero,0,5,0,27,12,5,7,4,0,0,0,0,0,0,0,0
food,318,131826,19,False,population_zero,0,5,0,38,12,8,4,4,0,0,0,0,0,0,0,0
food,319,131926,19,False,population_zero,0,5,0,48,17,8,9,3,0,0,0,0,0,0,0,0
food,320,132026,27,False,population_zero,0,5,0,11,5,1,4,4,0,0,0,0,0,0,0,0
food,321,132126,25,False,population_zero,0,5,0,45,19,13,6,4,0,0,0,0,0,0,0,0
food,322,132226,42,False,population_zero,0,5,0,28,12,6,6,4,0,0,0,0,0,0,0,0
food,323,132326,22,False,population_zero,0,5,0,34,11,6,5,4,0,0,0,0,0,0,0,0
food,324,132426,21,False,population_zero,0,5,0,42,15,9,6,4,0,0,0,0,0,0,0,0
food,325,132526,29,False,population_zero,0,5,0,42,24,11,13,3,0,0,0,0,0,0,0,0
food,326,132626,28,False,population_zero,0,5,0,42,13,9,4,4,0,0,0,0,0,0,0,0
food,327,132726,17,False,population_zero,0,5,0,7,7,0,7,4,0,0,0,0,0,0,0,0
food,328,132826,23,False,population_zero,0,5,0,40,13,9,4,4,0,0,0,0,0,0,0,0
food,329,132926,23,False,population_zero,0,5,0,53,14,10,4,4,0,0,0,0,0,0,0,0
food,330,133026,29,False,population_zero,0,5,0,40,18,9,9,4,0,0,0,0,0,0,0,0
food,331,133126,22,False,population_zero,0,5,0,30,11,6,5,4,0,0,0,0,0,0,0,0
food,332,133226,20,False,population_zero,0,5,0,25,8,4,4,4,0,0,0,0,0,0,0,0
food,333,133326,42,False,population_zero,0,5,0,43,18,11,7,4,0,0,0,0,0,0,0,0
food,334,133426,21,False,population_zero,0,5,0,46,14,9,5,4,0,0,0,0,0,0,0,0
food,335,133526,29,False,population_zero,0,5,0,26,9,4,5,4,0,0,0,0,0,0,0,0
food,336,133626,23,False,population_zero,0,5,0,41,20,11,9,4,0,0,0,0,0,0,0,0
food,337,133726,23,False,population_zero,0,5,0,33,9,5,4,4,0,0,0,0,0,0,0,0
food,338,133826,21,False,population_zero,0,5,0,45,14,10,4,4,0,0,0,0,0,0,0,0
food,339,133926,25,False,population_zero,0,5,0,46,19,13,6,4,0,0,0,0,0,0,0,0
food,340,134026,26,False,population_zero,0,5,0,49,23,15,8,4,0,0,0,0,0,0,0,0
food,341,134126,27,False,population_zero,0,5,0,20,11,3,8,4,0,0,0,0,0,0,0,0
food,342,134226,20,False,population_zero,0,5,0,17,6,2,4,4,0,0,0,0,0,0,0,0
food,343,134326,44,False,population_zero,0,5,0,47,23,14,9,4,0,0,0,0,0,0,0,0
food,344,134426,26,False,population_zero,0,5,0,46,20,12,8,4,0,0,0,0,0,0,0,0
food,345,134526,28,False,population_zero,0,5,0,46,13,9,4,4,0,0,0,0,0,0,0,0
food,346,134626,26,False,population_zero,0,5,0,33,10,5,5,4,0,0,0,0,0,0,0,0
food,347,134726,29,False,population_zero,0,5,0,45,13,9,4,4,0,0,0,0,0,0,0,0
food,348,134826,26,False,population_zero,0,5,0,19,7,3,4,4,0,0,0,0,0,0,0,0
food,349,134926,27,False,population_zero,0,5,0,43,14,9,5,4,0,0,0,0,0,0,0,0
food,350,135026,23,False,population_zero,0,5,0,48,21,13,8,3,0,0,0,0,0,0,0,0
food,351,135126,25,False,population_zero,0,5,0,38,14,7,7,4,0,0,0,0,0,0,0,0
food,352,135226,27,False,population_zero,0,5,0,52,18,13,5,4,0,0,0,0,0,0,0,0
food,353,135326,27,False,population_zero,0,5,0,41,16,10,6,4,0,0,0,0,0,0,0,0
food,354,135426,19,False,population_zero,0,5,0,34,9,5,4,4,0,0,0,0,0,0,0,0
food,355,135526,20,False,population_zero,0,5,0,56,16,11,5,4,0,0,0,0,0,0,0,0
food,356,135626,34,False,population_zero,0,5,0,37,15,8,7,4,0,0,0,0,0,0,0,0
food,357,135726,17,False,population_zero,0,5,0,15,12,2,10,3,0,0,0,0,0,0,0,0
food,358,135826,25,False,population_zero,0,5,0,34,18,10,8,4,0,0,0,0,0,0,0,0
food,359,135926,26,False,population_zero,0,5,0,50,22,13,9,4,0,0,0,0,0,0,0,0
food,360,136026,21,False,population_zero,0,5,0,46,16,12,4,4,0,0,0,0,0,0,0,0
food,361,136126,18,False,population_zero,0,5,0,32,10,5,5,4,0,0,0,0,0,0,0,0
food,362,136226,34,False,population_zero,0,5,0,24,8,3,5,4,0,0,0,0,0,0,0,0
food,363,136326,26,False,population_zero,0,5,0,30,9,4,5,4,0,0,0,0,0,0,0,0
food,364,136426,33,False,population_zero,0,5,0,50,11,7,4,4,0,0,0,0,0,0,0,0
food,365,136526,19,False,population_zero,0,5,0,33,11,4,7,4,0,0,0,0,0,0,0,0
food,366,136626,23,False,population_zero,0,5,0,48,15,10,5,4,0,0,0,0,0,0,0,0
food,367,136726,24,False,population_zero,0,5,0,36,21,6,15,3,0,0,0,0,0,0,0,0
food,368,136826,24,False,population_zero,0,5,0,27,10,5,5,4,0,0,0,0,0,0,0,0
food,369,136926,27,False,population_zero,0,5,0,46,15,11,4,4,0,0,0,0,0,0,0,0
food,370,137026,38,False,population_zero,0,5,0,39,12,7,5,4,0,0,0,0,0,0,0,0
food,371,137126,24,False,population_zero,0,5,0,46,22,13,9,3,0,0,0,0,0,0,0,0
food,372,137226,28,False,population_zero,0,5,0,37,19,8,11,4,0,0,0,0,0,0,0,0
food,373,137326,22,False,population_zero,0,5,0,39,12,6,6,4,0,0,0,0,0,0,0,0
food,374,137426,40,False,population_zero,0,5,0,41,15,7,8,4,0,0,0,0,0,0,0,0
food,375,137526,25,False,population_zero,0,5,0,36,13,7,6,4,0,0,0,0,0,0,0,0
food,376,137626,28,False,population_zero,0,5,0,28,16,6,10,4,0,0,0,0,0,0,0,0
food,377,137726,34,False,population_zero,0,5,0,29,9,5,4,4,0,0,0,0,0,0,0,0
food,378,137826,28,False,population_zero,0,5,0,33,11,7,4,4,0,0,0,0,0,0,0,0
food,379,137926,30,False,population_zero,0,5,0,33,10,4,6,4,0,0,0,0,0,0,0,0
food,380,138026,35,False,population_zero,0,5,0,43,21,12,9,4,0,0,0,0,0,0,0,0
food,381,138126,21,False,population_zero,0,5,0,29,15,7,8,4,0,0,0,0,0,0,0,0
food,382,138226,30,False,population_zero,0,5,0,22,7,3,4,4,0,0,0,0,0,0,0,0
food,383,138326,33,False,population_zero,0,5,0,46,14,8,6,4,0,0,0,0,0,0,0,0
food,384,138426,20,False,population_zero,0,5,0,46,13,8,5,4,0,0,0,0,0,0,0,0
food,385,138526,20,False,population_zero,0,5,0,50,18,13,5,3,0,0,0,0,0,0,0,0
food,386,138626,26,False,population_zero,0,5,0,36,9,4,5,4,0,0,0,0,0,0,0,0
food,387,138726,22,False,population_zero,0,5,0,32,13,8,5,4,0,0,0,0,0,0,0,0
food,388,138826,30,False,population_zero,0,5,0,45,14,8,6,4,0,0,0,0,0,0,0,0
food,389,138926,23,False,population_zero,0,5,0,23,10,3,7,4,0,0,0,0,0,0,0,0
food,390,139026,28,False,population_zero,0,5,0,24,5,1,4,4,0,0,0,0,0,0,0,0
food,391,139126,27,False,population_zero,0,5,0,52,17,13,4,4,0,0,0,0,0,0,0,0
food,392,139226,23,False,population_zero,0,5,0,18,11,3,8,4,0,0,0,0,0,0,0,0
food,393,139326,40,False,population_zero,0,5,0,47,19,13,6,4,0,0,0,0,0,0,0,0
food,394,139426,39,False,population_zero,0,5,0,32,10,6,4,4,0,0,0,0,0,0,0,0
food,395,139526,28,False,population_zero,0,5,0,37,17,10,7,4,0,0,0,0,0,0,0,0
food,396,139626,21,False,population_zero,0,5,0,51,15,9,6,4,0,0,0,0,0,0,0,0
food,397,139726,36,False,population_zero,0,5,0,53,19,14,5,4,0,0,0,0,0,0,0,0
food,398,139826,26,False,population_zero,0,5,0,41,21,8,13,4,0,0,0,0,0,0,0,0
food,399,139926,43,False,population_zero,0,5,0,35,11,6,5,4,0,0,0,0,0,0,0,0
food,400,140026,30,False,population_zero,0,5,0,42,20,12,8,4,0,0,0,0,0,0,0,0
food,401,140126,28,False,population_zero,0,5,0,48,12,7,5,4,0,0,0,0,0,0,0,0
food,402,140226,24,False,population_zero,0,5,0,41,11,7,4,4,0,0,0,0,0,0,0,0
food,403,140326,27,False,population_zero,0,5,0,34,13,7,6,4,0,0,0,0,0,0,0,0
food,404,140426,18,False,population_zero,0,5,0,14,14,2,12,3,0,0,0,0,0,0,0,0
food,405,140526,29,False,population_zero,0,5,0,53,21,15,6,4,0,0,0,0,0,0,0,0
food,406,140626,22,False,population_zero,0,5,0,42,17,10,7,4,0,0,0,0,0,0,0,0
food,407,140726,24,False,population_zero,0,5,0,42,15,11,4,4,0,0,0,0,0,0,0,0
food,408,140826,41,False,population_zero,0,5,0,30,15,6,9,4,0,0,0,0,0,0,0,0
food,409,140926,22,False,population_zero,0,5,0,36,11,7,4,4,0,0,0,0,0,0,0,0
food,410,141026,17,False,population_zero,0,5,0,28,11,6,5,4,0,0,0,0,0,0,0,0
food,411,141126,26,False,population_zero,0,5,0,49,16,12,4,4,0,0,0,0,0,0,0,0
food,412,141226,35,False,population_zero,0,5,0,24,15,3,12,4,0,0,0,0,0,0,0,0
food,413,141326,24,False,population_zero,0,5,0,41,19,11,8,4,0,0,0,0,0,0,0,0
food,414,141426,33,False,population_zero,0,5,0,47,14,9,5,4,0,0,0,0,0,0,0,0
food,415,141526,27,False,population_zero,0,5,0,12,4,0,4,4,0,0,0,0,0,0,0,0
food,416,141626,25,False,population_zero,0,5,0,32,14,6,8,4,0,0,0,0,0,0,0,0
food,417,141726,24,False,population_zero,0,5,0,44,14,10,4,4,0,0,0,0,0,0,0,0
food,418,141826,25,False,population_zero,0,5,0,44,16,8,8,4,0,0,0,0,0,0,0,0
food,419,141926,20,False,population_zero,0,5,0,23,6,2,4,4,0,0,0,0,0,0,0,0
food,420,142026,33,False,population_zero,0,5,0,48,12,8,4,4,0,0,0,0,0,0,0,0
food,421,142126,20,False,population_zero,0,5,0,33,15,8,7,4,0,0,0,0,0,0,0,0
food,422,142226,24,False,population_zero,0,5,0,40,18,12,6,4,0,0,0,0,0,0,0,0
food,423,142326,15,False,population_zero,0,5,0,7,4,0,4,4,0,0,0,0,0,0,0,0
food,424,142426,23,False,population_zero,0,5,0,29,10,6,4,4,0,0,0,0,0,0,0,0
food,425,142526,23,False,population_zero,0,5,0,47,13,7,6,4,0,0,0,0,0,0,0,0
food,426,142626,29,False,population_zero,0,5,0,45,21,11,10,3,0,0,0,0,0,0,0,0
food,427,142726,16,False,population_zero,0,5,0,16,9,3,6,4,0,0,0,0,0,0,0,0
food,428,142826,26,False,population_zero,0,5,0,48,23,16,7,4,0,0,0,0,0,0,0,0
food,429,142926,21,False,population_zero,0,5,0,43,18,11,7,4,0,0,0,0,0,0,0,0
food,430,143026,21,False,population_zero,0,5,0,47,17,12,5,4,0,0,0,0,0,0,0,0
food,431,143126,29,False,population_zero,0,5,0,39,10,5,5,4,0,0,0,0,0,0,0,0
food,432,143226,30,False,population_zero,0,5,0,46,18,10,8,4,0,0,0,0,0,0,0,0
food,433,143326,29,False,population_zero,0,5,0,37,15,9,6,4,0,0,0,0,0,0,0,0
food,434,143426,20,False,population_zero,0,5,0,44,17,12,5,4,0,0,0,0,0,0,0,0
food,435,143526,29,False,population_zero,0,5,0,48,19,13,6,4,0,0,0,0,0,0,0,0
food,436,143626,27,False,population_zero,0,5,0,24,16,5,11,4,0,0,0,0,0,0,0,0
food,437,143726,36,False,population_zero,0,5,0,43,12,8,4,4,0,0,0,0,0,0,0,0
food,438,143826,17,False,population_zero,0,5,0,21,10,4,6,4,0,0,0,0,0,0,0,0
food,439,143926,21,False,population_zero,0,5,0,24,11,6,5,4,0,0,0,0,0,0,0,0
food,440,144026,23,False,population_zero,0,5,0,43,14,9,5,4,0,0,0,0,0,0,0,0
food,441,144126,31,False,population_zero,0,5,0,32,11,6,5,4,0,0,0,0,0,0,0,0
food,442,144226,20,False,population_zero,0,5,0,38,15,6,9,4,0,0,0,0,0,0,0,0
food,443,144326,21,False,population_zero,0,5,0,47,17,13,4,4,0,0,0,0,0,0,0,0
food,444,144426,21,False,population_zero,0,5,0,41,19,11,8,3,0,0,0,0,0,0,0,0
food,445,144526,23,False,population_zero,0,5,0,28,10,5,5,4,0,0,0,0,0,0,0,0
food,446,144626,24,False,population_zero,0,5,0,31,11,6,5,4,0,0,0,0,0,0,0,0
food,447,144726,26,False,population_zero,0,5,0,38,17,6,11,4,0,0,0,0,0,0,0,0
food,448,144826,23,False,population_zero,0,5,0,30,12,4,8,4,0,0,0,0,0,0,0,0
food,449,144926,31,False,population_zero,0,5,0,43,18,11,7,4,0,0,0,0,0,0,0,0
food,450,145026,16,False,population_zero,0,5,0,9,4,0,4,4,0,0,0,0,0,0,0,0
food,451,145126,23,False,population_zero,0,5,0,39,12,6,6,4,0,0,0,0,0,0,0,0
food,452,145226,22,False,population_zero,0,5,0,46,13,9,4,4,0,0,0,0,0,0,0,0
food,453,145326,28,False,population_zero,0,5,0,59,19,15,4,4,0,0,0,0,0,0,0,0
food,454,145426,20,False,population_zero,0,5,0,39,8,4,4,4,0,0,0,0,0,0,0,0
food,455,145526,24,False,population_zero,0,5,0,44,21,8,13,4,0,0,0,0,0,0,0,0
food,456,145626,31,False,population_zero,0,5,0,44,20,10,10,3,0,0,0,0,0,0,0,0
food,457,145726,29,False,population_zero,0,5,0,25,8,4,4,4,0,0,0,0,0,0,0,0
food,458,145826,22,False,population_zero,0,5,0,39,15,7,8,4,0,0,0,0,0,0,0,0
food,459,145926,18,False,population_zero,0,5,0,45,15,7,8,4,0,0,0,0,0,0,0,0
food,460,146026,23,False,population_zero,0,5,0,36,17,9,8,4,0,0,0,0,0,0,0,0
food,461,146126,20,False,population_zero,0,5,0,34,18,8,10,4,0,0,0,0,0,0,0,0
food,462,146226,47,False,population_zero,0,5,0,47,18,13,5,4,0,0,0,0,0,0,0,0
food,463,146326,43,False,population_zero,0,5,0,40,13,7,6,4,0,0,0,0,0,0,0,0
food,464,146426,32,False,population_zero,0,5,0,43,19,13,6,4,0,0,0,0,0,0,0,0
food,465,146526,19,False,population_zero,0,5,0,11,6,1,5,4,0,0,0,0,0,0,0,0
food,466,146626,26,False,population_zero,0,5,0,31,13,7,6,4,0,0,0,0,0,0,0,0
food,467,146726,25,False,population_zero,0,5,0,47,19,13,6,4,0,0,0,0,0,0,0,0
food,468,146826,25,False,population_zero,0,5,0,21,9,5,4,4,0,0,0,0,0,0,0,0
food,469,146926,20,False,population_zero,0,5,0,13,6,2,4,4,0,0,0,0,0,0,0,0
food,470,147026,22,False,population_zero,0,5,0,46,21,13,8,4,0,0,0,0,0,0,0,0
food,471,147126,30,False,population_zero,0,5,0,44,23,11,12,3,0,0,0,0,0,0,0,0
food,472,147226,23,False,population_zero,0,5,0,33,12,6,6,4,0,0,0,0,0,0,0,0
food,473,147326,28,False,population_zero,0,5,0,37,17,8,9,4,0,0,0,0,0,0,0,0
food,474,147426,21,False,population_zero,0,5,0,56,17,7,10,4,0,0,0,0,0,0,0,0
food,475,147526,26,False,population_zero,0,5,0,40,17,9,8,4,0,0,0,0,0,0,0,0
food,476,147626,23,False,population_zero,0,5,0,25,9,3,6,4,0,0,0,0,0,0,0,0
food,477,147726,23,False,population_zero,0,5,0,43,15,10,5,4,0,0,0,0,0,0,0,0
food,478,147826,19,False,population_zero,0,5,0,30,15,8,7,4,0,0,0,0,0,0,0,0
food,479,147926,38,False,population_zero,0,5,0,49,23,13,10,4,0,0,0,0,0,0,0,0
food,480,148026,18,False,population_zero,0,5,0,43,17,11,6,4,0,0,0,0,0,0,0,0
food,481,148126,31,False,population_zero,0,5,0,24,10,5,5,4,0,0,0,0,0,0,0,0
food,482,148226,25,False,population_zero,0,5,0,35,13,8,5,4,0,0,0,0,0,0,0,0
food,483,148326,29,False,population_zero,0,5,0,28,7,3,4,4,0,0,0,0,0,0,0,0
food,484,148426,18,False,population_zero,0,5,0,13,6,1,5,4,0,0,0,0,0,0,0,0
food,485,148526,26,False,population_zero,0,5,0,33,14,6,8,4,0,0,0,0,0,0,0,0
food,486,148626,39,False,population_zero,0,5,0,45,18,12,6,4,0,0,0,0,0,0,0,0
food,487,148726,27,False,population_zero,0,5,0,25,13,3,10,4,0,0,0,0,0,0,0,0
food,488,148826,22,False,population_zero,0,5,0,44,15,6,9,4,0,0,0,0,0,0,0,0
food,489,148926,26,False,population_zero,0,5,0,52,19,13,6,4,0,0,0,0,0,0,0,0
food,490,149026,22,False,population_zero,0,5,0,37,13,8,5,4,0,0,0,0,0,0,0,0
food,491,149126,20,False,population_zero,0,5,0,30,12,6,6,4,0,0,0,0,0,0,0,0
food,492,149226,19,False,population_zero,0,5,0,50,17,9,8,4,0,0,0,0,0,0,0,0
food,493,149326,25,False,population_zero,0,5,0,49,18,13,5,4,0,0,0,0,0,0,0,0
food,494,149426,25,False,population_zero,0,5,0,46,14,9,5,4,0,0,0,0,0,0,0,0
food,495,149526,41,False,population_zero,0,5,0,44,17,13,4,4,0,0,0,0,0,0,0,0
food,496,149626,37,False,population_zero,0,5,0,39,12,6,6,4,0,0,0,0,0,0,0,0
food,497,149726,24,False,population_zero,0,5,0,43,14,8,6,4,0,0,0,0,0,0,0,0
food,498,149826,32,False,population_zero,0,5,0,39,13,7,6,4,0,0,0,0,0,0,0,0
food,499,149926,19,False,population_zero,0,5,0,44,18,8,10,4,0,0,0,0,0,0,0,0
food,500,150026,23,False,population_zero,0,5,0,20,8,3,5,4,0,0,0,0,0,0,0,0
food,501,150126,37,False,population_zero,0,5,0,46,19,14,5,4,0,0,0,0,0,0,0,0
food,502,150226,23,False,population_zero,0,5,0,54,15,9,6,4,0,0,0,0,0,0,0,0
food,503,150326,22,False,population_zero,0,5,0,40,13,7,6,4,0,0,0,0,0,0,0,0
food,504,150426,20,False,population_zero,0,5,0,34,17,8,9,4,0,0,0,0,0,0,0,0
food,505,150526,18,False,population_zero,0,5,0,16,6,2,4,4,0,0,0,0,0,0,0,0
food,506,150626,27,False,population_zero,0,5,0,21,7,3,4,4,0,0,0,0,0,0,0,0
food,507,150726,21,False,population_zero,0,5,0,43,15,9,6,4,0,0,0,0,0,0,0,0
food,508,150826,31,False,population_zero,0,5,0,45,13,8,5,4,0,0,0,0,0,0,0,0
food,509,150926,20,False,population_zero,0,5,0,29,17,7,10,4,0,0,0,0,0,0,0,0
food,510,151026,23,False,population_zero,0,5,0,14,8,2,6,4,0,0,0,0,0,0,0,0
food,511,151126,22,False,population_zero,0,5,0,38,14,9,5,4,0,0,0,0,0,0,0,0
food,512,151226,29,False,population_zero,0,5,0,47,13,8,5,4,0,0,0,0,0,0,0,0
food,513,151326,26,False,population_zero,0,5,0,47,14,8,6,4,0,0,0,0,0,0,0,0
food,514,151426,31,False,population_zero,0,5,0,53,21,17,4,4,0,0,0,0,0,0,0,0
food,515,151526,31,False,population_zero,0,5,0,25,10,5,5,4,0,0,0,0,0,0,0,0
food,516,151626,21,False,population_zero,0,5,0,37,14,7,7,4,0,0,0,0,0,0,0,0
food,517,151726,30,False,population_zero,0,5,0,49,21,12,9,4,0,0,0,0,0,0,0,0
food,518,151826,23,False,population_zero,0,5,0,51,21,14,7,3,0,0,0,0,0,0,0,0
food,519,151926,30,False,population_zero,0,5,0,45,22,12,10,4,0,0,0,0,0,0,0,0
food,520,152026,26,False,population_zero,0,5,0,31,11,6,5,4,0,0,0,0,0,0,0,0
food,521,152126,34,False,population_zero,0,5,0,35,25,6,19,3,0,0,0,0,0,0,0,0
food,522,152226,21,False,population_zero,0,5,0,24,8,4,4,4,0,0,0,0,0,0,0,0
food,523,152326,25,False,population_zero,0,5,0,20,14,3,11,4,0,0,0,0,0,0,0,0
food,524,152426,33,False,population_zero,0,5,0,37,16,5,11,4,0,0,0,0,0,0,0,0
food,525,152526,26,False,population_zero,0,5,0,35,9,5,4,4,0,0,0,0,0,0,0,0
food,526,152626,25,False,population_zero,0,5,0,32,10,6,4,4,0,0,0,0,0,0,0,0
food,527,152726,28,False,population_zero,0,5,0,50,17,13,4,4,0,0,0,0,0,0,0,0
food,528,152826,18,False,population_zero,0,5,0,33,11,7,4,4,0,0,0,0,0,0,0,0
food,529,152926,26,False,population_zero,0,5,0,44,16,8,8,4,0,0,0,0,0,0,0,0
food,530,153026,30,False,population_zero,0,5,0,47,15,11,4,4,0,0,0,0,0,0,0,0
food,531,153126,34,False,population_zero,0,5,0,46,18,11,7,4,0,0,0,0,0,0,0,0
food,532,153226,21,False,population_zero,0,5,0,47,20,15,5,4,0,0,0,0,0,0,0,0
food,533,153326,29,False,population_zero,0,5,0,44,18,12,6,4,0,0,0,0,0,0,0,0
food,534,153426,24,False,population_zero,0,5,0,40,11,7,4,4,0,0,0,0,0,0,0,0
food,535,153526,40,False,population_zero,0,5,0,32,14,7,7,4,0,0,0,0,0,0,0,0
food,536,153626,27,False,population_zero,0,5,0,37,11,7,4,4,0,0,0,0,0,0,0,0
food,537,153726,21,False,population_zero,0,5,0,45,14,7,7,4,0,0,0,0,0,0,0,0
food,538,153826,18,False,population_zero,0,5,0,8,4,0,4,4,0,0,0,0,0,0,0,0
food,539,153926,22,False,population_zero,0,5,0,51,18,11,7,3,0,0,0,0,0,0,0,0
food,540,154026,27,False,population_zero,0,5,0,47,14,10,4,4,0,0,0,0,0,0,0,0
food,541,154126,24,False,population_zero,0,5,0,44,17,8,9,4,0,0,0,0,0,0,0,0
food,542,154226,36,False,population_zero,0,5,0,43,12,8,4,4,0,0,0,0,0,0,0,0
food,543,154326,22,False,population_zero,0,5,0,42,12,7,5,4,0,0,0,0,0,0,0,0
food,544,154426,27,False,population_zero,0,5,0,36,13,6,7,4,0,0,0,0,0,0,0,0
food,545,154526,21,False,population_zero,0,5,0,40,12,8,4,4,0,0,0,0,0,0,0,0
food,546,154626,34,False,population_zero,0,5,0,40,18,9,9,3,0,0,0,0,0,0,0,0
food,547,154726,20,False,population_zero,0,5,0,25,6,2,4,4,0,0,0,0,0,0,0,0
food,548,154826,30,False,population_zero,0,5,0,36,11,7,4,4,0,0,0,0,0,0,0,0
food,549,154926,39,False,population_zero,0,5,0,23,12,3,9,4,0,0,0,0,0,0,0,0
food,550,155026,22,False,population_zero,0,5,0,17,6,2,4,4,0,0,0,0,0,0,0,0
food,551,155126,25,False,population_zero,0,5,0,55,19,15,4,4,0,0,0,0,0,0,0,0
food,552,155226,25,False,population_zero,0,5,0,28,11,4,7,4,0,0,0,0,0,0,0,0
food,553,155326,32,False,population_zero,0,5,0,27,10,4,6,4,0,0,0,0,0,0,0,0
food,554,155426,22,False,population_zero,0,5,0,30,16,5,11,4,0,0,0,0,0,0,0,0
food,555,155526,28,False,population_zero,0,5,0,46,11,6,5,4,0,0,0,0,0,0,0,0
food,556,155626,34,False,population_zero,0,5,0,44,17,9,8,4,0,0,0,0,0,0,0,0
food,557,155726,26,False,population_zero,0,5,0,43,15,11,4,4,0,0,0,0,0,0,0,0
food,558,155826,25,False,population_zero,0,5,0,37,12,6,6,4,0,0,0,0,0,0,0,0
food,559,155926,25,False,population_zero,0,5,0,28,10,4,6,4,0,0,0,0,0,0,0,0
food,560,156026,31,False,population_zero,0,5,0,39,16,10,6,4,0,0,0,0,0,0,0,0
food,561,156126,23,False,population_zero,0,5,0,16,6,2,4,4,0,0,0,0,0,0,0,0
food,562,156226,28,False,population_zero,0,5,0,34,21,7,14,4,0,0,0,0,0,0,0,0
food,563,156326,24,False,population_zero,0,5,0,49,16,8,8,4,0,0,0,0,0,0,0,0
food,564,156426,22,False,population_zero,0,5,0,49,12,7,5,4,0,0,0,0,0,0,0,0
food,565,156526,31,False,population_zero,0,5,0,35,8,3,5,4,0,0,0,0,0,0,0,0
food,566,156626,31,False,population_zero,0,5,0,37,20,9,11,4,0,0,0,0,0,0,0,0
food,567,156726,27,False,population_zero,0,5,0,44,15,11,4,4,0,0,0,0,0,0,0,0
food,568,156826,37,False,population_zero,0,5,0,41,16,9,7,4,0,0,0,0,0,0,0,0
food,569,156926,23,False,population_zero,0,5,0,49,19,13,6,3,0,0,0,0,0,0,0,0
food,570,157026,24,False,population_zero,0,5,0,35,12,7,5,4,0,0,0,0,0,0,0,0
food,571,157126,33,False,population_zero,0,5,0,45,15,10,5,4,0,0,0,0,0,0,0,0
food,572,157226,26,False,population_zero,0,5,0,52,17,13,4,4,0,0,0,0,0,0,0,0
food,573,157326,25,False,population_zero,0,5,0,48,22,11,11,4,0,0,0,0,0,0,0,0
food,574,157426,38,False,population_zero,0,5,0,49,19,13,6,4,0,0,0,0,0,0,0,0
food,575,157526,21,False,population_zero,0,5,0,37,17,9,8,4,0,0,0,0,0,0,0,0
food,576,157626,25,False,population_zero,0,5,0,30,12,8,4,4,0,0,0,0,0,0,0,0
food,577,157726,34,False,population_zero,0,5,0,21,15,4,11,4,0,0,0,0,0,0,0,0
food,578,157826,26,False,population_zero,0,5,0,43,14,9,5,4,0,0,0,0,0,0,0,0
food,579,157926,28,False,population_zero,0,5,0,43,18,11,7,4,0,0,0,0,0,0,0,0
food,580,158026,21,False,population_zero,0,5,0,32,19,7,12,4,0,0,0,0,0,0,0,0
food,581,158126,26,False,population_zero,0,5,0,46,14,10,4,4,0,0,0,0,0,0,0,0
food,582,158226,30,False,population_zero,0,5,0,50,16,11,5,4,0,0,0,0,0,0,0,0
food,583,158326,28,False,population_zero,0,5,0,13,7,2,5,4,0,0,0,0,0,0,0,0
food,584,158426,24,False,population_zero,0,5,0,49,14,9,5,4,0,0,0,0,0,0,0,0
food,585,158526,25,False,population_zero,0,5,0,39,11,7,4,4,0,0,0,0,0,0,0,0
food,586,158626,25,False,population_zero,0,5,0,43,21,12,9,4,0,0,0,0,0,0,0,0
food,587,158726,22,False,population_zero,0,5,0,37,13,9,4,4,0,0,0,0,0,0,0,0
food,588,158826,31,False,population_zero,0,5,0,24,8,4,4,4,0,0,0,0,0,0,0,0
food,589,158926,33,False,population_zero,0,5,0,18,9,2,7,4,0,0,0,0,0,0,0,0
food,590,159026,24,False,population_zero,0,5,0,43,13,9,4,4,0,0,0,0,0,0,0,0
food,591,159126,30,False,population_zero,0,5,0,45,20,11,9,4,0,0,0,0,0,0,0,0
food,592,159226,36,False,population_zero,0,5,0,35,12,7,5,4,0,0,0,0,0,0,0,0
food,593,159326,19,False,population_zero,0,5,0,29,12,6,6,4,0,0,0,0,0,0,0,0
food,594,159426,20,False,population_zero,0,5,0,24,8,4,4,4,0,0,0,0,0,0,0,0
food,595,159526,25,False,population_zero,0,5,0,15,7,2,5,4,0,0,0,0,0,0,0,0
food,596,159626,26,False,population_zero,0,5,0,36,12,7,5,4,0,0,0,0,0,0,0,0
food,597,159726,27,False,population_zero,0,5,0,12,14,2,12,4,0,0,0,0,0,0,0,0
food,598,159826,33,False,population_zero,0,5,0,46,21,11,10,4,0,0,0,0,0,0,0,0
food,599,159926,18,False,population_zero,0,5,0,36,15,8,7,4,0,0,0,0,0,0,0,0
food,600,160026,21,False,population_zero,0,5,0,25,8,3,5,4,0,0,0,0,0,0,0,0
food,601,160126,19,False,population_zero,0,5,0,22,8,4,4,4,0,0,0,0,0,0,0,0
food,602,160226,22,False,population_zero,0,5,0,23,10,6,4,4,0,0,0,0,0,0,0,0
food,603,160326,22,False,population_zero,0,5,0,44,14,8,6,4,0,0,0,0,0,0,0,0
food,604,160426,31,False,population_zero,0,5,0,57,21,15,6,4,0,0,0,0,0,0,0,0
food,605,160526,20,False,population_zero,0,5,0,37,15,8,7,4,0,0,0,0,0,0,0,0
food,606,160626,29,False,population_zero,0,5,0,50,12,8,4,4,0,0,0,0,0,0,0,0
food,607,160726,23,False,population_zero,0,5,0,28,9,5,4,4,0,0,0,0,0,0,0,0
food,608,160826,24,False,population_zero,0,5,0,41,18,10,8,3,0,0,0,0,0,0,0,0
food,609,160926,25,False,population_zero,0,5,0,35,15,9,6,4,0,0,0,0,0,0,0,0
food,610,161026,32,False,population_zero,0,5,0,49,17,13,4,4,0,0,0,0,0,0,0,0
food,611,161126,24,False,population_zero,0,5,0,43,12,8,4,4,0,0,0,0,0,0,0,0
food,612,161226,29,False,population_zero,0,5,0,19,9,2,7,4,0,0,0,0,0,0,0,0
food,613,161326,26,False,population_zero,0,5,0,44,18,10,8,4,0,0,0,0,0,0,0,0
food,614,161426,22,False,population_zero,0,5,0,47,17,12,5,4,0,0,0,0,0,0,0,0
food,615,161526,22,False,population_zero,0,5,0,38,18,9,9,4,0,0,0,0,0,0,0,0
food,616,161626,27,False,population_zero,0,5,0,37,10,5,5,4,0,0,0,0,0,0,0,0
food,617,161726,29,False,population_zero,0,5,0,29,9,4,5,4,0,0,0,0,0,0,0,0
food,618,161826,23,False,population_zero,0,5,0,40,20,11,9,4,0,0,0,0,0,0,0,0
food,619,161926,19,False,population_zero,0,5,0,35,15,7,8,4,0,0,0,0,0,0,0,0
food,620,162026,21,False,population_zero,0,5,0,18,8,3,5,4,0,0,0,0,0,0,0,0
food,621,162126,29,False,population_zero,0,5,0,45,18,12,6,4,0,0,0,0,0,0,0,0
food,622,162226,32,False,population_zero,0,5,0,36,13,7,6,4,0,0,0,0,0,0,0,0
food,623,162326,22,False,population_zero,0,5,0,37,12,7,5,4,0,0,0,0,0,0,0,0
food,624,162426,26,False,population_zero,0,5,0,53,16,12,4,4,0,0,0,0,0,0,0,0
food,625,162526,21,False,population_zero,0,5,0,22,10,3,7,4,0,0,0,0,0,0,0,0
food,626,162626,20,False,population_zero,0,5,0,42,14,9,5,4,0,0,0,0,0,0,0,0
food,627,162726,19,False,population_zero,0,5,0,30,11,5,6,4,0,0,0,0,0,0,0,0
food,628,162826,31,False,population_zero,0,5,0,42,17,10,7,4,0,0,0,0,0,0,0,0
food,629,162926,27,False,population_zero,0,5,0,43,17,8,9,3,0,0,0,0,0,0,0,0
food,630,163026,23,False,population_zero,0,5,0,51,20,9,11,4,0,0,0,0,0,0,0,0
food,631,163126,20,False,population_zero,0,5,0,33,12,7,5,4,0,0,0,0,0,0,0,0
food,632,163226,24,False,population_zero,0,5,0,54,21,15,6,4,0,0,0,0,0,0,0,0
food,633,163326,25,False,population_zero,0,5,0,46,19,11,8,3,0,0,0,0,0,0,0,0
food,634,163426,25,False,population_zero,0,5,0,34,14,6,8,4,0,0,0,0,0,0,0,0
food,635,163526,33,False,population_zero,0,5,0,38,18,12,6,4,0,0,0,0,0,0,0,0
food,636,163626,22,False,population_zero,0,5,0,43,15,9,6,4,0,0,0,0,0,0,0,0
food,637,163726,23,False,population_zero,0,5,0,37,9,5,4,4,0,0,0,0,0,0,0,0
food,638,163826,17,False,population_zero,0,5,0,10,9,1,8,4,0,0,0,0,0,0,0,0
food,639,163926,28,False,population_zero,0,5,0,27,9,5,4,4,0,0,0,0,0,0,0,0
food,640,164026,28,False,population_zero,0,5,0,26,9,5,4,4,0,0,0,0,0,0,0,0
food,641,164126,45,False,population_zero,0,5,0,23,9,3,6,4,0,0,0,0,0,0,0,0
food,642,164226,21,False,population_zero,0,5,0,18,11,3,8,4,0,0,0,0,0,0,0,0
food,643,164326,24,False,population_zero,0,5,0,10,8,0,8,4,0,0,0,0,0,0,0,0
food,644,164426,22,False,population_zero,0,5,0,46,15,11,4,4,0,0,0,0,0,0,0,0
food,645,164526,30,False,population_zero,0,5,0,38,13,9,4,4,0,0,0,0,0,0,0,0
food,646,164626,30,False,population_zero,0,5,0,43,16,11,5,4,0,0,0,0,0,0,0,0
food,647,164726,27,False,population_zero,0,5,0,32,13,7,6,4,0,0,0,0,0,0,0,0
food,648,164826,31,False,population_zero,0,5,0,45,13,8,5,4,0,0,0,0,0,0,0,0
food,649,164926,26,False,population_zero,0,5,0,32,13,6,7,4,0,0,0,0,0,0,0,0
food,650,165026,33,False,population_zero,0,5,0,36,14,9,5,4,0,0,0,0,0,0,0,0
food,651,165126,28,False,population_zero,0,5,0,41,10,6,4,4,0,0,0,0,0,0,0,0
food,652,165226,29,False,population_zero,0,5,0,35,13,7,6,4,0,0,0,0,0,0,0,0
food,653,165326,46,False,population_zero,0,5,0,33,12,7,5,4,0,0,0,0,0,0,0,0
food,654,165426,26,False,population_zero,0,5,0,30,16,7,9,4,0,0,0,0,0,0,0,0
food,655,165526,34,False,population_zero,0,5,0,54,19,14,5,4,0,0,0,0,0,0,0,0
food,656,165626,32,False,population_zero,0,5,0,38,19,8,11,3,0,0,0,0,0,0,0,0
food,657,165726,33,False,population_zero,0,5,0,42,14,10,4,4,0,0,0,0,0,0,0,0
food,658,165826,22,False,population_zero,0,5,0,23,13,4,9,4,0,0,0,0,0,0,0,0
food,659,165926,35,False,population_zero,0,5,0,50,15,9,6,4,0,0,0,0,0,0,0,0
food,660,166026,25,False,population_zero,0,5,0,40,18,12,6,4,0,0,0,0,0,0,0,0
food,661,166126,21,False,population_zero,0,5,0,38,10,5,5,4,0,0,0,0,0,0,0,0
food,662,166226,21,False,population_zero,0,5,0,38,14,9,5,4,0,0,0,0,0,0,0,0
food,663,166326,28,False,population_zero,0,5,0,53,21,14,7,4,0,0,0,0,0,0,0,0
food,664,166426,31,False,population_zero,0,5,0,46,17,12,5,4,0,0,0,0,0,0,0,0
food,665,166526,29,False,population_zero,0,5,0,26,9,5,4,4,0,0,0,0,0,0,0,0
food,666,166626,28,False,population_zero,0,5,0,28,9,4,5,4,0,0,0,0,0,0,0,0
food,667,166726,29,False,population_zero,0,5,0,43,14,9,5,4,0,0,0,0,0,0,0,0
food,668,166826,19,False,population_zero,0,5,0,39,15,7,8,4,0,0,0,0,0,0,0,0
food,669,166926,22,False,population_zero,0,5,0,42,13,9,4,4,0,0,0,0,0,0,0,0
food,670,167026,22,False,population_zero,0,5,0,28,8,4,4,4,0,0,0,0,0,0,0,0
food,671,167126,23,False,population_zero,0,5,0,43,15,11,4,4,0,0,0,0,0,0,0,0
food,672,167226,20,False,population_zero,0,5,0,41,9,5,4,4,0,0,0,0,0,0,0,0
food,673,167326,27,False,population_zero,0,5,0,41,23,13,10,4,0,0,0,0,0,0,0,0
food,674,167426,32,False,population_zero,0,5,0,20,10,4,6,4,0,0,0,0,0,0,0,0
food,675,167526,24,False,population_zero,0,5,0,39,19,8,11,4,0,0,0,0,0,0,0,0
food,676,167626,22,False,population_zero,0,5,0,33,17,10,7,4,0,0,0,0,0,0,0,0
food,677,167726,34,False,population_zero,0,5,0,21,10,4,6,4,0,0,0,0,0,0,0,0
food,678,167826,25,False,population_zero,0,5,0,21,9,4,5,4,0,0,0,0,0,0,0,0
food,679,167926,24,False,population_zero,0,5,0,38,11,5,6,4,0,0,0,0,0,0,0,0
food,680,168026,31,False,population_zero,0,5,0,38,20,9,11,4,0,0,0,0,0,0,0,0
food,681,168126,29,False,population_zero,0,5,0,49,20,14,6,3,0,0,0,0,0,0,0,0
food,682,168226,18,False,population_zero,0,5,0,29,13,6,7,4,0,0,0,0,0,0,0,0
food,683,168326,19,False,population_zero,0,5,0,40,11,7,4,4,0,0,0,0,0,0,0,0
food,684,168426,22,False,population_zero,0,5,0,24,15,5,10,4,0,0,0,0,0,0,0,0
food,685,168526,28,False,population_zero,0,5,0,36,18,8,10,4,0,0,0,0,0,0,0,0
food,686,168626,28,False,population_zero,0,5,0,43,14,8,6,4,0,0,0,0,0,0,0,0
food,687,168726,30,False,population_zero,0,5,0,28,10,6,4,4,0,0,0,0,0,0,0,0
food,688,168826,37,False,population_zero,0,5,0,32,12,6,6,4,0,0,0,0,0,0,0,0
food,689,168926,26,False,population_zero,0,5,0,42,13,8,5,4,0,0,0,0,0,0,0,0
food,690,169026,20,False,population_zero,0,5,0,20,9,5,4,4,0,0,0,0,0,0,0,0
food,691,169126,33,False,population_zero,0,5,0,45,16,9,7,4,0,0,0,0,0,0,0,0
food,692,169226,27,False,population_zero,0,5,0,26,11,6,5,4,0,0,0,0,0,0,0,0
food,693,169326,21,False,population_zero,0,5,0,49,14,9,5,4,0,0,0,0,0,0,0,0
food,694,169426,28,False,population_zero,0,5,0,43,11,4,7,4,0,0,0,0,0,0,0,0
food,695,169526,26,False,population_zero,0,5,0,40,19,8,11,4,0,0,0,0,0,0,0,0
food,696,169626,26,False,population_zero,0,5,0,25,12,6,6,4,0,0,0,0,0,0,0,0
food,697,169726,32,False,population_zero,0,5,0,20,6,2,4,4,0,0,0,0,0,0,0,0
food,698,169826,19,False,population_zero,0,5,0,38,10,6,4,4,0,0,0,0,0,0,0,0
food,699,169926,24,False,population_zero,0,5,0,49,18,11,7,4,0,0,0,0,0,0,0,0
food,700,170026,33,False,population_zero,0,5,0,31,12,7,5,4,0,0,0,0,0,0,0,0
food,701,170126,16,False,population_zero,0,5,0,10,4,0,4,4,0,0,0,0,0,0,0,0
food,702,170226,40,False,population_zero,0,5,0,29,8,4,4,4,0,0,0,0,0,0,0,0
food,703,170326,23,False,population_zero,0,5,0,25,15,6,9,4,0,0,0,0,0,0,0,0
food,704,170426,26,False,population_zero,0,5,0,30,10,5,5,4,0,0,0,0,0,0,0,0
food,705,170526,28,False,population_zero,0,5,0,38,13,8,5,4,0,0,0,0,0,0,0,0
food,706,170626,26,False,population_zero,0,5,0,39,19,10,9,3,0,0,0,0,0,0,0,0
food,707,170726,20,False,population_zero,0,5,0,37,13,7,6,4,0,0,0,0,0,0,0,0
food,708,170826,20,False,population_zero,0,5,0,34,10,6,4,4,0,0,0,0,0,0,0,0
food,709,170926,29,False,population_zero,0,5,0,40,15,9,6,4,0,0,0,0,0,0,0,0
food,710,171026,27,False,population_zero,0,5,0,43,17,10,7,4,0,0,0,0,0,0,0,0
food,711,171126,24,False,population_zero,0,5,0,37,18,10,8,4,0,0,0,0,0,0,0,0
food,712,171226,24,False,population_zero,0,5,0,35,13,5,8,4,0,0,0,0,0,0,0,0
food,713,171326,24,False,population_zero,0,5,0,30,15,6,9,4,0,0,0,0,0,0,0,0
food,714,171426,24,False,population_zero,0,5,0,48,13,9,4,4,0,0,0,0,0,0,0,0
food,715,171526,21,False,population_zero,0,5,0,28,13,5,8,4,0,0,0,0,0,0,0,0
food,716,171626,30,False,population_zero,0,5,0,46,22,13,9,4,0,0,0,0,0,0,0,0
food,717,171726,30,False,population_zero,0,5,0,46,15,11,4,4,0,0,0,0,0,0,0,0
food,718,171826,18,False,population_zero,0,5,0,43,10,5,5,4,0,0,0,0,0,0,0,0
food,719,171926,24,False,population_zero,0,5,0,51,13,9,4,4,0,0,0,0,0,0,0,0
food,720,172026,33,False,population_zero,0,5,0,50,14,10,4,4,0,0,0,0,0,0,0,0
food,721,172126,25,False,population_zero,0,5,0,26,12,8,4,4,0,0,0,0,0,0,0,0
food,722,172226,24,False,population_zero,0,5,0,46,14,10,4,4,0,0,0,0,0,0,0,0
food,723,172326,33,False,population_zero,0,5,0,35,15,7,8,4,0,0,0,0,0,0,0,0
food,724,172426,18,False,population_zero,0,5,0,16,7,3,4,4,0,0,0,0,0,0,0,0
food,725,172526,37,False,population_zero,0,5,0,47,21,12,9,4,0,0,0,0,0,0,0,0
food,726,172626,19,False,population_zero,0,5,0,35,10,6,4,4,0,0,0,0,0,0,0,0
food,727,172726,24,False,population_zero,0,5,0,35,17,8,9,4,0,0,0,0,0,0,0,0
food,728,172826,23,False,population_zero,0,5,0,26,10,5,5,4,0,0,0,0,0,0,0,0
food,729,172926,23,False,population_zero,0,5,0,54,20,12,8,4,0,0,0,0,0,0,0,0
food,730,173026,26,False,population_zero,0,5,0,26,9,4,5,4,0,0,0,0,0,0,0,0
food,731,173126,20,False,population_zero,0,5,0,36,13,6,7,4,0,0,0,0,0,0,0,0
food,732,173226,26,False,population_zero,0,5,0,28,9,3,6,4,0,0,0,0,0,0,0,0
food,733,173326,24,False,population_zero,0,5,0,31,17,7,10,4,0,0,0,0,0,0,0,0
food,734,173426,31,False,population_zero,0,5,0,39,14,9,5,4,0,0,0,0,0,0,0,0
food,735,173526,21,False,population_zero,0,5,0,45,20,14,6,4,0,0,0,0,0,0,0,0
food,736,173626,36,False,population_zero,0,5,0,48,19,14,5,4,0,0,0,0,0,0,0,0
food,737,173726,30,False,population_zero,0,5,0,41,11,7,4,4,0,0,0,0,0,0,0,0
food,738,173826,27,False,population_zero,0,5,0,38,13,9,4,4,0,0,0,0,0,0,0,0
food,739,173926,26,False,population_zero,0,5,0,38,16,8,8,4,0,0,0,0,0,0,0,0
food,740,174026,26,False,population_zero,0,5,0,53,22,13,9,3,0,0,0,0,0,0,0,0
food,741,174126,21,False,population_zero,0,5,0,56,12,8,4,4,0,0,0,0,0,0,0,0
food,742,174226,21,False,population_zero,0,5,0,32,11,6,5,4,0,0,0,0,0,0,0,0
food,743,174326,28,False,population_zero,0,5,0,39,16,10,6,4,0,0,0,0,0,0,0,0
food,744,174426,32,False,population_zero,0,5,0,40,12,7,5,4,0,0,0,0,0,0,0,0
food,745,174526,18,False,population_zero,0,5,0,32,17,8,9,4,0,0,0,0,0,0,0,0
food,746,174626,25,False,population_zero,0,5,0,23,8,3,5,4,0,0,0,0,0,0,0,0
food,747,174726,20,False,population_zero,0,5,0,21,9,3,6,4,0,0,0,0,0,0,0,0
food,748,174826,33,False,population_zero,0,5,0,52,24,13,11,4,0,0,0,0,0,0,0,0
food,749,174926,20,False,population_zero,0,5,0,36,18,5,13,3,0,0,0,0,0,0,0,0
food,750,175026,28,False,population_zero,0,5,0,34,11,5,6,4,0,0,0,0,0,0,0,0
food,751,175126,40,False,population_zero,0,5,0,46,23,14,9,4,0,0,0,0,0,0,0,0
food,752,175226,23,False,population_zero,0,5,0,38,10,6,4,4,0,0,0,0,0,0,0,0
food,753,175326,26,False,population_zero,0,5,0,50,13,9,4,4,0,0,0,0,0,0,0,0
food,754,175426,28,False,population_zero,0,5,0,30,12,6,6,4,0,0,0,0,0,0,0,0
food,755,175526,31,False,population_zero,0,5,0,39,14,9,5,4,0,0,0,0,0,0,0,0
food,756,175626,25,False,population_zero,0,5,0,37,12,7,5,4,0,0,0,0,0,0,0,0
food,757,175726,20,False,population_zero,0,5,0,39,13,6,7,4,0,0,0,0,0,0,0,0
food,758,175826,23,False,population_zero,0,5,0,28,9,4,5,4,0,0,0,0,0,0,0,0
food,759,175926,20,False,population_zero,0,5,0,45,13,9,4,4,0,0,0,0,0,0,0,0
food,760,176026,32,False,population_zero,0,5,0,45,13,9,4,4,0,0,0,0,0,0,0,0
food,761,176126,18,False,population_zero,0,5,0,11,8,2,6,4,0,0,0,0,0,0,0,0
food,762,176226,21,False,population_zero,0,5,0,54,13,8,5,4,0,0,0,0,0,0,0,0
food,763,176326,27,False,population_zero,0,5,0,21,15,3,12,4,0,0,0,0,0,0,0,0
food,764,176426,27,False,population_zero,0,5,0,41,15,11,4,4,0,0,0,0,0,0,0,0
food,765,176526,22,False,population_zero,0,5,0,39,14,7,7,4,0,0,0,0,0,0,0,0
food,766,176626,32,False,population_zero,0,5,0,45,24,11,13,3,0,0,0,0,0,0,0,0
food,767,176726,35,False,population_zero,0,5,0,36,14,7,7,4,0,0,0,0,0,0,0,0
food,768,176826,23,False,population_zero,0,5,0,27,10,4,6,4,0,0,0,0,0,0,0,0
food,769,176926,24,False,population_zero,0,5,0,45,17,9,8,4,0,0,0,0,0,0,0,0
food,770,177026,23,False,population_zero,0,5,0,46,16,8,8,4,0,0,0,0,0,0,0,0
food,771,177126,27,False,population_zero,0,5,0,45,19,14,5,4,0,0,0,0,0,0,0,0
food,772,177226,20,False,population_zero,0,5,0,16,5,1,4,4,0,0,0,0,0,0,0,0
food,773,177326,31,False,population_zero,0,5,0,49,15,10,5,4,0,0,0,0,0,0,0,0
food,774,177426,27,False,population_zero,0,5,0,55,15,9,6,4,0,0,0,0,0,0,0,0
food,775,177526,23,False,population_zero,0,5,0,7,6,0,6,4,0,0,0,0,0,0,0,0
food,776,177626,30,False,population_zero,0,5,0,38,16,9,7,4,0,0,0,0,0,0,0,0
food,777,177726,29,False,population_zero,0,5,0,40,13,8,5,4,0,0,0,0,0,0,0,0
food,778,177826,30,False,population_zero,0,5,0,41,21,11,10,2,0,0,0,0,0,0,0,0
food,779,177926,29,False,population_zero,0,5,0,18,10,3,7,4,0,0,0,0,0,0,0,0
food,780,178026,19,False,population_zero,0,5,0,42,17,8,9,3,0,0,0,0,0,0,0,0
food,781,178126,26,False,population_zero,0,5,0,39,12,7,5,4,0,0,0,0,0,0,0,0
food,782,178226,20,False,population_zero,0,5,0,38,16,6,10,4,0,0,0,0,0,0,0,0
food,783,178326,24,False,population_zero,0,5,0,55,18,13,5,4,0,0,0,0,0,0,0,0
food,784,178426,30,False,population_zero,0,5,0,51,19,13,6,4,0,0,0,0,0,0,0,0
food,785,178526,25,False,population_zero,0,5,0,36,13,4,9,4,0,0,0,0,0,0,0,0
food,786,178626,26,False,population_zero,0,5,0,42,15,9,6,4,0,0,0,0,0,0,0,0
food,787,178726,24,False,population_zero,0,5,0,33,10,5,5,4,0,0,0,0,0,0,0,0
food,788,178826,20,False,population_zero,0,5,0,34,10,5,5,4,0,0,0,0,0,0,0,0
food,789,178926,23,False,population_zero,0,5,0,47,19,12,7,4,0,0,0,0,0,0,0,0
food,790,179026,38,False,population_zero,0,5,0,53,19,14,5,4,0,0,0,0,0,0,0,0
food,791,179126,33,False,population_zero,0,5,0,32,12,7,5,4,0,0,0,0,0,0,0,0
food,792,179226,27,False,population_zero,0,5,0,38,11,7,4,4,0,0,0,0,0,0,0,0
food,793,179326,33,False,population_zero,0,5,0,37,10,6,4,4,0,0,0,0,0,0,0,0
food,794,179426,25,False,population_zero,0,5,0,25,9,5,4,4,0,0,0,0,0,0,0,0
food,795,179526,28,False,population_zero,0,5,0,41,19,10,9,4,0,0,0,0,0,0,0,0
food,796,179626,32,False,population_zero,0,5,0,33,8,4,4,4,0,0,0,0,0,0,0,0
food,797,179726,32,False,population_zero,0,5,0,46,23,12,11,4,0,0,0,0,0,0,0,0
food,798,179826,20,False,population_zero,0,5,0,24,13,6,7,4,0,0,0,0,0,0,0,0
food,799,179926,15,False,population_zero,0,5,0,7,6,0,6,4,0,0,0,0,0,0,0,0
food,800,180026,32,False,population_zero,0,5,0,51,18,14,4,4,0,0,0,0,0,0,0,0
food,801,180126,30,False,population_zero,0,5,0,34,19,10,9,4,0,0,0,0,0,0,0,0
food,802,180226,20,False,population_zero,0,5,0,32,13,7,6,4,0,0,0,0,0,0,0,0
food,803,180326,29,False,population_zero,0,5,0,40,20,11,9,4,0,0,0,0,0,0,0,0
food,804,180426,21,False,population_zero,0,5,0,48,14,7,7,4,0,0,0,0,0,0,0,0
food,805,180526,26,False,population_zero,0,5,0,42,18,9,9,4,0,0,0,0,0,0,0,0
food,806,180626,20,False,population_zero,0,5,0,40,11,5,6,4,0,0,0,0,0,0,0,0
food,807,180726,32,False,population_zero,0,5,0,53,24,15,9,4,0,0,0,0,0,0,0,0
food,808,180826,28,False,population_zero,0,5,0,42,18,12,6,3,0,0,0,0,0,0,0,0
food,809,180926,26,False,population_zero,0,5,0,14,10,4,6,4,0,0,0,0,0,0,0,0
food,810,181026,24,False,population_zero,0,5,0,28,8,4,4,4,0,0,0,0,0,0,0,0
food,811,181126,34,False,population_zero,0,5,0,49,18,13,5,4,0,0,0,0,0,0,0,0
food,812,181226,27,False,population_zero,0,5,0,38,12,8,4,4,0,0,0,0,0,0,0,0
food,813,181326,28,False,population_zero,0,5,0,48,13,9,4,4,0,0,0,0,0,0,0,0
food,814,181426,23,False,population_zero,0,5,0,44,18,10,8,4,0,0,0,0,0,0,0,0
food,815,181526,24,False,population_zero,0,5,0,26,12,5,7,4,0,0,0,0,0,0,0,0
food,816,181626,20,False,population_zero,0,5,0,37,14,9,5,4,0,0,0,0,0,0,0,0
food,817,181726,19,False,population_zero,0,5,0,45,10,6,4,4,0,0,0,0,0,0,0,0
food,818,181826,28,False,population_zero,0,5,0,52,19,12,7,4,0,0,0,0,0,0,0,0
food,819,181926,22,False,population_zero,0,5,0,46,18,10,8,4,0,0,0,0,0,0,0,0
food,820,182026,23,False,population_zero,0,5,0,46,21,14,7,3,0,0,0,0,0,0,0,0
food,821,182126,19,False,population_zero,0,5,0,48,16,10,6,4,0,0,0,0,0,0,0,0
food,822,182226,26,False,population_zero,0,5,0,48,14,10,4,4,0,0,0,0,0,0,0,0
food,823,182326,23,False,population_zero,0,5,0,41,19,9,10,4,0,0,0,0,0,0,0,0
food,824,182426,28,False,population_zero,0,5,0,45,21,14,7,3,0,0,0,0,0,0,0,0
food,825,182526,23,False,population_zero,0,5,0,52,17,12,5,4,0,0,0,0,0,0,0,0
food,826,182626,20,False,population_zero,0,5,0,35,14,10,4,4,0,0,0,0,0,0,0,0
food,827,182726,22,False,population_zero,0,5,0,39,10,6,4,4,0,0,0,0,0,0,0,0
food,828,182826,26,False,population_zero,0,5,0,46,20,12,8,4,0,0,0,0,0,0,0,0
food,829,182926,22,False,population_zero,0,5,0,30,17,6,11,4,0,0,0,0,0,0,0,0
food,830,183026,24,False,population_zero,0,5,0,41,13,8,5,4,0,0,0,0,0,0,0,0
food,831,183126,27,False,population_zero,0,5,0,23,9,3,6,4,0,0,0,0,0,0,0,0
food,832,183226,22,False,population_zero,0,5,0,43,15,8,7,4,0,0,0,0,0,0,0,0
food,833,183326,25,False,population_zero,0,5,0,45,14,9,5,4,0,0,0,0,0,0,0,0
food,834,183426,27,False,population_zero,0,5,0,47,20,14,6,4,0,0,0,0,0,0,0,0
food,835,183526,32,False,population_zero,0,5,0,44,11,6,5,4,0,0,0,0,0,0,0,0
food,836,183626,21,False,population_zero,0,5,0,34,11,7,4,4,0,0,0,0,0,0,0,0
food,837,183726,40,False,population_zero,0,5,0,45,11,6,5,4,0,0,0,0,0,0,0,0
food,838,183826,21,False,population_zero,0,5,0,40,17,9,8,3,0,0,0,0,0,0,0,0
food,839,183926,24,False,population_zero,0,5,0,52,14,10,4,4,0,0,0,0,0,0,0,0
food,840,184026,22,False,population_zero,0,5,0,38,14,8,6,4,0,0,0,0,0,0,0,0
food,841,184126,28,False,population_zero,0,5,0,42,14,6,8,4,0,0,0,0,0,0,0,0
food,842,184226,19,False,population_zero,0,5,0,14,5,1,4,4,0,0,0,0,0,0,0,0
food,843,184326,25,False,population_zero,0,5,0,41,13,9,4,4,0,0,0,0,0,0,0,0
food,844,184426,22,False,population_zero,0,5,0,19,8,4,4,4,0,0,0,0,0,0,0,0
food,845,184526,27,False,population_zero,0,5,0,46,18,13,5,4,0,0,0,0,0,0,0,0
food,846,184626,21,False,population_zero,0,5,0,16,6,1,5,4,0,0,0,0,0,0,0,0
food,847,184726,28,False,population_zero,0,5,0,47,15,8,7,4,0,0,0,0,0,0,0,0
food,848,184826,25,False,population_zero,0,5,0,40,14,8,6,4,0,0,0,0,0,0,0,0
food,849,184926,27,False,population_zero,0,5,0,25,9,3,6,4,0,0,0,0,0,0,0,0
food,850,185026,35,False,population_zero,0,5,0,33,16,8,8,4,0,0,0,0,0,0,0,0
food,851,185126,25,False,population_zero,0,5,0,40,14,9,5,4,0,0,0,0,0,0,0,0
food,852,185226,20,False,population_zero,0,5,0,39,11,6,5,4,0,0,0,0,0,0,0,0
food,853,185326,43,False,population_zero,0,5,0,42,21,11,10,3,0,0,0,0,0,0,0,0
food,854,185426,47,False,population_zero,0,5,0,31,8,4,4,4,0,0,0,0,0,0,0,0
food,855,185526,36,False,population_zero,0,5,0,48,21,14,7,4,0,0,0,0,0,0,0,0
food,856,185626,23,False,population_zero,0,5,0,55,19,14,5,4,0,0,0,0,0,0,0,0
food,857,185726,26,False,population_zero,0,5,0,37,18,10,8,4,0,0,0,0,0,0,0,0
food,858,185826,26,False,population_zero,0,5,0,33,19,9,10,4,0,0,0,0,0,0,0,0
food,859,185926,25,False,population_zero,0,5,0,25,10,5,5,4,0,0,0,0,0,0,0,0
food,860,186026,22,False,population_zero,0,5,0,46,18,13,5,4,0,0,0,0,0,0,0,0
food,861,186126,21,False,population_zero,0,5,0,13,8,2,6,4,0,0,0,0,0,0,0,0
food,862,186226,25,False,population_zero,0,5,0,19,7,3,4,4,0,0,0,0,0,0,0,0
food,863,186326,22,False,population_zero,0,5,0,32,15,8,7,4,0,0,0,0,0,0,0,0
food,864,186426,25,False,population_zero,0,5,0,59,16,12,4,4,0,0,0,0,0,0,0,0
food,865,186526,25,False,population_zero,0,5,0,45,19,13,6,4,0,0,0,0,0,0,0,0
food,866,186626,24,False,population_zero,0,5,0,40,12,8,4,4,0,0,0,0,0,0,0,0
food,867,186726,26,False,population_zero,0,5,0,43,15,10,5,4,0,0,0,0,0,0,0,0
food,868,186826,33,False,population_zero,0,5,0,19,6,2,4,4,0,0,0,0,0,0,0,0
food,869,186926,25,False,population_zero,0,5,0,36,14,8,6,4,0,0,0,0,0,0,0,0
food,870,187026,21,False,population_zero,0,5,0,24,10,6,4,4,0,0,0,0,0,0,0,0
food,871,187126,22,False,population_zero,0,5,0,41,13,9,4,4,0,0,0,0,0,0,0,0
food,872,187226,19,False,population_zero,0,5,0,33,10,5,5,4,0,0,0,0,0,0,0,0
food,873,187326,21,False,population_zero,0,5,0,22,17,4,13,3,0,0,0,0,0,0,0,0
food,874,187426,25,False,population_zero,0,5,0,48,14,9,5,4,0,0,0,0,0,0,0,0
food,875,187526,23,False,population_zero,0,5,0,21,8,2,6,4,0,0,0,0,0,0,0,0
food,876,187626,33,False,population_zero,0,5,0,39,14,9,5,4,0,0,0,0,0,0,0,0
food,877,187726,29,False,population_zero,0,5,0,44,22,12,10,4,0,0,0,0,0,0,0,0
food,878,187826,23,False,population_zero,0,5,0,47,18,9,9,4,0,0,0,0,0,0,0,0
food,879,187926,49,False,population_zero,0,5,0,48,20,13,7,4,0,0,0,0,0,0,0,0
food,880,188026,26,False,population_zero,0,5,0,33,21,9,12,4,0,0,0,0,0,0,0,0
food,881,188126,22,False,population_zero,0,5,0,43,14,10,4,4,0,0,0,0,0,0,0,0
food,882,188226,26,False,population_zero,0,5,0,30,11,6,5,4,0,0,0,0,0,0,0,0
food,883,188326,23,False,population_zero,0,5,0,25,11,5,6,4,0,0,0,0,0,0,0,0
food,884,188426,22,False,population_zero,0,5,0,41,12,7,5,4,0,0,0,0,0,0,0,0
food,885,188526,30,False,population_zero,0,5,0,48,14,9,5,4,0,0,0,0,0,0,0,0
food,886,188626,32,False,population_zero,0,5,0,44,23,13,10,4,0,0,0,0,0,0,0,0
food,887,188726,22,False,population_zero,0,5,0,39,16,7,9,3,0,0,0,0,0,0,0,0
food,888,188826,19,False,population_zero,0,5,0,44,15,8,7,4,0,0,0,0,0,0,0,0
food,889,188926,27,False,population_zero,0,5,0,41,16,8,8,3,0,0,0,0,0,0,0,0
food,890,189026,26,False,population_zero,0,5,0,28,11,5,6,4,0,0,0,0,0,0,0,0
food,891,189126,27,False,population_zero,0,5,0,51,20,13,7,4,0,0,0,0,0,0,0,0
food,892,189226,21,False,population_zero,0,5,0,40,18,13,5,4,0,0,0,0,0,0,0,0
food,893,189326,29,False,population_zero,0,5,0,40,14,10,4,4,0,0,0,0,0,0,0,0
food,894,189426,22,False,population_zero,0,5,0,37,15,11,4,4,0,0,0,0,0,0,0,0
food,895,189526,47,False,population_zero,0,5,0,46,19,13,6,4,0,0,0,0,0,0,0,0
food,896,189626,23,False,population_zero,0,5,0,36,9,5,4,4,0,0,0,0,0,0,0,0
food,897,189726,19,False,population_zero,0,5,0,7,4,0,4,4,0,0,0,0,0,0,0,0
food,898,189826,28,False,population_zero,0,5,0,35,10,5,5,4,0,0,0,0,0,0,0,0
food,899,189926,18,False,population_zero,0,5,0,35,12,6,6,4,0,0,0,0,0,0,0,0
food,900,190026,23,False,population_zero,0,5,0,40,15,10,5,4,0,0,0,0,0,0,0,0
food,901,190126,20,False,population_zero,0,5,0,52,17,13,4,4,0,0,0,0,0,0,0,0
food,902,190226,28,False,population_zero,0,5,0,48,13,9,4,4,0,0,0,0,0,0,0,0
food,903,190326,24,False,population_zero,0,5,0,48,22,12,10,3,0,0,0,0,0,0,0,0
food,904,190426,27,False,population_zero,0,5,0,13,8,3,5,4,0,0,0,0,0,0,0,0
food,905,190526,25,False,population_zero,0,5,0,42,23,10,13,4,0,0,0,0,0,0,0,0
food,906,190626,40,False,population_zero,0,5,0,20,7,3,4,4,0,0,0,0,0,0,0,0
food,907,190726,21,False,population_zero,0,5,0,34,10,5,5,4,0,0,0,0,0,0,0,0
food,908,190826,28,False,population_zero,0,5,0,42,13,9,4,4,0,0,0,0,0,0,0,0
food,909,190926,31,False,population_zero,0,5,0,23,9,5,4,4,0,0,0,0,0,0,0,0
food,910,191026,24,False,population_zero,0,5,0,22,15,4,11,4,0,0,0,0,0,0,0,0
food,911,191126,18,False,population_zero,0,5,0,27,14,5,9,4,0,0,0,0,0,0,0,0
food,912,191226,26,False,population_zero,0,5,0,33,11,7,4,4,0,0,0,0,0,0,0,0
food,913,191326,27,False,population_zero,0,5,0,51,21,14,7,4,0,0,0,0,0,0,0,0
food,914,191426,21,False,population_zero,0,5,0,16,11,4,7,4,0,0,0,0,0,0,0,0
food,915,191526,43,False,population_zero,0,5,0,43,15,8,7,4,0,0,0,0,0,0,0,0
food,916,191626,29,False,population_zero,0,5,0,28,9,5,4,4,0,0,0,0,0,0,0,0
food,917,191726,29,False,population_zero,0,5,0,53,18,9,9,4,0,0,0,0,0,0,0,0
food,918,191826,26,False,population_zero,0,5,0,36,11,6,5,4,0,0,0,0,0,0,0,0
food,919,191926,28,False,population_zero,0,5,0,53,16,10,6,4,0,0,0,0,0,0,0,0
food,920,192026,24,False,population_zero,0,5,0,35,14,10,4,4,0,0,0,0,0,0,0,0
food,921,192126,25,False,population_zero,0,5,0,30,16,6,10,4,0,0,0,0,0,0,0,0
food,922,192226,22,False,population_zero,0,5,0,25,11,4,7,4,0,0,0,0,0,0,0,0
food,923,192326,28,False,population_zero,0,5,0,33,13,8,5,4,0,0,0,0,0,0,0,0
food,924,192426,27,False,population_zero,0,5,0,43,22,10,12,3,0,0,0,0,0,0,0,0
food,925,192526,21,False,population_zero,0,5,0,38,14,7,7,4,0,0,0,0,0,0,0,0
food,926,192626,24,False,population_zero,0,5,0,42,10,5,5,4,0,0,0,0,0,0,0,0
food,927,192726,24,False,population_zero,0,5,0,36,18,10,8,3,0,0,0,0,0,0,0,0
food,928,192826,31,False,population_zero,0,5,0,42,11,7,4,4,0,0,0,0,0,0,0,0
food,929,192926,24,False,population_zero,0,5,0,38,11,5,6,4,0,0,0,0,0,0,0,0
food,930,193026,33,False,population_zero,0,5,0,55,21,14,7,4,0,0,0,0,0,0,0,0
food,931,193126,26,False,population_zero,0,5,0,49,23,11,12,3,0,0,0,0,0,0,0,0
food,932,193226,18,False,population_zero,0,5,0,40,16,9,7,4,0,0,0,0,0,0,0,0
food,933,193326,43,False,population_zero,0,5,0,56,19,13,6,4,0,0,0,0,0,0,0,0
food,934,193426,17,False,population_zero,0,5,0,10,6,1,5,4,0,0,0,0,0,0,0,0
food,935,193526,25,False,population_zero,0,5,0,32,12,7,5,4,0,0,0,0,0,0,0,0
food,936,193626,20,False,population_zero,0,5,0,35,11,6,5,4,0,0,0,0,0,0,0,0
food,937,193726,23,False,population_zero,0,5,0,34,16,8,8,3,0,0,0,0,0,0,0,0
food,938,193826,20,False,population_zero,0,5,0,35,13,7,6,4,0,0,0,0,0,0,0,0
food,939,193926,31,False,population_zero,0,5,0,46,24,13,11,4,0,0,0,0,0,0,0,0
food,940,194026,15,False,population_zero,0,5,0,9,11,1,10,4,0,0,0,0,0,0,0,0
food,941,194126,18,False,population_zero,0,5,0,25,8,3,5,4,0,0,0,0,0,0,0,0
food,942,194226,27,False,population_zero,0,5,0,35,12,6,6,4,0,0,0,0,0,0,0,0
food,943,194326,24,False,population_zero,0,5,0,44,14,9,5,4,0,0,0,0,0,0,0,0
food,944,194426,21,False,population_zero,0,5,0,23,8,4,4,4,0,0,0,0,0,0,0,0
food,945,194526,22,False,population_zero,0,5,0,45,15,9,6,4,0,0,0,0,0,0,0,0
food,946,194626,25,False,population_zero,0,5,0,36,18,11,7,4,0,0,0,0,0,0,0,0
food,947,194726,21,False,population_zero,0,5,0,43,11,4,7,4,0,0,0,0,0,0,0,0
food,948,194826,32,False,population_zero,0,5,0,50,16,11,5,4,0,0,0,0,0,0,0,0
food,949,194926,26,False,population_zero,0,5,0,53,20,14,6,4,0,0,0,0,0,0,0,0
food,950,195026,25,False,population_zero,0,5,0,30,6,2,4,4,0,0,0,0,0,0,0,0
food,951,195126,27,False,population_zero,0,5,0,31,20,8,12,4,0,0,0,0,0,0,0,0
food,952,195226,36,False,population_zero,0,5,0,43,13,7,6,4,0,0,0,0,0,0,0,0
food,953,195326,25,False,population_zero,0,5,0,52,13,9,4,4,0,0,0,0,0,0,0,0
food,954,195426,31,False,population_zero,0,5,0,50,16,12,4,4,0,0,0,0,0,0,0,0
food,955,195526,18,False,population_zero,0,5,0,39,12,6,6,4,0,0,0,0,0,0,0,0
food,956,195626,24,False,population_zero,0,5,0,38,11,7,4,4,0,0,0,0,0,0,0,0
food,957,195726,32,False,population_zero,0,5,0,49,23,16,7,3,0,0,0,0,0,0,0,0
food,958,195826,25,False,population_zero,0,5,0,42,21,11,10,4,0,0,0,0,0,0,0,0
food,959,195926,32,False,population_zero,0,5,0,40,17,10,7,4,0,0,0,0,0,0,0,0
food,960,196026,31,False,population_zero,0,5,0,33,13,6,7,4,0,0,0,0,0,0,0,0
food,961,196126,20,False,population_zero,0,5,0,29,10,5,5,4,0,0,0,0,0,0,0,0
food,962,196226,33,False,population_zero,0,5,0,53,22,13,9,4,0,0,0,0,0,0,0,0
food,963,196326,32,False,population_zero,0,5,0,50,24,13,11,4,0,0,0,0,0,0,0,0
food,964,196426,25,False,population_zero,0,5,0,32,10,5,5,4,0,0,0,0,0,0,0,0
food,965,196526,26,False,population_zero,0,5,0,36,16,10,6,4,0,0,0,0,0,0,0,0
food,966,196626,27,False,population_zero,0,5,0,37,14,6,8,4,0,0,0,0,0,0,0,0
food,967,196726,31,False,population_zero,0,5,0,44,15,10,5,4,0,0,0,0,0,0,0,0
food,968,196826,29,False,population_zero,0,5,0,25,8,4,4,4,0,0,0,0,0,0,0,0
food,969,196926,37,False,population_zero,0,5,0,47,20,12,8,4,0,0,0,0,0,0,0,0
food,970,197026,23,False,population_zero,0,5,0,29,14,8,6,4,0,0,0,0,0,0,0,0
food,971,197126,21,False,population_zero,0,5,0,19,6,2,4,4,0,0,0,0,0,0,0,0
food,972,197226,23,False,population_zero,0,5,0,51,15,11,4,4,0,0,0,0,0,0,0,0
food,973,197326,18,False,population_zero,0,5,0,31,13,6,7,4,0,0,0,0,0,0,0,0
food,974,197426,34,False,population_zero,0,5,0,46,14,9,5,4,0,0,0,0,0,0,0,0
food,975,197526,26,False,population_zero,0,5,0,41,13,8,5,4,0,0,0,0,0,0,0,0
food,976,197626,28,False,population_zero,0,5,0,46,14,10,4,4,0,0,0,0,0,0,0,0
food,977,197726,20,False,population_zero,0,5,0,44,15,9,6,4,0,0,0,0,0,0,0,0
food,978,197826,26,False,population_zero,0,5,0,38,12,6,6,4,0,0,0,0,0,0,0,0
food,979,197926,39,False,population_zero,0,5,0,57,16,12,4,4,0,0,0,0,0,0,0,0
food,980,198026,27,False,population_zero,0,5,0,48,19,12,7,3,0,0,0,0,0,0,0,0
food,981,198126,31,False,population_zero,0,5,0,51,15,11,4,4,0,0,0,0,0,0,0,0
food,982,198226,21,False,population_zero,0,5,0,42,12,8,4,4,0,0,0,0,0,0,0,0
food,983,198326,25,False,population_zero,0,5,0,34,14,6,8,4,0,0,0,0,0,0,0,0
food,984,198426,30,False,population_zero,0,5,0,29,15,6,9,4,0,0,0,0,0,0,0,0
food,985,198526,37,False,population_zero,0,5,0,40,12,8,4,4,0,0,0,0,0,0,0,0
food,986,198626,20,False,population_zero,0,5,0,45,16,10,6,4,0,0,0,0,0,0,0,0
food,987,198726,19,False,population_zero,0,5,0,45,13,7,6,4,0,0,0,0,0,0,0,0
food,988,198826,46,False,population_zero,0,5,0,46,23,9,14,4,0,0,0,0,0,0,0,0
food,989,198926,23,False,population_zero,0,5,0,30,21,6,15,3,0,0,0,0,0,0,0,0
food,990,199026,24,False,population_zero,0,5,0,53,19,9,10,4,0,0,0,0,0,0,0,0
food,991,199126,19,False,population_zero,0,5,0,14,7,3,4,4,0,0,0,0,0,0,0,0
food,992,199226,20,False,population_zero,0,5,0,35,13,6,7,4,0,0,0,0,0,0,0,0
food,993,199326,32,False,population_zero,0,5,0,33,14,5,9,4,0,0,0,0,0,0,0,0
food,994,199426,28,False,population_zero,0,5,0,39,12,8,4,4,0,0,0,0,0,0,0,0
food,995,199526,25,False,population_zero,0,5,0,46,20,14,6,4,0,0,0,0,0,0,0,0
food,996,199626,28,False,population_zero,0,5,0,30,13,6,7,4,0,0,0,0,0,0,0,0
food,997,199726,28,False,population_zero,0,5,0,48,20,13,7,3,0,0,0,0,0,0,0,0
food,998,199826,24,False,population_zero,0,5,0,40,14,7,7,4,0,0,0,0,0,0,0,0
food,999,199926,35,False,population_zero,0,5,0,38,16,8,8,4,0,0,0,0,0,0,0,0
food,1000,200026,25,False,population_zero,0,5,0,33,14,5,9,4,0,0,0,0,0,0,0,0
hunt,1,100129,12,False,population_zero,0,5,26,40,12,6,6,5,0,0,0,0,0,0,0,0
hunt,2,100229,16,False,population_zero,0,5,7,38,16,8,8,5,0,0,0,0,0,0,0,0
hunt,3,100329,21,False,population_zero,0,5,0,46,19,6,13,4,0,0,0,0,0,0,0,0
hunt,4,100429,16,False,population_zero,0,5,22,43,16,10,6,5,0,0,0,0,0,0,0,0
hunt,5,100529,20,False,population_zero,0,5,17,56,20,13,7,5,0,0,0,0,0,0,0,0
hunt,6,100629,20,False,population_zero,0,5,21,53,20,14,6,5,0,0,0,0,0,0,0,0
hunt,7,100729,17,False,population_zero,0,5,9,26,17,7,10,5,0,0,0,0,0,0,0,0
hunt,8,100829,12,False,population_zero,0,5,26,39,12,7,5,5,0,0,0,0,0,0,0,0
hunt,9,100929,27,False,population_zero,0,5,0,41,21,10,11,2,0,0,0,0,0,0,0,0
hunt,10,101029,22,False,population_zero,0,5,13,54,22,10,12,5,0,0,0,0,0,0,0,0
hunt,11,101129,31,False,population_zero,0,5,0,56,22,12,10,1,0,0,0,0,0,0,0,0
hunt,12,101229,23,False,population_zero,0,5,0,53,19,12,7,3,0,0,0,0,0,0,0,0
hunt,13,101329,21,False,population_zero,0,5,0,47,20,7,13,4,0,0,0,0,0,0,0,0
hunt,14,101429,10,False,population_zero,0,5,23,32,10,4,6,5,0,0,0,0,0,0,0,0
hunt,15,101529,16,False,population_zero,0,5,12,45,16,9,7,5,0,0,0,0,0,0,0,0
hunt,16,101629,24,False,population_zero,0,5,4,40,24,10,14,5,0,0,0,0,0,0,0,0
hunt,17,101729,14,False,population_zero,0,5,26,43,14,9,5,5,0,0,0,0,0,0,0,0
hunt,18,101829,16,False,population_zero,0,5,13,41,16,8,8,5,0,0,0,0,0,0,0,0
hunt,19,101929,18,False,population_zero,0,5,12,29,18,6,12,5,0,0,0,0,0,0,0,0
hunt,20,102029,14,False,population_zero,0,5,16,30,14,4,10,5,0,0,0,0,0,0,0,0
hunt,21,102129,11,False,population_zero,0,5,25,40,11,6,5,5,0,0,0,0,0,0,0,0
hunt,22,102229,14,False,population_zero,0,5,26,37,14,9,5,5,0,0,0,0,0,0,0,0
hunt,23,102329,13,False,population_zero,0,5,19,24,13,7,6,5,0,0,0,0,0,0,0,0
hunt,24,102429,36,False,population_zero,0,5,0,51,33,14,19,3,0,0,0,0,0,0,0,0
hunt,25,102529,15,False,population_zero,0,5,21,42,15,7,8,5,0,0,0,0,0,0,0,0
hunt,26,102629,8,False,population_zero,0,5,9,15,8,3,5,5,0,0,0,0,0,0,0,0
hunt,27,102729,20,False,population_zero,0,5,0,47,18,13,5,3,0,0,0,0,0,0,0,0
hunt,28,102829,15,False,population_zero,0,5,20,34,15,6,9,5,0,0,0,0,0,0,0,0
hunt,29,102929,16,False,population_zero,0,5,21,31,16,8,8,5,0,0,0,0,0,0,0,0
hunt,30,103029,26,False,population_zero,0,5,0,53,24,11,13,4,0,0,0,0,0,0,0,0
hunt,31,103129,19,False,population_zero,0,5,21,42,19,11,8,5,0,0,0,0,0,0,0,0
hunt,32,103229,13,False,population_zero,0,5,20,30,13,5,8,5,0,0,0,0,0,0,0,0
hunt,33,103329,20,False,population_zero,0,5,5,41,20,12,8,5,0,0,0,0,0,0,0,0
hunt,34,103429,34,False,population_zero,0,5,0,50,27,13,14,2,0,0,0,0,0,0,0,0
hunt,35,103529,15,False,population_zero,0,5,17,32,15,8,7,5,0,0,0,0,0,0,0,0
hunt,36,103629,21,False,population_zero,0,5,15,50,21,12,9,5,0,0,0,0,0,0,0,0
hunt,37,103729,13,False,population_zero,0,5,22,37,13,6,7,5,0,0,0,0,0,0,0,0
hunt,38,103829,17,False,population_zero,0,5,13,50,17,7,10,5,0,0,0,0,0,0,0,0
hunt,39,103929,10,False,population_zero,0,5,14,16,10,4,6,5,0,0,0,0,0,0,0,0
hunt,40,104029,13,False,population_zero,0,5,25,39,13,8,5,5,0,0,0,0,0,0,0,0
hunt,41,104129,16,False,population_zero,0,5,9,34,16,7,9,5,0,0,0,0,0,0,0,0
hunt,42,104229,22,False,population_zero,0,5,0,44,21,10,11,4,0,0,0,0,0,0,0,0
hunt,43,104329,26,False,population_zero,0,5,0,43,24,12,12,4,0,0,0,0,0,0,0,0
hunt,44,104429,20,False,population_zero,0,5,8,42,20,10,10,5,0,0,0,0,0,0,0,0
hunt,45,104529,32,False,population_zero,0,5,0,44,24,14,10,2,0,0,0,0,0,0,0,0
hunt,46,104629,20,False,population_zero,0,5,17,53,20,13,7,5,0,0,0,0,0,0,0,0
hunt,47,104729,22,False,population_zero,0,5,5,44,22,12,10,5,0,0,0,0,0,0,0,0
hunt,48,104829,20,False,population_zero,0,5,14,46,20,11,9,5,0,0,0,0,0,0,0,0
hunt,49,104929,23,False,population_zero,0,5,0,35,18,5,13,4,0,0,0,0,0,0,0,0
hunt,50,105029,17,False,population_zero,0,5,2,43,17,8,9,5,0,0,0,0,0,0,0,0
hunt,51,105129,13,False,population_zero,0,5,20,41,13,7,6,5,0,0,0,0,0,0,0,0
hunt,52,105229,16,False,population_zero,0,5,14,35,16,8,8,5,0,0,0,0,0,0,0,0
hunt,53,105329,24,False,population_zero,0,5,0,45,19,12,7,1,0,0,0,0,0,0,0,0
hunt,54,105429,12,False,population_zero,0,5,22,29,12,7,5,5,0,0,0,0,0,0,0,0
hunt,55,105529,12,False,population_zero,0,5,24,28,12,6,6,5,0,0,0,0,0,0,0,0
hunt,56,105629,21,False,population_zero,0,5,11,50,21,11,10,5,0,0,0,0,0,0,0,0
hunt,57,105729,20,False,population_zero,0,5,22,51,20,12,8,5,0,0,0,0,0,0,0,0
hunt,58,105829,14,False,population_zero,0,5,22,39,14,7,7,5,0,0,0,0,0,0,0,0
hunt,59,105929,25,False,population_zero,0,5,7,55,25,13,12,5,0,0,0,0,0,0,0,0
hunt,60,106029,16,False,population_zero,0,5,4,39,16,6,10,5,0,0,0,0,0,0,0,0
hunt,61,106129,12,False,population_zero,0,5,19,31,12,5,7,5,0,0,0,0,0,0,0,0
hunt,62,106229,24,False,population_zero,0,5,3,43,24,10,14,5,0,0,0,0,0,0,0,0
hunt,63,106329,23,False,population_zero,0,5,5,43,23,12,11,5,0,0,0,0,0,0,0,0
hunt,64,106429,18,False,population_zero,0,5,21,47,18,12,6,5,0,0,0,0,0,0,0,0
hunt,65,106529,22,False,population_zero,0,5,0,42,19,11,8,4,0,0,0,0,0,0,0,0
hunt,66,106629,14,False,population_zero,0,5,22,39,14,7,7,5,0,0,0,0,0,0,0,0
hunt,67,106729,11,False,population_zero,0,5,28,41,11,6,5,5,0,0,0,0,0,0,0,0
hunt,68,106829,32,False,population_zero,0,5,0,39,24,11,13,2,0,0,0,0,0,0,0,0
hunt,69,106929,25,False,population_zero,0,5,15,47,25,12,13,5,0,0,0,0,0,0,0,0
hunt,70,107029,18,False,population_zero,0,5,32,51,18,13,5,5,0,0,0,0,0,0,0,0
hunt,71,107129,11,False,population_zero,0,5,17,19,11,5,6,5,0,0,0,0,0,0,0,0
hunt,72,107229,19,False,population_zero,0,5,24,48,19,12,7,5,0,0,0,0,0,0,0,0
hunt,73,107329,22,False,population_zero,0,5,10,38,22,10,12,5,0,0,0,0,0,0,0,0
hunt,74,107429,16,False,population_zero,0,5,23,48,16,8,8,5,0,0,0,0,0,0,0,0
hunt,75,107529,13,False,population_zero,0,5,24,47,13,8,5,5,0,0,0,0,0,0,0,0
hunt,76,107629,22,False,population_zero,0,5,0,45,21,13,8,4,0,0,0,0,0,0,0,0
hunt,77,107729,16,False,population_zero,0,5,13,36,16,9,7,5,0,0,0,0,0,0,0,0
hunt,78,107829,12,False,population_zero,0,5,24,48,12,5,7,5,0,0,0,0,0,0,0,0
hunt,79,107929,12,False,population_zero,0,5,26,42,12,6,6,5,0,0,0,0,0,0,0,0
hunt,80,108029,23,False,population_zero,0,5,3,40,21,10,11,4,0,0,0,0,0,0,0,0
hunt,81,108129,15,False,population_zero,0,5,13,35,15,7,8,5,0,0,0,0,0,0,0,0
hunt,82,108229,16,False,population_zero,0,5,20,38,16,6,10,5,0,0,0,0,0,0,0,0
hunt,83,108329,12,False,population_zero,0,5,20,26,12,4,8,5,0,0,0,0,0,0,0,0
hunt,84,108429,15,False,population_zero,0,5,27,46,15,10,5,5,0,0,0,0,0,0,0,0
hunt,85,108529,14,False,population_zero,0,5,24,34,14,6,8,5,0,0,0,0,0,0,0,0
hunt,86,108629,10,False,population_zero,0,5,17,24,10,5,5,5,0,0,0,0,0,0,0,0
hunt,87,108729,30,False,population_zero,0,5,0,40,25,11,14,3,0,0,0,0,0,0,0,0
hunt,88,108829,21,False,population_zero,0,5,0,49,19,11,8,3,0,0,0,0,0,0,0,0
hunt,89,108929,29,False,population_zero,0,5,0,45,22,11,11,3,0,0,0,0,0,0,0,0
hunt,90,109029,29,False,population_zero,0,5,0,46,24,12,12,3,0,0,0,0,0,0,0,0
hunt,91,109129,11,False,population_zero,0,5,20,41,11,4,7,5,0,0,0,0,0,0,0,0
hunt,92,109229,27,False,population_zero,0,5,0,42,26,11,15,4,0,0,0,0,0,0,0,0
hunt,93,109329,18,False,population_zero,0,5,26,44,18,13,5,5,0,0,0,0,0,0,0,0
hunt,94,109429,15,False,population_zero,0,5,26,41,15,9,6,5,0,0,0,0,0,0,0,0
hunt,95,109529,12,False,population_zero,0,5,17,23,12,5,7,5,0,0,0,0,0,0,0,0
hunt,96,109629,21,False,population_zero,0,5,4,44,21,10,11,5,0,0,0,0,0,0,0,0
hunt,97,109729,19,False,population_zero,0,5,6,50,19,12,7,5,0,0,0,0,0,0,0,0
hunt,98,109829,21,False,population_zero,0,5,8,43,21,10,11,5,0,0,0,0,0,0,0,0
hunt,99,109929,16,False,population_zero,0,5,23,45,16,11,5,5,0,0,0,0,0,0,0,0
hunt,100,110029,28,False,population_zero,0,5,1,54,28,12,16,5,0,0,0,0,0,0,0,0
hunt,101,110129,12,False,population_zero,0,5,20,23,12,4,8,5,0,0,0,0,0,0,0,0
hunt,102,110229,23,False,population_zero,0,5,11,46,23,12,11,5,0,0,0,0,0,0,0,0
hunt,103,110329,20,False,population_zero,0,5,9,36,20,10,10,5,0,0,0,0,0,0,0,0
hunt,104,110429,19,False,population_zero,0,5,17,49,19,12,7,5,0,0,0,0,0,0,0,0
hunt,105,110529,24,False,population_zero,0,5,8,45,24,12,12,5,0,0,0,0,0,0,0,0
hunt,106,110629,15,False,population_zero,0,5,24,50,15,10,5,5,0,0,0,0,0,0,0,0
hunt,107,110729,25,False,population_zero,0,5,2,44,23,13,10,5,0,0,0,0,0,0,0,0
hunt,108,110829,18,False,population_zero,0,5,0,46,17,9,8,4,0,0,0,0,0,0,0,0
hunt,109,110929,22,False,population_zero,0,5,17,50,22,12,10,5,0,0,0,0,0,0,0,0
hunt,110,111029,16,False,population_zero,0,5,7,41,16,7,9,5,0,0,0,0,0,0,0,0
hunt,111,111129,25,False,population_zero,0,5,0,39,21,11,10,3,0,0,0,0,0,0,0,0
hunt,112,111229,23,False,population_zero,0,5,0,43,22,12,10,4,0,0,0,0,0,0,0,0
hunt,113,111329,13,False,population_zero,0,5,26,37,13,6,7,5,0,0,0,0,0,0,0,0
hunt,114,111429,17,False,population_zero,0,5,15,49,17,9,8,5,0,0,0,0,0,0,0,0
hunt,115,111529,27,False,population_zero,0,5,0,49,21,11,10,3,0,0,0,0,0,0,0,0
hunt,116,111629,21,False,population_zero,0,5,5,40,21,11,10,5,0,0,0,0,0,0,0,0
hunt,117,111729,21,False,population_zero,0,5,0,35,18,7,11,4,0,0,0,0,0,0,0,0
hunt,118,111829,13,False,population_zero,0,5,26,41,13,8,5,5,0,0,0,0,0,0,0,0
hunt,119,111929,15,False,population_zero,0,5,24,42,15,9,6,5,0,0,0,0,0,0,0,0
hunt,120,112029,23,False,population_zero,0,5,3,45,23,13,10,5,0,0,0,0,0,0,0,0
hunt,121,112129,13,False,population_zero,0,5,26,44,13,8,5,5,0,0,0,0,0,0,0,0
hunt,122,112229,13,False,population_zero,0,5,21,33,13,7,6,5,0,0,0,0,0,0,0,0
hunt,123,112329,16,False,population_zero,0,5,13,39,16,7,9,5,0,0,0,0,0,0,0,0
hunt,124,112429,19,False,population_zero,0,5,17,47,19,9,10,5,0,0,0,0,0,0,0,0
hunt,125,112529,11,False,population_zero,0,5,22,26,11,5,6,5,0,0,0,0,0,0,0,0
hunt,126,112629,9,False,population_zero,0,5,15,16,9,3,6,5,0,0,0,0,0,0,0,0
hunt,127,112729,8,False,population_zero,0,5,23,30,8,3,5,5,0,0,0,0,0,0,0,0
hunt,128,112829,31,False,population_zero,0,5,0,44,26,12,14,4,0,0,0,0,0,0,0,0
hunt,129,112929,11,False,population_zero,0,5,24,40,11,5,6,5,0,0,0,0,0,0,0,0
hunt,130,113029,15,False,population_zero,0,5,18,38,15,6,9,5,0,0,0,0,0,0,0,0
hunt,131,113129,21,False,population_zero,0,5,0,58,20,12,8,4,0,0,0,0,0,0,0,0
hunt,132,113229,22,False,population_zero,0,5,2,44,22,11,11,5,0,0,0,0,0,0,0,0
hunt,133,113329,25,False,population_zero,0,5,12,34,25,7,18,5,0,0,0,0,0,0,0,0
hunt,134,113429,19,False,population_zero,0,5,18,51,19,12,7,5,0,0,0,0,0,0,0,0
hunt,135,113529,20,False,population_zero,0,5,2,44,20,11,9,5,0,0,0,0,0,0,0,0
hunt,136,113629,14,False,population_zero,0,5,22,38,14,7,7,5,0,0,0,0,0,0,0,0
hunt,137,113729,11,False,population_zero,0,5,26,30,11,5,6,5,0,0,0,0,0,0,0,0
hunt,138,113829,23,False,population_zero,0,5,6,44,23,11,12,5,0,0,0,0,0,0,0,0
hunt,139,113929,23,False,population_zero,0,5,0,54,22,13,9,4,0,0,0,0,0,0,0,0
hunt,140,114029,16,False,population_zero,0,5,17,32,16,8,8,5,0,0,0,0,0,0,0,0
hunt,141,114129,13,False,population_zero,0,5,26,35,13,6,7,5,0,0,0,0,0,0,0,0
hunt,142,114229,13,False,population_zero,0,5,22,30,13,5,8,5,0,0,0,0,0,0,0,0
hunt,143,114329,15,False,population_zero,0,5,23,39,15,10,5,5,0,0,0,0,0,0,0,0
hunt,144,114429,23,False,population_zero,0,5,23,45,23,12,11,5,0,0,0,0,0,0,0,0
hunt,145,114529,16,False,population_zero,0,5,18,37,16,10,6,5,0,0,0,0,0,0,0,0
hunt,146,114629,19,False,population_zero,0,5,14,43,19,10,9,5,0,0,0,0,0,0,0,0
hunt,147,114729,16,False,population_zero,0,5,23,48,16,10,6,5,0,0,0,0,0,0,0,0
hunt,148,114829,25,False,population_zero,0,5,0,44,23,13,10,3,0,0,0,0,0,0,0,0
hunt,149,114929,8,False,population_zero,0,5,15,20,8,1,7,5,0,0,0,0,0,0,0,0
hunt,150,115029,21,False,population_zero,0,5,3,48,21,13,8,5,0,0,0,0,0,0,0,0
hunt,151,115129,11,False,population_zero,0,5,24,40,11,6,5,5,0,0,0,0,0,0,0,0
hunt,152,115229,29,False,population_zero,0,5,0,46,24,11,13,4,0,0,0,0,0,0,0,0
hunt,153,115329,24,False,population_zero,0,5,9,46,24,12,12,5,0,0,0,0,0,0,0,0
hunt,154,115429,22,False,population_zero,0,5,6,48,22,13,9,5,0,0,0,0,0,0,0,0
hunt,155,115529,21,False,population_zero,0,5,11,47,21,11,10,5,0,0,0,0,0,0,0,0
hunt,156,115629,20,False,population_zero,0,5,21,45,20,12,8,5,0,0,0,0,0,0,0,0
hunt,157,115729,10,False,population_zero,0,5,15,19,10,4,6,5,0,0,0,0,0,0,0,0
hunt,158,115829,29,False,population_zero,0,5,1,53,28,13,15,5,0,0,0,0,0,0,0,0
hunt,159,115929,17,False,population_zero,0,5,2,33,17,9,8,5,0,0,0,0,0,0,0,0
hunt,160,116029,23,False,population_zero,0,5,7,54,23,12,11,5,0,0,0,0,0,0,0,0
hunt,161,116129,14,False,population_zero,0,5,22,28,14,5,9,5,0,0,0,0,0,0,0,0
hunt,162,116229,23,False,population_zero,0,5,1,41,23,9,14,5,0,0,0,0,0,0,0,0
hunt,163,116329,22,False,population_zero,0,5,8,41,22,12,10,5,0,0,0,0,0,0,0,0
hunt,164,116429,14,False,population_zero,0,5,22,41,14,6,8,5,0,0,0,0,0,0,0,0
hunt,165,116529,19,False,population_zero,0,5,20,51,19,13,6,5,0,0,0,0,0,0,0,0
hunt,166,116629,12,False,population_zero,0,5,24,32,12,6,6,5,0,0,0,0,0,0,0,0
hunt,167,116729,18,False,population_zero,0,5,5,42,18,11,7,5,0,0,0,0,0,0,0,0
hunt,168,116829,19,False,population_zero,0,5,0,48,17,10,7,3,0,0,0,0,0,0,0,0
hunt,169,116929,12,False,population_zero,0,5,24,33,12,6,6,5,0,0,0,0,0,0,0,0
hunt,170,117029,25,False,population_zero,0,5,8,37,25,9,16,5,0,0,0,0,0,0,0,0
hunt,171,117129,14,False,population_zero,0,5,23,36,14,7,7,5,0,0,0,0,0,0,0,0
hunt,172,117229,23,False,population_zero,0,5,0,47,19,11,8,3,0,0,0,0,0,0,0,0
hunt,173,117329,15,False,population_zero,0,5,26,44,15,9,6,5,0,0,0,0,0,0,0,0
hunt,174,117429,24,False,population_zero,0,5,22,49,24,13,11,5,0,0,0,0,0,0,0,0
hunt,175,117529,18,False,population_zero,0,5,12,43,18,9,9,5,0,0,0,0,0,0,0,0
hunt,176,117629,14,False,population_zero,0,5,26,43,14,7,7,5,0,0,0,0,0,0,0,0
hunt,177,117729,27,False,population_zero,0,5,0,42,26,13,13,4,0,0,0,0,0,0,0,0
hunt,178,117829,12,False,population_zero,0,5,22,37,12,6,6,5,0,0,0,0,0,0,0,0
hunt,179,117929,16,False,population_zero,0,5,19,41,16,8,8,5,0,0,0,0,0,0,0,0
hunt,180,118029,11,False,population_zero,0,5,17,34,11,4,7,5,0,0,0,0,0,0,0,0
hunt,181,118129,16,False,population_zero,0,5,20,48,16,7,9,5,0,0,0,0,0,0,0,0
hunt,182,118229,23,False,population_zero,0,5,0,41,21,11,10,3,0,0,0,0,0,0,0,0
hunt,183,118329,20,False,population_zero,0,5,0,39,18,8,10,4,0,0,0,0,0,0,0,0
hunt,184,118429,20,False,population_zero,0,5,0,35,18,5,13,4,0,0,0,0,0,0,0,0
hunt,185,118529,15,False,population_zero,0,5,23,37,15,8,7,5,0,0,0,0,0,0,0,0
hunt,186,118629,11,False,population_zero,0,5,5,9,11,2,9,5,0,0,0,0,0,0,0,0
hunt,187,118729,23,False,population_zero,0,5,0,49,22,11,11,4,0,0,0,0,0,0,0,0
hunt,188,118829,10,False,population_zero,0,5,17,18,10,5,5,5,0,0,0,0,0,0,0,0
hunt,189,118929,23,False,population_zero,0,5,2,55,23,13,10,5,0,0,0,0,0,0,0,0
hunt,190,119029,13,False,population_zero,0,5,23,37,13,6,7,5,0,0,0,0,0,0,0,0
hunt,191,119129,13,False,population_zero,0,5,24,30,13,6,7,5,0,0,0,0,0,0,0,0
hunt,192,119229,25,False,population_zero,0,5,0,51,23,13,10,4,0,0,0,0,0,0,0,0
hunt,193,119329,11,False,population_zero,0,5,24,33,11,6,5,5,0,0,0,0,0,0,0,0
hunt,194,119429,17,False,population_zero,0,5,8,42,17,7,10,5,0,0,0,0,0,0,0,0
hunt,195,119529,27,False,population_zero,0,5,0,52,18,11,7,4,0,0,0,0,0,0,0,0
hunt,196,119629,27,False,population_zero,0,5,8,52,27,13,14,5,0,0,0,0,0,0,0,0
hunt,197,119729,17,False,population_zero,0,5,15,44,17,9,8,5,0,0,0,0,0,0,0,0
hunt,198,119829,25,False,population_zero,0,5,0,42,19,9,10,2,0,0,0,0,0,0,0,0
hunt,199,119929,12,False,population_zero,0,5,24,34,12,6,6,5,0,0,0,0,0,0,0,0
hunt,200,120029,14,False,population_zero,0,5,22,34,14,7,7,5,0,0,0,0,0,0,0,0
hunt,201,120129,16,False,population_zero,0,5,15,44,16,8,8,5,0,0,0,0,0,0,0,0
hunt,202,120229,12,False,population_zero,0,5,13,22,12,2,10,5,0,0,0,0,0,0,0,0
hunt,203,120329,23,False,population_zero,0,5,0,44,21,12,9,3,0,0,0,0,0,0,0,0
hunt,204,120429,27,False,population_zero,0,5,3,46,27,13,14,5,0,0,0,0,0,0,0,0
hunt,205,120529,22,False,population_zero,0,5,3,48,22,11,11,5,0,0,0,0,0,0,0,0
hunt,206,120629,17,False,population_zero,0,5,22,48,17,10,7,5,0,0,0,0,0,0,0,0
hunt,207,120729,17,False,population_zero,0,5,10,34,17,9,8,5,0,0,0,0,0,0,0,0
hunt,208,120829,10,False,population_zero,0,5,22,34,10,5,5,5,0,0,0,0,0,0,0,0
hunt,209,120929,13,False,population_zero,0,5,20,38,13,5,8,5,0,0,0,0,0,0,0,0
hunt,210,121029,17,False,population_zero,0,5,23,39,17,10,7,5,0,0,0,0,0,0,0,0
hunt,211,121129,18,False,population_zero,0,5,9,46,18,10,8,5,0,0,0,0,0,0,0,0
hunt,212,121229,25,False,population_zero,0,5,0,40,22,11,11,4,0,0,0,0,0,0,0,0
hunt,213,121329,23,False,population_zero,0,5,0,53,20,12,8,2,0,0,0,0,0,0,0,0
hunt,214,121429,20,False,population_zero,0,5,8,53,20,9,11,5,0,0,0,0,0,0,0,0
hunt,215,121529,11,False,population_zero,0,5,23,31,11,5,6,5,0,0,0,0,0,0,0,0
hunt,216,121629,23,False,population_zero,0,5,0,35,21,9,12,3,0,0,0,0,0,0,0,0
hunt,217,121729,8,False,population_zero,0,5,22,34,8,3,5,5,0,0,0,0,0,0,0,0
hunt,218,121829,24,False,population_zero,0,5,0,44,22,11,11,4,0,0,0,0,0,0,0,0
hunt,219,121929,17,False,population_zero,0,5,26,45,17,11,6,5,0,0,0,0,0,0,0,0
hunt,220,122029,15,False,population_zero,0,5,21,41,15,7,8,5,0,0,0,0,0,0,0,0
hunt,221,122129,18,False,population_zero,0,5,18,40,18,10,8,5,0,0,0,0,0,0,0,0
hunt,222,122229,25,False,population_zero,0,5,0,48,22,12,10,4,0,0,0,0,0,0,0,0
hunt,223,122329,17,False,population_zero,0,5,15,44,17,9,8,5,0,0,0,0,0,0,0,0
hunt,224,122429,16,False,population_zero,0,5,15,30,16,7,9,5,0,0,0,0,0,0,0,0
hunt,225,122529,22,False,population_zero,0,5,11,48,22,10,12,5,0,0,0,0,0,0,0,0
hunt,226,122629,17,False,population_zero,0,5,18,37,17,9,8,5,0,0,0,0,0,0,0,0
hunt,227,122729,25,False,population_zero,0,5,3,46,22,12,10,4,0,0,0,0,0,0,0,0
hunt,228,122829,13,False,population_zero,0,5,23,38,13,8,5,5,0,0,0,0,0,0,0,0
hunt,229,122929,22,False,population_zero,0,5,16,50,22,12,10,5,0,0,0,0,0,0,0,0
hunt,230,123029,13,False,population_zero,0,5,25,44,13,7,6,5,0,0,0,0,0,0,0,0
hunt,231,123129,11,False,population_zero,0,5,12,20,11,2,9,5,0,0,0,0,0,0,0,0
hunt,232,123229,16,False,population_zero,0,5,12,37,16,8,8,5,0,0,0,0,0,0,0,0
hunt,233,123329,20,False,population_zero,0,5,10,62,20,11,9,5,0,0,0,0,0,0,0,0
hunt,234,123429,11,False,population_zero,0,5,24,31,11,5,6,5,0,0,0,0,0,0,0,0
hunt,235,123529,30,False,population_zero,0,5,2,52,23,12,11,3,0,0,0,0,0,0,0,0
hunt,236,123629,16,False,population_zero,0,5,15,35,16,6,10,5,0,0,0,0,0,0,0,0
hunt,237,123729,27,False,population_zero,0,5,1,48,26,12,14,5,0,0,0,0,0,0,0,0
hunt,238,123829,11,False,population_zero,0,5,23,30,11,6,5,5,0,0,0,0,0,0,0,0
hunt,239,123929,26,False,population_zero,0,5,2,48,26,12,14,5,0,0,0,0,0,0,0,0
hunt,240,124029,19,False,population_zero,0,5,16,48,19,11,8,5,0,0,0,0,0,0,0,0
hunt,241,124129,17,False,population_zero,0,5,7,36,17,8,9,5,0,0,0,0,0,0,0,0
hunt,242,124229,20,False,population_zero,0,5,9,36,20,8,12,5,0,0,0,0,0,0,0,0
hunt,243,124329,13,False,population_zero,0,5,19,25,13,4,9,5,0,0,0,0,0,0,0,0
hunt,244,124429,11,False,population_zero,0,5,24,31,11,6,5,5,0,0,0,0,0,0,0,0
hunt,245,124529,37,False,population_zero,0,5,0,52,26,13,13,2,0,0,0,0,0,0,0,0
hunt,246,124629,18,False,population_zero,0,5,17,39,18,11,7,5,0,0,0,0,0,0,0,0
hunt,247,124729,13,False,population_zero,0,5,13,29,13,4,9,5,0,0,0,0,0,0,0,0
hunt,248,124829,22,False,population_zero,0,5,0,36,18,10,8,3,0,0,0,0,0,0,0,0
hunt,249,124929,32,False,population_zero,0,5,0,51,27,12,15,4,0,0,0,0,0,0,0,0
hunt,250,125029,14,False,population_zero,0,5,26,41,14,9,5,5,0,0,0,0,0,0,0,0
hunt,251,125129,20,False,population_zero,0,5,6,43,20,13,7,5,0,0,0,0,0,0,0,0
hunt,252,125229,19,False,population_zero,0,5,12,43,19,9,10,5,0,0,0,0,0,0,0,0
hunt,253,125329,24,False,population_zero,0,5,0,48,21,13,8,2,0,0,0,0,0,0,0,0
hunt,254,125429,12,False,population_zero,0,5,26,44,12,6,6,5,0,0,0,0,0,0,0,0
hunt,255,125529,26,False,population_zero,0,5,0,45,24,12,12,3,0,0,0,0,0,0,0,0
hunt,256,125629,22,False,population_zero,0,5,24,48,22,11,11,5,0,0,0,0,0,0,0,0
hunt,257,125729,13,False,population_zero,0,5,24,45,13,8,5,5,0,0,0,0,0,0,0,0
hunt,258,125829,40,False,population_zero,0,5,0,38,22,12,10,3,0,0,0,0,0,0,0,0
hunt,259,125929,20,False,population_zero,0,5,23,45,20,10,10,5,0,0,0,0,0,0,0,0
hunt,260,126029,12,False,population_zero,0,5,24,37,12,7,5,5,0,0,0,0,0,0,0,0
hunt,261,126129,19,False,population_zero,0,5,17,52,19,13,6,5,0,0,0,0,0,0,0,0
hunt,262,126229,28,False,population_zero,0,5,0,50,23,12,11,3,0,0,0,0,0,0,0,0
hunt,263,126329,23,False,population_zero,0,5,0,32,22,9,13,4,0,0,0,0,0,0,0,0
hunt,264,126429,21,False,population_zero,0,5,0,52,20,12,8,4,0,0,0,0,0,0,0,0
hunt,265,126529,19,False,population_zero,0,5,23,33,19,9,10,5,0,0,0,0,0,0,0,0
hunt,266,126629,26,False,population_zero,0,5,7,53,26,11,15,5,0,0,0,0,0,0,0,0
hunt,267,126729,28,False,population_zero,0,5,0,44,27,11,16,4,0,0,0,0,0,0,0,0
hunt,268,126829,19,False,population_zero,0,5,13,57,19,13,6,5,0,0,0,0,0,0,0,0
hunt,269,126929,16,False,population_zero,0,5,18,39,16,9,7,5,0,0,0,0,0,0,0,0
hunt,270,127029,27,False,population_zero,0,5,6,43,27,12,15,5,0,0,0,0,0,0,0,0
hunt,271,127129,23,False,population_zero,0,5,0,58,19,10,9,4,0,0,0,0,0,0,0,0
hunt,272,127229,27,False,population_zero,0,5,1,50,25,13,12,4,0,0,0,0,0,0,0,0
hunt,273,127329,14,False,population_zero,0,5,21,26,14,5,9,5,0,0,0,0,0,0,0,0
hunt,274,127429,26,False,population_zero,0,5,9,54,26,14,12,5,0,0,0,0,0,0,0,0
hunt,275,127529,19,False,population_zero,0,5,16,50,19,9,10,5,0,0,0,0,0,0,0,0
hunt,276,127629,22,False,population_zero,0,5,15,40,22,12,10,5,0,0,0,0,0,0,0,0
hunt,277,127729,7,False,population_zero,0,5,12,16,7,2,5,5,0,0,0,0,0,0,0,0
hunt,278,127829,26,False,population_zero,0,5,0,41,22,10,12,4,0,0,0,0,0,0,0,0
hunt,279,127929,11,False,population_zero,0,5,14,17,11,3,8,5,0,0,0,0,0,0,0,0
hunt,280,128029,15,False,population_zero,0,5,19,29,15,5,10,5,0,0,0,0,0,0,0,0
hunt,281,128129,18,False,population_zero,0,5,20,39,18,12,6,5,0,0,0,0,0,0,0,0
hunt,282,128229,33,False,population_zero,0,5,0,45,27,11,16,3,0,0,0,0,0,0,0,0
hunt,283,128329,23,False,population_zero,0,5,0,41,22,12,10,4,0,0,0,0,0,0,0,0
hunt,284,128429,26,False,population_zero,0,5,0,51,21,12,9,3,0,0,0,0,0,0,0,0
hunt,285,128529,17,False,population_zero,0,5,14,42,17,8,9,5,0,0,0,0,0,0,0,0
hunt,286,128629,21,False,population_zero,0,5,0,47,18,10,8,3,0,0,0,0,0,0,0,0
hunt,287,128729,18,False,population_zero,0,5,9,49,18,10,8,5,0,0,0,0,0,0,0,0
hunt,288,128829,15,False,population_zero,0,5,15,28,15,7,8,5,0,0,0,0,0,0,0,0
hunt,289,128929,23,False,population_zero,0,5,0,44,22,13,9,4,0,0,0,0,0,0,0,0
hunt,290,129029,15,False,population_zero,0,5,18,50,15,9,6,5,0,0,0,0,0,0,0,0
hunt,291,129129,10,False,population_zero,0,5,21,25,10,3,7,5,0,0,0,0,0,0,0,0
hunt,292,129229,15,False,population_zero,0,5,14,37,15,7,8,5,0,0,0,0,0,0,0,0
hunt,293,129329,12,False,population_zero,0,5,19,39,12,6,6,5,0,0,0,0,0,0,0,0
hunt,294,129429,14,False,population_zero,0,5,24,39,14,8,6,5,0,0,0,0,0,0,0,0
hunt,295,129529,13,False,population_zero,0,5,8,15,13,4,9,5,0,0,0,0,0,0,0,0
hunt,296,129629,28,False,population_zero,0,5,0,48,25,12,13,3,0,0,0,0,0,0,0,0
hunt,297,129729,11,False,population_zero,0,5,17,24,11,4,7,5,0,0,0,0,0,0,0,0
hunt,298,129829,18,False,population_zero,0,5,20,48,18,11,7,5,0,0,0,0,0,0,0,0
hunt,299,129929,11,False,population_zero,0,5,16,22,11,6,5,5,0,0,0,0,0,0,0,0
hunt,300,130029,14,False,population_zero,0,5,25,44,14,9,5,5,0,0,0,0,0,0,0,0
hunt,301,130129,20,False,population_zero,0,5,0,43,18,9,9,4,0,0,0,0,0,0,0,0
hunt,302,130229,25,False,population_zero,0,5,0,55,24,13,11,4,0,0,0,0,0,0,0,0
hunt,303,130329,26,False,population_zero,0,5,0,43,21,11,10,3,0,0,0,0,0,0,0,0
hunt,304,130429,25,False,population_zero,0,5,1,49,22,14,8,4,0,0,0,0,0,0,0,0
hunt,305,130529,19,False,population_zero,0,5,0,53,18,11,7,4,0,0,0,0,0,0,0,0
hunt,306,130629,13,False,population_zero,0,5,25,48,13,8,5,5,0,0,0,0,0,0,0,0
hunt,307,130729,24,False,population_zero,0,5,21,45,24,13,11,5,0,0,0,0,0,0,0,0
hunt,308,130829,14,False,population_zero,0,5,15,26,14,4,10,5,0,0,0,0,0,0,0,0
hunt,309,130929,19,False,population_zero,0,5,12,36,19,9,10,5,0,0,0,0,0,0,0,0
hunt,310,131029,15,False,population_zero,0,5,13,32,15,7,8,5,0,0,0,0,0,0,0,0
hunt,311,131129,12,False,population_zero,0,5,22,30,12,7,5,5,0,0,0,0,0,0,0,0
hunt,312,131229,22,False,population_zero,0,5,9,45,22,13,9,5,0,0,0,0,0,0,0,0
hunt,313,131329,9,False,population_zero,0,5,18,23,9,3,6,5,0,0,0,0,0,0,0,0
hunt,314,131429,24,False,population_zero,0,5,1,47,21,13,8,4,0,0,0,0,0,0,0,0
hunt,315,131529,16,False,population_zero,0,5,20,39,16,8,8,5,0,0,0,0,0,0,0,0
hunt,316,131629,19,False,population_zero,0,5,9,30,19,7,12,5,0,0,0,0,0,0,0,0
hunt,317,131729,20,False,population_zero,0,5,12,58,20,9,11,5,0,0,0,0,0,0,0,0
hunt,318,131829,15,False,population_zero,0,5,17,39,15,8,7,5,0,0,0,0,0,0,0,0
hunt,319,131929,27,False,population_zero,0,5,0,36,26,11,15,4,0,0,0,0,0,0,0,0
hunt,320,132029,34,False,population_zero,0,5,0,46,28,11,17,4,0,0,0,0,0,0,0,0
hunt,321,132129,12,False,population_zero,0,5,24,39,12,7,5,5,0,0,0,0,0,0,0,0
hunt,322,132229,13,False,population_zero,0,5,21,36,13,4,9,5,0,0,0,0,0,0,0,0
hunt,323,132329,31,False,population_zero,0,5,0,60,22,14,8,3,0,0,0,0,0,0,0,0
hunt,324,132429,21,False,population_zero,0,5,13,47,21,11,10,5,0,0,0,0,0,0,0,0
hunt,325,132529,25,False,population_zero,0,5,0,44,22,11,11,3,0,0,0,0,0,0,0,0
hunt,326,132629,18,False,population_zero,0,5,2,37,18,7,11,5,0,0,0,0,0,0,0,0
hunt,327,132729,17,False,population_zero,0,5,14,32,17,8,9,5,0,0,0,0,0,0,0,0
hunt,328,132829,15,False,population_zero,0,5,10,22,15,4,11,5,0,0,0,0,0,0,0,0
hunt,329,132929,17,False,population_zero,0,5,23,47,17,10,7,5,0,0,0,0,0,0,0,0
hunt,330,133029,19,False,population_zero,0,5,1,34,19,6,13,5,0,0,0,0,0,0,0,0
hunt,331,133129,13,False,population_zero,0,5,20,30,13,5,8,5,0,0,0,0,0,0,0,0
hunt,332,133229,14,False,population_zero,0,5,23,36,14,7,7,5,0,0,0,0,0,0,0,0
hunt,333,133329,16,False,population_zero,0,5,10,49,16,8,8,5,0,0,0,0,0,0,0,0
hunt,334,133429,13,False,population_zero,0,5,20,33,13,6,7,5,0,0,0,0,0,0,0,0
hunt,335,133529,16,False,population_zero,0,5,21,38,16,8,8,5,0,0,0,0,0,0,0,0
hunt,336,133629,20,False,population_zero,0,5,2,42,18,8,10,5,0,0,0,0,0,0,0,0
hunt,337,133729,14,False,population_zero,0,5,25,45,14,8,6,5,0,0,0,0,0,0,0,0
hunt,338,133829,22,False,population_zero,0,5,19,52,22,13,9,5,0,0,0,0,0,0,0,0
hunt,339,133929,15,False,population_zero,0,5,20,34,15,6,9,5,0,0,0,0,0,0,0,0
hunt,340,134029,25,False,population_zero,0,5,10,55,25,13,12,5,0,0,0,0,0,0,0,0
hunt,341,134129,18,False,population_zero,0,5,11,41,18,10,8,5,0,0,0,0,0,0,0,0
hunt,342,134229,14,False,population_zero,0,5,21,33,14,4,10,5,0,0,0,0,0,0,0,0
hunt,343,134329,31,False,population_zero,0,5,0,44,26,12,14,4,0,0,0,0,0,0,0,0
hunt,344,134429,28,False,population_zero,0,5,0,49,21,12,9,3,0,0,0,0,0,0,0,0
hunt,345,134529,15,False,population_zero,0,5,13,47,15,7,8,5,0,0,0,0,0,0,0,0
hunt,346,134629,20,False,population_zero,0,5,4,48,20,11,9,5,0,0,0,0,0,0,0,0
hunt,347,134729,19,False,population_zero,0,5,13,36,19,7,12,5,0,0,0,0,0,0,0,0
hunt,348,134829,19,False,population_zero,0,5,16,40,19,6,13,5,0,0,0,0,0,0,0,0
hunt,349,134929,14,False,population_zero,0,5,23,41,14,7,7,5,0,0,0,0,0,0,0,0
hunt,350,135029,11,False,population_zero,0,5,13,16,10,3,7,5,0,0,0,0,0,0,0,0
hunt,351,135129,18,False,population_zero,0,5,0,40,17,9,8,4,0,0,0,0,0,0,0,0
hunt,352,135229,21,False,population_zero,0,5,23,44,21,13,8,5,0,0,0,0,0,0,0,0
hunt,353,135329,22,False,population_zero,0,5,1,52,20,10,10,5,0,0,0,0,0,0,0,0
hunt,354,135429,22,False,population_zero,0,5,15,55,22,11,11,5,0,0,0,0,0,0,0,0
hunt,355,135529,26,False,population_zero,0,5,2,49,26,12,14,5,0,0,0,0,0,0,0,0
hunt,356,135629,24,False,population_zero,0,5,0,54,22,14,8,3,0,0,0,0,0,0,0,0
hunt,357,135729,18,False,population_zero,0,5,21,50,18,11,7,5,0,0,0,0,0,0,0,0
hunt,358,135829,27,False,population_zero,0,5,0,47,25,10,15,3,0,0,0,0,0,0,0,0
hunt,359,135929,22,False,population_zero,0,5,7,40,22,13,9,5,0,0,0,0,0,0,0,0
hunt,360,136029,27,False,population_zero,0,5,0,52,21,12,9,3,0,0,0,0,0,0,0,0
hunt,361,136129,31,False,population_zero,0,5,0,53,27,14,13,4,0,0,0,0,0,0,0,0
hunt,362,136229,17,False,population_zero,0,5,20,42,17,8,9,5,0,0,0,0,0,0,0,0
hunt,363,136329,22,False,population_zero,0,5,17,47,22,12,10,5,0,0,0,0,0,0,0,0
hunt,364,136429,15,False,population_zero,0,5,23,35,15,8,7,5,0,0,0,0,0,0,0,0
hunt,365,136529,30,False,population_zero,0,5,0,52,28,12,16,3,0,0,0,0,0,0,0,0
hunt,366,136629,18,False,population_zero,0,5,17,42,18,11,7,5,0,0,0,0,0,0,0,0
hunt,367,136729,11,False,population_zero,0,5,24,39,11,6,5,5,0,0,0,0,0,0,0,0
hunt,368,136829,11,False,population_zero,0,5,20,35,11,6,5,5,0,0,0,0,0,0,0,0
hunt,369,136929,19,False,population_zero,0,5,15,47,19,12,7,5,0,0,0,0,0,0,0,0
hunt,370,137029,21,False,population_zero,0,5,2,47,21,9,12,5,0,0,0,0,0,0,0,0
hunt,371,137129,19,False,population_zero,0,5,15,42,19,11,8,5,0,0,0,0,0,0,0,0
hunt,372,137229,12,False,population_zero,0,5,11,17,12,5,7,5,0,0,0,0,0,0,0,0
hunt,373,137329,11,False,population_zero,0,5,20,33,11,5,6,5,0,0,0,0,0,0,0,0
hunt,374,137429,21,False,population_zero,0,5,0,41,20,11,9,4,0,0,0,0,0,0,0,0
hunt,375,137529,13,False,population_zero,0,5,23,38,13,6,7,5,0,0,0,0,0,0,0,0
hunt,376,137629,14,False,population_zero,0,5,20,41,14,5,9,5,0,0,0,0,0,0,0,0
hunt,377,137729,10,False,population_zero,0,5,10,16,10,5,5,5,0,0,0,0,0,0,0,0
hunt,378,137829,24,False,population_zero,0,5,1,54,24,13,11,5,0,0,0,0,0,0,0,0
hunt,379,137929,18,False,population_zero,0,5,19,39,18,10,8,5,0,0,0,0,0,0,0,0
hunt,380,138029,23,False,population_zero,0,5,2,55,23,12,11,5,0,0,0,0,0,0,0,0
hunt,381,138129,28,False,population_zero,0,5,0,50,23,14,9,2,0,0,0,0,0,0,0,0
hunt,382,138229,14,False,population_zero,0,5,21,33,14,6,8,5,0,0,0,0,0,0,0,0
hunt,383,138329,15,False,population_zero,0,5,13,41,15,7,8,5,0,0,0,0,0,0,0,0
hunt,384,138429,16,False,population_zero,0,5,8,36,16,5,11,5,0,0,0,0,0,0,0,0
hunt,385,138529,19,False,population_zero,0,5,20,38,19,11,8,5,0,0,0,0,0,0,0,0
hunt,386,138629,13,False,population_zero,0,5,26,43,13,8,5,5,0,0,0,0,0,0,0,0
hunt,387,138729,23,False,population_zero,0,5,5,49,23,9,14,5,0,0,0,0,0,0,0,0
hunt,388,138829,32,False,population_zero,0,5,0,51,25,13,12,3,0,0,0,0,0,0,0,0
hunt,389,138929,19,False,population_zero,0,5,27,42,19,13,6,5,0,0,0,0,0,0,0,0
hunt,390,139029,27,False,population_zero,0,5,2,52,23,14,9,4,0,0,0,0,0,0,0,0
hunt,391,139129,27,False,population_zero,0,5,8,49,27,12,15,5,0,0,0,0,0,0,0,0
hunt,392,139229,21,False,population_zero,0,5,5,35,21,10,11,5,0,0,0,0,0,0,0,0
hunt,393,139329,23,False,population_zero,0,5,2,52,21,10,11,5,0,0,0,0,0,0,0,0
hunt,394,139429,11,False,population_zero,0,5,23,29,11,5,6,5,0,0,0,0,0,0,0,0
hunt,395,139529,20,False,population_zero,0,5,7,33,20,8,12,5,0,0,0,0,0,0,0,0
hunt,396,139629,19,False,population_zero,0,5,22,48,19,13,6,5,0,0,0,0,0,0,0,0
hunt,397,139729,23,False,population_zero,0,5,0,44,21,10,11,4,0,0,0,0,0,0,0,0
hunt,398,139829,15,False,population_zero,0,5,18,47,15,6,9,5,0,0,0,0,0,0,0,0
hunt,399,139929,17,False,population_zero,0,5,15,48,17,9,8,5,0,0,0,0,0,0,0,0
hunt,400,140029,13,False,population_zero,0,5,24,35,13,8,5,5,0,0,0,0,0,0,0,0
hunt,401,140129,20,False,population_zero,0,5,11,47,20,11,9,5,0,0,0,0,0,0,0,0
hunt,402,140229,29,False,population_zero,0,5,1,45,27,12,15,5,0,0,0,0,0,0,0,0
hunt,403,140329,17,False,population_zero,0,5,17,51,17,9,8,5,0,0,0,0,0,0,0,0
hunt,404,140429,18,False,population_zero,0,5,6,36,18,9,9,5,0,0,0,0,0,0,0,0
hunt,405,140529,20,False,population_zero,0,5,0,51,18,10,8,3,0,0,0,0,0,0,0,0
hunt,406,140629,21,False,population_zero,0,5,18,47,21,11,10,5,0,0,0,0,0,0,0,0
hunt,407,140729,14,False,population_zero,0,5,22,37,14,8,6,5,0,0,0,0,0,0,0,0
hunt,408,140829,22,False,population_zero,0,5,4,51,22,12,10,5,0,0,0,0,0,0,0,0
hunt,409,140929,16,False,population_zero,0,5,24,45,16,10,6,5,0,0,0,0,0,0,0,0
hunt,410,141029,20,False,population_zero,0,5,20,40,20,11,9,5,0,0,0,0,0,0,0,0
hunt,411,141129,12,False,population_zero,0,5,24,41,12,6,6,5,0,0,0,0,0,0,0,0
hunt,412,141229,21,False,population_zero,0,5,2,38,21,9,12,5,0,0,0,0,0,0,0,0
hunt,413,141329,26,False,population_zero,0,5,0,49,24,13,11,4,0,0,0,0,0,0,0,0
hunt,414,141429,11,False,population_zero,0,5,18,28,11,4,7,5,0,0,0,0,0,0,0,0
hunt,415,141529,24,False,population_zero,0,5,9,55,24,13,11,5,0,0,0,0,0,0,0,0
hunt,416,141629,10,False,population_zero,0,5,17,26,10,3,7,5,0,0,0,0,0,0,0,0
hunt,417,141729,16,False,population_zero,0,5,8,22,16,7,9,5,0,0,0,0,0,0,0,0
hunt,418,141829,16,False,population_zero,0,5,25,39,16,9,7,5,0,0,0,0,0,0,0,0
hunt,419,141929,13,False,population_zero,0,5,27,38,13,7,6,5,0,0,0,0,0,0,0,0
hunt,420,142029,28,False,population_zero,0,5,12,51,28,12,16,5,0,0,0,0,0,0,0,0
hunt,421,142129,11,False,population_zero,0,5,23,30,11,4,7,5,0,0,0,0,0,0,0,0
hunt,422,142229,10,False,population_zero,0,5,23,29,10,4,6,5,0,0,0,0,0,0,0,0
hunt,423,142329,8,False,population_zero,0,5,24,33,8,3,5,5,0,0,0,0,0,0,0,0
hunt,424,142429,15,False,population_zero,0,5,20,49,15,8,7,5,0,0,0,0,0,0,0,0
hunt,425,142529,14,False,population_zero,0,5,22,31,14,7,7,5,0,0,0,0,0,0,0,0
hunt,426,142629,10,False,population_zero,0,5,20,23,10,4,6,5,0,0,0,0,0,0,0,0
hunt,427,142729,8,False,population_zero,0,5,5,7,7,1,6,5,0,0,0,0,0,0,0,0
hunt,428,142829,14,False,population_zero,0,5,26,45,14,9,5,5,0,0,0,0,0,0,0,0
hunt,429,142929,23,False,population_zero,0,5,3,43,23,11,12,5,0,0,0,0,0,0,0,0
hunt,430,143029,22,False,population_zero,0,5,0,59,21,11,10,4,0,0,0,0,0,0,0,0
hunt,431,143129,20,False,population_zero,0,5,20,46,20,12,8,5,0,0,0,0,0,0,0,0
hunt,432,143229,26,False,population_zero,0,5,6,43,26,12,14,5,0,0,0,0,0,0,0,0
hunt,433,143329,25,False,population_zero,0,5,4,39,25,10,15,5,0,0,0,0,0,0,0,0
hunt,434,143429,11,False,population_zero,0,5,20,29,11,5,6,5,0,0,0,0,0,0,0,0
hunt,435,143529,19,False,population_zero,0,5,13,52,19,13,6,5,0,0,0,0,0,0,0,0
hunt,436,143629,17,False,population_zero,0,5,2,52,17,9,8,5,0,0,0,0,0,0,0,0
hunt,437,143729,10,False,population_zero,0,5,26,36,10,4,6,5,0,0,0,0,0,0,0,0
hunt,438,143829,26,False,population_zero,0,5,0,44,25,11,14,4,0,0,0,0,0,0,0,0
hunt,439,143929,18,False,population_zero,0,5,0,31,17,5,12,4,0,0,0,0,0,0,0,0
hunt,440,144029,16,False,population_zero,0,5,24,42,16,10,6,5,0,0,0,0,0,0,0,0
hunt,441,144129,22,False,population_zero,0,5,0,49,19,10,9,4,0,0,0,0,0,0,0,0
hunt,442,144229,16,False,population_zero,0,5,18,49,16,9,7,5,0,0,0,0,0,0,0,0
hunt,443,144329,13,False,population_zero,0,5,18,36,13,5,8,5,0,0,0,0,0,0,0,0
hunt,444,144429,15,False,population_zero,0,5,24,42,15,7,8,5,0,0,0,0,0,0,0,0
hunt,445,144529,22,False,population_zero,0,5,4,37,22,10,12,5,0,0,0,0,0,0,0,0
hunt,446,144629,18,False,population_zero,0,5,5,28,18,6,12,5,0,0,0,0,0,0,0,0
hunt,447,144729,22,False,population_zero,0,5,4,41,22,12,10,5,0,0,0,0,0,0,0,0
hunt,448,144829,15,False,population_zero,0,5,27,51,15,9,6,5,0,0,0,0,0,0,0,0
hunt,449,144929,23,False,population_zero,0,5,11,49,23,11,12,5,0,0,0,0,0,0,0,0
hunt,450,145029,17,False,population_zero,0,5,10,47,17,8,9,5,0,0,0,0,0,0,0,0
hunt,451,145129,25,False,population_zero,0,5,0,40,24,11,13,4,0,0,0,0,0,0,0,0
hunt,452,145229,15,False,population_zero,0,5,17,49,15,8,7,5,0,0,0,0,0,0,0,0
hunt,453,145329,10,False,population_zero,0,5,25,39,10,5,5,5,0,0,0,0,0,0,0,0
hunt,454,145429,18,False,population_zero,0,5,15,51,18,10,8,5,0,0,0,0,0,0,0,0
hunt,455,145529,12,False,population_zero,0,5,24,36,12,6,6,5,0,0,0,0,0,0,0,0
hunt,456,145629,18,False,population_zero,0,5,13,46,18,10,8,5,0,0,0,0,0,0,0,0
hunt,457,145729,24,False,population_zero,0,5,7,51,24,14,10,5,0,0,0,0,0,0,0,0
hunt,458,145829,26,False,population_zero,0,5,0,37,22,12,10,4,0,0,0,0,0,0,0,0
hunt,459,145929,18,False,population_zero,0,5,0,49,17,8,9,4,0,0,0,0,0,0,0,0
hunt,460,146029,23,False,population_zero,0,5,0,44,18,9,9,4,0,0,0,0,0,0,0,0
hunt,461,146129,15,False,population_zero,0,5,15,46,15,8,7,5,0,0,0,0,0,0,0,0
hunt,462,146229,28,False,population_zero,0,5,0,52,20,12,8,2,0,0,0,0,0,0,0,0
hunt,463,146329,22,False,population_zero,0,5,0,37,21,11,10,4,0,0,0,0,0,0,0,0
hunt,464,146429,10,False,population_zero,0,5,26,38,10,5,5,5,0,0,0,0,0,0,0,0
hunt,465,146529,14,False,population_zero,0,5,24,58,14,8,6,5,0,0,0,0,0,0,0,0
hunt,466,146629,22,False,population_zero,0,5,0,49,21,11,10,4,0,0,0,0,0,0,0,0
hunt,467,146729,20,False,population_zero,0,5,1,49,19,11,8,5,0,0,0,0,0,0,0,0
hunt,468,146829,26,False,population_zero,0,5,0,38,19,12,7,3,0,0,0,0,0,0,0,0
hunt,469,146929,14,False,population_zero,0,5,20,29,14,6,8,5,0,0,0,0,0,0,0,0
hunt,470,147029,24,False,population_zero,0,5,4,45,24,11,13,5,0,0,0,0,0,0,0,0
hunt,471,147129,19,False,population_zero,0,5,11,44,19,10,9,5,0,0,0,0,0,0,0,0
hunt,472,147229,22,False,population_zero,0,5,19,57,22,13,9,5,0,0,0,0,0,0,0,0
hunt,473,147329,22,False,population_zero,0,5,10,46,22,12,10,5,0,0,0,0,0,0,0,0
hunt,474,147429,19,False,population_zero,0,5,0,31,17,4,13,4,0,0,0,0,0,0,0,0
hunt,475,147529,21,False,population_zero,0,5,10,51,21,11,10,5,0,0,0,0,0,0,0,0
hunt,476,147629,10,False,population_zero,0,5,23,31,10,5,5,5,0,0,0,0,0,0,0,0
hunt,477,147729,25,False,population_zero,0,5,0,56,23,12,11,3,0,0,0,0,0,0,0,0
hunt,478,147829,22,False,population_zero,0,5,10,52,22,8,14,5,0,0,0,0,0,0,0,0
hunt,479,147929,14,False,population_zero,0,5,26,35,14,7,7,5,0,0,0,0,0,0,0,0
hunt,480,148029,14,False,population_zero,0,5,24,34,14,5,9,5,0,0,0,0,0,0,0,0
hunt,481,148129,14,False,population_zero,0,5,22,34,14,6,8,5,0,0,0,0,0,0,0,0
hunt,482,148229,29,False,population_zero,0,5,0,49,24,12,12,4,0,0,0,0,0,0,0,0
hunt,483,148329,26,False,population_zero,0,5,0,39,24,12,12,3,0,0,0,0,0,0,0,0
hunt,484,148429,40,False,population_zero,0,5,0,50,31,13,18,4,0,0,0,0,0,0,0,0
hunt,485,148529,18,False,population_zero,0,5,0,54,17,11,6,4,0,0,0,0,0,0,0,0
hunt,486,148629,20,False,population_zero,0,5,4,46,20,12,8,5,0,0,0,0,0,0,0,0
hunt,487,148729,19,False,population_zero,0,5,13,48,19,11,8,5,0,0,0,0,0,0,0,0
hunt,488,148829,16,False,population_zero,0,5,21,52,16,11,5,5,0,0,0,0,0,0,0,0
hunt,489,148929,18,False,population_zero,0,5,0,44,17,8,9,4,0,0,0,0,0,0,0,0
hunt,490,149029,23,False,population_zero,0,5,0,48,20,12,8,3,0,0,0,0,0,0,0,0
hunt,491,149129,10,False,population_zero,0,5,23,32,10,4,6,5,0,0,0,0,0,0,0,0
hunt,492,149229,14,False,population_zero,0,5,21,37,14,7,7,5,0,0,0,0,0,0,0,0
hunt,493,149329,14,False,population_zero,0,5,24,46,14,8,6,5,0,0,0,0,0,0,0,0
hunt,494,149429,15,False,population_zero,0,5,19,41,15,8,7,5,0,0,0,0,0,0,0,0
hunt,495,149529,13,False,population_zero,0,5,23,45,13,8,5,5,0,0,0,0,0,0,0,0
hunt,496,149629,18,False,population_zero,0,5,20,49,18,10,8,5,0,0,0,0,0,0,0,0
hunt,497,149729,21,False,population_zero,0,5,5,53,21,11,10,5,0,0,0,0,0,0,0,0
hunt,498,149829,23,False,population_zero,0,5,0,46,22,12,10,4,0,0,0,0,0,0,0,0
hunt,499,149929,16,False,population_zero,0,5,23,38,16,8,8,5,0,0,0,0,0,0,0,0
hunt,500,150029,24,False,population_zero,0,5,0,55,23,12,11,4,0,0,0,0,0,0,0,0
hunt,501,150129,15,False,population_zero,0,5,19,35,15,6,9,5,0,0,0,0,0,0,0,0
hunt,502,150229,24,False,population_zero,0,5,0,48,21,12,9,3,0,0,0,0,0,0,0,0
hunt,503,150329,22,False,population_zero,0,5,0,46,20,11,9,4,0,0,0,0,0,0,0,0
hunt,504,150429,20,False,population_zero,0,5,0,29,18,6,12,4,0,0,0,0,0,0,0,0
hunt,505,150529,16,False,population_zero,0,5,23,42,16,9,7,5,0,0,0,0,0,0,0,0
hunt,506,150629,22,False,population_zero,0,5,12,52,22,12,10,5,0,0,0,0,0,0,0,0
hunt,507,150729,27,False,population_zero,0,5,0,57,26,13,13,4,0,0,0,0,0,0,0,0
hunt,508,150829,20,False,population_zero,0,5,0,15,18,4,14,4,0,0,0,0,0,0,0,0
hunt,509,150929,20,False,population_zero,0,5,0,34,19,11,8,4,0,0,0,0,0,0,0,0
hunt,510,151029,27,False,population_zero,0,5,0,48,22,13,9,3,0,0,0,0,0,0,0,0
hunt,511,151129,19,False,population_zero,0,5,25,56,19,13,6,5,0,0,0,0,0,0,0,0
hunt,512,151229,9,False,population_zero,0,5,21,27,9,3,6,5,0,0,0,0,0,0,0,0
hunt,513,151329,22,False,population_zero,0,5,1,46,22,10,12,5,0,0,0,0,0,0,0,0
hunt,514,151429,18,False,population_zero,0,5,9,33,18,9,9,5,0,0,0,0,0,0,0,0
hunt,515,151529,31,False,population_zero,0,5,0,54,27,12,15,3,0,0,0,0,0,0,0,0
hunt,516,151629,23,False,population_zero,0,5,8,57,23,12,11,5,0,0,0,0,0,0,0,0
hunt,517,151729,18,False,population_zero,0,5,21,52,18,12,6,5,0,0,0,0,0,0,0,0
hunt,518,151829,12,False,population_zero,0,5,20,29,12,6,6,5,0,0,0,0,0,0,0,0
hunt,519,151929,10,False,population_zero,0,5,21,26,10,4,6,5,0,0,0,0,0,0,0,0
hunt,520,152029,11,False,population_zero,0,5,24,36,11,6,5,5,0,0,0,0,0,0,0,0
hunt,521,152129,15,False,population_zero,0,5,22,39,15,9,6,5,0,0,0,0,0,0,0,0
hunt,522,152229,11,False,population_zero,0,5,16,30,11,4,7,5,0,0,0,0,0,0,0,0
hunt,523,152329,14,False,population_zero,0,5,16,23,14,3,11,5,0,0,0,0,0,0,0,0
hunt,524,152429,21,False,population_zero,0,5,2,53,21,11,10,5,0,0,0,0,0,0,0,0
hunt,525,152529,20,False,population_zero,0,5,13,30,20,8,12,5,0,0,0,0,0,0,0,0
hunt,526,152629,11,False,population_zero,0,5,28,34,11,5,6,5,0,0,0,0,0,0,0,0
hunt,527,152729,44,False,population_zero,0,5,0,51,37,13,24,3,0,0,0,0,0,0,0,0
hunt,528,152829,29,False,population_zero,0,5,0,59,25,14,11,3,0,0,0,0,0,0,0,0
hunt,529,152929,22,False,population_zero,0,5,0,48,19,13,6,2,0,0,0,0,0,0,0,0
hunt,530,153029,10,False,population_zero,0,5,14,18,10,4,6,5,0,0,0,0,0,0,0,0
hunt,531,153129,25,False,population_zero,0,5,10,44,25,11,14,5,0,0,0,0,0,0,0,0
hunt,532,153229,11,False,population_zero,0,5,22,29,11,5,6,5,0,0,0,0,0,0,0,0
hunt,533,153329,15,False,population_zero,0,5,23,41,15,9,6,5,0,0,0,0,0,0,0,0
hunt,534,153429,23,False,population_zero,0,5,1,38,23,11,12,5,0,0,0,0,0,0,0,0
hunt,535,153529,23,False,population_zero,0,5,0,47,22,12,10,4,0,0,0,0,0,0,0,0
hunt,536,153629,23,False,population_zero,0,5,3,48,23,11,12,5,0,0,0,0,0,0,0,0
hunt,537,153729,16,False,population_zero,0,5,10,24,16,4,12,5,0,0,0,0,0,0,0,0
hunt,538,153829,18,False,population_zero,0,5,16,40,18,10,8,5,0,0,0,0,0,0,0,0
hunt,539,153929,16,False,population_zero,0,5,19,44,16,7,9,5,0,0,0,0,0,0,0,0
hunt,540,154029,27,False,population_zero,0,5,0,47,22,12,10,2,0,0,0,0,0,0,0,0
hunt,541,154129,24,False,population_zero,0,5,5,53,24,12,12,5,0,0,0,0,0,0,0,0
hunt,542,154229,26,False,population_zero,0,5,0,53,19,11,8,3,0,0,0,0,0,0,0,0
hunt,543,154329,12,False,population_zero,0,5,22,45,12,7,5,5,0,0,0,0,0,0,0,0
hunt,544,154429,18,False,population_zero,0,5,6,50,18,9,9,5,0,0,0,0,0,0,0,0
hunt,545,154529,18,False,population_zero,0,5,24,45,18,11,7,5,0,0,0,0,0,0,0,0
hunt,546,154629,28,False,population_zero,0,5,0,44,27,11,16,4,0,0,0,0,0,0,0,0
hunt,547,154729,14,False,population_zero,0,5,21,30,14,6,8,5,0,0,0,0,0,0,0,0
hunt,548,154829,18,False,population_zero,0,5,21,41,18,10,8,5,0,0,0,0,0,0,0,0
hunt,549,154929,28,False,population_zero,0,5,0,38,25,12,13,3,0,0,0,0,0,0,0,0
hunt,550,155029,20,False,population_zero,0,5,15,49,20,10,10,5,0,0,0,0,0,0,0,0
hunt,551,155129,11,False,population_zero,0,5,9,18,11,6,5,5,0,0,0,0,0,0,0,0
hunt,552,155229,14,False,population_zero,0,5,18,30,14,6,8,5,0,0,0,0,0,0,0,0
hunt,553,155329,19,False,population_zero,0,5,23,47,19,10,9,5,0,0,0,0,0,0,0,0
hunt,554,155429,19,False,population_zero,0,5,0,41,18,9,9,4,0,0,0,0,0,0,0,0
hunt,555,155529,15,False,population_zero,0,5,10,21,14,6,8,5,0,0,0,0,0,0,0,0
hunt,556,155629,25,False,population_zero,0,5,0,46,24,12,12,4,0,0,0,0,0,0,0,0
hunt,557,155729,25,False,population_zero,0,5,0,44,22,13,9,3,0,0,0,0,0,0,0,0
hunt,558,155829,10,False,population_zero,0,5,24,35,10,4,6,5,0,0,0,0,0,0,0,0
hunt,559,155929,24,False,population_zero,0,5,18,48,24,12,12,5,0,0,0,0,0,0,0,0
hunt,560,156029,16,False,population_zero,0,5,21,53,16,10,6,5,0,0,0,0,0,0,0,0
hunt,561,156129,24,False,population_zero,0,5,0,34,21,9,12,4,0,0,0,0,0,0,0,0
hunt,562,156229,25,False,population_zero,0,5,0,45,21,11,10,4,0,0,0,0,0,0,0,0
hunt,563,156329,26,False,population_zero,0,5,0,49,20,12,8,3,0,0,0,0,0,0,0,0
hunt,564,156429,15,False,population_zero,0,5,29,42,15,8,7,5,0,0,0,0,0,0,0,0
hunt,565,156529,10,False,population_zero,0,5,20,24,10,3,7,5,0,0,0,0,0,0,0,0
hunt,566,156629,17,False,population_zero,0,5,20,34,17,7,10,5,0,0,0,0,0,0,0,0
hunt,567,156729,23,False,population_zero,0,5,0,30,20,8,12,3,0,0,0,0,0,0,0,0
hunt,568,156829,37,False,population_zero,0,5,0,45,27,12,15,3,0,0,0,0,0,0,0,0
hunt,569,156929,21,False,population_zero,0,5,7,45,21,12,9,5,0,0,0,0,0,0,0,0
hunt,570,157029,10,False,population_zero,0,5,26,39,10,5,5,5,0,0,0,0,0,0,0,0
hunt,571,157129,24,False,population_zero,0,5,4,51,24,13,11,5,0,0,0,0,0,0,0,0
hunt,572,157229,23,False,population_zero,0,5,9,48,23,13,10,5,0,0,0,0,0,0,0,0
hunt,573,157329,13,False,population_zero,0,5,23,33,13,6,7,5,0,0,0,0,0,0,0,0
hunt,574,157429,29,False,population_zero,0,5,0,56,26,13,13,4,0,0,0,0,0,0,0,0
hunt,575,157529,15,False,population_zero,0,5,24,39,15,9,6,5,0,0,0,0,0,0,0,0
hunt,576,157629,24,False,population_zero,0,5,1,39,21,11,10,3,0,0,0,0,0,0,0,0
hunt,577,157729,12,False,population_zero,0,5,12,14,12,5,7,5,0,0,0,0,0,0,0,0
hunt,578,157829,19,False,population_zero,0,5,20,46,19,12,7,5,0,0,0,0,0,0,0,0
hunt,579,157929,19,False,population_zero,0,5,22,50,19,9,10,5,0,0,0,0,0,0,0,0
hunt,580,158029,30,False,population_zero,0,5,0,64,29,14,15,4,0,0,0,0,0,0,0,0
hunt,581,158129,26,False,population_zero,0,5,0,46,23,11,12,4,0,0,0,0,0,0,0,0
hunt,582,158229,14,False,population_zero,0,5,26,44,14,9,5,5,0,0,0,0,0,0,0,0
hunt,583,158329,15,False,population_zero,0,5,26,45,15,9,6,5,0,0,0,0,0,0,0,0
hunt,584,158429,23,False,population_zero,0,5,15,46,23,13,10,5,0,0,0,0,0,0,0,0
hunt,585,158529,13,False,population_zero,0,5,22,47,13,6,7,5,0,0,0,0,0,0,0,0
hunt,586,158629,24,False,population_zero,0,5,0,61,23,14,9,4,0,0,0,0,0,0,0,0
hunt,587,158729,16,False,population_zero,0,5,26,38,16,10,6,5,0,0,0,0,0,0,0,0
hunt,588,158829,34,False,population_zero,0,5,0,42,25,12,13,4,0,0,0,0,0,0,0,0
hunt,589,158929,25,False,population_zero,0,5,0,55,24,14,10,4,0,0,0,0,0,0,0,0
hunt,590,159029,10,False,population_zero,0,5,22,32,10,4,6,5,0,0,0,0,0,0,0,0
hunt,591,159129,18,False,population_zero,0,5,20,44,18,10,8,5,0,0,0,0,0,0,0,0
hunt,592,159229,20,False,population_zero,0,5,19,33,20,9,11,5,0,0,0,0,0,0,0,0
hunt,593,159329,16,False,population_zero,0,5,20,36,16,10,6,5,0,0,0,0,0,0,0,0
hunt,594,159429,21,False,population_zero,0,5,6,39,21,10,11,5,0,0,0,0,0,0,0,0
hunt,595,159529,49,False,population_zero,0,5,0,57,32,12,20,4,0,0,0,0,0,0,0,0
hunt,596,159629,12,False,population_zero,0,5,22,34,12,5,7,5,0,0,0,0,0,0,0,0
hunt,597,159729,21,False,population_zero,0,5,13,41,21,12,9,5,0,0,0,0,0,0,0,0
hunt,598,159829,22,False,population_zero,0,5,0,35,19,7,12,4,0,0,0,0,0,0,0,0
hunt,599,159929,19,False,population_zero,0,5,0,46,18,9,9,4,0,0,0,0,0,0,0,0
hunt,600,160029,25,False,population_zero,0,5,10,59,25,11,14,5,0,0,0,0,0,0,0,0
hunt,601,160129,17,False,population_zero,0,5,17,54,17,11,6,5,0,0,0,0,0,0,0,0
hunt,602,160229,21,False,population_zero,0,5,0,37,18,9,9,4,0,0,0,0,0,0,0,0
hunt,603,160329,22,False,population_zero,0,5,19,53,22,12,10,5,0,0,0,0,0,0,0,0
hunt,604,160429,17,False,population_zero,0,5,18,46,17,10,7,5,0,0,0,0,0,0,0,0
hunt,605,160529,22,False,population_zero,0,5,7,28,22,6,16,5,0,0,0,0,0,0,0,0
hunt,606,160629,15,False,population_zero,0,5,16,34,15,6,9,5,0,0,0,0,0,0,0,0
hunt,607,160729,28,False,population_zero,0,5,0,35,22,5,17,4,0,0,0,0,0,0,0,0
hunt,608,160829,14,False,population_zero,0,5,28,38,14,8,6,5,0,0,0,0,0,0,0,0
hunt,609,160929,20,False,population_zero,0,5,13,46,20,13,7,5,0,0,0,0,0,0,0,0
hunt,610,161029,28,False,population_zero,0,5,0,36,25,10,15,3,0,0,0,0,0,0,0,0
hunt,611,161129,15,False,population_zero,0,5,23,37,15,9,6,5,0,0,0,0,0,0,0,0
hunt,612,161229,9,False,population_zero,0,5,23,26,9,4,5,5,0,0,0,0,0,0,0,0
hunt,613,161329,31,False,population_zero,0,5,1,44,26,11,15,5,0,0,0,0,0,0,0,0
hunt,614,161429,20,False,population_zero,0,5,20,44,20,11,9,5,0,0,0,0,0,0,0,0
hunt,615,161529,25,False,population_zero,0,5,2,52,22,14,8,3,0,0,0,0,0,0,0,0
hunt,616,161629,16,False,population_zero,0,5,17,45,16,9,7,5,0,0,0,0,0,0,0,0
hunt,617,161729,28,False,population_zero,0,5,0,53,23,13,10,3,0,0,0,0,0,0,0,0
hunt,618,161829,29,False,population_zero,0,5,1,46,24,11,13,4,0,0,0,0,0,0,0,0
hunt,619,161929,11,False,population_zero,0,5,21,42,11,4,7,5,0,0,0,0,0,0,0,0
hunt,620,162029,23,False,population_zero,0,5,18,56,23,14,9,5,0,0,0,0,0,0,0,0
hunt,621,162129,20,False,population_zero,0,5,12,58,20,11,9,5,0,0,0,0,0,0,0,0
hunt,622,162229,16,False,population_zero,0,5,17,35,16,8,8,5,0,0,0,0,0,0,0,0
hunt,623,162329,22,False,population_zero,0,5,15,50,22,13,9,5,0,0,0,0,0,0,0,0
hunt,624,162429,21,False,population_zero,0,5,0,40,19,10,9,4,0,0,0,0,0,0,0,0
hunt,625,162529,16,False,population_zero,0,5,12,45,16,8,8,5,0,0,0,0,0,0,0,0
hunt,626,162629,19,False,population_zero,0,5,6,50,19,10,9,5,0,0,0,0,0,0,0,0
hunt,627,162729,24,False,population_zero,0,5,0,50,22,11,11,3,0,0,0,0,0,0,0,0
hunt,628,162829,16,False,population_zero,0,5,20,30,16,7,9,5,0,0,0,0,0,0,0,0
hunt,629,162929,20,False,population_zero,0,5,25,55,20,12,8,5,0,0,0,0,0,0,0,0
hunt,630,163029,12,False,population_zero,0,5,21,42,12,6,6,5,0,0,0,0,0,0,0,0
hunt,631,163129,14,False,population_zero,0,5,21,42,14,6,8,5,0,0,0,0,0,0,0,0
hunt,632,163229,34,False,population_zero,0,5,0,55,24,12,12,4,0,0,0,0,0,0,0,0
hunt,633,163329,10,False,population_zero,0,5,27,34,10,5,5,5,0,0,0,0,0,0,0,0
hunt,634,163429,24,False,population_zero,0,5,23,51,24,12,12,5,0,0,0,0,0,0,0,0
hunt,635,163529,23,False,population_zero,0,5,7,52,23,11,12,5,0,0,0,0,0,0,0,0
hunt,636,163629,29,False,population_zero,0,5,0,48,26,12,14,4,0,0,0,0,0,0,0,0
hunt,637,163729,17,False,population_zero,0,5,16,34,17,7,10,5,0,0,0,0,0,0,0,0
hunt,638,163829,21,False,population_zero,0,5,12,48,21,13,8,5,0,0,0,0,0,0,0,0
hunt,639,163929,21,False,population_zero,0,5,0,36,20,10,10,4,0,0,0,0,0,0,0,0
hunt,640,164029,20,False,population_zero,0,5,2,49,20,10,10,5,0,0,0,0,0,0,0,0
hunt,641,164129,25,False,population_zero,0,5,0,56,22,13,9,3,0,0,0,0,0,0,0,0
hunt,642,164229,22,False,population_zero,0,5,0,33,19,10,9,4,0,0,0,0,0,0,0,0
hunt,643,164329,23,False,population_zero,0,5,0,61,19,12,7,2,0,0,0,0,0,0,0,0
hunt,644,164429,28,False,population_zero,0,5,0,45,22,11,11,4,0,0,0,0,0,0,0,0
hunt,645,164529,22,False,population_zero,0,5,15,46,22,12,10,5,0,0,0,0,0,0,0,0
hunt,646,164629,24,False,population_zero,0,5,11,55,24,14,10,5,0,0,0,0,0,0,0,0
hunt,647,164729,16,False,population_zero,0,5,23,52,16,9,7,5,0,0,0,0,0,0,0,0
hunt,648,164829,25,False,population_zero,0,5,0,45,18,11,7,2,0,0,0,0,0,0,0,0
hunt,649,164929,26,False,population_zero,0,5,1,44,25,11,14,5,0,0,0,0,0,0,0,0
hunt,650,165029,25,False,population_zero,0,5,3,51,25,10,15,5,0,0,0,0,0,0,0,0
hunt,651,165129,14,False,population_zero,0,5,20,49,14,6,8,5,0,0,0,0,0,0,0,0
hunt,652,165229,13,False,population_zero,0,5,23,32,13,6,7,5,0,0,0,0,0,0,0,0
hunt,653,165329,16,False,population_zero,0,5,16,40,16,6,10,5,0,0,0,0,0,0,0,0
hunt,654,165429,13,False,population_zero,0,5,23,27,13,7,6,5,0,0,0,0,0,0,0,0
hunt,655,165529,18,False,population_zero,0,5,0,41,17,6,11,4,0,0,0,0,0,0,0,0
hunt,656,165629,25,False,population_zero,0,5,0,44,19,11,8,2,0,0,0,0,0,0,0,0
hunt,657,165729,18,False,population_zero,0,5,22,45,18,13,5,5,0,0,0,0,0,0,0,0
hunt,658,165829,18,False,population_zero,0,5,14,42,18,11,7,5,0,0,0,0,0,0,0,0
hunt,659,165929,14,False,population_zero,0,5,20,36,14,6,8,5,0,0,0,0,0,0,0,0
hunt,660,166029,13,False,population_zero,0,5,23,32,13,6,7,5,0,0,0,0,0,0,0,0
hunt,661,166129,18,False,population_zero,0,5,26,40,18,10,8,5,0,0,0,0,0,0,0,0
hunt,662,166229,18,False,population_zero,0,5,18,45,18,11,7,5,0,0,0,0,0,0,0,0
hunt,663,166329,10,False,population_zero,0,5,19,22,10,4,6,5,0,0,0,0,0,0,0,0
hunt,664,166429,12,False,population_zero,0,5,19,29,12,6,6,5,0,0,0,0,0,0,0,0
hunt,665,166529,22,False,population_zero,0,5,13,45,22,11,11,5,0,0,0,0,0,0,0,0
hunt,666,166629,17,False,population_zero,0,5,25,41,17,10,7,5,0,0,0,0,0,0,0,0
hunt,667,166729,16,False,population_zero,0,5,7,41,16,8,8,5,0,0,0,0,0,0,0,0
hunt,668,166829,8,False,population_zero,0,5,16,18,8,3,5,5,0,0,0,0,0,0,0,0
hunt,669,166929,16,False,population_zero,0,5,21,49,16,10,6,5,0,0,0,0,0,0,0,0
hunt,670,167029,15,False,population_zero,0,5,20,34,15,6,9,5,0,0,0,0,0,0,0,0
hunt,671,167129,13,False,population_zero,0,5,28,42,13,7,6,5,0,0,0,0,0,0,0,0
hunt,672,167229,14,False,population_zero,0,5,24,41,14,8,6,5,0,0,0,0,0,0,0,0
hunt,673,167329,11,False,population_zero,0,5,16,17,11,5,6,5,0,0,0,0,0,0,0,0
hunt,674,167429,22,False,population_zero,0,5,0,38,20,9,11,4,0,0,0,0,0,0,0,0
hunt,675,167529,24,False,population_zero,0,5,1,48,19,12,7,4,0,0,0,0,0,0,0,0
hunt,676,167629,27,False,population_zero,0,5,0,49,23,13,10,4,0,0,0,0,0,0,0,0
hunt,677,167729,11,False,population_zero,0,5,22,30,11,5,6,5,0,0,0,0,0,0,0,0
hunt,678,167829,9,False,population_zero,0,5,22,30,9,4,5,5,0,0,0,0,0,0,0,0
hunt,679,167929,21,False,population_zero,0,5,15,44,21,11,10,5,0,0,0,0,0,0,0,0
hunt,680,168029,13,False,population_zero,0,5,24,44,13,7,6,5,0,0,0,0,0,0,0,0
hunt,681,168129,22,False,population_zero,0,5,13,44,22,13,9,5,0,0,0,0,0,0,0,0
hunt,682,168229,15,False,population_zero,0,5,22,52,15,8,7,5,0,0,0,0,0,0,0,0
hunt,683,168329,20,False,population_zero,0,5,0,37,18,10,8,3,0,0,0,0,0,0,0,0
hunt,684,168429,16,False,population_zero,0,5,0,32,15,5,10,4,0,0,0,0,0,0,0,0
hunt,685,168529,15,False,population_zero,0,5,19,33,15,7,8,5,0,0,0,0,0,0,0,0
hunt,686,168629,19,False,population_zero,0,5,5,44,19,8,11,5,0,0,0,0,0,0,0,0
hunt,687,168729,19,False,population_zero,0,5,22,41,19,9,10,5,0,0,0,0,0,0,0,0
hunt,688,168829,12,False,population_zero,0,5,18,31,12,7,5,5,0,0,0,0,0,0,0,0
hunt,689,168929,12,False,population_zero,0,5,23,27,12,5,7,5,0,0,0,0,0,0,0,0
hunt,690,169029,24,False,population_zero,0,5,0,49,22,11,11,3,0,0,0,0,0,0,0,0
hunt,691,169129,10,False,population_zero,0,5,27,33,10,5,5,5,0,0,0,0,0,0,0,0
hunt,692,169229,29,False,population_zero,0,5,0,44,22,14,8,3,0,0,0,0,0,0,0,0
hunt,693,169329,7,False,population_zero,0,5,8,14,7,2,5,5,0,0,0,0,0,0,0,0
hunt,694,169429,11,False,population_zero,0,5,13,20,11,4,7,5,0,0,0,0,0,0,0,0
hunt,695,169529,17,False,population_zero,0,5,25,36,17,10,7,5,0,0,0,0,0,0,0,0
hunt,696,169629,11,False,population_zero,0,5,24,33,11,6,5,5,0,0,0,0,0,0,0,0
hunt,697,169729,36,False,population_zero,0,5,0,53,28,12,16,3,0,0,0,0,0,0,0,0
hunt,698,169829,14,False,population_zero,0,5,24,38,14,7,7,5,0,0,0,0,0,0,0,0
hunt,699,169929,15,False,population_zero,0,5,24,39,15,9,6,5,0,0,0,0,0,0,0,0
hunt,700,170029,23,False,population_zero,0,5,0,44,20,12,8,4,0,0,0,0,0,0,0,0
hunt,701,170129,17,False,population_zero,0,5,14,47,17,9,8,5,0,0,0,0,0,0,0,0
hunt,702,170229,20,False,population_zero,0,5,23,50,20,12,8,5,0,0,0,0,0,0,0,0
hunt,703,170329,24,False,population_zero,0,5,0,40,23,9,14,4,0,0,0,0,0,0,0,0
hunt,704,170429,18,False,population_zero,0,5,14,36,18,7,11,5,0,0,0,0,0,0,0,0
hunt,705,170529,12,False,population_zero,0,5,17,30,12,4,8,5,0,0,0,0,0,0,0,0
hunt,706,170629,16,False,population_zero,0,5,11,48,16,10,6,5,0,0,0,0,0,0,0,0
hunt,707,170729,14,False,population_zero,0,5,24,37,14,7,7,5,0,0,0,0,0,0,0,0
hunt,708,170829,18,False,population_zero,0,5,6,38,18,8,10,5,0,0,0,0,0,0,0,0
hunt,709,170929,20,False,population_zero,0,5,7,38,20,9,11,5,0,0,0,0,0,0,0,0
hunt,710,171029,16,False,population_zero,0,5,13,47,16,9,7,5,0,0,0,0,0,0,0,0
hunt,711,171129,13,False,population_zero,0,5,20,40,13,6,7,5,0,0,0,0,0,0,0,0
hunt,712,171229,10,False,population_zero,0,5,27,33,10,4,6,5,0,0,0,0,0,0,0,0
hunt,713,171329,22,False,population_zero,0,5,7,40,22,9,13,5,0,0,0,0,0,0,0,0
hunt,714,171429,20,False,population_zero,0,5,11,48,20,13,7,5,0,0,0,0,0,0,0,0
hunt,715,171529,24,False,population_zero,0,5,0,48,20,10,10,4,0,0,0,0,0,0,0,0
hunt,716,171629,19,False,population_zero,0,5,25,66,19,11,8,5,0,0,0,0,0,0,0,0
hunt,717,171729,11,False,population_zero,0,5,19,23,11,3,8,5,0,0,0,0,0,0,0,0
hunt,718,171829,26,False,population_zero,0,5,6,53,26,13,13,5,0,0,0,0,0,0,0,0
hunt,719,171929,23,False,population_zero,0,5,0,44,21,8,13,4,0,0,0,0,0,0,0,0
hunt,720,172029,15,False,population_zero,0,5,21,39,15,7,8,5,0,0,0,0,0,0,0,0
hunt,721,172129,23,False,population_zero,0,5,20,39,23,12,11,5,0,0,0,0,0,0,0,0
hunt,722,172229,10,False,population_zero,0,5,25,35,10,5,5,5,0,0,0,0,0,0,0,0
hunt,723,172329,26,False,population_zero,0,5,10,54,26,14,12,5,0,0,0,0,0,0,0,0
hunt,724,172429,18,False,population_zero,0,5,6,39,18,6,12,5,0,0,0,0,0,0,0,0
hunt,725,172529,11,False,population_zero,0,5,27,35,11,6,5,5,0,0,0,0,0,0,0,0
hunt,726,172629,15,False,population_zero,0,5,23,44,15,9,6,5,0,0,0,0,0,0,0,0
hunt,727,172729,24,False,population_zero,0,5,0,51,21,10,11,3,0,0,0,0,0,0,0,0
hunt,728,172829,18,False,population_zero,0,5,25,53,18,12,6,5,0,0,0,0,0,0,0,0
hunt,729,172929,17,False,population_zero,0,5,11,43,17,10,7,5,0,0,0,0,0,0,0,0
hunt,730,173029,16,False,population_zero,0,5,19,40,16,10,6,5,0,0,0,0,0,0,0,0
hunt,731,173129,13,False,population_zero,0,5,28,51,13,8,5,5,0,0,0,0,0,0,0,0
hunt,732,173229,14,False,population_zero,0,5,22,40,14,6,8,5,0,0,0,0,0,0,0,0
hunt,733,173329,13,False,population_zero,0,5,22,40,13,6,7,5,0,0,0,0,0,0,0,0
hunt,734,173429,28,False,population_zero,0,5,0,46,23,13,10,2,0,0,0,0,0,0,0,0
hunt,735,173529,10,False,population_zero,0,5,22,33,10,3,7,5,0,0,0,0,0,0,0,0
hunt,736,173629,13,False,population_zero,0,5,24,38,13,8,5,5,0,0,0,0,0,0,0,0
hunt,737,173729,42,False,population_zero,0,5,1,53,31,14,17,3,0,0,0,0,0,0,0,0
hunt,738,173829,14,False,population_zero,0,5,23,39,14,7,7,5,0,0,0,0,0,0,0,0
hunt,739,173929,22,False,population_zero,0,5,5,44,22,10,12,5,0,0,0,0,0,0,0,0
hunt,740,174029,14,False,population_zero,0,5,24,37,14,8,6,5,0,0,0,0,0,0,0,0
hunt,741,174129,21,False,population_zero,0,5,6,46,21,9,12,5,0,0,0,0,0,0,0,0
hunt,742,174229,17,False,population_zero,0,5,19,53,17,9,8,5,0,0,0,0,0,0,0,0
hunt,743,174329,13,False,population_zero,0,5,18,26,13,4,9,5,0,0,0,0,0,0,0,0
hunt,744,174429,18,False,population_zero,0,5,23,57,18,9,9,5,0,0,0,0,0,0,0,0
hunt,745,174529,12,False,population_zero,0,5,24,52,12,7,5,5,0,0,0,0,0,0,0,0
hunt,746,174629,9,False,population_zero,0,5,9,12,9,3,6,5,0,0,0,0,0,0,0,0
hunt,747,174729,14,False,population_zero,0,5,22,49,14,7,7,5,0,0,0,0,0,0,0,0
hunt,748,174829,18,False,population_zero,0,5,7,54,18,11,7,5,0,0,0,0,0,0,0,0
hunt,749,174929,15,False,population_zero,0,5,18,52,15,9,6,5,0,0,0,0,0,0,0,0
hunt,750,175029,21,False,population_zero,0,5,20,61,21,14,7,5,0,0,0,0,0,0,0,0
hunt,751,175129,25,False,population_zero,0,5,3,52,25,13,12,5,0,0,0,0,0,0,0,0
hunt,752,175229,14,False,population_zero,0,5,21,25,13,5,8,5,0,0,0,0,0,0,0,0
hunt,753,175329,22,False,population_zero,0,5,9,43,22,11,11,5,0,0,0,0,0,0,0,0
hunt,754,175429,24,False,population_zero,0,5,0,52,22,12,10,4,0,0,0,0,0,0,0,0
hunt,755,175529,13,False,population_zero,0,5,25,29,13,8,5,5,0,0,0,0,0,0,0,0
hunt,756,175629,15,False,population_zero,0,5,23,42,15,8,7,5,0,0,0,0,0,0,0,0
hunt,757,175729,28,False,population_zero,0,5,9,51,28,13,15,5,0,0,0,0,0,0,0,0
hunt,758,175829,13,False,population_zero,0,5,26,36,13,8,5,5,0,0,0,0,0,0,0,0
hunt,759,175929,29,False,population_zero,0,5,2,54,29,13,16,5,0,0,0,0,0,0,0,0
hunt,760,176029,14,False,population_zero,0,5,23,34,14,8,6,5,0,0,0,0,0,0,0,0
hunt,761,176129,16,False,population_zero,0,5,9,39,16,8,8,5,0,0,0,0,0,0,0,0
hunt,762,176229,18,False,population_zero,0,5,5,47,18,9,9,5,0,0,0,0,0,0,0,0
hunt,763,176329,26,False,population_zero,0,5,4,45,26,6,20,5,0,0,0,0,0,0,0,0
hunt,764,176429,22,False,population_zero,0,5,22,44,22,11,11,5,0,0,0,0,0,0,0,0
hunt,765,176529,16,False,population_zero,0,5,21,43,16,9,7,5,0,0,0,0,0,0,0,0
hunt,766,176629,19,False,population_zero,0,5,22,53,19,12,7,5,0,0,0,0,0,0,0,0
hunt,767,176729,17,False,population_zero,0,5,16,42,17,7,10,5,0,0,0,0,0,0,0,0
hunt,768,176829,14,False,population_zero,0,5,24,42,14,8,6,5,0,0,0,0,0,0,0,0
hunt,769,176929,21,False,population_zero,0,5,5,51,21,12,9,5,0,0,0,0,0,0,0,0
hunt,770,177029,26,False,population_zero,0,5,4,54,26,12,14,5,0,0,0,0,0,0,0,0
hunt,771,177129,27,False,population_zero,0,5,1,49,27,11,16,5,0,0,0,0,0,0,0,0
hunt,772,177229,21,False,population_zero,0,5,4,39,21,9,12,5,0,0,0,0,0,0,0,0
hunt,773,177329,18,False,population_zero,0,5,6,29,18,5,13,5,0,0,0,0,0,0,0,0
hunt,774,177429,16,False,population_zero,0,5,21,47,16,10,6,5,0,0,0,0,0,0,0,0
hunt,775,177529,26,False,population_zero,0,5,1,48,24,13,11,5,0,0,0,0,0,0,0,0
hunt,776,177629,23,False,population_zero,0,5,6,49,23,11,12,5,0,0,0,0,0,0,0,0
hunt,777,177729,15,False,population_zero,0,5,22,44,15,7,8,5,0,0,0,0,0,0,0,0
hunt,778,177829,22,False,population_zero,0,5,20,38,22,11,11,5,0,0,0,0,0,0,0,0
hunt,779,177929,15,False,population_zero,0,5,26,44,15,9,6,5,0,0,0,0,0,0,0,0
hunt,780,178029,15,False,population_zero,0,5,24,40,15,9,6,5,0,0,0,0,0,0,0,0
hunt,781,178129,15,False,population_zero,0,5,28,46,15,9,6,5,0,0,0,0,0,0,0,0
hunt,782,178229,11,False,population_zero,0,5,21,35,11,3,8,5,0,0,0,0,0,0,0,0
hunt,783,178329,24,False,population_zero,0,5,0,43,18,6,12,4,0,0,0,0,0,0,0,0
hunt,784,178429,20,False,population_zero,0,5,1,40,19,12,7,5,0,0,0,0,0,0,0,0
hunt,785,178529,11,False,population_zero,0,5,23,29,11,6,5,5,0,0,0,0,0,0,0,0
hunt,786,178629,15,False,population_zero,0,5,14,31,15,8,7,5,0,0,0,0,0,0,0,0
hunt,787,178729,18,False,population_zero,0,5,2,50,18,9,9,5,0,0,0,0,0,0,0,0
hunt,788,178829,16,False,population_zero,0,5,21,46,16,11,5,5,0,0,0,0,0,0,0,0
hunt,789,178929,23,False,population_zero,0,5,5,35,23,11,12,5,0,0,0,0,0,0,0,0
hunt,790,179029,19,False,population_zero,0,5,4,47,19,12,7,5,0,0,0,0,0,0,0,0
hunt,791,179129,17,False,population_zero,0,5,7,39,17,9,8,5,0,0,0,0,0,0,0,0
hunt,792,179229,31,False,population_zero,0,5,2,57,26,14,12,5,0,0,0,0,0,0,0,0
hunt,793,179329,20,False,population_zero,0,5,23,49,20,12,8,5,0,0,0,0,0,0,0,0
hunt,794,179429,10,False,population_zero,0,5,26,31,10,5,5,5,0,0,0,0,0,0,0,0
hunt,795,179529,15,False,population_zero,0,5,26,45,15,10,5,5,0,0,0,0,0,0,0,0
hunt,796,179629,21,False,population_zero,0,5,20,49,21,12,9,5,0,0,0,0,0,0,0,0
hunt,797,179729,22,False,population_zero,0,5,2,36,22,6,16,5,0,0,0,0,0,0,0,0
hunt,798,179829,15,False,population_zero,0,5,16,36,15,6,9,5,0,0,0,0,0,0,0,0
hunt,799,179929,13,False,population_zero,0,5,26,41,13,8,5,5,0,0,0,0,0,0,0,0
hunt,800,180029,15,False,population_zero,0,5,22,35,15,8,7,5,0,0,0,0,0,0,0,0
hunt,801,180129,26,False,population_zero,0,5,0,33,24,5,19,4,0,0,0,0,0,0,0,0
hunt,802,180229,13,False,population_zero,0,5,23,43,13,6,7,5,0,0,0,0,0,0,0,0
hunt,803,180329,14,False,population_zero,0,5,21,28,14,5,9,5,0,0,0,0,0,0,0,0
hunt,804,180429,19,False,population_zero,0,5,0,35,18,7,11,4,0,0,0,0,0,0,0,0
hunt,805,180529,19,False,population_zero,0,5,10,39,19,10,9,5,0,0,0,0,0,0,0,0
hunt,806,180629,11,False,population_zero,0,5,19,29,11,2,9,5,0,0,0,0,0,0,0,0
hunt,807,180729,13,False,population_zero,0,5,20,29,13,4,9,5,0,0,0,0,0,0,0,0
hunt,808,180829,23,False,population_zero,0,5,0,56,22,14,8,4,0,0,0,0,0,0,0,0
hunt,809,180929,14,False,population_zero,0,5,24,43,14,8,6,5,0,0,0,0,0,0,0,0
hunt,810,181029,20,False,population_zero,0,5,11,39,20,11,9,5,0,0,0,0,0,0,0,0
hunt,811,181129,16,False,population_zero,0,5,16,40,16,7,9,5,0,0,0,0,0,0,0,0
hunt,812,181229,20,False,population_zero,0,5,14,43,20,12,8,5,0,0,0,0,0,0,0,0
hunt,813,181329,14,False,population_zero,0,5,17,24,14,6,8,5,0,0,0,0,0,0,0,0
hunt,814,181429,13,False,population_zero,0,5,24,51,13,6,7,5,0,0,0,0,0,0,0,0
hunt,815,181529,10,False,population_zero,0,5,20,32,10,3,7,5,0,0,0,0,0,0,0,0
hunt,816,181629,14,False,population_zero,0,5,20,39,14,8,6,5,0,0,0,0,0,0,0,0
hunt,817,181729,14,False,population_zero,0,5,22,36,14,6,8,5,0,0,0,0,0,0,0,0
hunt,818,181829,21,False,population_zero,0,5,6,45,21,10,11,5,0,0,0,0,0,0,0,0
hunt,819,181929,22,False,population_zero,0,5,14,53,22,11,11,5,0,0,0,0,0,0,0,0
hunt,820,182029,23,False,population_zero,0,5,5,48,23,13,10,5,0,0,0,0,0,0,0,0
hunt,821,182129,20,False,population_zero,0,5,15,42,20,11,9,5,0,0,0,0,0,0,0,0
hunt,822,182229,16,False,population_zero,0,5,26,44,16,11,5,5,0,0,0,0,0,0,0,0
hunt,823,182329,20,False,population_zero,0,5,3,47,20,10,10,5,0,0,0,0,0,0,0,0
hunt,824,182429,15,False,population_zero,0,5,21,47,15,8,7,5,0,0,0,0,0,0,0,0
hunt,825,182529,23,False,population_zero,0,5,7,41,23,10,13,5,0,0,0,0,0,0,0,0
hunt,826,182629,17,False,population_zero,0,5,26,44,17,11,6,5,0,0,0,0,0,0,0,0
hunt,827,182729,25,False,population_zero,0,5,0,45,20,13,7,2,0,0,0,0,0,0,0,0
hunt,828,182829,32,False,population_zero,0,5,3,54,32,14,18,5,0,0,0,0,0,0,0,0
hunt,829,182929,36,False,population_zero,0,5,0,41,25,11,14,4,0,0,0,0,0,0,0,0
hunt,830,183029,15,False,population_zero,0,5,23,39,15,8,7,5,0,0,0,0,0,0,0,0
hunt,831,183129,14,False,population_zero,0,5,13,25,14,5,9,5,0,0,0,0,0,0,0,0
hunt,832,183229,14,False,population_zero,0,5,24,43,14,7,7,5,0,0,0,0,0,0,0,0
hunt,833,183329,14,False,population_zero,0,5,20,34,14,6,8,5,0,0,0,0,0,0,0,0
hunt,834,183429,15,False,population_zero,0,5,21,47,15,6,9,5,0,0,0,0,0,0,0,0
hunt,835,183529,27,False,population_zero,0,5,0,45,20,11,9,3,0,0,0,0,0,0,0,0
hunt,836,183629,22,False,population_zero,0,5,1,40,19,7,12,5,0,0,0,0,0,0,0,0
hunt,837,183729,17,False,population_zero,0,5,14,47,17,8,9,5,0,0,0,0,0,0,0,0
hunt,838,183829,28,False,population_zero,0,5,0,50,27,13,14,4,0,0,0,0,0,0,0,0
hunt,839,183929,27,False,population_zero,0,5,4,43,27,10,17,5,0,0,0,0,0,0,0,0
hunt,840,184029,15,False,population_zero,0,5,17,37,15,9,6,5,0,0,0,0,0,0,0,0
hunt,841,184129,29,False,population_zero,0,5,0,51,28,13,15,4,0,0,0,0,0,0,0,0
hunt,842,184229,15,False,population_zero,0,5,23,47,15,9,6,5,0,0,0,0,0,0,0,0
hunt,843,184329,23,False,population_zero,0,5,0,47,22,9,13,4,0,0,0,0,0,0,0,0
hunt,844,184429,17,False,population_zero,0,5,19,49,17,11,6,5,0,0,0,0,0,0,0,0
hunt,845,184529,12,False,population_zero,0,5,23,37,12,5,7,5,0,0,0,0,0,0,0,0
hunt,846,184629,17,False,population_zero,0,5,3,41,17,9,8,5,0,0,0,0,0,0,0,0
hunt,847,184729,16,False,population_zero,0,5,24,51,16,10,6,5,0,0,0,0,0,0,0,0
hunt,848,184829,17,False,population_zero,0,5,23,37,17,10,7,5,0,0,0,0,0,0,0,0
hunt,849,184929,26,False,population_zero,0,5,0,45,24,11,13,3,0,0,0,0,0,0,0,0
hunt,850,185029,19,False,population_zero,0,5,18,51,19,13,6,5,0,0,0,0,0,0,0,0
hunt,851,185129,15,False,population_zero,0,5,8,26,15,4,11,5,0,0,0,0,0,0,0,0
hunt,852,185229,16,False,population_zero,0,5,23,39,16,9,7,5,0,0,0,0,0,0,0,0
hunt,853,185329,13,False,population_zero,0,5,19,31,13,5,8,5,0,0,0,0,0,0,0,0
hunt,854,185429,11,False,population_zero,0,5,19,29,11,5,6,5,0,0,0,0,0,0,0,0
hunt,855,185529,15,False,population_zero,0,5,24,62,15,9,6,5,0,0,0,0,0,0,0,0
hunt,856,185629,17,False,population_zero,0,5,17,43,17,8,9,5,0,0,0,0,0,0,0,0
hunt,857,185729,15,False,population_zero,0,5,16,23,15,7,8,5,0,0,0,0,0,0,0,0
hunt,858,185829,11,False,population_zero,0,5,19,29,11,4,7,5,0,0,0,0,0,0,0,0
hunt,859,185929,24,False,population_zero,0,5,1,44,22,12,10,4,0,0,0,0,0,0,0,0
hunt,860,186029,17,False,population_zero,0,5,7,39,17,9,8,5,0,0,0,0,0,0,0,0
hunt,861,186129,12,False,population_zero,0,5,20,28,12,5,7,5,0,0,0,0,0,0,0,0
hunt,862,186229,19,False,population_zero,0,5,15,43,19,12,7,5,0,0,0,0,0,0,0,0
hunt,863,186329,16,False,population_zero,0,5,25,31,16,7,9,5,0,0,0,0,0,0,0,0
hunt,864,186429,28,False,population_zero,0,5,2,51,25,12,13,5,0,0,0,0,0,0,0,0
hunt,865,186529,26,False,population_zero,0,5,2,50,26,14,12,5,0,0,0,0,0,0,0,0
hunt,866,186629,28,False,population_zero,0,5,0,45,26,11,15,3,0,0,0,0,0,0,0,0
hunt,867,186729,16,False,population_zero,0,5,21,46,16,10,6,5,0,0,0,0,0,0,0,0
hunt,868,186829,27,False,population_zero,0,5,0,35,22,11,11,3,0,0,0,0,0,0,0,0
hunt,869,186929,10,False,population_zero,0,5,11,18,10,4,6,5,0,0,0,0,0,0,0,0
hunt,870,187029,12,False,population_zero,0,5,18,25,12,3,9,5,0,0,0,0,0,0,0,0
hunt,871,187129,22,False,population_zero,0,5,0,42,19,12,7,4,0,0,0,0,0,0,0,0
hunt,872,187229,14,False,population_zero,0,5,24,38,14,7,7,5,0,0,0,0,0,0,0,0
hunt,873,187329,24,False,population_zero,0,5,0,46,19,12,7,3,0,0,0,0,0,0,0,0
hunt,874,187429,12,False,population_zero,0,5,20,36,12,6,6,5,0,0,0,0,0,0,0,0
hunt,875,187529,11,False,population_zero,0,5,11,21,11,4,7,5,0,0,0,0,0,0,0,0
hunt,876,187629,15,False,population_zero,0,5,21,32,15,7,8,5,0,0,0,0,0,0,0,0
hunt,877,187729,17,False,population_zero,0,5,5,29,17,6,11,5,0,0,0,0,0,0,0,0
hunt,878,187829,15,False,population_zero,0,5,23,42,15,8,7,5,0,0,0,0,0,0,0,0
hunt,879,187929,19,False,population_zero,0,5,5,43,19,10,9,5,0,0,0,0,0,0,0,0
hunt,880,188029,17,False,population_zero,0,5,5,36,17,5,12,5,0,0,0,0,0,0,0,0
hunt,881,188129,16,False,population_zero,0,5,26,46,16,10,6,5,0,0,0,0,0,0,0,0
hunt,882,188229,14,False,population_zero,0,5,21,28,14,7,7,5,0,0,0,0,0,0,0,0
hunt,883,188329,22,False,population_zero,0,5,0,52,21,12,9,4,0,0,0,0,0,0,0,0
hunt,884,188429,13,False,population_zero,0,5,22,37,13,6,7,5,0,0,0,0,0,0,0,0
hunt,885,188529,12,False,population_zero,0,5,16,21,12,3,9,5,0,0,0,0,0,0,0,0
hunt,886,188629,17,False,population_zero,0,5,23,39,17,11,6,5,0,0,0,0,0,0,0,0
hunt,887,188729,18,False,population_zero,0,5,0,43,16,8,8,3,0,0,0,0,0,0,0,0
hunt,888,188829,23,False,population_zero,0,5,0,43,19,8,11,3,0,0,0,0,0,0,0,0
hunt,889,188929,22,False,population_zero,0,5,0,36,21,12,9,4,0,0,0,0,0,0,0,0
hunt,890,189029,15,False,population_zero,0,5,18,39,15,7,8,5,0,0,0,0,0,0,0,0
hunt,891,189129,20,False,population_zero,0,5,8,45,20,11,9,5,0,0,0,0,0,0,0,0
hunt,892,189229,26,False,population_zero,0,5,3,44,26,11,15,5,0,0,0,0,0,0,0,0
hunt,893,189329,22,False,population_zero,0,5,0,41,19,12,7,3,0,0,0,0,0,0,0,0
hunt,894,189429,17,False,population_zero,0,5,18,45,17,11,6,5,0,0,0,0,0,0,0,0
hunt,895,189529,24,False,population_zero,0,5,1,43,22,12,10,4,0,0,0,0,0,0,0,0
hunt,896,189629,22,False,population_zero,0,5,0,31,17,8,9,3,0,0,0,0,0,0,0,0
hunt,897,189729,18,False,population_zero,0,5,13,37,18,7,11,5,0,0,0,0,0,0,0,0
hunt,898,189829,28,False,population_zero,0,5,2,53,26,13,13,4,0,0,0,0,0,0,0,0
hunt,899,189929,29,False,population_zero,0,5,0,47,25,13,12,4,0,0,0,0,0,0,0,0
hunt,900,190029,18,False,population_zero,0,5,21,40,18,11,7,5,0,0,0,0,0,0,0,0
hunt,901,190129,11,False,population_zero,0,5,13,22,11,3,8,5,0,0,0,0,0,0,0,0
hunt,902,190229,25,False,population_zero,0,5,0,52,20,13,7,2,0,0,0,0,0,0,0,0
hunt,903,190329,23,False,population_zero,0,5,1,51,20,13,7,4,0,0,0,0,0,0,0,0
hunt,904,190429,13,False,population_zero,0,5,21,33,13,6,7,5,0,0,0,0,0,0,0,0
hunt,905,190529,33,False,population_zero,0,5,1,38,26,12,14,4,0,0,0,0,0,0,0,0
hunt,906,190629,10,False,population_zero,0,5,19,34,10,4,6,5,0,0,0,0,0,0,0,0
hunt,907,190729,14,False,population_zero,0,5,23,43,14,7,7,5,0,0,0,0,0,0,0,0
hunt,908,190829,19,False,population_zero,0,5,8,49,19,11,8,5,0,0,0,0,0,0,0,0
hunt,909,190929,19,False,population_zero,0,5,18,44,19,12,7,5,0,0,0,0,0,0,0,0
hunt,910,191029,14,False,population_zero,0,5,26,45,14,8,6,5,0,0,0,0,0,0,0,0
hunt,911,191129,17,False,population_zero,0,5,13,51,17,10,7,5,0,0,0,0,0,0,0,0
hunt,912,191229,16,False,population_zero,0,5,24,38,16,6,10,5,0,0,0,0,0,0,0,0
hunt,913,191329,19,False,population_zero,0,5,3,44,19,10,9,5,0,0,0,0,0,0,0,0
hunt,914,191429,13,False,population_zero,0,5,23,37,13,7,6,5,0,0,0,0,0,0,0,0
hunt,915,191529,22,False,population_zero,0,5,0,34,19,8,11,2,0,0,0,0,0,0,0,0
hunt,916,191629,13,False,population_zero,0,5,22,30,13,5,8,5,0,0,0,0,0,0,0,0
hunt,917,191729,22,False,population_zero,0,5,11,46,22,13,9,5,0,0,0,0,0,0,0,0
hunt,918,191829,13,False,population_zero,0,5,23,36,13,8,5,5,0,0,0,0,0,0,0,0
hunt,919,191929,15,False,population_zero,0,5,19,34,15,4,11,5,0,0,0,0,0,0,0,0
hunt,920,192029,14,False,population_zero,0,5,22,23,13,5,8,5,0,0,0,0,0,0,0,0
hunt,921,192129,9,False,population_zero,0,5,19,33,9,3,6,5,0,0,0,0,0,0,0,0
hunt,922,192229,15,False,population_zero,0,5,13,43,15,9,6,5,0,0,0,0,0,0,0,0
hunt,923,192329,22,False,population_zero,0,5,6,46,22,11,11,5,0,0,0,0,0,0,0,0
hunt,924,192429,12,False,population_zero,0,5,11,24,12,3,9,5,0,0,0,0,0,0,0,0
hunt,925,192529,18,False,population_zero,0,5,14,44,18,10,8,5,0,0,0,0,0,0,0,0
hunt,926,192629,23,False,population_zero,0,5,13,43,23,9,14,5,0,0,0,0,0,0,0,0
hunt,927,192729,16,False,population_zero,0,5,22,42,16,7,9,5,0,0,0,0,0,0,0,0
hunt,928,192829,30,False,population_zero,0,5,0,47,22,11,11,3,0,0,0,0,0,0,0,0
hunt,929,192929,9,False,population_zero,0,5,23,29,9,4,5,5,0,0,0,0,0,0,0,0
hunt,930,193029,14,False,population_zero,0,5,16,25,14,5,9,5,0,0,0,0,0,0,0,0
hunt,931,193129,22,False,population_zero,0,5,0,53,21,12,9,4,0,0,0,0,0,0,0,0
hunt,932,193229,24,False,population_zero,0,5,0,48,23,12,11,4,0,0,0,0,0,0,0,0
hunt,933,193329,17,False,population_zero,0,5,6,38,17,9,8,5,0,0,0,0,0,0,0,0
hunt,934,193429,8,False,population_zero,0,5,6,9,8,2,6,5,0,0,0,0,0,0,0,0
hunt,935,193529,21,False,population_zero,0,5,0,45,18,12,6,3,0,0,0,0,0,0,0,0
hunt,936,193629,11,False,population_zero,0,5,24,34,11,6,5,5,0,0,0,0,0,0,0,0
hunt,937,193729,18,False,population_zero,0,5,2,55,18,10,8,5,0,0,0,0,0,0,0,0
hunt,938,193829,11,False,population_zero,0,5,20,34,11,5,6,5,0,0,0,0,0,0,0,0
hunt,939,193929,23,False,population_zero,0,5,14,52,23,12,11,5,0,0,0,0,0,0,0,0
hunt,940,194029,14,False,population_zero,0,5,23,55,14,7,7,5,0,0,0,0,0,0,0,0
hunt,941,194129,17,False,population_zero,0,5,8,41,17,10,7,5,0,0,0,0,0,0,0,0
hunt,942,194229,12,False,population_zero,0,5,20,36,12,5,7,5,0,0,0,0,0,0,0,0
hunt,943,194329,31,False,population_zero,0,5,0,42,25,10,15,4,0,0,0,0,0,0,0,0
hunt,944,194429,20,False,population_zero,0,5,0,46,18,12,6,4,0,0,0,0,0,0,0,0
hunt,945,194529,16,False,population_zero,0,5,14,56,16,9,7,5,0,0,0,0,0,0,0,0
hunt,946,194629,24,False,population_zero,0,5,0,44,22,12,10,4,0,0,0,0,0,0,0,0
hunt,947,194729,24,False,population_zero,0,5,0,47,23,9,14,4,0,0,0,0,0,0,0,0
hunt,948,194829,13,False,population_zero,0,5,29,51,13,8,5,5,0,0,0,0,0,0,0,0
hunt,949,194929,18,False,population_zero,0,5,10,30,18,7,11,5,0,0,0,0,0,0,0,0
hunt,950,195029,18,False,population_zero,0,5,4,42,18,7,11,5,0,0,0,0,0,0,0,0
hunt,951,195129,16,False,population_zero,0,5,3,25,16,2,14,5,0,0,0,0,0,0,0,0
hunt,952,195229,20,False,population_zero,0,5,10,44,20,12,8,5,0,0,0,0,0,0,0,0
hunt,953,195329,16,False,population_zero,0,5,11,53,16,10,6,5,0,0,0,0,0,0,0,0
hunt,954,195429,19,False,population_zero,0,5,10,44,19,12,7,5,0,0,0,0,0,0,0,0
hunt,955,195529,12,False,population_zero,0,5,21,38,12,6,6,5,0,0,0,0,0,0,0,0
hunt,956,195629,15,False,population_zero,0,5,23,40,15,8,7,5,0,0,0,0,0,0,0,0
hunt,957,195729,19,False,population_zero,0,5,15,45,19,9,10,5,0,0,0,0,0,0,0,0
hunt,958,195829,9,False,population_zero,0,5,0,9,7,2,5,4,0,0,0,0,0,0,0,0
hunt,959,195929,16,False,population_zero,0,5,22,44,16,8,8,5,0,0,0,0,0,0,0,0
hunt,960,196029,15,False,population_zero,0,5,28,45,15,10,5,5,0,0,0,0,0,0,0,0
hunt,961,196129,19,False,population_zero,0,5,6,57,19,9,10,5,0,0,0,0,0,0,0,0
hunt,962,196229,15,False,population_zero,0,5,28,43,15,10,5,5,0,0,0,0,0,0,0,0
hunt,963,196329,22,False,population_zero,0,5,0,51,21,10,11,4,0,0,0,0,0,0,0,0
hunt,964,196429,15,False,population_zero,0,5,23,52,15,9,6,5,0,0,0,0,0,0,0,0
hunt,965,196529,14,False,population_zero,0,5,24,36,14,8,6,5,0,0,0,0,0,0,0,0
hunt,966,196629,22,False,population_zero,0,5,14,43,22,12,10,5,0,0,0,0,0,0,0,0
hunt,967,196729,18,False,population_zero,0,5,22,46,18,11,7,5,0,0,0,0,0,0,0,0
hunt,968,196829,27,False,population_zero,0,5,18,47,27,12,15,5,0,0,0,0,0,0,0,0
hunt,969,196929,13,False,population_zero,0,5,19,26,13,3,10,5,0,0,0,0,0,0,0,0
hunt,970,197029,16,False,population_zero,0,5,25,51,16,10,6,5,0,0,0,0,0,0,0,0
hunt,971,197129,15,False,population_zero,0,5,16,31,15,5,10,5,0,0,0,0,0,0,0,0
hunt,972,197229,23,False,population_zero,0,5,11,51,23,14,9,5,0,0,0,0,0,0,0,0
hunt,973,197329,23,False,population_zero,0,5,6,44,23,12,11,5,0,0,0,0,0,0,0,0
hunt,974,197429,22,False,population_zero,0,5,13,47,22,13,9,5,0,0,0,0,0,0,0,0
hunt,975,197529,21,False,population_zero,0,5,22,49,21,12,9,5,0,0,0,0,0,0,0,0
hunt,976,197629,15,False,population_zero,0,5,22,46,15,8,7,5,0,0,0,0,0,0,0,0
hunt,977,197729,19,False,population_zero,0,5,22,50,19,10,9,5,0,0,0,0,0,0,0,0
hunt,978,197829,17,False,population_zero,0,5,19,34,17,9,8,5,0,0,0,0,0,0,0,0
hunt,979,197929,30,False,population_zero,0,5,5,60,30,13,17,5,0,0,0,0,0,0,0,0
hunt,980,198029,19,False,population_zero,0,5,23,40,19,12,7,5,0,0,0,0,0,0,0,0
hunt,981,198129,24,False,population_zero,0,5,0,38,22,12,10,4,0,0,0,0,0,0,0,0
hunt,982,198229,19,False,population_zero,0,5,3,38,19,11,8,5,0,0,0,0,0,0,0,0
hunt,983,198329,15,False,population_zero,0,5,15,23,15,5,10,5,0,0,0,0,0,0,0,0
hunt,984,198429,22,False,population_zero,0,5,0,28,19,8,11,3,0,0,0,0,0,0,0,0
hunt,985,198529,18,False,population_zero,0,5,13,36,18,4,14,5,0,0,0,0,0,0,0,0
hunt,986,198629,15,False,population_zero,0,5,24,40,15,8,7,5,0,0,0,0,0,0,0,0
hunt,987,198729,26,False,population_zero,0,5,0,52,22,13,9,2,0,0,0,0,0,0,0,0
hunt,988,198829,22,False,population_zero,0,5,21,54,22,13,9,5,0,0,0,0,0,0,0,0
hunt,989,198929,21,False,population_zero,0,5,16,40,21,12,9,5,0,0,0,0,0,0,0,0
hunt,990,199029,14,False,population_zero,0,5,10,13,13,5,8,5,0,0,0,0,0,0,0,0
hunt,991,199129,13,False,population_zero,0,5,24,45,13,7,6,5,0,0,0,0,0,0,0,0
hunt,992,199229,18,False,population_zero,0,5,12,42,18,8,10,5,0,0,0,0,0,0,0,0
hunt,993,199329,20,False,population_zero,0,5,19,47,20,8,12,5,0,0,0,0,0,0,0,0
hunt,994,199429,29,False,population_zero,0,5,0,56,25,13,12,3,0,0,0,0,0,0,0,0
hunt,995,199529,22,False,population_zero,0,5,1,45,19,8,11,4,0,0,0,0,0,0,0,0
hunt,996,199629,9,False,population_zero,0,5,25,29,9,3,6,5,0,0,0,0,0,0,0,0
hunt,997,199729,17,False,population_zero,0,5,19,55,17,10,7,5,0,0,0,0,0,0,0,0
hunt,998,199829,20,False,population_zero,0,5,24,52,20,12,8,5,0,0,0,0,0,0,0,0
hunt,999,199929,25,False,population_zero,0,5,0,52,20,12,8,4,0,0,0,0,0,0,0,0
hunt,1000,200029,13,False,population_zero,0,5,18,31,13,4,9,5,0,0,0,0,0,0,0,0
kinship,1,100154,4,False,other,5,6,0,7,0,0,0,0,0,0,5,2,0,0,0,0
kinship,2,100254,4,False,other,5,6,0,7,0,0,0,0,0,0,5,2,0,0,0,0
kinship,3,100354,4,False,other,5,6,0,7,0,0,0,0,0,0,5,2,0,0,0,0
kinship,4,100454,4,False,other,5,6,0,7,0,0,0,0,0,0,5,2,0,0,0,0
kinship,5,100554,5,False,other,3,5,0,7,0,0,0,0,0,0,4,2,0,0,0,0
kinship,6,100654,4,False,other,5,6,0,7,0,0,0,0,0,0,5,2,0,0,0,0
kinship,7,100754,4,False,other,5,6,0,7,0,0,0,0,0,0,5,2,0,0,0,0
kinship,8,100854,5,False,other,3,5,0,7,0,0,0,0,0,0,4,2,0,0,0,0
kinship,9,100954,5,False,other,3,5,0,7,0,0,0,0,0,0,4,2,0,0,0,0
kinship,10,101054,5,False,other,3,5,0,7,0,0,0,0,0,0,4,2,0,0,0,0
kinship,11,101154,5,False,other,3,5,0,7,0,0,0,0,0,0,4,2,0,0,0,0
kinship,12,101254,4,False,other,5,6,0,7,0,0,0,0,0,0,5,2,0,0,0,0
kinship,13,101354,5,False,other,3,5,0,7,0,0,0,0,0,0,4,2,0,0,0,0
kinship,14,101454,4,False,other,5,6,0,7,0,0,0,0,0,0,5,2,0,0,0,0
kinship,15,101554,4,False,other,5,6,0,7,0,0,0,0,0,0,5,2,0,0,0,0
kinship,16,101654,4,False,other,5,6,0,7,0,0,0,0,0,0,5,2,0,0,0,0
kinship,17,101754,5,False,other,3,5,0,7,0,0,0,0,0,0,4,2,0,0,0,0
kinship,18,101854,4,False,other,5,6,0,7,0,0,0,0,0,0,5,2,0,0,0,0
kinship,19,101954,5,False,other,5,7,0,7,0,0,0,0,0,0,5,2,0,0,0,0
kinship,20,102054,5,False,other,3,5,0,7,0,0,0,0,0,0,4,2,0,0,0,0
kinship,21,102154,5,False,other,3,5,0,7,0,0,0,0,0,0,4,2,0,0,0,0
kinship,22,102254,5,False,other,3,5,0,7,0,0,0,0,0,0,4,2,0,0,0,0
kinship,23,102354,5,False,other,3,5,0,7,0,0,0,0,0,0,4,2,0,0,0,0
kinship,24,102454,5,False,other,3,5,0,7,0,0,0,0,0,0,4,2,0,0,0,0
kinship,25,102554,5,False,other,3,5,0,7,0,0,0,0,0,0,4,2,0,0,0,0
kinship,26,102654,4,False,other,5,6,0,7,0,0,0,0,0,0,5,2,0,0,0,0
kinship,27,102754,4,False,other,5,6,0,7,0,0,0,0,0,0,5,2,0,0,0,0
kinship,28,102854,4,False,other,5,6,0,7,0,0,0,0,0,0,5,2,0,0,0,0
kinship,29,102954,4,False,other,5,6,0,7,0,0,0,0,0,0,5,2,0,0,0,0
kinship,30,103054,4,False,other,5,6,0,7,0,0,0,0,0,0,5,2,0,0,0,0
kinship,31,103154,5,False,other,3,5,0,7,0,0,0,0,0,0,4,2,0,0,0,0
kinship,32,103254,4,False,other,5,6,0,7,0,0,0,0,0,0,5,2,0,0,0,0
kinship,33,103354,4,False,other,5,6,0,7,0,0,0,0,0,0,5,2,0,0,0,0
kinship,34,103454,4,False,other,5,6,0,7,0,0,0,0,0,0,5,2,0,0,0,0
kinship,35,103554,4,False,other,5,6,0,7,0,0,0,0,0,0,5,2,0,0,0,0
kinship,36,103654,5,False,other,3,5,0,7,0,0,0,0,0,0,4,2,0,0,0,0
kinship,37,103754,4,False,other,5,6,0,7,0,0,0,0,0,0,5,2,0,0,0,0
kinship,38,103854,4,False,other,5,6,0,7,0,0,0,0,0,0,5,2,0,0,0,0
kinship,39,103954,5,False,other,3,5,0,7,0,0,0,0,0,0,4,2,0,0,0,0
kinship,40,104054,5,False,other,5,7,0,7,0,0,0,0,0,0,5,2,0,0,0,0
kinship,41,104154,4,False,other,5,6,0,7,0,0,0,0,0,0,5,2,0,0,0,0
kinship,42,104254,5,False,other,3,5,0,7,0,0,0,0,0,0,4,2,0,0,0,0
kinship,43,104354,4,False,other,5,6,0,7,0,0,0,0,0,0,5,2,0,0,0,0
kinship,44,104454,4,False,other,5,6,0,7,0,0,0,0,0,0,5,2,0,0,0,0
kinship,45,104554,4,False,other,5,6,0,7,0,0,0,0,0,0,5,2,0,0,0,0
kinship,46,104654,4,False,other,5,6,0,7,0,0,0,0,0,0,5,2,0,0,0,0
kinship,47,104754,4,False,other,5,6,0,7,0,0,0,0,0,0,5,2,0,0,0,0
kinship,48,104854,4,False,other,5,6,0,7,0,0,0,0,0,0,5,2,0,0,0,0
kinship,49,104954,4,False,other,5,6,0,7,0,0,0,0,0,0,5,2,0,0,0,0
kinship,50,105054,5,False,other,3,5,0,7,0,0,0,0,0,0,4,2,0,0,0,0
kinship,51,105154,5,False,other,3,5,0,7,0,0,0,0,0,0,4,2,0,0,0,0
kinship,52,105254,4,False,other,5,6,0,7,0,0,0,0,0,0,5,2,0,0,0,0
kinship,53,105354,5,False,other,5,7,0,7,0,0,0,0,0,0,5,2,0,0,0,0
kinship,54,105454,5,False,other,3,5,0,7,0,0,0,0,0,0,4,2,0,0,0,0
kinship,55,105554,5,False,other,3,5,0,7,0,0,0,0,0,0,4,2,0,0,0,0
kinship,56,105654,5,False,other,3,5,0,7,0,0,0,0,0,0,4,2,0,0,0,0
kinship,57,105754,5,False,other,3,5,0,7,0,0,0,0,0,0,4,2,0,0,0,0
kinship,58,105854,4,False,other,5,6,0,7,0,0,0,0,0,0,5,2,0,0,0,0
kinship,59,105954,4,False,other,5,6,0,7,0,0,0,0,0,0,5,2,0,0,0,0
kinship,60,106054,5,False,other,3,5,0,7,0,0,0,0,0,0,4,2,0,0,0,0
kinship,61,106154,4,False,other,5,6,0,7,0,0,0,0,0,0,5,2,0,0,0,0
kinship,62,106254,5,False,other,3,5,0,7,0,0,0,0,0,0,4,2,0,0,0,0
kinship,63,106354,5,False,other,3,5,0,7,0,0,0,0,0,0,4,2,0,0,0,0
kinship,64,106454,5,False,other,3,5,0,7,0,0,0,0,0,0,4,2,0,0,0,0
kinship,65,106554,4,False,other,5,6,0,7,0,0,0,0,0,0,5,2,0,0,0,0
kinship,66,106654,4,False,other,5,6,0,7,0,0,0,0,0,0,5,2,0,0,0,0
kinship,67,106754,4,False,other,5,6,0,7,0,0,0,0,0,0,5,2,0,0,0,0
kinship,68,106854,5,False,other,3,5,0,7,0,0,0,0,0,0,4,2,0,0,0,0
kinship,69,106954,4,False,other,5,6,0,7,0,0,0,0,0,0,5,2,0,0,0,0
kinship,70,107054,5,False,other,3,5,0,7,0,0,0,0,0,0,4,2,0,0,0,0
kinship,71,107154,5,False,other,3,5,0,7,0,0,0,0,0,0,4,2,0,0,0,0
kinship,72,107254,4,False,other,5,6,0,7,0,0,0,0,0,0,5,2,0,0,0,0
kinship,73,107354,4,False,other,5,6,0,7,0,0,0,0,0,0,5,2,0,0,0,0
kinship,74,107454,5,False,other,3,5,0,7,0,0,0,0,0,0,4,2,0,0,0,0
kinship,75,107554,4,False,other,5,6,0,7,0,0,0,0,0,0,5,2,0,0,0,0
kinship,76,107654,4,False,other,5,6,0,7,0,0,0,0,0,0,5,2,0,0,0,0
kinship,77,107754,5,False,other,3,5,0,7,0,0,0,0,0,0,4,2,0,0,0,0
kinship,78,107854,4,False,other,5,6,0,7,0,0,0,0,0,0,5,2,0,0,0,0
kinship,79,107954,4,False,other,5,6,0,7,0,0,0,0,0,0,5,2,0,0,0,0
kinship,80,108054,4,False,other,5,6,0,7,0,0,0,0,0,0,5,2,0,0,0,0
kinship,81,108154,4,False,other,5,6,0,7,0,0,0,0,0,0,5,2,0,0,0,0
kinship,82,108254,5,False,other,3,5,0,7,0,0,0,0,0,0,4,2,0,0,0,0
kinship,83,108354,5,False,other,3,5,0,7,0,0,0,0,0,0,4,2,0,0,0,0
kinship,84,108454,5,False,other,3,5,0,7,0,0,0,0,0,0,4,2,0,0,0,0
kinship,85,108554,5,False,other,3,5,0,7,0,0,0,0,0,0,4,2,0,0,0,0
kinship,86,108654,4,False,other,5,6,0,7,0,0,0,0,0,0,5,2,0,0,0,0
kinship,87,108754,4,False,other,5,6,0,7,0,0,0,0,0,0,5,2,0,0,0,0
kinship,88,108854,4,False,other,5,6,0,7,0,0,0,0,0,0,5,2,0,0,0,0
kinship,89,108954,5,False,other,3,5,0,7,0,0,0,0,0,0,4,2,0,0,0,0
kinship,90,109054,4,False,other,5,6,0,7,0,0,0,0,0,0,5,2,0,0,0,0
kinship,91,109154,5,False,other,3,5,0,7,0,0,0,0,0,0,4,2,0,0,0,0
kinship,92,109254,4,False,other,5,6,0,7,0,0,0,0,0,0,5,2,0,0,0,0
kinship,93,109354,4,False,other,5,6,0,7,0,0,0,0,0,0,5,2,0,0,0,0
kinship,94,109454,5,False,other,3,5,0,7,0,0,0,0,0,0,4,2,0,0,0,0
kinship,95,109554,4,False,other,5,6,0,7,0,0,0,0,0,0,5,2,0,0,0,0
kinship,96,109654,5,False,other,3,5,0,7,0,0,0,0,0,0,4,2,0,0,0,0
kinship,97,109754,4,False,other,5,6,0,7,0,0,0,0,0,0,5,2,0,0,0,0
kinship,98,109854,4,False,other,5,6,0,7,0,0,0,0,0,0,5,2,0,0,0,0
kinship,99,109954,4,False,other,5,6,0,7,0,0,0,0,0,0,5,2,0,0,0,0
kinship,100,110054,4,False,other,5,6,0,7,0,0,0,0,0,0,5,2,0,0,0,0
kinship,101,110154,4,False,other,5,6,0,7,0,0,0,0,0,0,5,2,0,0,0,0
kinship,102,110254,4,False,other,5,6,0,7,0,0,0,0,0,0,5,2,0,0,0,0
kinship,103,110354,4,False,other,5,6,0,7,0,0,0,0,0,0,5,2,0,0,0,0
kinship,104,110454,4,False,other,5,6,0,7,0,0,0,0,0,0,5,2,0,0,0,0
kinship,105,110554,5,False,other,3,5,0,7,0,0,0,0,0,0,4,2,0,0,0,0
kinship,106,110654,5,False,other,3,5,0,7,0,0,0,0,0,0,4,2,0,0,0,0
kinship,107,110754,4,False,other,5,6,0,7,0,0,0,0,0,0,5,2,0,0,0,0
kinship,108,110854,4,False,other,5,6,0,7,0,0,0,0,0,0,5,2,0,0,0,0
kinship,109,110954,4,False,other,5,6,0,7,0,0,0,0,0,0,5,2,0,0,0,0
kinship,110,111054,4,False,other,5,6,0,7,0,0,0,0,0,0,5,2,0,0,0,0
kinship,111,111154,4,False,other,5,6,0,7,0,0,0,0,0,0,5,2,0,0,0,0
kinship,112,111254,4,False,other,5,6,0,7,0,0,0,0,0,0,5,2,0,0,0,0
kinship,113,111354,5,False,other,3,5,0,7,0,0,0,0,0,0,4,2,0,0,0,0
kinship,114,111454,4,False,other,5,6,0,7,0,0,0,0,0,0,5,2,0,0,0,0
kinship,115,111554,4,False,other,5,6,0,7,0,0,0,0,0,0,5,2,0,0,0,0
kinship,116,111654,4,False,other,5,6,0,7,0,0,0,0,0,0,5,2,0,0,0,0
kinship,117,111754,4,False,other,5,6,0,7,0,0,0,0,0,0,5,2,0,0,0,0
kinship,118,111854,5,False,other,5,7,0,7,0,0,0,0,0,0,5,2,0,0,0,0
kinship,119,111954,5,False,other,3,5,0,7,0,0,0,0,0,0,4,2,0,0,0,0
kinship,120,112054,5,False,other,3,5,0,7,0,0,0,0,0,0,4,2,0,0,0,0
kinship,121,112154,4,False,other,5,6,0,7,0,0,0,0,0,0,5,2,0,0,0,0
kinship,122,112254,5,False,other,3,5,0,7,0,0,0,0,0,0,4,2,0,0,0,0
kinship,123,112354,5,False,other,3,5,0,7,0,0,0,0,0,0,4,2,0,0,0,0
kinship,124,112454,4,False,other,5,6,0,7,0,0,0,0,0,0,5,2,0,0,0,0
kinship,125,112554,4,False,other,5,6,0,7,0,0,0,0,0,0,5,2,0,0,0,0
kinship,126,112654,4,False,other,5,6,0,7,0,0,0,0,0,0,5,2,0,0,0,0
kinship,127,112754,4,False,other,5,6,0,7,0,0,0,0,0,0,5,2,0,0,0,0
kinship,128,112854,4,False,other,5,6,0,7,0,0,0,0,0,0,5,2,0,0,0,0
kinship,129,112954,5,False,other,3,5,0,7,0,0,0,0,0,0,4,2,0,0,0,0
kinship,130,113054,4,False,other,5,6,0,7,0,0,0,0,0,0,5,2,0,0,0,0
kinship,131,113154,5,False,other,3,5,0,7,0,0,0,0,0,0,4,2,0,0,0,0
kinship,132,113254,5,False,other,3,5,0,7,0,0,0,0,0,0,4,2,0,0,0,0
kinship,133,113354,5,False,other,3,5,0,7,0,0,0,0,0,0,4,2,0,0,0,0
kinship,134,113454,4,False,other,5,6,0,7,0,0,0,0,0,0,5,2,0,0,0,0
kinship,135,113554,5,False,other,5,7,0,7,0,0,0,0,0,0,5,2,0,0,0,0
kinship,136,113654,4,False,other,5,6,0,7,0,0,0,0,0,0,5,2,0,0,0,0
kinship,137,113754,4,False,other,5,6,0,7,0,0,0,0,0,0,5,2,0,0,0,0
kinship,138,113854,4,False,other,5,6,0,7,0,0,0,0,0,0,5,2,0,0,0,0
kinship,139,113954,4,False,other,5,6,0,7,0,0,0,0,0,0,5,2,0,0,0,0
kinship,140,114054,4,False,other,5,6,0,7,0,0,0,0,0,0,5,2,0,0,0,0
kinship,141,114154,5,False,other,3,5,0,7,0,0,0,0,0,0,4,2,0,0,0,0
kinship,142,114254,4,False,other,5,6,0,7,0,0,0,0,0,0,5,2,0,0,0,0
kinship,143,114354,4,False,other,5,6,0,7,0,0,0,0,0,0,5,2,0,0,0,0
kinship,144,114454,5,False,other,5,7,0,7,0,0,0,0,0,0,5,2,0,0,0,0
kinship,145,114554,4,False,other,5,6,0,7,0,0,0,0,0,0,5,2,0,0,0,0
kinship,146,114654,4,False,other,5,6,0,7,0,0,0,0,0,0,5,2,0,0,0,0
kinship,147,114754,4,False,other,5,6,0,7,0,0,0,0,0,0,5,2,0,0,0,0
kinship,148,114854,5,False,other,3,5,0,7,0,0,0,0,0,0,4,2,0,0,0,0
kinship,149,114954,4,False,other,5,6,0,7,0,0,0,0,0,0,5,2,0,0,0,0
kinship,150,115054,4,False,other,5,6,0,7,0,0,0,0,0,0,5,2,0,0,0,0
kinship,151,115154,4,False,other,5,6,0,7,0,0,0,0,0,0,5,2,0,0,0,0
kinship,152,115254,4,False,other,5,6,0,7,0,0,0,0,0,0,5,2,0,0,0,0
kinship,153,115354,4,False,other,5,6,0,7,0,0,0,0,0,0,5,2,0,0,0,0
kinship,154,115454,4,False,other,5,6,0,7,0,0,0,0,0,0,5,2,0,0,0,0
kinship,155,115554,5,False,other,3,5,0,7,0,0,0,0,0,0,4,2,0,0,0,0
kinship,156,115654,4,False,other,5,6,0,7,0,0,0,0,0,0,5,2,0,0,0,0
kinship,157,115754,5,False,other,3,5,0,7,0,0,0,0,0,0,4,2,0,0,0,0
kinship,158,115854,4,False,other,5,6,0,7,0,0,0,0,0,0,5,2,0,0,0,0
kinship,159,115954,5,False,other,3,5,0,7,0,0,0,0,0,0,4,2,0,0,0,0
kinship,160,116054,4,False,other,5,6,0,7,0,0,0,0,0,0,5,2,0,0,0,0
kinship,161,116154,4,False,other,5,6,0,7,0,0,0,0,0,0,5,2,0,0,0,0
kinship,162,116254,4,False,other,5,6,0,7,0,0,0,0,0,0,5,2,0,0,0,0
kinship,163,116354,5,False,other,3,5,0,7,0,0,0,0,0,0,4,2,0,0,0,0
kinship,164,116454,4,False,other,5,6,0,7,0,0,0,0,0,0,5,2,0,0,0,0
kinship,165,116554,4,False,other,5,6,0,7,0,0,0,0,0,0,5,2,0,0,0,0
kinship,166,116654,4,False,other,5,6,0,7,0,0,0,0,0,0,5,2,0,0,0,0
kinship,167,116754,4,False,other,5,6,0,7,0,0,0,0,0,0,5,2,0,0,0,0
kinship,168,116854,4,False,other,5,6,0,7,0,0,0,0,0,0,5,2,0,0,0,0
kinship,169,116954,5,False,other,3,5,0,7,0,0,0,0,0,0,4,2,0,0,0,0
kinship,170,117054,5,False,other,3,5,0,7,0,0,0,0,0,0,4,2,0,0,0,0
kinship,171,117154,4,False,other,5,6,0,7,0,0,0,0,0,0,5,2,0,0,0,0
kinship,172,117254,4,False,other,5,6,0,7,0,0,0,0,0,0,5,2,0,0,0,0
kinship,173,117354,5,False,other,3,5,0,7,0,0,0,0,0,0,4,2,0,0,0,0
kinship,174,117454,5,False,other,3,5,0,7,0,0,0,0,0,0,4,2,0,0,0,0
kinship,175,117554,4,False,other,5,6,0,7,0,0,0,0,0,0,5,2,0,0,0,0
kinship,176,117654,4,False,other,5,6,0,7,0,0,0,0,0,0,5,2,0,0,0,0
kinship,177,117754,4,False,other,5,6,0,7,0,0,0,0,0,0,5,2,0,0,0,0
kinship,178,117854,5,False,other,3,5,0,7,0,0,0,0,0,0,4,2,0,0,0,0
kinship,179,117954,5,False,other,3,5,0,7,0,0,0,0,0,0,4,2,0,0,0,0
kinship,180,118054,4,False,other,5,6,0,7,0,0,0,0,0,0,5,2,0,0,0,0
kinship,181,118154,5,False,other,3,5,0,7,0,0,0,0,0,0,4,2,0,0,0,0
kinship,182,118254,5,False,other,3,5,0,7,0,0,0,0,0,0,4,2,0,0,0,0
kinship,183,118354,5,False,other,3,5,0,7,0,0,0,0,0,0,4,2,0,0,0,0
kinship,184,118454,4,False,other,5,6,0,7,0,0,0,0,0,0,5,2,0,0,0,0
kinship,185,118554,4,False,other,5,6,0,7,0,0,0,0,0,0,5,2,0,0,0,0
kinship,186,118654,5,False,other,3,5,0,7,0,0,0,0,0,0,4,2,0,0,0,0
kinship,187,118754,4,False,other,5,6,0,7,0,0,0,0,0,0,5,2,0,0,0,0
kinship,188,118854,5,False,other,3,5,0,7,0,0,0,0,0,0,4,2,0,0,0,0
kinship,189,118954,5,False,other,3,5,0,7,0,0,0,0,0,0,4,2,0,0,0,0
kinship,190,119054,4,False,other,5,6,0,7,0,0,0,0,0,0,5,2,0,0,0,0
kinship,191,119154,4,False,other,5,6,0,7,0,0,0,0,0,0,5,2,0,0,0,0
kinship,192,119254,4,False,other,5,6,0,7,0,0,0,0,0,0,5,2,0,0,0,0
kinship,193,119354,4,False,other,5,6,0,7,0,0,0,0,0,0,5,2,0,0,0,0
kinship,194,119454,4,False,other,5,6,0,7,0,0,0,0,0,0,5,2,0,0,0,0
kinship,195,119554,4,False,other,5,6,0,7,0,0,0,0,0,0,5,2,0,0,0,0
kinship,196,119654,4,False,other,5,6,0,7,0,0,0,0,0,0,5,2,0,0,0,0
kinship,197,119754,5,False,other,3,5,0,7,0,0,0,0,0,0,4,2,0,0,0,0
kinship,198,119854,4,False,other,5,6,0,7,0,0,0,0,0,0,5,2,0,0,0,0
kinship,199,119954,4,False,other,5,6,0,7,0,0,0,0,0,0,5,2,0,0,0,0
kinship,200,120054,5,False,other,3,5,0,7,0,0,0,0,0,0,4,2,0,0,0,0
kinship,201,120154,4,False,other,5,6,0,7,0,0,0,0,0,0,5,2,0,0,0,0
kinship,202,120254,4,False,other,5,6,0,7,0,0,0,0,0,0,5,2,0,0,0,0
kinship,203,120354,4,False,other,5,6,0,7,0,0,0,0,0,0,5,2,0,0,0,0
kinship,204,120454,5,False,other,3,5,0,7,0,0,0,0,0,0,4,2,0,0,0,0
kinship,205,120554,4,False,other,5,6,0,7,0,0,0,0,0,0,5,2,0,0,0,0
kinship,206,120654,4,False,other,5,6,0,7,0,0,0,0,0,0,5,2,0,0,0,0
kinship,207,120754,5,False,other,3,5,0,7,0,0,0,0,0,0,4,2,0,0,0,0
kinship,208,120854,4,False,other,5,6,0,7,0,0,0,0,0,0,5,2,0,0,0,0
kinship,209,120954,4,False,other,5,6,0,7,0,0,0,0,0,0,5,2,0,0,0,0
kinship,210,121054,5,False,other,3,5,0,7,0,0,0,0,0,0,4,2,0,0,0,0
kinship,211,121154,4,False,other,5,6,0,7,0,0,0,0,0,0,5,2,0,0,0,0
kinship,212,121254,5,False,other,3,5,0,7,0,0,0,0,0,0,4,2,0,0,0,0
kinship,213,121354,4,False,other,5,6,0,7,0,0,0,0,0,0,5,2,0,0,0,0
kinship,214,121454,4,False,other,5,6,0,7,0,0,0,0,0,0,5,2,0,0,0,0
kinship,215,121554,5,False,other,3,5,0,7,0,0,0,0,0,0,4,2,0,0,0,0
kinship,216,121654,4,False,other,5,6,0,7,0,0,0,0,0,0,5,2,0,0,0,0
kinship,217,121754,4,False,other,5,6,0,7,0,0,0,0,0,0,5,2,0,0,0,0
kinship,218,121854,4,False,other,5,6,0,7,0,0,0,0,0,0,5,2,0,0,0,0
kinship,219,121954,4,False,other,5,6,0,7,0,0,0,0,0,0,5,2,0,0,0,0
kinship,220,122054,5,False,other,3,5,0,7,0,0,0,0,0,0,4,2,0,0,0,0
kinship,221,122154,4,False,other,5,6,0,7,0,0,0,0,0,0,5,2,0,0,0,0
kinship,222,122254,4,False,other,5,6,0,7,0,0,0,0,0,0,5,2,0,0,0,0
kinship,223,122354,5,False,other,3,5,0,7,0,0,0,0,0,0,4,2,0,0,0,0
kinship,224,122454,4,False,other,5,6,0,7,0,0,0,0,0,0,5,2,0,0,0,0
kinship,225,122554,4,False,other,5,6,0,7,0,0,0,0,0,0,5,2,0,0,0,0
kinship,226,122654,5,False,other,3,5,0,7,0,0,0,0,0,0,4,2,0,0,0,0
kinship,227,122754,5,False,other,3,5,0,7,0,0,0,0,0,0,4,2,0,0,0,0
kinship,228,122854,4,False,other,5,6,0,7,0,0,0,0,0,0,5,2,0,0,0,0
kinship,229,122954,5,False,other,3,5,0,7,0,0,0,0,0,0,4,2,0,0,0,0
kinship,230,123054,4,False,other,5,6,0,7,0,0,0,0,0,0,5,2,0,0,0,0
kinship,231,123154,4,False,other,5,6,0,7,0,0,0,0,0,0,5,2,0,0,0,0
kinship,232,123254,4,False,other,5,6,0,7,0,0,0,0,0,0,5,2,0,0,0,0
kinship,233,123354,4,False,other,5,6,0,7,0,0,0,0,0,0,5,2,0,0,0,0
kinship,234,123454,4,False,other,5,6,0,7,0,0,0,0,0,0,5,2,0,0,0,0
kinship,235,123554,4,False,other,5,6,0,7,0,0,0,0,0,0,5,2,0,0,0,0
kinship,236,123654,4,False,other,5,6,0,7,0,0,0,0,0,0,5,2,0,0,0,0
kinship,237,123754,4,False,other,5,6,0,7,0,0,0,0,0,0,5,2,0,0,0,0
kinship,238,123854,4,False,other,5,6,0,7,0,0,0,0,0,0,5,2,0,0,0,0
kinship,239,123954,4,False,other,5,6,0,7,0,0,0,0,0,0,5,2,0,0,0,0
kinship,240,124054,5,False,other,3,5,0,7,0,0,0,0,0,0,4,2,0,0,0,0
kinship,241,124154,4,False,other,5,6,0,7,0,0,0,0,0,0,5,2,0,0,0,0
kinship,242,124254,4,False,other,5,6,0,7,0,0,0,0,0,0,5,2,0,0,0,0
kinship,243,124354,4,False,other,5,6,0,7,0,0,0,0,0,0,5,2,0,0,0,0
kinship,244,124454,4,False,other,5,6,0,7,0,0,0,0,0,0,5,2,0,0,0,0
kinship,245,124554,4,False,other,5,6,0,7,0,0,0,0,0,0,5,2,0,0,0,0
kinship,246,124654,4,False,other,5,6,0,7,0,0,0,0,0,0,5,2,0,0,0,0
kinship,247,124754,4,False,other,5,6,0,7,0,0,0,0,0,0,5,2,0,0,0,0
kinship,248,124854,5,False,other,3,5,0,7,0,0,0,0,0,0,4,2,0,0,0,0
kinship,249,124954,4,False,other,5,6,0,7,0,0,0,0,0,0,5,2,0,0,0,0
kinship,250,125054,4,False,other,5,6,0,7,0,0,0,0,0,0,5,2,0,0,0,0
kinship,251,125154,4,False,other,5,6,0,7,0,0,0,0,0,0,5,2,0,0,0,0
kinship,252,125254,4,False,other,5,6,0,7,0,0,0,0,0,0,5,2,0,0,0,0
kinship,253,125354,4,False,other,5,6,0,7,0,0,0,0,0,0,5,2,0,0,0,0
kinship,254,125454,5,False,other,3,5,0,7,0,0,0,0,0,0,4,2,0,0,0,0
kinship,255,125554,4,False,other,5,6,0,7,0,0,0,0,0,0,5,2,0,0,0,0
kinship,256,125654,4,False,other,5,6,0,7,0,0,0,0,0,0,5,2,0,0,0,0
kinship,257,125754,4,False,other,5,6,0,7,0,0,0,0,0,0,5,2,0,0,0,0
kinship,258,125854,5,False,other,3,5,0,7,0,0,0,0,0,0,4,2,0,0,0,0
kinship,259,125954,4,False,other,5,6,0,7,0,0,0,0,0,0,5,2,0,0,0,0
kinship,260,126054,5,False,other,5,7,0,7,0,0,0,0,0,0,5,2,0,0,0,0
kinship,261,126154,5,False,other,3,5,0,7,0,0,0,0,0,0,4,2,0,0,0,0
kinship,262,126254,5,False,other,3,5,0,7,0,0,0,0,0,0,4,2,0,0,0,0
kinship,263,126354,5,False,other,3,5,0,7,0,0,0,0,0,0,4,2,0,0,0,0
kinship,264,126454,5,False,other,3,5,0,7,0,0,0,0,0,0,4,2,0,0,0,0
kinship,265,126554,5,False,other,3,5,0,7,0,0,0,0,0,0,4,2,0,0,0,0
kinship,266,126654,4,False,other,5,6,0,7,0,0,0,0,0,0,5,2,0,0,0,0
kinship,267,126754,5,False,other,3,5,0,7,0,0,0,0,0,0,4,2,0,0,0,0
kinship,268,126854,5,False,other,3,5,0,7,0,0,0,0,0,0,4,2,0,0,0,0
kinship,269,126954,4,False,other,5,6,0,7,0,0,0,0,0,0,5,2,0,0,0,0
kinship,270,127054,5,False,other,3,5,0,7,0,0,0,0,0,0,4,2,0,0,0,0
kinship,271,127154,4,False,other,5,6,0,7,0,0,0,0,0,0,5,2,0,0,0,0
kinship,272,127254,5,False,other,3,5,0,7,0,0,0,0,0,0,4,2,0,0,0,0
kinship,273,127354,4,False,other,5,6,0,7,0,0,0,0,0,0,5,2,0,0,0,0
kinship,274,127454,4,False,other,5,6,0,7,0,0,0,0,0,0,5,2,0,0,0,0
kinship,275,127554,5,False,other,3,5,0,7,0,0,0,0,0,0,4,2,0,0,0,0
kinship,276,127654,5,False,other,3,5,0,7,0,0,0,0,0,0,4,2,0,0,0,0
kinship,277,127754,4,False,other,5,6,0,7,0,0,0,0,0,0,5,2,0,0,0,0
kinship,278,127854,4,False,other,5,6,0,7,0,0,0,0,0,0,5,2,0,0,0,0
kinship,279,127954,4,False,other,5,6,0,7,0,0,0,0,0,0,5,2,0,0,0,0
kinship,280,128054,5,False,other,3,5,0,7,0,0,0,0,0,0,4,2,0,0,0,0
kinship,281,128154,5,False,other,3,5,0,7,0,0,0,0,0,0,4,2,0,0,0,0
kinship,282,128254,4,False,other,5,6,0,7,0,0,0,0,0,0,5,2,0,0,0,0
kinship,283,128354,4,False,other,5,6,0,7,0,0,0,0,0,0,5,2,0,0,0,0
kinship,284,128454,5,False,other,3,5,0,7,0,0,0,0,0,0,4,2,0,0,0,0
kinship,285,128554,4,False,other,5,6,0,7,0,0,0,0,0,0,5,2,0,0,0,0
kinship,286,128654,5,False,other,3,5,0,7,0,0,0,0,0,0,4,2,0,0,0,0
kinship,287,128754,4,False,other,5,6,0,7,0,0,0,0,0,0,5,2,0,0,0,0
kinship,288,128854,4,False,other,5,6,0,7,0,0,0,0,0,0,5,2,0,0,0,0
kinship,289,128954,5,False,other,3,5,0,7,0,0,0,0,0,0,4,2,0,0,0,0
kinship,290,129054,4,False,other,5,6,0,7,0,0,0,0,0,0,5,2,0,0,0,0
kinship,291,129154,4,False,other,5,6,0,7,0,0,0,0,0,0,5,2,0,0,0,0
kinship,292,129254,4,False,other,5,6,0,7,0,0,0,0,0,0,5,2,0,0,0,0
kinship,293,129354,5,False,other,3,5,0,7,0,0,0,0,0,0,4,2,0,0,0,0
kinship,294,129454,4,False,other,5,6,0,7,0,0,0,0,0,0,5,2,0,0,0,0
kinship,295,129554,4,False,other,5,6,0,7,0,0,0,0,0,0,5,2,0,0,0,0
kinship,296,129654,4,False,other,5,6,0,7,0,0,0,0,0,0,5,2,0,0,0,0
kinship,297,129754,4,False,other,5,6,0,7,0,0,0,0,0,0,5,2,0,0,0,0
kinship,298,129854,5,False,other,3,5,0,7,0,0,0,0,0,0,4,2,0,0,0,0
kinship,299,129954,4,False,other,5,6,0,7,0,0,0,0,0,0,5,2,0,0,0,0
kinship,300,130054,5,False,other,3,5,0,7,0,0,0,0,0,0,4,2,0,0,0,0
kinship,301,130154,4,False,other,5,6,0,7,0,0,0,0,0,0,5,2,0,0,0,0
kinship,302,130254,4,False,other,5,6,0,7,0,0,0,0,0,0,5,2,0,0,0,0
kinship,303,130354,4,False,other,5,6,0,7,0,0,0,0,0,0,5,2,0,0,0,0
kinship,304,130454,5,False,other,3,5,0,7,0,0,0,0,0,0,4,2,0,0,0,0
kinship,305,130554,5,False,other,3,5,0,7,0,0,0,0,0,0,4,2,0,0,0,0
kinship,306,130654,5,False,other,3,5,0,7,0,0,0,0,0,0,4,2,0,0,0,0
kinship,307,130754,5,False,other,3,5,0,7,0,0,0,0,0,0,4,2,0,0,0,0
kinship,308,130854,5,False,other,3,5,0,7,0,0,0,0,0,0,4,2,0,0,0,0
kinship,309,130954,5,False,other,3,5,0,7,0,0,0,0,0,0,4,2,0,0,0,0
kinship,310,131054,5,False,other,3,5,0,7,0,0,0,0,0,0,4,2,0,0,0,0
kinship,311,131154,4,False,other,5,6,0,7,0,0,0,0,0,0,5,2,0,0,0,0
kinship,312,131254,5,False,other,5,7,0,7,0,0,0,0,0,0,5,2,0,0,0,0
kinship,313,131354,5,False,other,3,5,0,7,0,0,0,0,0,0,4,2,0,0,0,0
kinship,314,131454,5,False,other,3,5,0,7,0,0,0,0,0,0,4,2,0,0,0,0
kinship,315,131554,4,False,other,5,6,0,7,0,0,0,0,0,0,5,2,0,0,0,0
kinship,316,131654,4,False,other,5,6,0,7,0,0,0,0,0,0,5,2,0,0,0,0
kinship,317,131754,4,False,other,5,6,0,7,0,0,0,0,0,0,5,2,0,0,0,0
kinship,318,131854,4,False,other,5,6,0,7,0,0,0,0,0,0,5,2,0,0,0,0
kinship,319,131954,5,False,other,3,5,0,7,0,0,0,0,0,0,4,2,0,0,0,0
kinship,320,132054,4,False,other,5,6,0,7,0,0,0,0,0,0,5,2,0,0,0,0
kinship,321,132154,4,False,other,5,6,0,7,0,0,0,0,0,0,5,2,0,0,0,0
kinship,322,132254,4,False,other,5,6,0,7,0,0,0,0,0,0,5,2,0,0,0,0
kinship,323,132354,4,False,other,5,6,0,7,0,0,0,0,0,0,5,2,0,0,0,0
kinship,324,132454,4,False,other,5,6,0,7,0,0,0,0,0,0,5,2,0,0,0,0
kinship,325,132554,4,False,other,5,6,0,7,0,0,0,0,0,0,5,2,0,0,0,0
kinship,326,132654,5,False,other,3,5,0,7,0,0,0,0,0,0,4,2,0,0,0,0
kinship,327,132754,4,False,other,5,6,0,7,0,0,0,0,0,0,5,2,0,0,0,0
kinship,328,132854,5,False,other,3,5,0,7,0,0,0,0,0,0,4,2,0,0,0,0
kinship,329,132954,4,False,other,5,6,0,7,0,0,0,0,0,0,5,2,0,0,0,0
kinship,330,133054,4,False,other,5,6,0,7,0,0,0,0,0,0,5,2,0,0,0,0
kinship,331,133154,4,False,other,5,6,0,7,0,0,0,0,0,0,5,2,0,0,0,0
kinship,332,133254,4,False,other,5,6,0,7,0,0,0,0,0,0,5,2,0,0,0,0
kinship,333,133354,5,False,other,3,5,0,7,0,0,0,0,0,0,4,2,0,0,0,0
kinship,334,133454,4,False,other,5,6,0,7,0,0,0,0,0,0,5,2,0,0,0,0
kinship,335,133554,4,False,other,5,6,0,7,0,0,0,0,0,0,5,2,0,0,0,0
kinship,336,133654,5,False,other,5,7,0,7,0,0,0,0,0,0,5,2,0,0,0,0
kinship,337,133754,4,False,other,5,6,0,7,0,0,0,0,0,0,5,2,0,0,0,0
kinship,338,133854,4,False,other,5,6,0,7,0,0,0,0,0,0,5,2,0,0,0,0
kinship,339,133954,4,False,other,5,6,0,7,0,0,0,0,0,0,5,2,0,0,0,0
kinship,340,134054,4,False,other,5,6,0,7,0,0,0,0,0,0,5,2,0,0,0,0
kinship,341,134154,5,False,other,3,5,0,7,0,0,0,0,0,0,4,2,0,0,0,0
kinship,342,134254,4,False,other,5,6,0,7,0,0,0,0,0,0,5,2,0,0,0,0
kinship,343,134354,4,False,other,5,6,0,7,0,0,0,0,0,0,5,2,0,0,0,0
kinship,344,134454,5,False,other,3,5,0,7,0,0,0,0,0,0,4,2,0,0,0,0
kinship,345,134554,4,False,other,5,6,0,7,0,0,0,0,0,0,5,2,0,0,0,0
kinship,346,134654,4,False,other,5,6,0,7,0,0,0,0,0,0,5,2,0,0,0,0
kinship,347,134754,4,False,other,5,6,0,7,0,0,0,0,0,0,5,2,0,0,0,0
kinship,348,134854,4,False,other,5,6,0,7,0,0,0,0,0,0,5,2,0,0,0,0
kinship,349,134954,4,False,other,5,6,0,7,0,0,0,0,0,0,5,2,0,0,0,0
kinship,350,135054,4,False,other,5,6,0,7,0,0,0,0,0,0,5,2,0,0,0,0
kinship,351,135154,4,False,other,5,6,0,7,0,0,0,0,0,0,5,2,0,0,0,0
kinship,352,135254,4,False,other,5,6,0,7,0,0,0,0,0,0,5,2,0,0,0,0
kinship,353,135354,5,False,other,3,5,0,7,0,0,0,0,0,0,4,2,0,0,0,0
kinship,354,135454,5,False,other,3,5,0,7,0,0,0,0,0,0,4,2,0,0,0,0
kinship,355,135554,4,False,other,5,6,0,7,0,0,0,0,0,0,5,2,0,0,0,0
kinship,356,135654,5,False,other,3,5,0,7,0,0,0,0,0,0,4,2,0,0,0,0
kinship,357,135754,5,False,other,3,5,0,7,0,0,0,0,0,0,4,2,0,0,0,0
kinship,358,135854,4,False,other,5,6,0,7,0,0,0,0,0,0,5,2,0,0,0,0
kinship,359,135954,5,False,other,3,5,0,7,0,0,0,0,0,0,4,2,0,0,0,0
kinship,360,136054,5,False,other,3,5,0,7,0,0,0,0,0,0,4,2,0,0,0,0
kinship,361,136154,5,False,other,3,5,0,7,0,0,0,0,0,0,4,2,0,0,0,0
kinship,362,136254,5,False,other,3,5,0,7,0,0,0,0,0,0,4,2,0,0,0,0
kinship,363,136354,4,False,other,5,6,0,7,0,0,0,0,0,0,5,2,0,0,0,0
kinship,364,136454,5,False,other,3,5,0,7,0,0,0,0,0,0,4,2,0,0,0,0
kinship,365,136554,4,False,other,5,6,0,7,0,0,0,0,0,0,5,2,0,0,0,0
kinship,366,136654,5,False,other,5,7,0,7,0,0,0,0,0,0,5,2,0,0,0,0
kinship,367,136754,4,False,other,5,6,0,7,0,0,0,0,0,0,5,2,0,0,0,0
kinship,368,136854,4,False,other,5,6,0,7,0,0,0,0,0,0,5,2,0,0,0,0
kinship,369,136954,5,False,other,3,5,0,7,0,0,0,0,0,0,4,2,0,0,0,0
kinship,370,137054,4,False,other,5,6,0,7,0,0,0,0,0,0,5,2,0,0,0,0
kinship,371,137154,4,False,other,5,6,0,7,0,0,0,0,0,0,5,2,0,0,0,0
kinship,372,137254,4,False,other,5,6,0,7,0,0,0,0,0,0,5,2,0,0,0,0
kinship,373,137354,4,False,other,5,6,0,7,0,0,0,0,0,0,5,2,0,0,0,0
kinship,374,137454,4,False,other,5,6,0,7,0,0,0,0,0,0,5,2,0,0,0,0
kinship,375,137554,4,False,other,5,6,0,7,0,0,0,0,0,0,5,2,0,0,0,0
kinship,376,137654,5,False,other,3,5,0,7,0,0,0,0,0,0,4,2,0,0,0,0
kinship,377,137754,4,False,other,5,6,0,7,0,0,0,0,0,0,5,2,0,0,0,0
kinship,378,137854,5,False,other,5,7,0,7,0,0,0,0,0,0,5,2,0,0,0,0
kinship,379,137954,5,False,other,3,5,0,7,0,0,0,0,0,0,4,2,0,0,0,0
kinship,380,138054,4,False,other,5,6,0,7,0,0,0,0,0,0,5,2,0,0,0,0
kinship,381,138154,4,False,other,5,6,0,7,0,0,0,0,0,0,5,2,0,0,0,0
kinship,382,138254,4,False,other,5,6,0,7,0,0,0,0,0,0,5,2,0,0,0,0
kinship,383,138354,4,False,other,5,6,0,7,0,0,0,0,0,0,5,2,0,0,0,0
kinship,384,138454,4,False,other,5,6,0,7,0,0,0,0,0,0,5,2,0,0,0,0
kinship,385,138554,4,False,other,5,6,0,7,0,0,0,0,0,0,5,2,0,0,0,0
kinship,386,138654,4,False,other,5,6,0,7,0,0,0,0,0,0,5,2,0,0,0,0
kinship,387,138754,5,False,other,3,5,0,7,0,0,0,0,0,0,4,2,0,0,0,0
kinship,388,138854,4,False,other,5,6,0,7,0,0,0,0,0,0,5,2,0,0,0,0
kinship,389,138954,4,False,other,5,6,0,7,0,0,0,0,0,0,5,2,0,0,0,0
kinship,390,139054,5,False,other,3,5,0,7,0,0,0,0,0,0,4,2,0,0,0,0
kinship,391,139154,4,False,other,5,6,0,7,0,0,0,0,0,0,5,2,0,0,0,0
kinship,392,139254,4,False,other,5,6,0,7,0,0,0,0,0,0,5,2,0,0,0,0
kinship,393,139354,5,False,other,3,5,0,7,0,0,0,0,0,0,4,2,0,0,0,0
kinship,394,139454,5,False,other,3,5,0,7,0,0,0,0,0,0,4,2,0,0,0,0
kinship,395,139554,4,False,other,5,6,0,7,0,0,0,0,0,0,5,2,0,0,0,0
kinship,396,139654,4,False,other,5,6,0,7,0,0,0,0,0,0,5,2,0,0,0,0
kinship,397,139754,5,False,other,3,5,0,7,0,0,0,0,0,0,4,2,0,0,0,0
kinship,398,139854,4,False,other,5,6,0,7,0,0,0,0,0,0,5,2,0,0,0,0
kinship,399,139954,4,False,other,5,6,0,7,0,0,0,0,0,0,5,2,0,0,0,0
kinship,400,140054,5,False,other,3,5,0,7,0,0,0,0,0,0,4,2,0,0,0,0
kinship,401,140154,4,False,other,5,6,0,7,0,0,0,0,0,0,5,2,0,0,0,0
kinship,402,140254,4,False,other,5,6,0,7,0,0,0,0,0,0,5,2,0,0,0,0
kinship,403,140354,5,False,other,3,5,0,7,0,0,0,0,0,0,4,2,0,0,0,0
kinship,404,140454,4,False,other,5,6,0,7,0,0,0,0,0,0,5,2,0,0,0,0
kinship,405,140554,4,False,other,5,6,0,7,0,0,0,0,0,0,5,2,0,0,0,0
kinship,406,140654,4,False,other,5,6,0,7,0,0,0,0,0,0,5,2,0,0,0,0
kinship,407,140754,5,False,other,3,5,0,7,0,0,0,0,0,0,4,2,0,0,0,0
kinship,408,140854,5,False,other,3,5,0,7,0,0,0,0,0,0,4,2,0,0,0,0
kinship,409,140954,4,False,other,5,6,0,7,0,0,0,0,0,0,5,2,0,0,0,0
kinship,410,141054,4,False,other,5,6,0,7,0,0,0,0,0,0,5,2,0,0,0,0
kinship,411,141154,4,False,other,5,6,0,7,0,0,0,0,0,0,5,2,0,0,0,0
kinship,412,141254,4,False,other,5,6,0,7,0,0,0,0,0,0,5,2,0,0,0,0
kinship,413,141354,4,False,other,5,6,0,7,0,0,0,0,0,0,5,2,0,0,0,0
kinship,414,141454,4,False,other,5,6,0,7,0,0,0,0,0,0,5,2,0,0,0,0
kinship,415,141554,5,False,other,3,5,0,7,0,0,0,0,0,0,4,2,0,0,0,0
kinship,416,141654,4,False,other,5,6,0,7,0,0,0,0,0,0,5,2,0,0,0,0
kinship,417,141754,4,False,other,5,6,0,7,0,0,0,0,0,0,5,2,0,0,0,0
kinship,418,141854,5,False,other,3,5,0,7,0,0,0,0,0,0,4,2,0,0,0,0
kinship,419,141954,4,False,other,5,6,0,7,0,0,0,0,0,0,5,2,0,0,0,0
kinship,420,142054,5,False,other,3,5,0,7,0,0,0,0,0,0,4,2,0,0,0,0
kinship,421,142154,4,False,other,5,6,0,7,0,0,0,0,0,0,5,2,0,0,0,0
kinship,422,142254,5,False,other,3,5,0,7,0,0,0,0,0,0,4,2,0,0,0,0
kinship,423,142354,5,False,other,3,5,0,7,0,0,0,0,0,0,4,2,0,0,0,0
kinship,424,142454,5,False,other,3,5,0,7,0,0,0,0,0,0,4,2,0,0,0,0
kinship,425,142554,4,False,other,5,6,0,7,0,0,0,0,0,0,5,2,0,0,0,0
kinship,426,142654,4,False,other,5,6,0,7,0,0,0,0,0,0,5,2,0,0,0,0
kinship,427,142754,5,False,other,3,5,0,7,0,0,0,0,0,0,4,2,0,0,0,0
kinship,428,142854,4,False,other,5,6,0,7,0,0,0,0,0,0,5,2,0,0,0,0
kinship,429,142954,5,False,other,3,5,0,7,0,0,0,0,0,0,4,2,0,0,0,0
kinship,430,143054,4,False,other,5,6,0,7,0,0,0,0,0,0,5,2,0,0,0,0
kinship,431,143154,4,False,other,5,6,0,7,0,0,0,0,0,0,5,2,0,0,0,0
kinship,432,143254,4,False,other,5,6,0,7,0,0,0,0,0,0,5,2,0,0,0,0
kinship,433,143354,4,False,other,5,6,0,7,0,0,0,0,0,0,5,2,0,0,0,0
kinship,434,143454,4,False,other,5,6,0,7,0,0,0,0,0,0,5,2,0,0,0,0
kinship,435,143554,5,False,other,3,5,0,7,0,0,0,0,0,0,4,2,0,0,0,0
kinship,436,143654,4,False,other,5,6,0,7,0,0,0,0,0,0,5,2,0,0,0,0
kinship,437,143754,5,False,other,3,5,0,7,0,0,0,0,0,0,4,2,0,0,0,0
kinship,438,143854,4,False,other,5,6,0,7,0,0,0,0,0,0,5,2,0,0,0,0
kinship,439,143954,4,False,other,5,6,0,7,0,0,0,0,0,0,5,2,0,0,0,0
kinship,440,144054,4,False,other,5,6,0,7,0,0,0,0,0,0,5,2,0,0,0,0
kinship,441,144154,5,False,other,3,5,0,7,0,0,0,0,0,0,4,2,0,0,0,0
kinship,442,144254,5,False,other,5,7,0,7,0,0,0,0,0,0,5,2,0,0,0,0
kinship,443,144354,5,False,other,3,5,0,7,0,0,0,0,0,0,4,2,0,0,0,0
kinship,444,144454,4,False,other,5,6,0,7,0,0,0,0,0,0,5,2,0,0,0,0
kinship,445,144554,4,False,other,5,6,0,7,0,0,0,0,0,0,5,2,0,0,0,0
kinship,446,144654,5,False,other,3,5,0,7,0,0,0,0,0,0,4,2,0,0,0,0
kinship,447,144754,4,False,other,5,6,0,7,0,0,0,0,0,0,5,2,0,0,0,0
kinship,448,144854,5,False,other,3,5,0,7,0,0,0,0,0,0,4,2,0,0,0,0
kinship,449,144954,5,False,other,3,5,0,7,0,0,0,0,0,0,4,2,0,0,0,0
kinship,450,145054,5,False,other,3,5,0,7,0,0,0,0,0,0,4,2,0,0,0,0
kinship,451,145154,5,False,other,3,5,0,7,0,0,0,0,0,0,4,2,0,0,0,0
kinship,452,145254,5,False,other,3,5,0,7,0,0,0,0,0,0,4,2,0,0,0,0
kinship,453,145354,5,False,other,3,5,0,7,0,0,0,0,0,0,4,2,0,0,0,0
kinship,454,145454,5,False,other,3,5,0,7,0,0,0,0,0,0,4,2,0,0,0,0
kinship,455,145554,5,False,other,3,5,0,7,0,0,0,0,0,0,4,2,0,0,0,0
kinship,456,145654,4,False,other,5,6,0,7,0,0,0,0,0,0,5,2,0,0,0,0
kinship,457,145754,4,False,other,5,6,0,7,0,0,0,0,0,0,5,2,0,0,0,0
kinship,458,145854,5,False,other,3,5,0,7,0,0,0,0,0,0,4,2,0,0,0,0
kinship,459,145954,4,False,other,5,6,0,7,0,0,0,0,0,0,5,2,0,0,0,0
kinship,460,146054,5,False,other,3,5,0,7,0,0,0,0,0,0,4,2,0,0,0,0
kinship,461,146154,5,False,other,5,7,0,7,0,0,0,0,0,0,5,2,0,0,0,0
kinship,462,146254,4,False,other,5,6,0,7,0,0,0,0,0,0,5,2,0,0,0,0
kinship,463,146354,4,False,other,5,6,0,7,0,0,0,0,0,0,5,2,0,0,0,0
kinship,464,146454,4,False,other,5,6,0,7,0,0,0,0,0,0,5,2,0,0,0,0
kinship,465,146554,4,False,other,5,6,0,7,0,0,0,0,0,0,5,2,0,0,0,0
kinship,466,146654,4,False,other,5,6,0,7,0,0,0,0,0,0,5,2,0,0,0,0
kinship,467,146754,4,False,other,5,6,0,7,0,0,0,0,0,0,5,2,0,0,0,0
kinship,468,146854,4,False,other,5,6,0,7,0,0,0,0,0,0,5,2,0,0,0,0
kinship,469,146954,5,False,other,3,5,0,7,0,0,0,0,0,0,4,2,0,0,0,0
kinship,470,147054,4,False,other,5,6,0,7,0,0,0,0,0,0,5,2,0,0,0,0
kinship,471,147154,4,False,other,5,6,0,7,0,0,0,0,0,0,5,2,0,0,0,0
kinship,472,147254,4,False,other,5,6,0,7,0,0,0,0,0,0,5,2,0,0,0,0
kinship,473,147354,4,False,other,5,6,0,7,0,0,0,0,0,0,5,2,0,0,0,0
kinship,474,147454,5,False,other,3,5,0,7,0,0,0,0,0,0,4,2,0,0,0,0
kinship,475,147554,4,False,other,5,6,0,7,0,0,0,0,0,0,5,2,0,0,0,0
kinship,476,147654,5,False,other,3,5,0,7,0,0,0,0,0,0,4,2,0,0,0,0
kinship,477,147754,5,False,other,3,5,0,7,0,0,0,0,0,0,4,2,0,0,0,0
kinship,478,147854,4,False,other,5,6,0,7,0,0,0,0,0,0,5,2,0,0,0,0
kinship,479,147954,5,False,other,3,5,0,7,0,0,0,0,0,0,4,2,0,0,0,0
kinship,480,148054,5,False,other,3,5,0,7,0,0,0,0,0,0,4,2,0,0,0,0
kinship,481,148154,4,False,other,5,6,0,7,0,0,0,0,0,0,5,2,0,0,0,0
kinship,482,148254,4,False,other,5,6,0,7,0,0,0,0,0,0,5,2,0,0,0,0
kinship,483,148354,4,False,other,5,6,0,7,0,0,0,0,0,0,5,2,0,0,0,0
kinship,484,148454,4,False,other,5,6,0,7,0,0,0,0,0,0,5,2,0,0,0,0
kinship,485,148554,4,False,other,5,6,0,7,0,0,0,0,0,0,5,2,0,0,0,0
kinship,486,148654,4,False,other,5,6,0,7,0,0,0,0,0,0,5,2,0,0,0,0
kinship,487,148754,4,False,other,5,6,0,7,0,0,0,0,0,0,5,2,0,0,0,0
kinship,488,148854,4,False,other,5,6,0,7,0,0,0,0,0,0,5,2,0,0,0,0
kinship,489,148954,4,False,other,5,6,0,7,0,0,0,0,0,0,5,2,0,0,0,0
kinship,490,149054,4,False,other,5,6,0,7,0,0,0,0,0,0,5,2,0,0,0,0
kinship,491,149154,4,False,other,5,6,0,7,0,0,0,0,0,0,5,2,0,0,0,0
kinship,492,149254,5,False,other,5,7,0,7,0,0,0,0,0,0,5,2,0,0,0,0
kinship,493,149354,4,False,other,5,6,0,7,0,0,0,0,0,0,5,2,0,0,0,0
kinship,494,149454,5,False,other,3,5,0,7,0,0,0,0,0,0,4,2,0,0,0,0
kinship,495,149554,5,False,other,3,5,0,7,0,0,0,0,0,0,4,2,0,0,0,0
kinship,496,149654,4,False,other,5,6,0,7,0,0,0,0,0,0,5,2,0,0,0,0
kinship,497,149754,4,False,other,5,6,0,7,0,0,0,0,0,0,5,2,0,0,0,0
kinship,498,149854,5,False,other,3,5,0,7,0,0,0,0,0,0,4,2,0,0,0,0
kinship,499,149954,4,False,other,5,6,0,7,0,0,0,0,0,0,5,2,0,0,0,0
kinship,500,150054,5,False,other,3,5,0,7,0,0,0,0,0,0,4,2,0,0,0,0
kinship,501,150154,4,False,other,5,6,0,7,0,0,0,0,0,0,5,2,0,0,0,0
kinship,502,150254,5,False,other,3,5,0,7,0,0,0,0,0,0,4,2,0,0,0,0
kinship,503,150354,5,False,other,3,5,0,7,0,0,0,0,0,0,4,2,0,0,0,0
kinship,504,150454,4,False,other,5,6,0,7,0,0,0,0,0,0,5,2,0,0,0,0
kinship,505,150554,4,False,other,5,6,0,7,0,0,0,0,0,0,5,2,0,0,0,0
kinship,506,150654,5,False,other,3,5,0,7,0,0,0,0,0,0,4,2,0,0,0,0
kinship,507,150754,5,False,other,3,5,0,7,0,0,0,0,0,0,4,2,0,0,0,0
kinship,508,150854,5,False,other,3,5,0,7,0,0,0,0,0,0,4,2,0,0,0,0
kinship,509,150954,5,False,other,3,5,0,7,0,0,0,0,0,0,4,2,0,0,0,0
kinship,510,151054,4,False,other,5,6,0,7,0,0,0,0,0,0,5,2,0,0,0,0
kinship,511,151154,4,False,other,5,6,0,7,0,0,0,0,0,0,5,2,0,0,0,0
kinship,512,151254,4,False,other,5,6,0,7,0,0,0,0,0,0,5,2,0,0,0,0
kinship,513,151354,5,False,other,3,5,0,7,0,0,0,0,0,0,4,2,0,0,0,0
kinship,514,151454,4,False,other,5,6,0,7,0,0,0,0,0,0,5,2,0,0,0,0
kinship,515,151554,4,False,other,5,6,0,7,0,0,0,0,0,0,5,2,0,0,0,0
kinship,516,151654,5,False,other,3,5,0,7,0,0,0,0,0,0,4,2,0,0,0,0
kinship,517,151754,5,False,other,3,5,0,7,0,0,0,0,0,0,4,2,0,0,0,0
kinship,518,151854,5,False,other,3,5,0,7,0,0,0,0,0,0,4,2,0,0,0,0
kinship,519,151954,5,False,other,3,5,0,7,0,0,0,0,0,0,4,2,0,0,0,0
kinship,520,152054,5,False,other,3,5,0,7,0,0,0,0,0,0,4,2,0,0,0,0
kinship,521,152154,5,False,other,3,5,0,7,0,0,0,0,0,0,4,2,0,0,0,0
kinship,522,152254,4,False,other,5,6,0,7,0,0,0,0,0,0,5,2,0,0,0,0
kinship,523,152354,4,False,other,5,6,0,7,0,0,0,0,0,0,5,2,0,0,0,0
kinship,524,152454,4,False,other,5,6,0,7,0,0,0,0,0,0,5,2,0,0,0,0
kinship,525,152554,4,False,other,5,6,0,7,0,0,0,0,0,0,5,2,0,0,0,0
kinship,526,152654,4,False,other,5,6,0,7,0,0,0,0,0,0,5,2,0,0,0,0
kinship,527,152754,4,False,other,5,6,0,7,0,0,0,0,0,0,5,2,0,0,0,0
kinship,528,152854,4,False,other,5,6,0,7,0,0,0,0,0,0,5,2,0,0,0,0
kinship,529,152954,4,False,other,5,6,0,7,0,0,0,0,0,0,5,2,0,0,0,0
kinship,530,153054,4,False,other,5,6,0,7,0,0,0,0,0,0,5,2,0,0,0,0
kinship,531,153154,5,False,other,3,5,0,7,0,0,0,0,0,0,4,2,0,0,0,0
kinship,532,153254,5,False,other,5,7,0,7,0,0,0,0,0,0,5,2,0,0,0,0
kinship,533,153354,4,False,other,5,6,0,7,0,0,0,0,0,0,5,2,0,0,0,0
kinship,534,153454,4,False,other,5,6,0,7,0,0,0,0,0,0,5,2,0,0,0,0
kinship,535,153554,4,False,other,5,6,0,7,0,0,0,0,0,0,5,2,0,0,0,0
kinship,536,153654,4,False,other,5,6,0,7,0,0,0,0,0,0,5,2,0,0,0,0
kinship,537,153754,4,False,other,5,6,0,7,0,0,0,0,0,0,5,2,0,0,0,0
kinship,538,153854,5,False,other,3,5,0,7,0,0,0,0,0,0,4,2,0,0,0,0
kinship,539,153954,5,False,other,5,7,0,7,0,0,0,0,0,0,5,2,0,0,0,0
kinship,540,154054,5,False,other,5,7,0,7,0,0,0,0,0,0,5,2,0,0,0,0
kinship,541,154154,4,False,other,5,6,0,7,0,0,0,0,0,0,5,2,0,0,0,0
kinship,542,154254,4,False,other,5,6,0,7,0,0,0,0,0,0,5,2,0,0,0,0
kinship,543,154354,4,False,other,5,6,0,7,0,0,0,0,0,0,5,2,0,0,0,0
kinship,544,154454,4,False,other,5,6,0,7,0,0,0,0,0,0,5,2,0,0,0,0
kinship,545,154554,5,False,other,3,5,0,7,0,0,0,0,0,0,4,2,0,0,0,0
kinship,546,154654,4,False,other,5,6,0,7,0,0,0,0,0,0,5,2,0,0,0,0
kinship,547,154754,5,False,other,3,5,0,7,0,0,0,0,0,0,4,2,0,0,0,0
kinship,548,154854,5,False,other,3,5,0,7,0,0,0,0,0,0,4,2,0,0,0,0
kinship,549,154954,4,False,other,5,6,0,7,0,0,0,0,0,0,5,2,0,0,0,0
kinship,550,155054,4,False,other,5,6,0,7,0,0,0,0,0,0,5,2,0,0,0,0
kinship,551,155154,4,False,other,5,6,0,7,0,0,0,0,0,0,5,2,0,0,0,0
kinship,552,155254,4,False,other,5,6,0,7,0,0,0,0,0,0,5,2,0,0,0,0
kinship,553,155354,4,False,other,5,6,0,7,0,0,0,0,0,0,5,2,0,0,0,0
kinship,554,155454,4,False,other,5,6,0,7,0,0,0,0,0,0,5,2,0,0,0,0
kinship,555,155554,4,False,other,5,6,0,7,0,0,0,0,0,0,5,2,0,0,0,0
kinship,556,155654,4,False,other,5,6,0,7,0,0,0,0,0,0,5,2,0,0,0,0
kinship,557,155754,4,False,other,5,6,0,7,0,0,0,0,0,0,5,2,0,0,0,0
kinship,558,155854,5,False,other,5,7,0,7,0,0,0,0,0,0,5,2,0,0,0,0
kinship,559,155954,5,False,other,3,5,0,7,0,0,0,0,0,0,4,2,0,0,0,0
kinship,560,156054,4,False,other,5,6,0,7,0,0,0,0,0,0,5,2,0,0,0,0
kinship,561,156154,4,False,other,5,6,0,7,0,0,0,0,0,0,5,2,0,0,0,0
kinship,562,156254,4,False,other,5,6,0,7,0,0,0,0,0,0,5,2,0,0,0,0
kinship,563,156354,4,False,other,5,6,0,7,0,0,0,0,0,0,5,2,0,0,0,0
kinship,564,156454,4,False,other,5,6,0,7,0,0,0,0,0,0,5,2,0,0,0,0
kinship,565,156554,5,False,other,3,5,0,7,0,0,0,0,0,0,4,2,0,0,0,0
kinship,566,156654,4,False,other,5,6,0,7,0,0,0,0,0,0,5,2,0,0,0,0
kinship,567,156754,4,False,other,5,6,0,7,0,0,0,0,0,0,5,2,0,0,0,0
kinship,568,156854,4,False,other,5,6,0,7,0,0,0,0,0,0,5,2,0,0,0,0
kinship,569,156954,5,False,other,3,5,0,7,0,0,0,0,0,0,4,2,0,0,0,0
kinship,570,157054,5,False,other,3,5,0,7,0,0,0,0,0,0,4,2,0,0,0,0
kinship,571,157154,4,False,other,5,6,0,7,0,0,0,0,0,0,5,2,0,0,0,0
kinship,572,157254,4,False,other,5,6,0,7,0,0,0,0,0,0,5,2,0,0,0,0
kinship,573,157354,5,False,other,3,5,0,7,0,0,0,0,0,0,4,2,0,0,0,0
kinship,574,157454,4,False,other,5,6,0,7,0,0,0,0,0,0,5,2,0,0,0,0
kinship,575,157554,4,False,other,5,6,0,7,0,0,0,0,0,0,5,2,0,0,0,0
kinship,576,157654,4,False,other,5,6,0,7,0,0,0,0,0,0,5,2,0,0,0,0
kinship,577,157754,5,False,other,5,7,0,7,0,0,0,0,0,0,5,2,0,0,0,0
kinship,578,157854,4,False,other,5,6,0,7,0,0,0,0,0,0,5,2,0,0,0,0
kinship,579,157954,4,False,other,5,6,0,7,0,0,0,0,0,0,5,2,0,0,0,0
kinship,580,158054,5,False,other,3,5,0,7,0,0,0,0,0,0,4,2,0,0,0,0
kinship,581,158154,5,False,other,3,5,0,7,0,0,0,0,0,0,4,2,0,0,0,0
kinship,582,158254,5,False,other,3,5,0,7,0,0,0,0,0,0,4,2,0,0,0,0
kinship,583,158354,4,False,other,5,6,0,7,0,0,0,0,0,0,5,2,0,0,0,0
kinship,584,158454,4,False,other,5,6,0,7,0,0,0,0,0,0,5,2,0,0,0,0
kinship,585,158554,4,False,other,5,6,0,7,0,0,0,0,0,0,5,2,0,0,0,0
kinship,586,158654,4,False,other,5,6,0,7,0,0,0,0,0,0,5,2,0,0,0,0
kinship,587,158754,4,False,other,5,6,0,7,0,0,0,0,0,0,5,2,0,0,0,0
kinship,588,158854,4,False,other,5,6,0,7,0,0,0,0,0,0,5,2,0,0,0,0
kinship,589,158954,5,False,other,3,5,0,7,0,0,0,0,0,0,4,2,0,0,0,0
kinship,590,159054,5,False,other,3,5,0,7,0,0,0,0,0,0,4,2,0,0,0,0
kinship,591,159154,5,False,other,3,5,0,7,0,0,0,0,0,0,4,2,0,0,0,0
kinship,592,159254,5,False,other,3,5,0,7,0,0,0,0,0,0,4,2,0,0,0,0
kinship,593,159354,4,False,other,5,6,0,7,0,0,0,0,0,0,5,2,0,0,0,0
kinship,594,159454,4,False,other,5,6,0,7,0,0,0,0,0,0,5,2,0,0,0,0
kinship,595,159554,4,False,other,5,6,0,7,0,0,0,0,0,0,5,2,0,0,0,0
kinship,596,159654,5,False,other,3,5,0,7,0,0,0,0,0,0,4,2,0,0,0,0
kinship,597,159754,4,False,other,5,6,0,7,0,0,0,0,0,0,5,2,0,0,0,0
kinship,598,159854,4,False,other,5,6,0,7,0,0,0,0,0,0,5,2,0,0,0,0
kinship,599,159954,4,False,other,5,6,0,7,0,0,0,0,0,0,5,2,0,0,0,0
kinship,600,160054,4,False,other,5,6,0,7,0,0,0,0,0,0,5,2,0,0,0,0
kinship,601,160154,5,False,other,3,5,0,7,0,0,0,0,0,0,4,2,0,0,0,0
kinship,602,160254,4,False,other,5,6,0,7,0,0,0,0,0,0,5,2,0,0,0,0
kinship,603,160354,4,False,other,5,6,0,7,0,0,0,0,0,0,5,2,0,0,0,0
kinship,604,160454,4,False,other,5,6,0,7,0,0,0,0,0,0,5,2,0,0,0,0
kinship,605,160554,5,False,other,3,5,0,7,0,0,0,0,0,0,4,2,0,0,0,0
kinship,606,160654,4,False,other,5,6,0,7,0,0,0,0,0,0,5,2,0,0,0,0
kinship,607,160754,4,False,other,5,6,0,7,0,0,0,0,0,0,5,2,0,0,0,0
kinship,608,160854,4,False,other,5,6,0,7,0,0,0,0,0,0,5,2,0,0,0,0
kinship,609,160954,4,False,other,5,6,0,7,0,0,0,0,0,0,5,2,0,0,0,0
kinship,610,161054,5,False,other,3,5,0,7,0,0,0,0,0,0,4,2,0,0,0,0
kinship,611,161154,4,False,other,5,6,0,7,0,0,0,0,0,0,5,2,0,0,0,0
kinship,612,161254,4,False,other,5,6,0,7,0,0,0,0,0,0,5,2,0,0,0,0
kinship,613,161354,4,False,other,5,6,0,7,0,0,0,0,0,0,5,2,0,0,0,0
kinship,614,161454,4,False,other,5,6,0,7,0,0,0,0,0,0,5,2,0,0,0,0
kinship,615,161554,5,False,other,3,5,0,7,0,0,0,0,0,0,4,2,0,0,0,0
kinship,616,161654,5,False,other,3,5,0,7,0,0,0,0,0,0,4,2,0,0,0,0
kinship,617,161754,5,False,other,3,5,0,7,0,0,0,0,0,0,4,2,0,0,0,0
kinship,618,161854,4,False,other,5,6,0,7,0,0,0,0,0,0,5,2,0,0,0,0
kinship,619,161954,4,False,other,5,6,0,7,0,0,0,0,0,0,5,2,0,0,0,0
kinship,620,162054,5,False,other,3,5,0,7,0,0,0,0,0,0,4,2,0,0,0,0
kinship,621,162154,4,False,other,5,6,0,7,0,0,0,0,0,0,5,2,0,0,0,0
kinship,622,162254,4,False,other,5,6,0,7,0,0,0,0,0,0,5,2,0,0,0,0
kinship,623,162354,4,False,other,5,6,0,7,0,0,0,0,0,0,5,2,0,0,0,0
kinship,624,162454,5,False,other,3,5,0,7,0,0,0,0,0,0,4,2,0,0,0,0
kinship,625,162554,4,False,other,5,6,0,7,0,0,0,0,0,0,5,2,0,0,0,0
kinship,626,162654,4,False,other,5,6,0,7,0,0,0,0,0,0,5,2,0,0,0,0
kinship,627,162754,4,False,other,5,6,0,7,0,0,0,0,0,0,5,2,0,0,0,0
kinship,628,162854,5,False,other,3,5,0,7,0,0,0,0,0,0,4,2,0,0,0,0
kinship,629,162954,4,False,other,5,6,0,7,0,0,0,0,0,0,5,2,0,0,0,0
kinship,630,163054,4,False,other,5,6,0,7,0,0,0,0,0,0,5,2,0,0,0,0
kinship,631,163154,4,False,other,5,6,0,7,0,0,0,0,0,0,5,2,0,0,0,0
kinship,632,163254,4,False,other,5,6,0,7,0,0,0,0,0,0,5,2,0,0,0,0
kinship,633,163354,4,False,other,5,6,0,7,0,0,0,0,0,0,5,2,0,0,0,0
kinship,634,163454,4,False,other,5,6,0,7,0,0,0,0,0,0,5,2,0,0,0,0
kinship,635,163554,4,False,other,5,6,0,7,0,0,0,0,0,0,5,2,0,0,0,0
kinship,636,163654,5,False,other,3,5,0,7,0,0,0,0,0,0,4,2,0,0,0,0
kinship,637,163754,4,False,other,5,6,0,7,0,0,0,0,0,0,5,2,0,0,0,0
kinship,638,163854,4,False,other,5,6,0,7,0,0,0,0,0,0,5,2,0,0,0,0
kinship,639,163954,5,False,other,3,5,0,7,0,0,0,0,0,0,4,2,0,0,0,0
kinship,640,164054,4,False,other,5,6,0,7,0,0,0,0,0,0,5,2,0,0,0,0
kinship,641,164154,5,False,other,3,5,0,7,0,0,0,0,0,0,4,2,0,0,0,0
kinship,642,164254,4,False,other,5,6,0,7,0,0,0,0,0,0,5,2,0,0,0,0
kinship,643,164354,4,False,other,5,6,0,7,0,0,0,0,0,0,5,2,0,0,0,0
kinship,644,164454,5,False,other,3,5,0,7,0,0,0,0,0,0,4,2,0,0,0,0
kinship,645,164554,4,False,other,5,6,0,7,0,0,0,0,0,0,5,2,0,0,0,0
kinship,646,164654,4,False,other,5,6,0,7,0,0,0,0,0,0,5,2,0,0,0,0
kinship,647,164754,4,False,other,5,6,0,7,0,0,0,0,0,0,5,2,0,0,0,0
kinship,648,164854,4,False,other,5,6,0,7,0,0,0,0,0,0,5,2,0,0,0,0
kinship,649,164954,5,False,other,3,5,0,7,0,0,0,0,0,0,4,2,0,0,0,0
kinship,650,165054,4,False,other,5,6,0,7,0,0,0,0,0,0,5,2,0,0,0,0
kinship,651,165154,5,False,other,3,5,0,7,0,0,0,0,0,0,4,2,0,0,0,0
kinship,652,165254,5,False,other,3,5,0,7,0,0,0,0,0,0,4,2,0,0,0,0
kinship,653,165354,5,False,other,3,5,0,7,0,0,0,0,0,0,4,2,0,0,0,0
kinship,654,165454,4,False,other,5,6,0,7,0,0,0,0,0,0,5,2,0,0,0,0
kinship,655,165554,5,False,other,3,5,0,7,0,0,0,0,0,0,4,2,0,0,0,0
kinship,656,165654,4,False,other,5,6,0,7,0,0,0,0,0,0,5,2,0,0,0,0
kinship,657,165754,4,False,other,5,6,0,7,0,0,0,0,0,0,5,2,0,0,0,0
kinship,658,165854,4,False,other,5,6,0,7,0,0,0,0,0,0,5,2,0,0,0,0
kinship,659,165954,4,False,other,5,6,0,7,0,0,0,0,0,0,5,2,0,0,0,0
kinship,660,166054,4,False,other,5,6,0,7,0,0,0,0,0,0,5,2,0,0,0,0
kinship,661,166154,5,False,other,3,5,0,7,0,0,0,0,0,0,4,2,0,0,0,0
kinship,662,166254,5,False,other,3,5,0,7,0,0,0,0,0,0,4,2,0,0,0,0
kinship,663,166354,4,False,other,5,6,0,7,0,0,0,0,0,0,5,2,0,0,0,0
kinship,664,166454,4,False,other,5,6,0,7,0,0,0,0,0,0,5,2,0,0,0,0
kinship,665,166554,5,False,other,3,5,0,7,0,0,0,0,0,0,4,2,0,0,0,0
kinship,666,166654,4,False,other,5,6,0,7,0,0,0,0,0,0,5,2,0,0,0,0
kinship,667,166754,4,False,other,5,6,0,7,0,0,0,0,0,0,5,2,0,0,0,0
kinship,668,166854,4,False,other,5,6,0,7,0,0,0,0,0,0,5,2,0,0,0,0
kinship,669,166954,4,False,other,5,6,0,7,0,0,0,0,0,0,5,2,0,0,0,0
kinship,670,167054,4,False,other,5,6,0,7,0,0,0,0,0,0,5,2,0,0,0,0
kinship,671,167154,4,False,other,5,6,0,7,0,0,0,0,0,0,5,2,0,0,0,0
kinship,672,167254,5,False,other,3,5,0,7,0,0,0,0,0,0,4,2,0,0,0,0
kinship,673,167354,4,False,other,5,6,0,7,0,0,0,0,0,0,5,2,0,0,0,0
kinship,674,167454,4,False,other,5,6,0,7,0,0,0,0,0,0,5,2,0,0,0,0
kinship,675,167554,4,False,other,5,6,0,7,0,0,0,0,0,0,5,2,0,0,0,0
kinship,676,167654,5,False,other,3,5,0,7,0,0,0,0,0,0,4,2,0,0,0,0
kinship,677,167754,4,False,other,5,6,0,7,0,0,0,0,0,0,5,2,0,0,0,0
kinship,678,167854,5,False,other,3,5,0,7,0,0,0,0,0,0,4,2,0,0,0,0
kinship,679,167954,4,False,other,5,6,0,7,0,0,0,0,0,0,5,2,0,0,0,0
kinship,680,168054,4,False,other,5,6,0,7,0,0,0,0,0,0,5,2,0,0,0,0
kinship,681,168154,4,False,other,5,6,0,7,0,0,0,0,0,0,5,2,0,0,0,0
kinship,682,168254,4,False,other,5,6,0,7,0,0,0,0,0,0,5,2,0,0,0,0
kinship,683,168354,5,False,other,3,5,0,7,0,0,0,0,0,0,4,2,0,0,0,0
kinship,684,168454,4,False,other,5,6,0,7,0,0,0,0,0,0,5,2,0,0,0,0
kinship,685,168554,4,False,other,5,6,0,7,0,0,0,0,0,0,5,2,0,0,0,0
kinship,686,168654,4,False,other,5,6,0,7,0,0,0,0,0,0,5,2,0,0,0,0
kinship,687,168754,4,False,other,5,6,0,7,0,0,0,0,0,0,5,2,0,0,0,0
kinship,688,168854,5,False,other,3,5,0,7,0,0,0,0,0,0,4,2,0,0,0,0
kinship,689,168954,5,False,other,5,7,0,7,0,0,0,0,0,0,5,2,0,0,0,0
kinship,690,169054,4,False,other,5,6,0,7,0,0,0,0,0,0,5,2,0,0,0,0
kinship,691,169154,4,False,other,5,6,0,7,0,0,0,0,0,0,5,2,0,0,0,0
kinship,692,169254,4,False,other,5,6,0,7,0,0,0,0,0,0,5,2,0,0,0,0
kinship,693,169354,4,False,other,5,6,0,7,0,0,0,0,0,0,5,2,0,0,0,0
kinship,694,169454,5,False,other,3,5,0,7,0,0,0,0,0,0,4,2,0,0,0,0
kinship,695,169554,5,False,other,3,5,0,7,0,0,0,0,0,0,4,2,0,0,0,0
kinship,696,169654,4,False,other,5,6,0,7,0,0,0,0,0,0,5,2,0,0,0,0
kinship,697,169754,4,False,other,5,6,0,7,0,0,0,0,0,0,5,2,0,0,0,0
kinship,698,169854,4,False,other,5,6,0,7,0,0,0,0,0,0,5,2,0,0,0,0
kinship,699,169954,5,False,other,3,5,0,7,0,0,0,0,0,0,4,2,0,0,0,0
kinship,700,170054,5,False,other,3,5,0,7,0,0,0,0,0,0,4,2,0,0,0,0
kinship,701,170154,5,False,other,3,5,0,7,0,0,0,0,0,0,4,2,0,0,0,0
kinship,702,170254,4,False,other,5,6,0,7,0,0,0,0,0,0,5,2,0,0,0,0
kinship,703,170354,4,False,other,5,6,0,7,0,0,0,0,0,0,5,2,0,0,0,0
kinship,704,170454,4,False,other,5,6,0,7,0,0,0,0,0,0,5,2,0,0,0,0
kinship,705,170554,4,False,other,5,6,0,7,0,0,0,0,0,0,5,2,0,0,0,0
kinship,706,170654,4,False,other,5,6,0,7,0,0,0,0,0,0,5,2,0,0,0,0
kinship,707,170754,5,False,other,3,5,0,7,0,0,0,0,0,0,4,2,0,0,0,0
kinship,708,170854,4,False,other,5,6,0,7,0,0,0,0,0,0,5,2,0,0,0,0
kinship,709,170954,4,False,other,5,6,0,7,0,0,0,0,0,0,5,2,0,0,0,0
kinship,710,171054,5,False,other,3,5,0,7,0,0,0,0,0,0,4,2,0,0,0,0
kinship,711,171154,5,False,other,3,5,0,7,0,0,0,0,0,0,4,2,0,0,0,0
kinship,712,171254,4,False,other,5,6,0,7,0,0,0,0,0,0,5,2,0,0,0,0
kinship,713,171354,5,False,other,5,7,0,7,0,0,0,0,0,0,5,2,0,0,0,0
kinship,714,171454,4,False,other,5,6,0,7,0,0,0,0,0,0,5,2,0,0,0,0
kinship,715,171554,4,False,other,5,6,0,7,0,0,0,0,0,0,5,2,0,0,0,0
kinship,716,171654,5,False,other,3,5,0,7,0,0,0,0,0,0,4,2,0,0,0,0
kinship,717,171754,4,False,other,5,6,0,7,0,0,0,0,0,0,5,2,0,0,0,0
kinship,718,171854,4,False,other,5,6,0,7,0,0,0,0,0,0,5,2,0,0,0,0
kinship,719,171954,5,False,other,3,5,0,7,0,0,0,0,0,0,4,2,0,0,0,0
kinship,720,172054,5,False,other,3,5,0,7,0,0,0,0,0,0,4,2,0,0,0,0
kinship,721,172154,4,False,other,5,6,0,7,0,0,0,0,0,0,5,2,0,0,0,0
kinship,722,172254,4,False,other,5,6,0,7,0,0,0,0,0,0,5,2,0,0,0,0
kinship,723,172354,5,False,other,3,5,0,7,0,0,0,0,0,0,4,2,0,0,0,0
kinship,724,172454,5,False,other,3,5,0,7,0,0,0,0,0,0,4,2,0,0,0,0
kinship,725,172554,5,False,other,3,5,0,7,0,0,0,0,0,0,4,2,0,0,0,0
kinship,726,172654,5,False,other,3,5,0,7,0,0,0,0,0,0,4,2,0,0,0,0
kinship,727,172754,4,False,other,5,6,0,7,0,0,0,0,0,0,5,2,0,0,0,0
kinship,728,172854,4,False,other,5,6,0,7,0,0,0,0,0,0,5,2,0,0,0,0
kinship,729,172954,4,False,other,5,6,0,7,0,0,0,0,0,0,5,2,0,0,0,0
kinship,730,173054,4,False,other,5,6,0,7,0,0,0,0,0,0,5,2,0,0,0,0
kinship,731,173154,4,False,other,5,6,0,7,0,0,0,0,0,0,5,2,0,0,0,0
kinship,732,173254,5,False,other,3,5,0,7,0,0,0,0,0,0,4,2,0,0,0,0
kinship,733,173354,5,False,other,3,5,0,7,0,0,0,0,0,0,4,2,0,0,0,0
kinship,734,173454,5,False,other,3,5,0,7,0,0,0,0,0,0,4,2,0,0,0,0
kinship,735,173554,5,False,other,3,5,0,7,0,0,0,0,0,0,4,2,0,0,0,0
kinship,736,173654,5,False,other,3,5,0,7,0,0,0,0,0,0,4,2,0,0,0,0
kinship,737,173754,4,False,other,5,6,0,7,0,0,0,0,0,0,5,2,0,0,0,0
kinship,738,173854,4,False,other,5,6,0,7,0,0,0,0,0,0,5,2,0,0,0,0
kinship,739,173954,4,False,other,5,6,0,7,0,0,0,0,0,0,5,2,0,0,0,0
kinship,740,174054,5,False,other,3,5,0,7,0,0,0,0,0,0,4,2,0,0,0,0
kinship,741,174154,4,False,other,5,6,0,7,0,0,0,0,0,0,5,2,0,0,0,0
kinship,742,174254,5,False,other,3,5,0,7,0,0,0,0,0,0,4,2,0,0,0,0
kinship,743,174354,4,False,other,5,6,0,7,0,0,0,0,0,0,5,2,0,0,0,0
kinship,744,174454,4,False,other,5,6,0,7,0,0,0,0,0,0,5,2,0,0,0,0
kinship,745,174554,4,False,other,5,6,0,7,0,0,0,0,0,0,5,2,0,0,0,0
kinship,746,174654,5,False,other,3,5,0,7,0,0,0,0,0,0,4,2,0,0,0,0
kinship,747,174754,5,False,other,3,5,0,7,0,0,0,0,0,0,4,2,0,0,0,0
kinship,748,174854,5,False,other,3,5,0,7,0,0,0,0,0,0,4,2,0,0,0,0
kinship,749,174954,5,False,other,3,5,0,7,0,0,0,0,0,0,4,2,0,0,0,0
kinship,750,175054,5,False,other,3,5,0,7,0,0,0,0,0,0,4,2,0,0,0,0
kinship,751,175154,5,False,other,3,5,0,7,0,0,0,0,0,0,4,2,0,0,0,0
kinship,752,175254,4,False,other,5,6,0,7,0,0,0,0,0,0,5,2,0,0,0,0
kinship,753,175354,4,False,other,5,6,0,7,0,0,0,0,0,0,5,2,0,0,0,0
kinship,754,175454,5,False,other,3,5,0,7,0,0,0,0,0,0,4,2,0,0,0,0
kinship,755,175554,5,False,other,3,5,0,7,0,0,0,0,0,0,4,2,0,0,0,0
kinship,756,175654,4,False,other,5,6,0,7,0,0,0,0,0,0,5,2,0,0,0,0
kinship,757,175754,5,False,other,3,5,0,7,0,0,0,0,0,0,4,2,0,0,0,0
kinship,758,175854,5,False,other,3,5,0,7,0,0,0,0,0,0,4,2,0,0,0,0
kinship,759,175954,4,False,other,5,6,0,7,0,0,0,0,0,0,5,2,0,0,0,0
kinship,760,176054,4,False,other,5,6,0,7,0,0,0,0,0,0,5,2,0,0,0,0
kinship,761,176154,4,False,other,5,6,0,7,0,0,0,0,0,0,5,2,0,0,0,0
kinship,762,176254,5,False,other,3,5,0,7,0,0,0,0,0,0,4,2,0,0,0,0
kinship,763,176354,4,False,other,5,6,0,7,0,0,0,0,0,0,5,2,0,0,0,0
kinship,764,176454,4,False,other,5,6,0,7,0,0,0,0,0,0,5,2,0,0,0,0
kinship,765,176554,4,False,other,5,6,0,7,0,0,0,0,0,0,5,2,0,0,0,0
kinship,766,176654,4,False,other,5,6,0,7,0,0,0,0,0,0,5,2,0,0,0,0
kinship,767,176754,4,False,other,5,6,0,7,0,0,0,0,0,0,5,2,0,0,0,0
kinship,768,176854,4,False,other,5,6,0,7,0,0,0,0,0,0,5,2,0,0,0,0
kinship,769,176954,4,False,other,5,6,0,7,0,0,0,0,0,0,5,2,0,0,0,0
kinship,770,177054,4,False,other,5,6,0,7,0,0,0,0,0,0,5,2,0,0,0,0
kinship,771,177154,5,False,other,3,5,0,7,0,0,0,0,0,0,4,2,0,0,0,0
kinship,772,177254,4,False,other,5,6,0,7,0,0,0,0,0,0,5,2,0,0,0,0
kinship,773,177354,4,False,other,5,6,0,7,0,0,0,0,0,0,5,2,0,0,0,0
kinship,774,177454,4,False,other,5,6,0,7,0,0,0,0,0,0,5,2,0,0,0,0
kinship,775,177554,4,False,other,5,6,0,7,0,0,0,0,0,0,5,2,0,0,0,0
kinship,776,177654,5,False,other,3,5,0,7,0,0,0,0,0,0,4,2,0,0,0,0
kinship,777,177754,4,False,other,5,6,0,7,0,0,0,0,0,0,5,2,0,0,0,0
kinship,778,177854,4,False,other,5,6,0,7,0,0,0,0,0,0,5,2,0,0,0,0
kinship,779,177954,4,False,other,5,6,0,7,0,0,0,0,0,0,5,2,0,0,0,0
kinship,780,178054,4,False,other,5,6,0,7,0,0,0,0,0,0,5,2,0,0,0,0
kinship,781,178154,4,False,other,5,6,0,7,0,0,0,0,0,0,5,2,0,0,0,0
kinship,782,178254,5,False,other,3,5,0,7,0,0,0,0,0,0,4,2,0,0,0,0
kinship,783,178354,5,False,other,3,5,0,7,0,0,0,0,0,0,4,2,0,0,0,0
kinship,784,178454,4,False,other,5,6,0,7,0,0,0,0,0,0,5,2,0,0,0,0
kinship,785,178554,4,False,other,5,6,0,7,0,0,0,0,0,0,5,2,0,0,0,0
kinship,786,178654,4,False,other,5,6,0,7,0,0,0,0,0,0,5,2,0,0,0,0
kinship,787,178754,5,False,other,3,5,0,7,0,0,0,0,0,0,4,2,0,0,0,0
kinship,788,178854,4,False,other,5,6,0,7,0,0,0,0,0,0,5,2,0,0,0,0
kinship,789,178954,5,False,other,3,5,0,7,0,0,0,0,0,0,4,2,0,0,0,0
kinship,790,179054,5,False,other,3,5,0,7,0,0,0,0,0,0,4,2,0,0,0,0
kinship,791,179154,4,False,other,5,6,0,7,0,0,0,0,0,0,5,2,0,0,0,0
kinship,792,179254,4,False,other,5,6,0,7,0,0,0,0,0,0,5,2,0,0,0,0
kinship,793,179354,5,False,other,3,5,0,7,0,0,0,0,0,0,4,2,0,0,0,0
kinship,794,179454,5,False,other,3,5,0,7,0,0,0,0,0,0,4,2,0,0,0,0
kinship,795,179554,4,False,other,5,6,0,7,0,0,0,0,0,0,5,2,0,0,0,0
kinship,796,179654,5,False,other,3,5,0,7,0,0,0,0,0,0,4,2,0,0,0,0
kinship,797,179754,5,False,other,3,5,0,7,0,0,0,0,0,0,4,2,0,0,0,0
kinship,798,179854,4,False,other,5,6,0,7,0,0,0,0,0,0,5,2,0,0,0,0
kinship,799,179954,4,False,other,5,6,0,7,0,0,0,0,0,0,5,2,0,0,0,0
kinship,800,180054,5,False,other,3,5,0,7,0,0,0,0,0,0,4,2,0,0,0,0
kinship,801,180154,5,False,other,3,5,0,7,0,0,0,0,0,0,4,2,0,0,0,0
kinship,802,180254,4,False,other,5,6,0,7,0,0,0,0,0,0,5,2,0,0,0,0
kinship,803,180354,4,False,other,5,6,0,7,0,0,0,0,0,0,5,2,0,0,0,0
kinship,804,180454,4,False,other,5,6,0,7,0,0,0,0,0,0,5,2,0,0,0,0
kinship,805,180554,4,False,other,5,6,0,7,0,0,0,0,0,0,5,2,0,0,0,0
kinship,806,180654,5,False,other,3,5,0,7,0,0,0,0,0,0,4,2,0,0,0,0
kinship,807,180754,5,False,other,3,5,0,7,0,0,0,0,0,0,4,2,0,0,0,0
kinship,808,180854,4,False,other,5,6,0,7,0,0,0,0,0,0,5,2,0,0,0,0
kinship,809,180954,4,False,other,5,6,0,7,0,0,0,0,0,0,5,2,0,0,0,0
kinship,810,181054,5,False,other,3,5,0,7,0,0,0,0,0,0,4,2,0,0,0,0
kinship,811,181154,5,False,other,3,5,0,7,0,0,0,0,0,0,4,2,0,0,0,0
kinship,812,181254,4,False,other,5,6,0,7,0,0,0,0,0,0,5,2,0,0,0,0
kinship,813,181354,4,False,other,5,6,0,7,0,0,0,0,0,0,5,2,0,0,0,0
kinship,814,181454,4,False,other,5,6,0,7,0,0,0,0,0,0,5,2,0,0,0,0
kinship,815,181554,4,False,other,5,6,0,7,0,0,0,0,0,0,5,2,0,0,0,0
kinship,816,181654,4,False,other,5,6,0,7,0,0,0,0,0,0,5,2,0,0,0,0
kinship,817,181754,5,False,other,3,5,0,7,0,0,0,0,0,0,4,2,0,0,0,0
kinship,818,181854,5,False,other,3,5,0,7,0,0,0,0,0,0,4,2,0,0,0,0
kinship,819,181954,4,False,other,5,6,0,7,0,0,0,0,0,0,5,2,0,0,0,0
kinship,820,182054,4,False,other,5,6,0,7,0,0,0,0,0,0,5,2,0,0,0,0
kinship,821,182154,4,False,other,5,6,0,7,0,0,0,0,0,0,5,2,0,0,0,0
kinship,822,182254,4,False,other,5,6,0,7,0,0,0,0,0,0,5,2,0,0,0,0
kinship,823,182354,5,False,other,3,5,0,7,0,0,0,0,0,0,4,2,0,0,0,0
kinship,824,182454,5,False,other,3,5,0,7,0,0,0,0,0,0,4,2,0,0,0,0
kinship,825,182554,4,False,other,5,6,0,7,0,0,0,0,0,0,5,2,0,0,0,0
kinship,826,182654,4,False,other,5,6,0,7,0,0,0,0,0,0,5,2,0,0,0,0
kinship,827,182754,4,False,other,5,6,0,7,0,0,0,0,0,0,5,2,0,0,0,0
kinship,828,182854,5,False,other,3,5,0,7,0,0,0,0,0,0,4,2,0,0,0,0
kinship,829,182954,4,False,other,5,6,0,7,0,0,0,0,0,0,5,2,0,0,0,0
kinship,830,183054,4,False,other,5,6,0,7,0,0,0,0,0,0,5,2,0,0,0,0
kinship,831,183154,4,False,other,5,6,0,7,0,0,0,0,0,0,5,2,0,0,0,0
kinship,832,183254,5,False,other,3,5,0,7,0,0,0,0,0,0,4,2,0,0,0,0
kinship,833,183354,4,False,other,5,6,0,7,0,0,0,0,0,0,5,2,0,0,0,0
kinship,834,183454,4,False,other,5,6,0,7,0,0,0,0,0,0,5,2,0,0,0,0
kinship,835,183554,4,False,other,5,6,0,7,0,0,0,0,0,0,5,2,0,0,0,0
kinship,836,183654,4,False,other,5,6,0,7,0,0,0,0,0,0,5,2,0,0,0,0
kinship,837,183754,5,False,other,3,5,0,7,0,0,0,0,0,0,4,2,0,0,0,0
kinship,838,183854,5,False,other,3,5,0,7,0,0,0,0,0,0,4,2,0,0,0,0
kinship,839,183954,4,False,other,5,6,0,7,0,0,0,0,0,0,5,2,0,0,0,0
kinship,840,184054,4,False,other,5,6,0,7,0,0,0,0,0,0,5,2,0,0,0,0
kinship,841,184154,5,False,other,3,5,0,7,0,0,0,0,0,0,4,2,0,0,0,0
kinship,842,184254,5,False,other,3,5,0,7,0,0,0,0,0,0,4,2,0,0,0,0
kinship,843,184354,4,False,other,5,6,0,7,0,0,0,0,0,0,5,2,0,0,0,0
kinship,844,184454,4,False,other,5,6,0,7,0,0,0,0,0,0,5,2,0,0,0,0
kinship,845,184554,4,False,other,5,6,0,7,0,0,0,0,0,0,5,2,0,0,0,0
kinship,846,184654,4,False,other,5,6,0,7,0,0,0,0,0,0,5,2,0,0,0,0
kinship,847,184754,4,False,other,5,6,0,7,0,0,0,0,0,0,5,2,0,0,0,0
kinship,848,184854,4,False,other,5,6,0,7,0,0,0,0,0,0,5,2,0,0,0,0
kinship,849,184954,4,False,other,5,6,0,7,0,0,0,0,0,0,5,2,0,0,0,0
kinship,850,185054,5,False,other,3,5,0,7,0,0,0,0,0,0,4,2,0,0,0,0
kinship,851,185154,5,False,other,3,5,0,7,0,0,0,0,0,0,4,2,0,0,0,0
kinship,852,185254,4,False,other,5,6,0,7,0,0,0,0,0,0,5,2,0,0,0,0
kinship,853,185354,4,False,other,5,6,0,7,0,0,0,0,0,0,5,2,0,0,0,0
kinship,854,185454,5,False,other,3,5,0,7,0,0,0,0,0,0,4,2,0,0,0,0
kinship,855,185554,5,False,other,3,5,0,7,0,0,0,0,0,0,4,2,0,0,0,0
kinship,856,185654,4,False,other,5,6,0,7,0,0,0,0,0,0,5,2,0,0,0,0
kinship,857,185754,4,False,other,5,6,0,7,0,0,0,0,0,0,5,2,0,0,0,0
kinship,858,185854,4,False,other,5,6,0,7,0,0,0,0,0,0,5,2,0,0,0,0
kinship,859,185954,4,False,other,5,6,0,7,0,0,0,0,0,0,5,2,0,0,0,0
kinship,860,186054,4,False,other,5,6,0,7,0,0,0,0,0,0,5,2,0,0,0,0
kinship,861,186154,4,False,other,5,6,0,7,0,0,0,0,0,0,5,2,0,0,0,0
kinship,862,186254,5,False,other,3,5,0,7,0,0,0,0,0,0,4,2,0,0,0,0
kinship,863,186354,5,False,other,3,5,0,7,0,0,0,0,0,0,4,2,0,0,0,0
kinship,864,186454,4,False,other,5,6,0,7,0,0,0,0,0,0,5,2,0,0,0,0
kinship,865,186554,4,False,other,5,6,0,7,0,0,0,0,0,0,5,2,0,0,0,0
kinship,866,186654,4,False,other,5,6,0,7,0,0,0,0,0,0,5,2,0,0,0,0
kinship,867,186754,5,False,other,3,5,0,7,0,0,0,0,0,0,4,2,0,0,0,0
kinship,868,186854,5,False,other,3,5,0,7,0,0,0,0,0,0,4,2,0,0,0,0
kinship,869,186954,4,False,other,5,6,0,7,0,0,0,0,0,0,5,2,0,0,0,0
kinship,870,187054,5,False,other,3,5,0,7,0,0,0,0,0,0,4,2,0,0,0,0
kinship,871,187154,4,False,other,5,6,0,7,0,0,0,0,0,0,5,2,0,0,0,0
kinship,872,187254,4,False,other,5,6,0,7,0,0,0,0,0,0,5,2,0,0,0,0
kinship,873,187354,5,False,other,3,5,0,7,0,0,0,0,0,0,4,2,0,0,0,0
kinship,874,187454,4,False,other,5,6,0,7,0,0,0,0,0,0,5,2,0,0,0,0
kinship,875,187554,5,False,other,3,5,0,7,0,0,0,0,0,0,4,2,0,0,0,0
kinship,876,187654,5,False,other,5,7,0,7,0,0,0,0,0,0,5,2,0,0,0,0
kinship,877,187754,4,False,other,5,6,0,7,0,0,0,0,0,0,5,2,0,0,0,0
kinship,878,187854,4,False,other,5,6,0,7,0,0,0,0,0,0,5,2,0,0,0,0
kinship,879,187954,4,False,other,5,6,0,7,0,0,0,0,0,0,5,2,0,0,0,0
kinship,880,188054,4,False,other,5,6,0,7,0,0,0,0,0,0,5,2,0,0,0,0
kinship,881,188154,4,False,other,5,6,0,7,0,0,0,0,0,0,5,2,0,0,0,0
kinship,882,188254,5,False,other,3,5,0,7,0,0,0,0,0,0,4,2,0,0,0,0
kinship,883,188354,5,False,other,3,5,0,7,0,0,0,0,0,0,4,2,0,0,0,0
kinship,884,188454,4,False,other,5,6,0,7,0,0,0,0,0,0,5,2,0,0,0,0
kinship,885,188554,4,False,other,5,6,0,7,0,0,0,0,0,0,5,2,0,0,0,0
kinship,886,188654,4,False,other,5,6,0,7,0,0,0,0,0,0,5,2,0,0,0,0
kinship,887,188754,5,False,other,3,5,0,7,0,0,0,0,0,0,4,2,0,0,0,0
kinship,888,188854,4,False,other,5,6,0,7,0,0,0,0,0,0,5,2,0,0,0,0
kinship,889,188954,5,False,other,3,5,0,7,0,0,0,0,0,0,4,2,0,0,0,0
kinship,890,189054,4,False,other,5,6,0,7,0,0,0,0,0,0,5,2,0,0,0,0
kinship,891,189154,5,False,other,3,5,0,7,0,0,0,0,0,0,4,2,0,0,0,0
kinship,892,189254,4,False,other,5,6,0,7,0,0,0,0,0,0,5,2,0,0,0,0
kinship,893,189354,4,False,other,5,6,0,7,0,0,0,0,0,0,5,2,0,0,0,0
kinship,894,189454,5,False,other,3,5,0,7,0,0,0,0,0,0,4,2,0,0,0,0
kinship,895,189554,4,False,other,5,6,0,7,0,0,0,0,0,0,5,2,0,0,0,0
kinship,896,189654,5,False,other,3,5,0,7,0,0,0,0,0,0,4,2,0,0,0,0
kinship,897,189754,4,False,other,5,6,0,7,0,0,0,0,0,0,5,2,0,0,0,0
kinship,898,189854,5,False,other,3,5,0,7,0,0,0,0,0,0,4,2,0,0,0,0
kinship,899,189954,4,False,other,5,6,0,7,0,0,0,0,0,0,5,2,0,0,0,0
kinship,900,190054,4,False,other,5,6,0,7,0,0,0,0,0,0,5,2,0,0,0,0
kinship,901,190154,5,False,other,3,5,0,7,0,0,0,0,0,0,4,2,0,0,0,0
kinship,902,190254,4,False,other,5,6,0,7,0,0,0,0,0,0,5,2,0,0,0,0
kinship,903,190354,5,False,other,3,5,0,7,0,0,0,0,0,0,4,2,0,0,0,0
kinship,904,190454,4,False,other,5,6,0,7,0,0,0,0,0,0,5,2,0,0,0,0
kinship,905,190554,4,False,other,5,6,0,7,0,0,0,0,0,0,5,2,0,0,0,0
kinship,906,190654,4,False,other,5,6,0,7,0,0,0,0,0,0,5,2,0,0,0,0
kinship,907,190754,5,False,other,3,5,0,7,0,0,0,0,0,0,4,2,0,0,0,0
kinship,908,190854,5,False,other,3,5,0,7,0,0,0,0,0,0,4,2,0,0,0,0
kinship,909,190954,4,False,other,5,6,0,7,0,0,0,0,0,0,5,2,0,0,0,0
kinship,910,191054,5,False,other,3,5,0,7,0,0,0,0,0,0,4,2,0,0,0,0
kinship,911,191154,4,False,other,5,6,0,7,0,0,0,0,0,0,5,2,0,0,0,0
kinship,912,191254,4,False,other,5,6,0,7,0,0,0,0,0,0,5,2,0,0,0,0
kinship,913,191354,4,False,other,5,6,0,7,0,0,0,0,0,0,5,2,0,0,0,0
kinship,914,191454,4,False,other,5,6,0,7,0,0,0,0,0,0,5,2,0,0,0,0
kinship,915,191554,4,False,other,5,6,0,7,0,0,0,0,0,0,5,2,0,0,0,0
kinship,916,191654,4,False,other,5,6,0,7,0,0,0,0,0,0,5,2,0,0,0,0
kinship,917,191754,4,False,other,5,6,0,7,0,0,0,0,0,0,5,2,0,0,0,0
kinship,918,191854,4,False,other,5,6,0,7,0,0,0,0,0,0,5,2,0,0,0,0
kinship,919,191954,5,False,other,3,5,0,7,0,0,0,0,0,0,4,2,0,0,0,0
kinship,920,192054,4,False,other,5,6,0,7,0,0,0,0,0,0,5,2,0,0,0,0
kinship,921,192154,5,False,other,3,5,0,7,0,0,0,0,0,0,4,2,0,0,0,0
kinship,922,192254,4,False,other,5,6,0,7,0,0,0,0,0,0,5,2,0,0,0,0
kinship,923,192354,4,False,other,5,6,0,7,0,0,0,0,0,0,5,2,0,0,0,0
kinship,924,192454,4,False,other,5,6,0,7,0,0,0,0,0,0,5,2,0,0,0,0
kinship,925,192554,4,False,other,5,6,0,7,0,0,0,0,0,0,5,2,0,0,0,0
kinship,926,192654,5,False,other,3,5,0,7,0,0,0,0,0,0,4,2,0,0,0,0
kinship,927,192754,4,False,other,5,6,0,7,0,0,0,0,0,0,5,2,0,0,0,0
kinship,928,192854,4,False,other,5,6,0,7,0,0,0,0,0,0,5,2,0,0,0,0
kinship,929,192954,4,False,other,5,6,0,7,0,0,0,0,0,0,5,2,0,0,0,0
kinship,930,193054,5,False,other,3,5,0,7,0,0,0,0,0,0,4,2,0,0,0,0
kinship,931,193154,4,False,other,5,6,0,7,0,0,0,0,0,0,5,2,0,0,0,0
kinship,932,193254,4,False,other,5,6,0,7,0,0,0,0,0,0,5,2,0,0,0,0
kinship,933,193354,4,False,other,5,6,0,7,0,0,0,0,0,0,5,2,0,0,0,0
kinship,934,193454,4,False,other,5,6,0,7,0,0,0,0,0,0,5,2,0,0,0,0
kinship,935,193554,4,False,other,5,6,0,7,0,0,0,0,0,0,5,2,0,0,0,0
kinship,936,193654,4,False,other,5,6,0,7,0,0,0,0,0,0,5,2,0,0,0,0
kinship,937,193754,4,False,other,5,6,0,7,0,0,0,0,0,0,5,2,0,0,0,0
kinship,938,193854,5,False,other,3,5,0,7,0,0,0,0,0,0,4,2,0,0,0,0
kinship,939,193954,4,False,other,5,6,0,7,0,0,0,0,0,0,5,2,0,0,0,0
kinship,940,194054,5,False,other,3,5,0,7,0,0,0,0,0,0,4,2,0,0,0,0
kinship,941,194154,5,False,other,3,5,0,7,0,0,0,0,0,0,4,2,0,0,0,0
kinship,942,194254,4,False,other,5,6,0,7,0,0,0,0,0,0,5,2,0,0,0,0
kinship,943,194354,4,False,other,5,6,0,7,0,0,0,0,0,0,5,2,0,0,0,0
kinship,944,194454,5,False,other,3,5,0,7,0,0,0,0,0,0,4,2,0,0,0,0
kinship,945,194554,4,False,other,5,6,0,7,0,0,0,0,0,0,5,2,0,0,0,0
kinship,946,194654,4,False,other,5,6,0,7,0,0,0,0,0,0,5,2,0,0,0,0
kinship,947,194754,4,False,other,5,6,0,7,0,0,0,0,0,0,5,2,0,0,0,0
kinship,948,194854,4,False,other,5,6,0,7,0,0,0,0,0,0,5,2,0,0,0,0
kinship,949,194954,5,False,other,3,5,0,7,0,0,0,0,0,0,4,2,0,0,0,0
kinship,950,195054,4,False,other,5,6,0,7,0,0,0,0,0,0,5,2,0,0,0,0
kinship,951,195154,4,False,other,5,6,0,7,0,0,0,0,0,0,5,2,0,0,0,0
kinship,952,195254,4,False,other,5,6,0,7,0,0,0,0,0,0,5,2,0,0,0,0
kinship,953,195354,4,False,other,5,6,0,7,0,0,0,0,0,0,5,2,0,0,0,0
kinship,954,195454,4,False,other,5,6,0,7,0,0,0,0,0,0,5,2,0,0,0,0
kinship,955,195554,5,False,other,3,5,0,7,0,0,0,0,0,0,4,2,0,0,0,0
kinship,956,195654,5,False,other,3,5,0,7,0,0,0,0,0,0,4,2,0,0,0,0
kinship,957,195754,4,False,other,5,6,0,7,0,0,0,0,0,0,5,2,0,0,0,0
kinship,958,195854,4,False,other,5,6,0,7,0,0,0,0,0,0,5,2,0,0,0,0
kinship,959,195954,4,False,other,5,6,0,7,0,0,0,0,0,0,5,2,0,0,0,0
kinship,960,196054,4,False,other,5,6,0,7,0,0,0,0,0,0,5,2,0,0,0,0
kinship,961,196154,4,False,other,5,6,0,7,0,0,0,0,0,0,5,2,0,0,0,0
kinship,962,196254,4,False,other,5,6,0,7,0,0,0,0,0,0,5,2,0,0,0,0
kinship,963,196354,4,False,other,5,6,0,7,0,0,0,0,0,0,5,2,0,0,0,0
kinship,964,196454,5,False,other,3,5,0,7,0,0,0,0,0,0,4,2,0,0,0,0
kinship,965,196554,4,False,other,5,6,0,7,0,0,0,0,0,0,5,2,0,0,0,0
kinship,966,196654,5,False,other,5,7,0,7,0,0,0,0,0,0,5,2,0,0,0,0
kinship,967,196754,5,False,other,3,5,0,7,0,0,0,0,0,0,4,2,0,0,0,0
kinship,968,196854,5,False,other,3,5,0,7,0,0,0,0,0,0,4,2,0,0,0,0
kinship,969,196954,4,False,other,5,6,0,7,0,0,0,0,0,0,5,2,0,0,0,0
kinship,970,197054,4,False,other,5,6,0,7,0,0,0,0,0,0,5,2,0,0,0,0
kinship,971,197154,4,False,other,5,6,0,7,0,0,0,0,0,0,5,2,0,0,0,0
kinship,972,197254,4,False,other,5,6,0,7,0,0,0,0,0,0,5,2,0,0,0,0
kinship,973,197354,4,False,other,5,6,0,7,0,0,0,0,0,0,5,2,0,0,0,0
kinship,974,197454,4,False,other,5,6,0,7,0,0,0,0,0,0,5,2,0,0,0,0
kinship,975,197554,5,False,other,3,5,0,7,0,0,0,0,0,0,4,2,0,0,0,0
kinship,976,197654,4,False,other,5,6,0,7,0,0,0,0,0,0,5,2,0,0,0,0
kinship,977,197754,4,False,other,5,6,0,7,0,0,0,0,0,0,5,2,0,0,0,0
kinship,978,197854,5,False,other,5,7,0,7,0,0,0,0,0,0,5,2,0,0,0,0
kinship,979,197954,4,False,other,5,6,0,7,0,0,0,0,0,0,5,2,0,0,0,0
kinship,980,198054,4,False,other,5,6,0,7,0,0,0,0,0,0,5,2,0,0,0,0
kinship,981,198154,5,False,other,3,5,0,7,0,0,0,0,0,0,4,2,0,0,0,0
kinship,982,198254,4,False,other,5,6,0,7,0,0,0,0,0,0,5,2,0,0,0,0
kinship,983,198354,4,False,other,5,6,0,7,0,0,0,0,0,0,5,2,0,0,0,0
kinship,984,198454,5,False,other,3,5,0,7,0,0,0,0,0,0,4,2,0,0,0,0
kinship,985,198554,5,False,other,3,5,0,7,0,0,0,0,0,0,4,2,0,0,0,0
kinship,986,198654,5,False,other,3,5,0,7,0,0,0,0,0,0,4,2,0,0,0,0
kinship,987,198754,5,False,other,3,5,0,7,0,0,0,0,0,0,4,2,0,0,0,0
kinship,988,198854,4,False,other,5,6,0,7,0,0,0,0,0,0,5,2,0,0,0,0
kinship,989,198954,5,False,other,3,5,0,7,0,0,0,0,0,0,4,2,0,0,0,0
kinship,990,199054,4,False,other,5,6,0,7,0,0,0,0,0,0,5,2,0,0,0,0
kinship,991,199154,4,False,other,5,6,0,7,0,0,0,0,0,0,5,2,0,0,0,0
kinship,992,199254,5,False,other,3,5,0,7,0,0,0,0,0,0,4,2,0,0,0,0
kinship,993,199354,4,False,other,5,6,0,7,0,0,0,0,0,0,5,2,0,0,0,0
kinship,994,199454,5,False,other,3,5,0,7,0,0,0,0,0,0,4,2,0,0,0,0
kinship,995,199554,4,False,other,5,6,0,7,0,0,0,0,0,0,5,2,0,0,0,0
kinship,996,199654,5,False,other,3,5,0,7,0,0,0,0,0,0,4,2,0,0,0,0
kinship,997,199754,5,False,other,3,5,0,7,0,0,0,0,0,0,4,2,0,0,0,0
kinship,998,199854,4,False,other,5,6,0,7,0,0,0,0,0,0,5,2,0,0,0,0
kinship,999,199954,4,False,other,5,6,0,7,0,0,0,0,0,0,5,2,0,0,0,0
kinship,1000,200054,4,False,other,5,6,0,7,0,0,0,0,0,0,5,2,0,0,0,0
technology,1,100142,14,False,population_zero,0,5,0,7,0,0,0,0,3,3,0,0,0,0,0,0
technology,2,100242,100,True,max_turns_reached,1,5,6,17,0,0,0,0,12,12,0,0,0,0,0,0
technology,3,100342,100,True,max_turns_reached,3,5,26,32,0,0,0,0,20,20,0,0,0,0,0,0
technology,4,100442,24,False,population_zero,0,5,0,8,0,0,0,0,2,2,0,0,0,0,0,0
technology,5,100542,100,True,max_turns_reached,5,5,52,68,0,0,0,0,35,35,0,0,0,0,0,0
technology,6,100642,100,True,max_turns_reached,5,5,63,74,0,0,0,0,39,39,0,0,0,0,0,0
technology,7,100742,100,True,max_turns_reached,2,5,10,21,0,0,0,0,25,25,0,0,0,0,0,0
technology,8,100842,79,False,population_zero,0,5,0,18,0,0,0,0,7,7,0,0,0,0,0,0
technology,9,100942,77,False,population_zero,0,5,0,10,0,0,0,0,8,8,0,0,0,0,0,0
technology,10,101042,85,False,population_zero,0,5,0,15,0,0,0,0,9,9,0,0,0,0,0,0
technology,11,101142,79,False,population_zero,0,5,0,14,0,0,0,0,9,9,0,0,0,0,0,0
technology,12,101242,100,True,max_turns_reached,5,5,61,76,0,0,0,0,39,39,0,0,0,0,0,0
technology,13,101342,25,False,population_zero,0,5,0,7,0,0,0,0,4,4,0,0,0,0,0,0
technology,14,101442,30,False,population_zero,0,5,0,12,0,0,0,0,6,6,0,0,0,0,0,0
technology,15,101542,100,True,max_turns_reached,4,5,57,57,0,0,0,0,37,37,0,0,0,0,0,0
technology,16,101642,100,True,max_turns_reached,5,5,46,67,0,0,0,0,37,37,0,0,0,0,0,0
technology,17,101742,100,True,max_turns_reached,5,5,35,59,0,0,0,0,32,32,0,0,0,0,0,0
technology,18,101842,9,False,population_zero,0,5,0,7,0,0,0,0,2,2,0,0,0,0,0,0
technology,19,101942,80,False,population_zero,0,5,0,12,0,0,0,0,7,7,0,0,0,0,0,0
technology,20,102042,78,False,population_zero,0,5,0,10,0,0,0,0,9,9,0,0,0,0,0,0
technology,21,102142,100,True,max_turns_reached,5,5,78,81,0,0,0,0,40,40,0,0,0,0,0,0
technology,22,102242,20,False,population_zero,0,5,0,7,0,0,0,0,4,4,0,0,0,0,0,0
technology,23,102342,76,False,population_zero,0,5,0,14,0,0,0,0,7,7,0,0,0,0,0,0
technology,24,102442,23,False,population_zero,0,5,0,8,0,0,0,0,6,6,0,0,0,0,0,0
technology,25,102542,40,False,population_zero,0,5,0,10,0,0,0,0,6,6,0,0,0,0,0,0
technology,26,102642,22,False,population_zero,0,5,0,8,0,0,0,0,5,5,0,0,0,0,0,0
technology,27,102742,16,False,population_zero,0,5,0,7,0,0,0,0,2,2,0,0,0,0,0,0
technology,28,102842,14,False,population_zero,0,5,0,8,0,0,0,0,4,4,0,0,0,0,0,0
technology,29,102942,100,True,max_turns_reached,5,5,65,75,0,0,0,0,37,37,0,0,0,0,0,0
technology,30,103042,100,True,max_turns_reached,5,5,67,72,0,0,0,0,39,39,0,0,0,0,0,0
technology,31,103142,100,True,max_turns_reached,5,5,16,61,0,0,0,0,33,33,0,0,0,0,0,0
technology,32,103242,20,False,population_zero,0,5,0,8,0,0,0,0,3,3,0,0,0,0,0,0
technology,33,103342,100,True,max_turns_reached,3,5,21,39,0,0,0,0,24,24,0,0,0,0,0,0
technology,34,103442,100,True,max_turns_reached,2,5,7,12,0,0,0,0,21,21,0,0,0,0,0,0
technology,35,103542,100,True,max_turns_reached,5,5,70,77,0,0,0,0,38,38,0,0,0,0,0,0
technology,36,103642,100,True,max_turns_reached,5,5,67,75,0,0,0,0,42,42,0,0,0,0,0,0
technology,37,103742,40,False,population_zero,0,5,0,9,0,0,0,0,6,6,0,0,0,0,0,0
technology,38,103842,100,True,max_turns_reached,5,5,80,80,0,0,0,0,36,36,0,0,0,0,0,0
technology,39,103942,100,True,max_turns_reached,3,5,2,36,0,0,0,0,24,24,0,0,0,0,0,0
technology,40,104042,78,False,population_zero,0,5,0,20,0,0,0,0,8,8,0,0,0,0,0,0
technology,41,104142,100,True,max_turns_reached,3,5,33,41,0,0,0,0,24,24,0,0,0,0,0,0
technology,42,104242,100,True,max_turns_reached,4,5,36,48,0,0,0,0,39,39,0,0,0,0,0,0
technology,43,104342,100,True,max_turns_reached,5,5,73,73,0,0,0,0,35,35,0,0,0,0,0,0
technology,44,104442,100,True,max_turns_reached,3,5,35,35,0,0,0,0,23,23,0,0,0,0,0,0
technology,45,104542,78,False,population_zero,0,5,0,27,0,0,0,0,10,10,0,0,0,0,0,0
technology,46,104642,100,True,max_turns_reached,5,5,57,68,0,0,0,0,35,35,0,0,0,0,0,0
technology,47,104742,32,False,population_zero,0,5,0,9,0,0,0,0,5,5,0,0,0,0,0,0
technology,48,104842,21,False,population_zero,0,5,0,9,0,0,0,0,5,5,0,0,0,0,0,0
technology,49,104942,100,True,max_turns_reached,5,5,85,85,0,0,0,0,39,39,0,0,0,0,0,0
technology,50,105042,78,False,population_zero,0,5,0,27,0,0,0,0,9,9,0,0,0,0,0,0
technology,51,105142,100,True,max_turns_reached,5,5,39,63,0,0,0,0,36,36,0,0,0,0,0,0
technology,52,105242,76,False,population_zero,0,5,0,12,0,0,0,0,9,9,0,0,0,0,0,0
technology,53,105342,100,True,max_turns_reached,3,5,8,35,0,0,0,0,25,25,0,0,0,0,0,0
technology,54,105442,100,True,max_turns_reached,3,5,35,41,0,0,0,0,26,26,0,0,0,0,0,0
technology,55,105542,100,True,max_turns_reached,5,5,66,69,0,0,0,0,39,39,0,0,0,0,0,0
technology,56,105642,76,False,population_zero,0,5,0,23,0,0,0,0,8,8,0,0,0,0,0,0
technology,57,105742,100,True,max_turns_reached,5,5,80,80,0,0,0,0,40,40,0,0,0,0,0,0
technology,58,105842,100,True,max_turns_reached,4,5,25,44,0,0,0,0,36,36,0,0,0,0,0,0
technology,59,105942,100,True,max_turns_reached,2,5,10,28,0,0,0,0,21,21,0,0,0,0,0,0
technology,60,106042,100,True,max_turns_reached,5,5,52,75,0,0,0,0,38,38,0,0,0,0,0,0
technology,61,106142,100,True,max_turns_reached,5,5,45,69,0,0,0,0,39,39,0,0,0,0,0,0
technology,62,106242,100,True,max_turns_reached,2,5,5,24,0,0,0,0,23,23,0,0,0,0,0,0
technology,63,106342,100,True,max_turns_reached,3,5,21,42,0,0,0,0,26,26,0,0,0,0,0,0
technology,64,106442,83,False,population_zero,0,5,0,17,0,0,0,0,9,9,0,0,0,0,0,0
technology,65,106542,100,True,max_turns_reached,3,5,23,33,0,0,0,0,22,22,0,0,0,0,0,0
technology,66,106642,18,False,population_zero,0,5,0,10,0,0,0,0,4,4,0,0,0,0,0,0
technology,67,106742,100,True,max_turns_reached,1,5,16,31,0,0,0,0,17,17,0,0,0,0,0,0
technology,68,106842,100,True,max_turns_reached,4,5,21,40,0,0,0,0,35,35,0,0,0,0,0,0
technology,69,106942,100,True,max_turns_reached,5,5,50,72,0,0,0,0,36,36,0,0,0,0,0,0
technology,70,107042,81,False,population_zero,0,5,0,14,0,0,0,0,7,7,0,0,0,0,0,0
technology,71,107142,100,True,max_turns_reached,4,5,30,45,0,0,0,0,37,37,0,0,0,0,0,0
technology,72,107242,38,False,population_zero,0,5,0,8,0,0,0,0,4,4,0,0,0,0,0,0
technology,73,107342,49,False,population_zero,0,5,0,15,0,0,0,0,6,6,0,0,0,0,0,0
technology,74,107442,100,True,max_turns_reached,3,5,14,42,0,0,0,0,27,27,0,0,0,0,0,0
technology,75,107542,29,False,population_zero,0,5,0,17,0,0,0,0,4,4,0,0,0,0,0,0
technology,76,107642,24,False,population_zero,0,5,0,9,0,0,0,0,6,6,0,0,0,0,0,0
technology,77,107742,79,False,population_zero,0,5,0,13,0,0,0,0,8,8,0,0,0,0,0,0
technology,78,107842,100,True,max_turns_reached,5,5,42,72,0,0,0,0,34,34,0,0,0,0,0,0
technology,79,107942,100,True,max_turns_reached,5,5,63,66,0,0,0,0,37,37,0,0,0,0,0,0
technology,80,108042,49,False,population_zero,0,5,0,15,0,0,0,0,4,4,0,0,0,0,0,0
technology,81,108142,100,True,max_turns_reached,3,5,19,33,0,0,0,0,22,22,0,0,0,0,0,0
technology,82,108242,100,True,max_turns_reached,5,5,47,68,0,0,0,0,37,37,0,0,0,0,0,0
technology,83,108342,29,False,population_zero,0,5,0,11,0,0,0,0,4,4,0,0,0,0,0,0
technology,84,108442,100,True,max_turns_reached,3,5,17,23,0,0,0,0,24,24,0,0,0,0,0,0
technology,85,108542,100,True,max_turns_reached,5,5,46,62,0,0,0,0,34,34,0,0,0,0,0,0
technology,86,108642,100,True,max_turns_reached,3,5,9,34,0,0,0,0,23,23,0,0,0,0,0,0
technology,87,108742,100,True,max_turns_reached,5,5,75,81,0,0,0,0,40,40,0,0,0,0,0,0
technology,88,108842,100,True,max_turns_reached,5,5,59,79,0,0,0,0,39,39,0,0,0,0,0,0
technology,89,108942,58,False,population_zero,0,5,0,9,0,0,0,0,4,4,0,0,0,0,0,0
technology,90,109042,100,True,max_turns_reached,5,5,87,87,0,0,0,0,38,38,0,0,0,0,0,0
technology,91,109142,100,True,max_turns_reached,5,5,42,57,0,0,0,0,35,35,0,0,0,0,0,0
technology,92,109242,100,True,max_turns_reached,5,5,54,62,0,0,0,0,38,38,0,0,0,0,0,0
technology,93,109342,100,True,max_turns_reached,5,5,54,81,0,0,0,0,36,36,0,0,0,0,0,0
technology,94,109442,82,False,population_zero,0,5,0,13,0,0,0,0,7,7,0,0,0,0,0,0
technology,95,109542,78,False,population_zero,0,5,0,22,0,0,0,0,10,10,0,0,0,0,0,0
technology,96,109642,100,True,max_turns_reached,5,5,53,61,0,0,0,0,33,33,0,0,0,0,0,0
technology,97,109742,48,False,population_zero,0,5,0,28,0,0,0,0,6,6,0,0,0,0,0,0
technology,98,109842,41,False,population_zero,0,5,0,13,0,0,0,0,6,6,0,0,0,0,0,0
technology,99,109942,68,False,population_zero,0,5,0,16,0,0,0,0,6,6,0,0,0,0,0,0
technology,100,110042,100,True,max_turns_reached,2,5,5,29,0,0,0,0,24,24,0,0,0,0,0,0
technology,101,110142,16,False,population_zero,0,5,0,7,0,0,0,0,4,4,0,0,0,0,0,0
technology,102,110242,100,True,max_turns_reached,5,5,67,76,0,0,0,0,40,40,0,0,0,0,0,0
technology,103,110342,100,True,max_turns_reached,5,5,41,65,0,0,0,0,35,35,0,0,0,0,0,0
technology,104,110442,20,False,population_zero,0,5,0,7,0,0,0,0,5,5,0,0,0,0,0,0
technology,105,110542,100,True,max_turns_reached,4,5,52,54,0,0,0,0,42,42,0,0,0,0,0,0
technology,106,110642,100,True,max_turns_reached,5,5,54,67,0,0,0,0,38,38,0,0,0,0,0,0
technology,107,110742,100,True,max_turns_reached,5,5,65,65,0,0,0,0,39,39,0,0,0,0,0,0
technology,108,110842,100,True,max_turns_reached,5,5,71,86,0,0,0,0,40,40,0,0,0,0,0,0
technology,109,110942,100,True,max_turns_reached,2,5,8,13,0,0,0,0,23,23,0,0,0,0,0,0
technology,110,111042,35,False,population_zero,0,5,0,10,0,0,0,0,6,6,0,0,0,0,0,0
technology,111,111142,100,True,max_turns_reached,5,5,49,59,0,0,0,0,39,39,0,0,0,0,0,0
technology,112,111242,100,True,max_turns_reached,5,5,54,75,0,0,0,0,40,40,0,0,0,0,0,0
technology,113,111342,100,True,max_turns_reached,4,5,29,41,0,0,0,0,37,37,0,0,0,0,0,0
technology,114,111442,100,True,max_turns_reached,5,5,62,87,0,0,0,0,39,39,0,0,0,0,0,0
technology,115,111542,100,True,max_turns_reached,3,5,29,37,0,0,0,0,25,25,0,0,0,0,0,0
technology,116,111642,100,True,max_turns_reached,5,5,42,69,0,0,0,0,37,37,0,0,0,0,0,0
technology,117,111742,81,False,population_zero,0,5,0,15,0,0,0,0,11,11,0,0,0,0,0,0
technology,118,111842,100,True,max_turns_reached,5,5,52,62,0,0,0,0,37,37,0,0,0,0,0,0
technology,119,111942,26,False,population_zero,0,5,0,7,0,0,0,0,5,5,0,0,0,0,0,0
technology,120,112042,100,True,max_turns_reached,5,5,62,68,0,0,0,0,32,32,0,0,0,0,0,0
technology,121,112142,100,True,max_turns_reached,5,5,79,79,0,0,0,0,35,35,0,0,0,0,0,0
technology,122,112242,100,True,max_turns_reached,4,5,18,47,0,0,0,0,38,38,0,0,0,0,0,0
technology,123,112342,80,False,population_zero,0,5,0,23,0,0,0,0,9,9,0,0,0,0,0,0
technology,124,112442,100,True,max_turns_reached,1,5,4,15,0,0,0,0,11,11,0,0,0,0,0,0
technology,125,112542,100,True,max_turns_reached,5,5,45,81,0,0,0,0,37,37,0,0,0,0,0,0
technology,126,112642,77,False,population_zero,0,5,0,19,0,0,0,0,7,7,0,0,0,0,0,0
technology,127,112742,81,False,population_zero,0,5,0,11,0,0,0,0,6,6,0,0,0,0,0,0
technology,128,112842,100,True,max_turns_reached,1,5,6,10,0,0,0,0,10,10,0,0,0,0,0,0
technology,129,112942,10,False,population_zero,0,5,0,8,0,0,0,0,3,3,0,0,0,0,0,0
technology,130,113042,100,True,max_turns_reached,5,5,62,82,0,0,0,0,40,40,0,0,0,0,0,0
technology,131,113142,100,True,max_turns_reached,5,5,46,59,0,0,0,0,39,39,0,0,0,0,0,0
technology,132,113242,100,True,max_turns_reached,5,5,38,71,0,0,0,0,38,38,0,0,0,0,0,0
technology,133,113342,100,True,max_turns_reached,5,5,67,67,0,0,0,0,37,37,0,0,0,0,0,0
technology,134,113442,93,False,population_zero,0,5,0,17,0,0,0,0,9,9,0,0,0,0,0,0
technology,135,113542,100,True,max_turns_reached,5,5,64,75,0,0,0,0,38,38,0,0,0,0,0,0
technology,136,113642,100,True,max_turns_reached,5,5,57,74,0,0,0,0,36,36,0,0,0,0,0,0
technology,137,113742,100,True,max_turns_reached,5,5,60,80,0,0,0,0,40,40,0,0,0,0,0,0
technology,138,113842,87,False,population_zero,0,5,0,11,0,0,0,0,8,8,0,0,0,0,0,0
technology,139,113942,81,False,population_zero,0,5,0,12,0,0,0,0,8,8,0,0,0,0,0,0
technology,140,114042,17,False,population_zero,0,5,0,10,0,0,0,0,4,4,0,0,0,0,0,0
technology,141,114142,100,True,max_turns_reached,5,5,47,68,0,0,0,0,35,35,0,0,0,0,0,0
technology,142,114242,32,False,population_zero,0,5,0,8,0,0,0,0,4,4,0,0,0,0,0,0
technology,143,114342,100,True,max_turns_reached,5,5,73,81,0,0,0,0,40,40,0,0,0,0,0,0
technology,144,114442,76,False,population_zero,0,5,0,30,0,0,0,0,11,11,0,0,0,0,0,0
technology,145,114542,26,False,population_zero,0,5,0,7,0,0,0,0,4,4,0,0,0,0,0,0
technology,146,114642,22,False,population_zero,0,5,0,9,0,0,0,0,5,5,0,0,0,0,0,0
technology,147,114742,100,True,max_turns_reached,5,5,74,74,0,0,0,0,38,38,0,0,0,0,0,0
technology,148,114842,76,False,population_zero,0,5,0,15,0,0,0,0,10,10,0,0,0,0,0,0
technology,149,114942,100,True,max_turns_reached,3,5,20,40,0,0,0,0,21,21,0,0,0,0,0,0
technology,150,115042,78,False,population_zero,0,5,0,15,0,0,0,0,8,8,0,0,0,0,0,0
technology,151,115142,100,True,max_turns_reached,5,5,66,70,0,0,0,0,37,37,0,0,0,0,0,0
technology,152,115242,100,True,max_turns_reached,5,5,36,62,0,0,0,0,38,38,0,0,0,0,0,0
technology,153,115342,100,True,max_turns_reached,1,5,2,30,0,0,0,0,8,8,0,0,0,0,0,0
technology,154,115442,100,True,max_turns_reached,5,5,70,78,0,0,0,0,42,42,0,0,0,0,0,0
technology,155,115542,26,False,population_zero,0,5,0,15,0,0,0,0,6,6,0,0,0,0,0,0
technology,156,115642,36,False,population_zero,0,5,0,14,0,0,0,0,3,3,0,0,0,0,0,0
technology,157,115742,38,False,population_zero,0,5,0,7,0,0,0,0,6,6,0,0,0,0,0,0
technology,158,115842,100,True,max_turns_reached,3,5,8,36,0,0,0,0,23,23,0,0,0,0,0,0
technology,159,115942,100,True,max_turns_reached,3,5,32,36,0,0,0,0,24,24,0,0,0,0,0,0
technology,160,116042,100,True,max_turns_reached,3,5,9,39,0,0,0,0,24,24,0,0,0,0,0,0
technology,161,116142,100,True,max_turns_reached,5,5,68,78,0,0,0,0,36,36,0,0,0,0,0,0
technology,162,116242,24,False,population_zero,0,5,0,10,0,0,0,0,6,6,0,0,0,0,0,0
technology,163,116342,16,False,population_zero,0,5,0,10,0,0,0,0,5,5,0,0,0,0,0,0
technology,164,116442,100,True,max_turns_reached,5,5,80,80,0,0,0,0,36,36,0,0,0,0,0,0
technology,165,116542,100,True,max_turns_reached,1,5,0,14,0,0,0,0,17,17,0,0,0,0,0,0
technology,166,116642,21,False,population_zero,0,5,0,9,0,0,0,0,2,2,0,0,0,0,0,0
technology,167,116742,29,False,population_zero,0,5,0,15,0,0,0,0,6,6,0,0,0,0,0,0
technology,168,116842,100,True,max_turns_reached,4,5,24,43,0,0,0,0,35,35,0,0,0,0,0,0
technology,169,116942,100,True,max_turns_reached,3,5,7,33,0,0,0,0,20,20,0,0,0,0,0,0
technology,170,117042,100,True,max_turns_reached,3,5,8,29,0,0,0,0,23,23,0,0,0,0,0,0
technology,171,117142,100,True,max_turns_reached,1,5,2,30,0,0,0,0,16,16,0,0,0,0,0,0
technology,172,117242,97,False,population_zero,0,5,0,19,0,0,0,0,10,10,0,0,0,0,0,0
technology,173,117342,100,True,max_turns_reached,3,5,8,34,0,0,0,0,19,19,0,0,0,0,0,0
technology,174,117442,90,False,population_zero,0,5,0,16,0,0,0,0,9,9,0,0,0,0,0,0
technology,175,117542,82,False,population_zero,0,5,0,17,0,0,0,0,9,9,0,0,0,0,0,0
technology,176,117642,76,False,population_zero,0,5,0,12,0,0,0,0,7,7,0,0,0,0,0,0
technology,177,117742,100,True,max_turns_reached,5,5,80,80,0,0,0,0,36,36,0,0,0,0,0,0
technology,178,117842,100,True,max_turns_reached,3,5,12,38,0,0,0,0,27,27,0,0,0,0,0,0
technology,179,117942,100,True,max_turns_reached,5,5,21,57,0,0,0,0,32,32,0,0,0,0,0,0
technology,180,118042,100,True,max_turns_reached,2,5,16,20,0,0,0,0,26,26,0,0,0,0,0,0
technology,181,118142,82,False,population_zero,0,5,0,26,0,0,0,0,8,8,0,0,0,0,0,0
technology,182,118242,100,True,max_turns_reached,5,5,60,61,0,0,0,0,32,32,0,0,0,0,0,0
technology,183,118342,9,False,population_zero,0,5,0,9,0,0,0,0,2,2,0,0,0,0,0,0
technology,184,118442,77,False,population_zero,0,5,0,10,0,0,0,0,7,7,0,0,0,0,0,0
technology,185,118542,100,True,max_turns_reached,3,5,10,44,0,0,0,0,23,23,0,0,0,0,0,0
technology,186,118642,100,True,max_turns_reached,5,5,46,61,0,0,0,0,37,37,0,0,0,0,0,0
technology,187,118742,100,True,max_turns_reached,3,5,7,23,0,0,0,0,22,22,0,0,0,0,0,0
technology,188,118842,100,True,max_turns_reached,4,5,35,49,0,0,0,0,37,37,0,0,0,0,0,0
technology,189,118942,32,False,population_zero,0,5,0,12,0,0,0,0,6,6,0,0,0,0,0,0
technology,190,119042,18,False,population_zero,0,5,0,7,0,0,0,0,1,1,0,0,0,0,0,0
technology,191,119142,49,False,population_zero,0,5,0,14,0,0,0,0,6,6,0,0,0,0,0,0
technology,192,119242,78,False,population_zero,0,5,0,14,0,0,0,0,7,7,0,0,0,0,0,0
technology,193,119342,34,False,population_zero,0,5,0,13,0,0,0,0,5,5,0,0,0,0,0,0
technology,194,119442,100,True,max_turns_reached,3,5,8,39,0,0,0,0,23,23,0,0,0,0,0,0
technology,195,119542,100,True,max_turns_reached,3,5,4,47,0,0,0,0,28,28,0,0,0,0,0,0
technology,196,119642,86,False,population_zero,0,5,0,13,0,0,0,0,9,9,0,0,0,0,0,0
technology,197,119742,81,False,population_zero,0,5,0,14,0,0,0,0,8,8,0,0,0,0,0,0
technology,198,119842,100,True,max_turns_reached,5,5,50,70,0,0,0,0,34,34,0,0,0,0,0,0
technology,199,119942,100,True,max_turns_reached,4,5,48,54,0,0,0,0,38,38,0,0,0,0,0,0
technology,200,120042,49,False,population_zero,0,5,0,7,0,0,0,0,4,4,0,0,0,0,0,0
technology,201,120142,76,False,population_zero,0,5,0,21,0,0,0,0,9,9,0,0,0,0,0,0
technology,202,120242,84,False,population_zero,0,5,0,15,0,0,0,0,9,9,0,0,0,0,0,0
technology,203,120342,25,False,population_zero,0,5,0,7,0,0,0,0,6,6,0,0,0,0,0,0
technology,204,120442,78,False,population_zero,0,5,0,20,0,0,0,0,8,8,0,0,0,0,0,0
technology,205,120542,100,True,max_turns_reached,1,5,10,16,0,0,0,0,18,18,0,0,0,0,0,0
technology,206,120642,29,False,population_zero,0,5,0,15,0,0,0,0,5,5,0,0,0,0,0,0
technology,207,120742,100,True,max_turns_reached,3,5,10,35,0,0,0,0,22,22,0,0,0,0,0,0
technology,208,120842,77,False,population_zero,0,5,0,8,0,0,0,0,6,6,0,0,0,0,0,0
technology,209,120942,100,True,max_turns_reached,3,5,11,32,0,0,0,0,23,23,0,0,0,0,0,0
technology,210,121042,80,False,population_zero,0,5,0,9,0,0,0,0,8,8,0,0,0,0,0,0
technology,211,121142,100,True,max_turns_reached,4,5,49,49,0,0,0,0,36,36,0,0,0,0,0,0
technology,212,121242,81,False,population_zero,0,5,0,14,0,0,0,0,8,8,0,0,0,0,0,0
technology,213,121342,100,True,max_turns_reached,3,5,35,45,0,0,0,0,25,25,0,0,0,0,0,0
technology,214,121442,100,True,max_turns_reached,5,5,62,75,0,0,0,0,38,38,0,0,0,0,0,0
technology,215,121542,100,True,max_turns_reached,5,5,49,58,0,0,0,0,36,36,0,0,0,0,0,0
technology,216,121642,100,True,max_turns_reached,3,5,16,30,0,0,0,0,22,22,0,0,0,0,0,0
technology,217,121742,35,False,population_zero,0,5,0,15,0,0,0,0,4,4,0,0,0,0,0,0
technology,218,121842,29,False,population_zero,0,5,0,7,0,0,0,0,5,5,0,0,0,0,0,0
technology,219,121942,100,True,max_turns_reached,3,5,9,25,0,0,0,0,24,24,0,0,0,0,0,0
technology,220,122042,100,True,max_turns_reached,3,5,3,42,0,0,0,0,24,24,0,0,0,0,0,0
technology,221,122142,17,False,population_zero,0,5,0,10,0,0,0,0,3,3,0,0,0,0,0,0
technology,222,122242,80,False,population_zero,0,5,0,16,0,0,0,0,11,11,0,0,0,0,0,0
technology,223,122342,100,True,max_turns_reached,5,5,55,69,0,0,0,0,35,35,0,0,0,0,0,0
technology,224,122442,79,False,population_zero,0,5,0,16,0,0,0,0,7,7,0,0,0,0,0,0
technology,225,122542,19,False,population_zero,0,5,0,8,0,0,0,0,4,4,0,0,0,0,0,0
technology,226,122642,39,False,population_zero,0,5,0,9,0,0,0,0,5,5,0,0,0,0,0,0
technology,227,122742,75,False,population_zero,0,5,0,15,0,0,0,0,5,5,0,0,0,0,0,0
technology,228,122842,32,False,population_zero,0,5,0,18,0,0,0,0,6,6,0,0,0,0,0,0
technology,229,122942,100,True,max_turns_reached,4,5,26,47,0,0,0,0,42,42,0,0,0,0,0,0
technology,230,123042,100,True,max_turns_reached,1,5,4,20,0,0,0,0,17,17,0,0,0,0,0,0
technology,231,123142,100,True,max_turns_reached,5,5,84,84,0,0,0,0,38,38,0,0,0,0,0,0
technology,232,123242,78,False,population_zero,0,5,0,21,0,0,0,0,11,11,0,0,0,0,0,0
technology,233,123342,100,True,max_turns_reached,3,5,7,25,0,0,0,0,18,18,0,0,0,0,0,0
technology,234,123442,100,True,max_turns_reached,5,5,59,72,0,0,0,0,34,34,0,0,0,0,0,0
technology,235,123542,100,True,max_turns_reached,2,5,2,11,0,0,0,0,23,23,0,0,0,0,0,0
technology,236,123642,38,False,population_zero,0,5,0,8,0,0,0,0,6,6,0,0,0,0,0,0
technology,237,123742,77,False,population_zero,0,5,0,12,0,0,0,0,9,9,0,0,0,0,0,0
technology,238,123842,26,False,population_zero,0,5,0,10,0,0,0,0,4,4,0,0,0,0,0,0
technology,239,123942,82,False,population_zero,0,5,0,18,0,0,0,0,9,9,0,0,0,0,0,0
technology,240,124042,100,True,max_turns_reached,5,5,61,78,0,0,0,0,39,39,0,0,0,0,0,0
technology,241,124142,100,True,max_turns_reached,3,5,28,28,0,0,0,0,22,22,0,0,0,0,0,0
technology,242,124242,100,True,max_turns_reached,3,5,18,36,0,0,0,0,26,26,0,0,0,0,0,0
technology,243,124342,27,False,population_zero,0,5,0,9,0,0,0,0,3,3,0,0,0,0,0,0
technology,244,124442,83,False,population_zero,0,5,0,18,0,0,0,0,9,9,0,0,0,0,0,0
technology,245,124542,100,True,max_turns_reached,4,5,32,58,0,0,0,0,36,36,0,0,0,0,0,0
technology,246,124642,100,True,max_turns_reached,4,5,13,51,0,0,0,0,38,38,0,0,0,0,0,0
technology,247,124742,41,False,population_zero,0,5,0,11,0,0,0,0,3,3,0,0,0,0,0,0
technology,248,124842,29,False,population_zero,0,5,0,11,0,0,0,0,5,5,0,0,0,0,0,0
technology,249,124942,60,False,population_zero,0,5,0,18,0,0,0,0,6,6,0,0,0,0,0,0
technology,250,125042,100,True,max_turns_reached,5,5,49,74,0,0,0,0,38,38,0,0,0,0,0,0
technology,251,125142,100,True,max_turns_reached,4,5,23,48,0,0,0,0,37,37,0,0,0,0,0,0
technology,252,125242,100,True,max_turns_reached,4,5,42,51,0,0,0,0,36,36,0,0,0,0,0,0
technology,253,125342,100,True,max_turns_reached,5,5,78,78,0,0,0,0,38,38,0,0,0,0,0,0
technology,254,125442,100,True,max_turns_reached,5,5,83,83,0,0,0,0,39,39,0,0,0,0,0,0
technology,255,125542,100,True,max_turns_reached,4,5,35,49,0,0,0,0,33,33,0,0,0,0,0,0
technology,256,125642,92,False,population_zero,0,5,0,24,0,0,0,0,11,11,0,0,0,0,0,0
technology,257,125742,16,False,population_zero,0,5,0,8,0,0,0,0,2,2,0,0,0,0,0,0
technology,258,125842,100,True,max_turns_reached,3,5,5,31,0,0,0,0,20,20,0,0,0,0,0,0
technology,259,125942,100,True,max_turns_reached,3,5,3,39,0,0,0,0,22,22,0,0,0,0,0,0
technology,260,126042,100,True,max_turns_reached,5,5,46,69,0,0,0,0,38,38,0,0,0,0,0,0
technology,261,126142,100,True,max_turns_reached,3,5,9,33,0,0,0,0,25,25,0,0,0,0,0,0
technology,262,126242,81,False,population_zero,0,5,0,9,0,0,0,0,7,7,0,0,0,0,0,0
technology,263,126342,87,False,population_zero,0,5,0,22,0,0,0,0,10,10,0,0,0,0,0,0
technology,264,126442,100,True,max_turns_reached,5,5,60,84,0,0,0,0,37,37,0,0,0,0,0,0
technology,265,126542,24,False,population_zero,0,5,0,14,0,0,0,0,4,4,0,0,0,0,0,0
technology,266,126642,37,False,population_zero,0,5,0,11,0,0,0,0,5,5,0,0,0,0,0,0
technology,267,126742,25,False,population_zero,0,5,0,7,0,0,0,0,5,5,0,0,0,0,0,0
technology,268,126842,100,True,max_turns_reached,5,5,36,52,0,0,0,0,34,34,0,0,0,0,0,0
technology,269,126942,31,False,population_zero,0,5,0,8,0,0,0,0,3,3,0,0,0,0,0,0
technology,270,127042,77,False,population_zero,0,5,0,21,0,0,0,0,10,10,0,0,0,0,0,0
technology,271,127142,34,False,population_zero,0,5,0,16,0,0,0,0,4,4,0,0,0,0,0,0
technology,272,127242,100,True,max_turns_reached,5,5,39,70,0,0,0,0,36,36,0,0,0,0,0,0
technology,273,127342,77,False,population_zero,0,5,0,12,0,0,0,0,8,8,0,0,0,0,0,0
technology,274,127442,23,False,population_zero,0,5,0,7,0,0,0,0,3,3,0,0,0,0,0,0
technology,275,127542,20,False,population_zero,0,5,0,7,0,0,0,0,2,2,0,0,0,0,0,0
technology,276,127642,100,True,max_turns_reached,5,5,63,71,0,0,0,0,36,36,0,0,0,0,0,0
technology,277,127742,91,False,population_zero,0,5,0,10,0,0,0,0,7,7,0,0,0,0,0,0
technology,278,127842,25,False,population_zero,0,5,0,12,0,0,0,0,5,5,0,0,0,0,0,0
technology,279,127942,100,True,max_turns_reached,5,5,58,72,0,0,0,0,36,36,0,0,0,0,0,0
technology,280,128042,100,True,max_turns_reached,4,5,36,38,0,0,0,0,36,36,0,0,0,0,0,0
technology,281,128142,80,False,population_zero,0,5,0,13,0,0,0,0,10,10,0,0,0,0,0,0
technology,282,128242,76,False,population_zero,0,5,0,22,0,0,0,0,11,11,0,0,0,0,0,0
technology,283,128342,100,True,max_turns_reached,5,5,60,60,0,0,0,0,33,33,0,0,0,0,0,0
technology,284,128442,100,True,max_turns_reached,5,5,51,70,0,0,0,0,34,34,0,0,0,0,0,0
technology,285,128542,82,False,population_zero,0,5,0,18,0,0,0,0,9,9,0,0,0,0,0,0
technology,286,128642,100,True,max_turns_reached,5,5,50,69,0,0,0,0,34,34,0,0,0,0,0,0
technology,287,128742,77,False,population_zero,0,5,0,22,0,0,0,0,7,7,0,0,0,0,0,0
technology,288,128842,77,False,population_zero,0,5,0,13,0,0,0,0,7,7,0,0,0,0,0,0
technology,289,128942,16,False,population_zero,0,5,0,7,0,0,0,0,3,3,0,0,0,0,0,0
technology,290,129042,100,True,max_turns_reached,3,5,30,30,0,0,0,0,22,22,0,0,0,0,0,0
technology,291,129142,19,False,population_zero,0,5,0,9,0,0,0,0,5,5,0,0,0,0,0,0
technology,292,129242,12,False,population_zero,0,5,0,7,0,0,0,0,2,2,0,0,0,0,0,0
technology,293,129342,100,True,max_turns_reached,5,5,67,72,0,0,0,0,37,37,0,0,0,0,0,0
technology,294,129442,83,False,population_zero,0,5,0,33,0,0,0,0,9,9,0,0,0,0,0,0
technology,295,129542,100,True,max_turns_reached,5,5,38,69,0,0,0,0,37,37,0,0,0,0,0,0
technology,296,129642,100,True,max_turns_reached,5,5,59,72,0,0,0,0,39,39,0,0,0,0,0,0
technology,297,129742,100,True,max_turns_reached,5,5,72,72,0,0,0,0,36,36,0,0,0,0,0,0
technology,298,129842,98,False,population_zero,0,5,0,24,0,0,0,0,9,9,0,0,0,0,0,0
technology,299,129942,52,False,population_zero,0,5,0,13,0,0,0,0,4,4,0,0,0,0,0,0
technology,300,130042,24,False,population_zero,0,5,0,8,0,0,0,0,3,3,0,0,0,0,0,0
technology,301,130142,77,False,population_zero,0,5,0,10,0,0,0,0,7,7,0,0,0,0,0,0
technology,302,130242,100,True,max_turns_reached,2,5,4,17,0,0,0,0,21,21,0,0,0,0,0,0
technology,303,130342,100,True,max_turns_reached,5,5,51,70,0,0,0,0,38,38,0,0,0,0,0,0
technology,304,130442,100,True,max_turns_reached,5,5,63,76,0,0,0,0,38,38,0,0,0,0,0,0
technology,305,130542,100,True,max_turns_reached,3,5,20,32,0,0,0,0,23,23,0,0,0,0,0,0
technology,306,130642,85,False,population_zero,0,5,0,17,0,0,0,0,8,8,0,0,0,0,0,0
technology,307,130742,80,False,population_zero,0,5,0,15,0,0,0,0,10,10,0,0,0,0,0,0
technology,308,130842,100,True,max_turns_reached,3,5,7,41,0,0,0,0,22,22,0,0,0,0,0,0
technology,309,130942,32,False,population_zero,0,5,0,7,0,0,0,0,5,5,0,0,0,0,0,0
technology,310,131042,91,False,population_zero,0,5,0,17,0,0,0,0,11,11,0,0,0,0,0,0
technology,311,131142,84,False,population_zero,0,5,0,11,0,0,0,0,9,9,0,0,0,0,0,0
technology,312,131242,100,True,max_turns_reached,4,5,32,38,0,0,0,0,35,35,0,0,0,0,0,0
technology,313,131342,24,False,population_zero,0,5,0,12,0,0,0,0,4,4,0,0,0,0,0,0
technology,314,131442,15,False,population_zero,0,5,0,7,0,0,0,0,2,2,0,0,0,0,0,0
technology,315,131542,21,False,population_zero,0,5,0,7,0,0,0,0,5,5,0,0,0,0,0,0
technology,316,131642,78,False,population_zero,0,5,0,10,0,0,0,0,7,7,0,0,0,0,0,0
technology,317,131742,76,False,population_zero,0,5,0,12,0,0,0,0,8,8,0,0,0,0,0,0
technology,318,131842,77,False,population_zero,0,5,0,10,0,0,0,0,8,8,0,0,0,0,0,0
technology,319,131942,100,True,max_turns_reached,3,5,31,38,0,0,0,0,26,26,0,0,0,0,0,0
technology,320,132042,100,True,max_turns_reached,5,5,35,71,0,0,0,0,38,38,0,0,0,0,0,0
technology,321,132142,100,True,max_turns_reached,2,5,1,36,0,0,0,0,22,22,0,0,0,0,0,0
technology,322,132242,31,False,population_zero,0,5,0,16,0,0,0,0,5,5,0,0,0,0,0,0
technology,323,132342,77,False,population_zero,0,5,0,20,0,0,0,0,8,8,0,0,0,0,0,0
technology,324,132442,100,True,max_turns_reached,5,5,49,69,0,0,0,0,35,35,0,0,0,0,0,0
technology,325,132542,100,True,max_turns_reached,5,5,58,84,0,0,0,0,39,39,0,0,0,0,0,0
technology,326,132642,12,False,population_zero,0,5,0,7,0,0,0,0,3,3,0,0,0,0,0,0
technology,327,132742,16,False,population_zero,0,5,0,7,0,0,0,0,4,4,0,0,0,0,0,0
technology,328,132842,100,True,max_turns_reached,3,5,35,49,0,0,0,0,25,25,0,0,0,0,0,0
technology,329,132942,24,False,population_zero,0,5,0,8,0,0,0,0,6,6,0,0,0,0,0,0
technology,330,133042,16,False,population_zero,0,5,0,11,0,0,0,0,3,3,0,0,0,0,0,0
technology,331,133142,100,True,max_turns_reached,3,5,34,38,0,0,0,0,23,23,0,0,0,0,0,0
technology,332,133242,100,True,max_turns_reached,5,5,36,67,0,0,0,0,38,38,0,0,0,0,0,0
technology,333,133342,35,False,population_zero,0,5,0,7,0,0,0,0,4,4,0,0,0,0,0,0
technology,334,133442,100,True,max_turns_reached,5,5,42,62,0,0,0,0,37,37,0,0,0,0,0,0
technology,335,133542,100,True,max_turns_reached,3,5,4,36,0,0,0,0,21,21,0,0,0,0,0,0
technology,336,133642,48,False,population_zero,0,5,0,9,0,0,0,0,6,6,0,0,0,0,0,0
technology,337,133742,85,False,population_zero,0,5,0,24,0,0,0,0,9,9,0,0,0,0,0,0
technology,338,133842,85,False,population_zero,0,5,0,13,0,0,0,0,9,9,0,0,0,0,0,0
technology,339,133942,77,False,population_zero,0,5,0,20,0,0,0,0,8,8,0,0,0,0,0,0
technology,340,134042,81,False,population_zero,0,5,0,8,0,0,0,0,7,7,0,0,0,0,0,0
technology,341,134142,100,True,max_turns_reached,1,5,4,27,0,0,0,0,12,12,0,0,0,0,0,0
technology,342,134242,17,False,population_zero,0,5,0,8,0,0,0,0,2,2,0,0,0,0,0,0
technology,343,134342,91,False,population_zero,0,5,0,12,0,0,0,0,8,8,0,0,0,0,0,0
technology,344,134442,100,True,max_turns_reached,3,5,9,36,0,0,0,0,24,24,0,0,0,0,0,0
technology,345,134542,100,True,max_turns_reached,3,5,9,47,0,0,0,0,24,24,0,0,0,0,0,0
technology,346,134642,80,False,population_zero,0,5,0,13,0,0,0,0,9,9,0,0,0,0,0,0
technology,347,134742,31,False,population_zero,0,5,0,11,0,0,0,0,5,5,0,0,0,0,0,0
technology,348,134842,47,False,population_zero,0,5,0,10,0,0,0,0,6,6,0,0,0,0,0,0
technology,349,134942,93,False,population_zero,0,5,0,18,0,0,0,0,9,9,0,0,0,0,0,0
technology,350,135042,100,True,max_turns_reached,2,5,11,20,0,0,0,0,22,22,0,0,0,0,0,0
technology,351,135142,100,True,max_turns_reached,4,5,51,51,0,0,0,0,39,39,0,0,0,0,0,0
technology,352,135242,89,False,population_zero,0,5,0,22,0,0,0,0,10,10,0,0,0,0,0,0
technology,353,135342,14,False,population_zero,0,5,0,7,0,0,0,0,3,3,0,0,0,0,0,0
technology,354,135442,100,True,max_turns_reached,5,5,78,78,0,0,0,0,35,35,0,0,0,0,0,0
technology,355,135542,100,True,max_turns_reached,5,5,71,77,0,0,0,0,38,38,0,0,0,0,0,0
technology,356,135642,24,False,population_zero,0,5,0,8,0,0,0,0,4,4,0,0,0,0,0,0
technology,357,135742,100,True,max_turns_reached,5,5,17,63,0,0,0,0,35,35,0,0,0,0,0,0
technology,358,135842,100,True,max_turns_reached,4,5,41,54,0,0,0,0,38,38,0,0,0,0,0,0
technology,359,135942,24,False,population_zero,0,5,0,8,0,0,0,0,5,5,0,0,0,0,0,0
technology,360,136042,37,False,population_zero,0,5,0,14,0,0,0,0,4,4,0,0,0,0,0,0
technology,361,136142,100,True,max_turns_reached,4,5,12,32,0,0,0,0,31,31,0,0,0,0,0,0
technology,362,136242,100,True,max_turns_reached,5,5,41,77,0,0,0,0,38,38,0,0,0,0,0,0
technology,363,136342,100,True,max_turns_reached,5,5,42,61,0,0,0,0,31,31,0,0,0,0,0,0
technology,364,136442,77,False,population_zero,0,5,0,27,0,0,0,0,8,8,0,0,0,0,0,0
technology,365,136542,100,True,max_turns_reached,1,5,8,15,0,0,0,0,16,16,0,0,0,0,0,0
technology,366,136642,78,False,population_zero,0,5,0,19,0,0,0,0,7,7,0,0,0,0,0,0
technology,367,136742,83,False,population_zero,0,5,0,13,0,0,0,0,12,12,0,0,0,0,0,0
technology,368,136842,78,False,population_zero,0,5,0,17,0,0,0,0,8,8,0,0,0,0,0,0
technology,369,136942,100,True,max_turns_reached,5,5,53,68,0,0,0,0,38,38,0,0,0,0,0,0
technology,370,137042,100,True,max_turns_reached,4,5,43,45,0,0,0,0,38,38,0,0,0,0,0,0
technology,371,137142,100,True,max_turns_reached,3,5,6,36,0,0,0,0,22,22,0,0,0,0,0,0
technology,372,137242,40,False,population_zero,0,5,0,8,0,0,0,0,4,4,0,0,0,0,0,0
technology,373,137342,100,True,max_turns_reached,2,5,0,17,0,0,0,0,20,20,0,0,0,0,0,0
technology,374,137442,100,True,max_turns_reached,5,5,33,60,0,0,0,0,33,33,0,0,0,0,0,0
technology,375,137542,79,False,population_zero,0,5,0,10,0,0,0,0,7,7,0,0,0,0,0,0
technology,376,137642,79,False,population_zero,0,5,0,23,0,0,0,0,7,7,0,0,0,0,0,0
technology,377,137742,43,False,population_zero,0,5,0,10,0,0,0,0,6,6,0,0,0,0,0,0
technology,378,137842,83,False,population_zero,0,5,0,11,0,0,0,0,11,11,0,0,0,0,0,0
technology,379,137942,100,True,max_turns_reached,5,5,31,72,0,0,0,0,38,38,0,0,0,0,0,0
technology,380,138042,24,False,population_zero,0,5,0,10,0,0,0,0,6,6,0,0,0,0,0,0
technology,381,138142,77,False,population_zero,0,5,0,15,0,0,0,0,8,8,0,0,0,0,0,0
technology,382,138242,100,True,max_turns_reached,4,5,27,35,0,0,0,0,37,37,0,0,0,0,0,0
technology,383,138342,100,True,max_turns_reached,5,5,78,78,0,0,0,0,38,38,0,0,0,0,0,0
technology,384,138442,100,True,max_turns_reached,5,5,54,73,0,0,0,0,37,37,0,0,0,0,0,0
technology,385,138542,17,False,population_zero,0,5,0,8,0,0,0,0,3,3,0,0,0,0,0,0
technology,386,138642,24,False,population_zero,0,5,0,7,0,0,0,0,6,6,0,0,0,0,0,0
technology,387,138742,27,False,population_zero,0,5,0,8,0,0,0,0,5,5,0,0,0,0,0,0
technology,388,138842,78,False,population_zero,0,5,0,17,0,0,0,0,9,9,0,0,0,0,0,0
technology,389,138942,82,False,population_zero,0,5,0,9,0,0,0,0,9,9,0,0,0,0,0,0
technology,390,139042,30,False,population_zero,0,5,0,24,0,0,0,0,6,6,0,0,0,0,0,0
technology,391,139142,15,False,population_zero,0,5,0,7,0,0,0,0,1,1,0,0,0,0,0,0
technology,392,139242,11,False,population_zero,0,5,0,7,0,0,0,0,2,2,0,0,0,0,0,0
technology,393,139342,38,False,population_zero,0,5,0,9,0,0,0,0,3,3,0,0,0,0,0,0
technology,394,139442,80,False,population_zero,0,5,0,16,0,0,0,0,7,7,0,0,0,0,0,0
technology,395,139542,100,True,max_turns_reached,5,5,55,74,0,0,0,0,35,35,0,0,0,0,0,0
technology,396,139642,80,False,population_zero,0,5,0,14,0,0,0,0,7,7,0,0,0,0,0,0
technology,397,139742,100,True,max_turns_reached,5,5,57,79,0,0,0,0,43,43,0,0,0,0,0,0
technology,398,139842,100,True,max_turns_reached,2,5,5,31,0,0,0,0,23,23,0,0,0,0,0,0
technology,399,139942,78,False,population_zero,0,5,0,11,0,0,0,0,6,6,0,0,0,0,0,0
technology,400,140042,79,False,population_zero,0,5,0,15,0,0,0,0,6,6,0,0,0,0,0,0
technology,401,140142,100,True,max_turns_reached,4,5,40,57,0,0,0,0,39,39,0,0,0,0,0,0
technology,402,140242,76,False,population_zero,0,5,0,11,0,0,0,0,8,8,0,0,0,0,0,0
technology,403,140342,13,False,population_zero,0,5,0,8,0,0,0,0,3,3,0,0,0,0,0,0
technology,404,140442,100,True,max_turns_reached,1,5,4,21,0,0,0,0,19,19,0,0,0,0,0,0
technology,405,140542,100,True,max_turns_reached,4,5,46,47,0,0,0,0,37,37,0,0,0,0,0,0
technology,406,140642,78,False,population_zero,0,5,0,12,0,0,0,0,8,8,0,0,0,0,0,0
technology,407,140742,100,True,max_turns_reached,5,5,39,68,0,0,0,0,37,37,0,0,0,0,0,0
technology,408,140842,19,False,population_zero,0,5,0,8,0,0,0,0,5,5,0,0,0,0,0,0
technology,409,140942,100,True,max_turns_reached,5,5,61,61,0,0,0,0,34,34,0,0,0,0,0,0
technology,410,141042,79,False,population_zero,0,5,0,23,0,0,0,0,7,7,0,0,0,0,0,0
technology,411,141142,100,True,max_turns_reached,3,5,11,36,0,0,0,0,23,23,0,0,0,0,0,0
technology,412,141242,100,True,max_turns_reached,1,5,0,26,0,0,0,0,9,9,0,0,0,0,0,0
technology,413,141342,91,False,population_zero,0,5,0,19,0,0,0,0,10,10,0,0,0,0,0,0
technology,414,141442,76,False,population_zero,0,5,0,15,0,0,0,0,10,10,0,0,0,0,0,0
technology,415,141542,100,True,max_turns_reached,5,5,79,79,0,0,0,0,43,43,0,0,0,0,0,0
technology,416,141642,65,False,population_zero,0,5,0,8,0,0,0,0,4,4,0,0,0,0,0,0
technology,417,141742,30,False,population_zero,0,5,0,9,0,0,0,0,5,5,0,0,0,0,0,0
technology,418,141842,86,False,population_zero,0,5,0,16,0,0,0,0,10,10,0,0,0,0,0,0
technology,419,141942,83,False,population_zero,0,5,0,15,0,0,0,0,8,8,0,0,0,0,0,0
technology,420,142042,100,True,max_turns_reached,5,5,43,68,0,0,0,0,39,39,0,0,0,0,0,0
technology,421,142142,77,False,population_zero,0,5,0,18,0,0,0,0,8,8,0,0,0,0,0,0
technology,422,142242,81,False,population_zero,0,5,0,15,0,0,0,0,8,8,0,0,0,0,0,0
technology,423,142342,19,False,population_zero,0,5,0,9,0,0,0,0,6,6,0,0,0,0,0,0
technology,424,142442,100,True,max_turns_reached,1,5,1,12,0,0,0,0,11,11,0,0,0,0,0,0
technology,425,142542,80,False,population_zero,0,5,0,21,0,0,0,0,10,10,0,0,0,0,0,0
technology,426,142642,100,True,max_turns_reached,5,5,63,76,0,0,0,0,41,41,0,0,0,0,0,0
technology,427,142742,100,True,max_turns_reached,4,5,29,43,0,0,0,0,35,35,0,0,0,0,0,0
technology,428,142842,100,True,max_turns_reached,5,5,89,89,0,0,0,0,40,40,0,0,0,0,0,0
technology,429,142942,100,True,max_turns_reached,3,5,1,40,0,0,0,0,20,20,0,0,0,0,0,0
technology,430,143042,82,False,population_zero,0,5,0,11,0,0,0,0,7,7,0,0,0,0,0,0
technology,431,143142,77,False,population_zero,0,5,0,20,0,0,0,0,8,8,0,0,0,0,0,0
technology,432,143242,26,False,population_zero,0,5,0,9,0,0,0,0,4,4,0,0,0,0,0,0
technology,433,143342,82,False,population_zero,0,5,0,12,0,0,0,0,7,7,0,0,0,0,0,0
technology,434,143442,86,False,population_zero,0,5,0,15,0,0,0,0,10,10,0,0,0,0,0,0
technology,435,143542,100,True,max_turns_reached,5,5,67,71,0,0,0,0,36,36,0,0,0,0,0,0
technology,436,143642,100,True,max_turns_reached,3,5,12,35,0,0,0,0,22,22,0,0,0,0,0,0
technology,437,143742,21,False,population_zero,0,5,0,10,0,0,0,0,5,5,0,0,0,0,0,0
technology,438,143842,100,True,max_turns_reached,3,5,11,33,0,0,0,0,22,22,0,0,0,0,0,0
technology,439,143942,100,True,max_turns_reached,3,5,4,36,0,0,0,0,23,23,0,0,0,0,0,0
technology,440,144042,100,True,max_turns_reached,4,5,47,49,0,0,0,0,37,37,0,0,0,0,0,0
technology,441,144142,100,True,max_turns_reached,1,5,3,18,0,0,0,0,12,12,0,0,0,0,0,0
technology,442,144242,81,False,population_zero,0,5,0,13,0,0,0,0,8,8,0,0,0,0,0,0
technology,443,144342,77,False,population_zero,0,5,0,17,0,0,0,0,10,10,0,0,0,0,0,0
technology,444,144442,100,True,max_turns_reached,2,5,2,30,0,0,0,0,23,23,0,0,0,0,0,0
technology,445,144542,94,False,population_zero,0,5,0,16,0,0,0,0,7,7,0,0,0,0,0,0
technology,446,144642,28,False,population_zero,0,5,0,8,0,0,0,0,5,5,0,0,0,0,0,0
technology,447,144742,73,False,population_zero,0,5,0,13,0,0,0,0,5,5,0,0,0,0,0,0
technology,448,144842,33,False,population_zero,0,5,0,9,0,0,0,0,5,5,0,0,0,0,0,0
technology,449,144942,97,False,population_zero,0,5,0,20,0,0,0,0,9,9,0,0,0,0,0,0
technology,450,145042,100,True,max_turns_reached,5,5,54,69,0,0,0,0,38,38,0,0,0,0,0,0
technology,451,145142,17,False,population_zero,0,5,0,8,0,0,0,0,4,4,0,0,0,0,0,0
technology,452,145242,15,False,population_zero,0,5,0,7,0,0,0,0,3,3,0,0,0,0,0,0
technology,453,145342,57,False,population_zero,0,5,0,14,0,0,0,0,6,6,0,0,0,0,0,0
technology,454,145442,19,False,population_zero,0,5,0,9,0,0,0,0,4,4,0,0,0,0,0,0
technology,455,145542,21,False,population_zero,0,5,0,12,0,0,0,0,2,2,0,0,0,0,0,0
technology,456,145642,30,False,population_zero,0,5,0,8,0,0,0,0,3,3,0,0,0,0,0,0
technology,457,145742,78,False,population_zero,0,5,0,17,0,0,0,0,9,9,0,0,0,0,0,0
technology,458,145842,20,False,population_zero,0,5,0,8,0,0,0,0,5,5,0,0,0,0,0,0
technology,459,145942,100,True,max_turns_reached,5,5,60,75,0,0,0,0,37,37,0,0,0,0,0,0
technology,460,146042,100,True,max_turns_reached,5,5,75,75,0,0,0,0,39,39,0,0,0,0,0,0
technology,461,146142,69,False,population_zero,0,5,0,11,0,0,0,0,6,6,0,0,0,0,0,0
technology,462,146242,100,True,max_turns_reached,5,5,52,73,0,0,0,0,36,36,0,0,0,0,0,0
technology,463,146342,26,False,population_zero,0,5,0,11,0,0,0,0,4,4,0,0,0,0,0,0
technology,464,146442,25,False,population_zero,0,5,0,9,0,0,0,0,5,5,0,0,0,0,0,0
technology,465,146542,100,True,max_turns_reached,5,5,58,74,0,0,0,0,39,39,0,0,0,0,0,0
technology,466,146642,85,False,population_zero,0,5,0,19,0,0,0,0,11,11,0,0,0,0,0,0
technology,467,146742,76,False,population_zero,0,5,0,12,0,0,0,0,8,8,0,0,0,0,0,0
technology,468,146842,100,True,max_turns_reached,5,5,42,71,0,0,0,0,38,38,0,0,0,0,0,0
technology,469,146942,100,True,max_turns_reached,3,5,17,41,0,0,0,0,23,23,0,0,0,0,0,0
technology,470,147042,100,True,max_turns_reached,5,5,52,66,0,0,0,0,37,37,0,0,0,0,0,0
technology,471,147142,12,False,population_zero,0,5,0,7,0,0,0,0,3,3,0,0,0,0,0,0
technology,472,147242,33,False,population_zero,0,5,0,9,0,0,0,0,6,6,0,0,0,0,0,0
technology,473,147342,17,False,population_zero,0,5,0,9,0,0,0,0,4,4,0,0,0,0,0,0
technology,474,147442,80,False,population_zero,0,5,0,13,0,0,0,0,7,7,0,0,0,0,0,0
technology,475,147542,100,True,max_turns_reached,4,5,33,39,0,0,0,0,41,41,0,0,0,0,0,0
technology,476,147642,24,False,population_zero,0,5,0,7,0,0,0,0,2,2,0,0,0,0,0,0
technology,477,147742,82,False,population_zero,0,5,0,16,0,0,0,0,8,8,0,0,0,0,0,0
technology,478,147842,100,True,max_turns_reached,4,5,36,53,0,0,0,0,37,37,0,0,0,0,0,0
technology,479,147942,78,False,population_zero,0,5,0,21,0,0,0,0,10,10,0,0,0,0,0,0
technology,480,148042,100,True,max_turns_reached,5,5,60,75,0,0,0,0,41,41,0,0,0,0,0,0
technology,481,148142,46,False,population_zero,0,5,0,11,0,0,0,0,6,6,0,0,0,0,0,0
technology,482,148242,100,True,max_turns_reached,5,5,52,76,0,0,0,0,38,38,0,0,0,0,0,0
technology,483,148342,100,True,max_turns_reached,3,5,25,45,0,0,0,0,25,25,0,0,0,0,0,0
technology,484,148442,100,True,max_turns_reached,5,5,48,69,0,0,0,0,35,35,0,0,0,0,0,0
technology,485,148542,77,False,population_zero,0,5,0,15,0,0,0,0,7,7,0,0,0,0,0,0
technology,486,148642,17,False,population_zero,0,5,0,10,0,0,0,0,2,2,0,0,0,0,0,0
technology,487,148742,25,False,population_zero,0,5,0,8,0,0,0,0,4,4,0,0,0,0,0,0
technology,488,148842,100,True,max_turns_reached,3,5,33,41,0,0,0,0,24,24,0,0,0,0,0,0
technology,489,148942,100,True,max_turns_reached,4,5,24,39,0,0,0,0,38,38,0,0,0,0,0,0
technology,490,149042,100,True,max_turns_reached,5,5,67,81,0,0,0,0,38,38,0,0,0,0,0,0
technology,491,149142,55,False,population_zero,0,5,0,9,0,0,0,0,4,4,0,0,0,0,0,0
technology,492,149242,100,True,max_turns_reached,3,5,18,29,0,0,0,0,25,25,0,0,0,0,0,0
technology,493,149342,79,False,population_zero,0,5,0,13,0,0,0,0,7,7,0,0,0,0,0,0
technology,494,149442,88,False,population_zero,0,5,0,13,0,0,0,0,10,10,0,0,0,0,0,0
technology,495,149542,100,True,max_turns_reached,5,5,73,79,0,0,0,0,35,35,0,0,0,0,0,0
technology,496,149642,100,True,max_turns_reached,3,5,9,37,0,0,0,0,26,26,0,0,0,0,0,0
technology,497,149742,100,True,max_turns_reached,5,5,62,73,0,0,0,0,41,41,0,0,0,0,0,0
technology,498,149842,30,False,population_zero,0,5,0,8,0,0,0,0,6,6,0,0,0,0,0,0
technology,499,149942,26,False,population_zero,0,5,0,7,0,0,0,0,6,6,0,0,0,0,0,0
technology,500,150042,52,False,population_zero,0,5,0,10,0,0,0,0,6,6,0,0,0,0,0,0
technology,501,150142,100,True,max_turns_reached,5,5,33,69,0,0,0,0,37,37,0,0,0,0,0,0
technology,502,150242,100,True,max_turns_reached,4,5,43,54,0,0,0,0,38,38,0,0,0,0,0,0
technology,503,150342,49,False,population_zero,0,5,0,25,0,0,0,0,6,6,0,0,0,0,0,0
technology,504,150442,81,False,population_zero,0,5,0,21,0,0,0,0,7,7,0,0,0,0,0,0
technology,505,150542,76,False,population_zero,0,5,0,11,0,0,0,0,5,5,0,0,0,0,0,0
technology,506,150642,76,False,population_zero,0,5,0,12,0,0,0,0,9,9,0,0,0,0,0,0
technology,507,150742,77,False,population_zero,0,5,0,15,0,0,0,0,7,7,0,0,0,0,0,0
technology,508,150842,100,True,max_turns_reached,3,5,24,33,0,0,0,0,22,22,0,0,0,0,0,0
technology,509,150942,100,True,max_turns_reached,1,5,3,27,0,0,0,0,18,18,0,0,0,0,0,0
technology,510,151042,88,False,population_zero,0,5,0,18,0,0,0,0,8,8,0,0,0,0,0,0
technology,511,151142,100,True,max_turns_reached,4,5,48,51,0,0,0,0,42,42,0,0,0,0,0,0
technology,512,151242,100,True,max_turns_reached,5,5,64,64,0,0,0,0,33,33,0,0,0,0,0,0
technology,513,151342,100,True,max_turns_reached,1,5,10,16,0,0,0,0,18,18,0,0,0,0,0,0
technology,514,151442,100,True,max_turns_reached,5,5,67,67,0,0,0,0,40,40,0,0,0,0,0,0
technology,515,151542,76,False,population_zero,0,5,0,10,0,0,0,0,7,7,0,0,0,0,0,0
technology,516,151642,100,True,max_turns_reached,5,5,70,84,0,0,0,0,37,37,0,0,0,0,0,0
technology,517,151742,42,False,population_zero,0,5,0,12,0,0,0,0,6,6,0,0,0,0,0,0
technology,518,151842,18,False,population_zero,0,5,0,8,0,0,0,0,4,4,0,0,0,0,0,0
technology,519,151942,29,False,population_zero,0,5,0,22,0,0,0,0,5,5,0,0,0,0,0,0
technology,520,152042,17,False,population_zero,0,5,0,8,0,0,0,0,1,1,0,0,0,0,0,0
technology,521,152142,100,True,max_turns_reached,2,5,7,15,0,0,0,0,22,22,0,0,0,0,0,0
technology,522,152242,100,True,max_turns_reached,5,5,53,58,0,0,0,0,38,38,0,0,0,0,0,0
technology,523,152342,100,True,max_turns_reached,5,5,53,66,0,0,0,0,39,39,0,0,0,0,0,0
technology,524,152442,100,True,max_turns_reached,5,5,51,68,0,0,0,0,37,37,0,0,0,0,0,0
technology,525,152542,21,False,population_zero,0,5,0,8,0,0,0,0,5,5,0,0,0,0,0,0
technology,526,152642,100,True,max_turns_reached,5,5,65,76,0,0,0,0,34,34,0,0,0,0,0,0
technology,527,152742,77,False,population_zero,0,5,0,27,0,0,0,0,11,11,0,0,0,0,0,0
technology,528,152842,19,False,population_zero,0,5,0,8,0,0,0,0,2,2,0,0,0,0,0,0
technology,529,152942,61,False,population_zero,0,5,0,12,0,0,0,0,5,5,0,0,0,0,0,0
technology,530,153042,100,True,max_turns_reached,5,5,64,82,0,0,0,0,38,38,0,0,0,0,0,0
technology,531,153142,65,False,population_zero,0,5,0,20,0,0,0,0,6,6,0,0,0,0,0,0
technology,532,153242,100,True,max_turns_reached,5,5,48,77,0,0,0,0,37,37,0,0,0,0,0,0
technology,533,153342,80,False,population_zero,0,5,0,21,0,0,0,0,8,8,0,0,0,0,0,0
technology,534,153442,78,False,population_zero,0,5,0,14,0,0,0,0,7,7,0,0,0,0,0,0
technology,535,153542,100,True,max_turns_reached,5,5,47,54,0,0,0,0,31,31,0,0,0,0,0,0
technology,536,153642,25,False,population_zero,0,5,0,10,0,0,0,0,2,2,0,0,0,0,0,0
technology,537,153742,100,True,max_turns_reached,5,5,48,72,0,0,0,0,40,40,0,0,0,0,0,0
technology,538,153842,100,True,max_turns_reached,5,5,28,56,0,0,0,0,37,37,0,0,0,0,0,0
technology,539,153942,100,True,max_turns_reached,5,5,48,62,0,0,0,0,37,37,0,0,0,0,0,0
technology,540,154042,100,True,max_turns_reached,4,5,25,51,0,0,0,0,34,34,0,0,0,0,0,0
technology,541,154142,26,False,population_zero,0,5,0,8,0,0,0,0,3,3,0,0,0,0,0,0
technology,542,154242,100,True,max_turns_reached,4,5,43,51,0,0,0,0,38,38,0,0,0,0,0,0
technology,543,154342,83,False,population_zero,0,5,0,12,0,0,0,0,8,8,0,0,0,0,0,0
technology,544,154442,77,False,population_zero,0,5,0,13,0,0,0,0,7,7,0,0,0,0,0,0
technology,545,154542,87,False,population_zero,0,5,0,8,0,0,0,0,8,8,0,0,0,0,0,0
technology,546,154642,100,True,max_turns_reached,5,5,59,80,0,0,0,0,36,36,0,0,0,0,0,0
technology,547,154742,12,False,population_zero,0,5,0,7,0,0,0,0,2,2,0,0,0,0,0,0
technology,548,154842,100,True,max_turns_reached,4,5,5,36,0,0,0,0,34,34,0,0,0,0,0,0
technology,549,154942,84,False,population_zero,0,5,0,12,0,0,0,0,8,8,0,0,0,0,0,0
technology,550,155042,73,False,population_zero,0,5,0,11,0,0,0,0,6,6,0,0,0,0,0,0
technology,551,155142,100,True,max_turns_reached,4,5,31,49,0,0,0,0,33,33,0,0,0,0,0,0
technology,552,155242,100,True,max_turns_reached,3,5,10,26,0,0,0,0,23,23,0,0,0,0,0,0
technology,553,155342,100,True,max_turns_reached,5,5,68,68,0,0,0,0,42,42,0,0,0,0,0,0
technology,554,155442,100,True,max_turns_reached,5,5,62,71,0,0,0,0,34,34,0,0,0,0,0,0
technology,555,155542,100,True,max_turns_reached,5,5,68,68,0,0,0,0,34,34,0,0,0,0,0,0
technology,556,155642,100,True,max_turns_reached,4,5,13,37,0,0,0,0,36,36,0,0,0,0,0,0
technology,557,155742,100,True,max_turns_reached,5,5,55,62,0,0,0,0,33,33,0,0,0,0,0,0
technology,558,155842,23,False,population_zero,0,5,0,7,0,0,0,0,5,5,0,0,0,0,0,0
technology,559,155942,51,False,population_zero,0,5,0,9,0,0,0,0,6,6,0,0,0,0,0,0
technology,560,156042,14,False,population_zero,0,5,0,7,0,0,0,0,2,2,0,0,0,0,0,0
technology,561,156142,100,True,max_turns_reached,5,5,60,70,0,0,0,0,36,36,0,0,0,0,0,0
technology,562,156242,78,False,population_zero,0,5,0,11,0,0,0,0,8,8,0,0,0,0,0,0
technology,563,156342,100,True,max_turns_reached,4,5,50,50,0,0,0,0,38,38,0,0,0,0,0,0
technology,564,156442,100,True,max_turns_reached,1,5,8,23,0,0,0,0,17,17,0,0,0,0,0,0
technology,565,156542,100,True,max_turns_reached,5,5,51,81,0,0,0,0,38,38,0,0,0,0,0,0
technology,566,156642,100,True,max_turns_reached,5,5,77,95,0,0,0,0,43,43,0,0,0,0,0,0
technology,567,156742,100,True,max_turns_reached,5,5,67,82,0,0,0,0,40,40,0,0,0,0,0,0
technology,568,156842,19,False,population_zero,0,5,0,7,0,0,0,0,4,4,0,0,0,0,0,0
technology,569,156942,57,False,population_zero,0,5,0,18,0,0,0,0,5,5,0,0,0,0,0,0
technology,570,157042,77,False,population_zero,0,5,0,21,0,0,0,0,10,10,0,0,0,0,0,0
technology,571,157142,29,False,population_zero,0,5,0,8,0,0,0,0,4,4,0,0,0,0,0,0
technology,572,157242,100,True,max_turns_reached,3,5,22,36,0,0,0,0,22,22,0,0,0,0,0,0
technology,573,157342,100,True,max_turns_reached,4,5,40,40,0,0,0,0,36,36,0,0,0,0,0,0
technology,574,157442,100,True,max_turns_reached,3,5,21,42,0,0,0,0,23,23,0,0,0,0,0,0
technology,575,157542,66,False,population_zero,0,5,0,20,0,0,0,0,5,5,0,0,0,0,0,0
technology,576,157642,100,True,max_turns_reached,1,5,3,15,0,0,0,0,15,15,0,0,0,0,0,0
technology,577,157742,23,False,population_zero,0,5,0,9,0,0,0,0,5,5,0,0,0,0,0,0
technology,578,157842,100,True,max_turns_reached,5,5,59,69,0,0,0,0,35,35,0,0,0,0,0,0
technology,579,157942,95,False,population_zero,0,5,0,15,0,0,0,0,10,10,0,0,0,0,0,0
technology,580,158042,25,False,population_zero,0,5,0,8,0,0,0,0,3,3,0,0,0,0,0,0
technology,581,158142,100,True,max_turns_reached,5,5,58,72,0,0,0,0,38,38,0,0,0,0,0,0
technology,582,158242,100,True,max_turns_reached,4,5,38,38,0,0,0,0,33,33,0,0,0,0,0,0
technology,583,158342,29,False,population_zero,0,5,0,9,0,0,0,0,4,4,0,0,0,0,0,0
technology,584,158442,100,True,max_turns_reached,5,5,51,78,0,0,0,0,39,39,0,0,0,0,0,0
technology,585,158542,49,False,population_zero,0,5,0,8,0,0,0,0,6,6,0,0,0,0,0,0
technology,586,158642,100,True,max_turns_reached,4,5,46,46,0,0,0,0,39,39,0,0,0,0,0,0
technology,587,158742,29,False,population_zero,0,5,0,10,0,0,0,0,5,5,0,0,0,0,0,0
technology,588,158842,42,False,population_zero,0,5,0,10,0,0,0,0,5,5,0,0,0,0,0,0
technology,589,158942,100,True,max_turns_reached,5,5,48,58,0,0,0,0,30,30,0,0,0,0,0,0
technology,590,159042,100,True,max_turns_reached,3,5,16,39,0,0,0,0,22,22,0,0,0,0,0,0
technology,591,159142,100,True,max_turns_reached,5,5,55,76,0,0,0,0,39,39,0,0,0,0,0,0
technology,592,159242,100,True,max_turns_reached,5,5,66,83,0,0,0,0,40,40,0,0,0,0,0,0
technology,593,159342,23,False,population_zero,0,5,0,7,0,0,0,0,4,4,0,0,0,0,0,0
technology,594,159442,27,False,population_zero,0,5,0,9,0,0,0,0,2,2,0,0,0,0,0,0
technology,595,159542,100,True,max_turns_reached,3,5,20,35,0,0,0,0,23,23,0,0,0,0,0,0
technology,596,159642,100,True,max_turns_reached,3,5,22,37,0,0,0,0,21,21,0,0,0,0,0,0
technology,597,159742,100,True,max_turns_reached,4,5,13,40,0,0,0,0,35,35,0,0,0,0,0,0
technology,598,159842,87,False,population_zero,0,5,0,22,0,0,0,0,11,11,0,0,0,0,0,0
technology,599,159942,100,True,max_turns_reached,5,5,66,74,0,0,0,0,40,40,0,0,0,0,0,0
technology,600,160042,100,True,max_turns_reached,5,5,59,67,0,0,0,0,37,37,0,0,0,0,0,0
technology,601,160142,34,False,population_zero,0,5,0,10,0,0,0,0,6,6,0,0,0,0,0,0
technology,602,160242,26,False,population_zero,0,5,0,16,0,0,0,0,6,6,0,0,0,0,0,0
technology,603,160342,100,True,max_turns_reached,5,5,67,76,0,0,0,0,36,36,0,0,0,0,0,0
technology,604,160442,100,True,max_turns_reached,5,5,79,84,0,0,0,0,39,39,0,0,0,0,0,0
technology,605,160542,20,False,population_zero,0,5,0,8,0,0,0,0,4,4,0,0,0,0,0,0
technology,606,160642,100,True,max_turns_reached,5,5,60,65,0,0,0,0,38,38,0,0,0,0,0,0
technology,607,160742,100,True,max_turns_reached,5,5,72,84,0,0,0,0,39,39,0,0,0,0,0,0
technology,608,160842,100,True,max_turns_reached,2,5,3,12,0,0,0,0,23,23,0,0,0,0,0,0
technology,609,160942,100,True,max_turns_reached,4,5,28,51,0,0,0,0,42,42,0,0,0,0,0,0
technology,610,161042,85,False,population_zero,0,5,0,10,0,0,0,0,9,9,0,0,0,0,0,0
technology,611,161142,88,False,population_zero,0,5,0,19,0,0,0,0,10,10,0,0,0,0,0,0
technology,612,161242,15,False,population_zero,0,5,0,8,0,0,0,0,5,5,0,0,0,0,0,0
technology,613,161342,100,True,max_turns_reached,5,5,77,80,0,0,0,0,42,42,0,0,0,0,0,0
technology,614,161442,88,False,population_zero,0,5,0,12,0,0,0,0,7,7,0,0,0,0,0,0
technology,615,161542,91,False,population_zero,0,5,0,10,0,0,0,0,7,7,0,0,0,0,0,0
technology,616,161642,100,True,max_turns_reached,5,5,67,72,0,0,0,0,41,41,0,0,0,0,0,0
technology,617,161742,78,False,population_zero,0,5,0,8,0,0,0,0,8,8,0,0,0,0,0,0
technology,618,161842,77,False,population_zero,0,5,0,17,0,0,0,0,10,10,0,0,0,0,0,0
technology,619,161942,100,True,max_turns_reached,5,5,54,75,0,0,0,0,37,37,0,0,0,0,0,0
technology,620,162042,80,False,population_zero,0,5,0,11,0,0,0,0,10,10,0,0,0,0,0,0
technology,621,162142,20,False,population_zero,0,5,0,9,0,0,0,0,3,3,0,0,0,0,0,0
technology,622,162242,100,True,max_turns_reached,3,5,13,47,0,0,0,0,25,25,0,0,0,0,0,0
technology,623,162342,27,False,population_zero,0,5,0,7,0,0,0,0,5,5,0,0,0,0,0,0
technology,624,162442,40,False,population_zero,0,5,0,9,0,0,0,0,5,5,0,0,0,0,0,0
technology,625,162542,100,True,max_turns_reached,3,5,44,46,0,0,0,0,24,24,0,0,0,0,0,0
technology,626,162642,100,True,max_turns_reached,3,5,8,28,0,0,0,0,20,20,0,0,0,0,0,0
technology,627,162742,100,True,max_turns_reached,5,5,62,66,0,0,0,0,34,34,0,0,0,0,0,0
technology,628,162842,100,True,max_turns_reached,2,5,1,26,0,0,0,0,26,26,0,0,0,0,0,0
technology,629,162942,31,False,population_zero,0,5,0,14,0,0,0,0,5,5,0,0,0,0,0,0
technology,630,163042,78,False,population_zero,0,5,0,14,0,0,0,0,7,7,0,0,0,0,0,0
technology,631,163142,100,True,max_turns_reached,3,5,4,22,0,0,0,0,22,22,0,0,0,0,0,0
technology,632,163242,52,False,population_zero,0,5,0,16,0,0,0,0,6,6,0,0,0,0,0,0
technology,633,163342,24,False,population_zero,0,5,0,7,0,0,0,0,6,6,0,0,0,0,0,0
technology,634,163442,100,True,max_turns_reached,5,5,55,68,0,0,0,0,39,39,0,0,0,0,0,0
technology,635,163542,29,False,population_zero,0,5,0,9,0,0,0,0,5,5,0,0,0,0,0,0
technology,636,163642,80,False,population_zero,0,5,0,22,0,0,0,0,7,7,0,0,0,0,0,0
technology,637,163742,12,False,population_zero,0,5,0,10,0,0,0,0,3,3,0,0,0,0,0,0
technology,638,163842,100,True,max_turns_reached,5,5,65,78,0,0,0,0,39,39,0,0,0,0,0,0
technology,639,163942,92,False,population_zero,0,5,0,15,0,0,0,0,10,10,0,0,0,0,0,0
technology,640,164042,100,True,max_turns_reached,3,5,20,47,0,0,0,0,25,25,0,0,0,0,0,0
technology,641,164142,77,False,population_zero,0,5,0,16,0,0,0,0,10,10,0,0,0,0,0,0
technology,642,164242,32,False,population_zero,0,5,0,12,0,0,0,0,5,5,0,0,0,0,0,0
technology,643,164342,100,True,max_turns_reached,3,5,11,39,0,0,0,0,25,25,0,0,0,0,0,0
technology,644,164442,100,True,max_turns_reached,5,5,84,84,0,0,0,0,37,37,0,0,0,0,0,0
technology,645,164542,100,True,max_turns_reached,5,5,60,71,0,0,0,0,34,34,0,0,0,0,0,0
technology,646,164642,78,False,population_zero,0,5,0,13,0,0,0,0,7,7,0,0,0,0,0,0
technology,647,164742,81,False,population_zero,0,5,0,12,0,0,0,0,8,8,0,0,0,0,0,0
technology,648,164842,100,True,max_turns_reached,5,5,64,64,0,0,0,0,39,39,0,0,0,0,0,0
technology,649,164942,100,True,max_turns_reached,5,5,45,69,0,0,0,0,35,35,0,0,0,0,0,0
technology,650,165042,83,False,population_zero,0,5,0,29,0,0,0,0,10,10,0,0,0,0,0,0
technology,651,165142,100,True,max_turns_reached,3,5,24,32,0,0,0,0,24,24,0,0,0,0,0,0
technology,652,165242,100,True,max_turns_reached,3,5,26,35,0,0,0,0,24,24,0,0,0,0,0,0
technology,653,165342,16,False,population_zero,0,5,0,8,0,0,0,0,2,2,0,0,0,0,0,0
technology,654,165442,45,False,population_zero,0,5,0,13,0,0,0,0,6,6,0,0,0,0,0,0
technology,655,165542,100,True,max_turns_reached,3,5,31,35,0,0,0,0,23,23,0,0,0,0,0,0
technology,656,165642,79,False,population_zero,0,5,0,10,0,0,0,0,8,8,0,0,0,0,0,0
technology,657,165742,27,False,population_zero,0,5,0,12,0,0,0,0,4,4,0,0,0,0,0,0
technology,658,165842,100,True,max_turns_reached,2,5,12,18,0,0,0,0,23,23,0,0,0,0,0,0
technology,659,165942,78,False,population_zero,0,5,0,10,0,0,0,0,7,7,0,0,0,0,0,0
technology,660,166042,100,True,max_turns_reached,5,5,53,68,0,0,0,0,37,37,0,0,0,0,0,0
technology,661,166142,100,True,max_turns_reached,3,5,3,26,0,0,0,0,26,26,0,0,0,0,0,0
technology,662,166242,100,True,max_turns_reached,5,5,66,73,0,0,0,0,44,44,0,0,0,0,0,0
technology,663,166342,17,False,population_zero,0,5,0,7,0,0,0,0,4,4,0,0,0,0,0,0
technology,664,166442,86,False,population_zero,0,5,0,12,0,0,0,0,8,8,0,0,0,0,0,0
technology,665,166542,100,True,max_turns_reached,5,5,52,69,0,0,0,0,37,37,0,0,0,0,0,0
technology,666,166642,100,True,max_turns_reached,5,5,70,70,0,0,0,0,34,34,0,0,0,0,0,0
technology,667,166742,49,False,population_zero,0,5,0,11,0,0,0,0,6,6,0,0,0,0,0,0
technology,668,166842,100,True,max_turns_reached,5,5,60,76,0,0,0,0,40,40,0,0,0,0,0,0
technology,669,166942,14,False,population_zero,0,5,0,8,0,0,0,0,3,3,0,0,0,0,0,0
technology,670,167042,41,False,population_zero,0,5,0,11,0,0,0,0,6,6,0,0,0,0,0,0
technology,671,167142,82,False,population_zero,0,5,0,13,0,0,0,0,8,8,0,0,0,0,0,0
technology,672,167242,10,False,population_zero,0,5,0,8,0,0,0,0,3,3,0,0,0,0,0,0
technology,673,167342,15,False,population_zero,0,5,0,10,0,0,0,0,4,4,0,0,0,0,0,0
technology,674,167442,31,False,population_zero,0,5,0,10,0,0,0,0,6,6,0,0,0,0,0,0
technology,675,167542,100,True,max_turns_reached,5,5,37,65,0,0,0,0,35,35,0,0,0,0,0,0
technology,676,167642,100,True,max_turns_reached,3,5,3,33,0,0,0,0,24,24,0,0,0,0,0,0
technology,677,167742,77,False,population_zero,0,5,0,10,0,0,0,0,9,9,0,0,0,0,0,0
technology,678,167842,100,True,max_turns_reached,5,5,57,74,0,0,0,0,36,36,0,0,0,0,0,0
technology,679,167942,100,True,max_turns_reached,5,5,74,75,0,0,0,0,42,42,0,0,0,0,0,0
technology,680,168042,100,True,max_turns_reached,3,5,46,46,0,0,0,0,26,26,0,0,0,0,0,0
technology,681,168142,83,False,population_zero,0,5,0,10,0,0,0,0,7,7,0,0,0,0,0,0
technology,682,168242,100,True,max_turns_reached,3,5,17,32,0,0,0,0,21,21,0,0,0,0,0,0
technology,683,168342,100,True,max_turns_reached,3,5,7,38,0,0,0,0,23,23,0,0,0,0,0,0
technology,684,168442,31,False,population_zero,0,5,0,11,0,0,0,0,4,4,0,0,0,0,0,0
technology,685,168542,100,True,max_turns_reached,5,5,56,68,0,0,0,0,39,39,0,0,0,0,0,0
technology,686,168642,100,True,max_turns_reached,5,5,53,71,0,0,0,0,35,35,0,0,0,0,0,0
technology,687,168742,37,False,population_zero,0,5,0,17,0,0,0,0,5,5,0,0,0,0,0,0
technology,688,168842,100,True,max_turns_reached,5,5,52,66,0,0,0,0,37,37,0,0,0,0,0,0
technology,689,168942,43,False,population_zero,0,5,0,8,0,0,0,0,6,6,0,0,0,0,0,0
technology,690,169042,16,False,population_zero,0,5,0,8,0,0,0,0,4,4,0,0,0,0,0,0
technology,691,169142,81,False,population_zero,0,5,0,13,0,0,0,0,10,10,0,0,0,0,0,0
technology,692,169242,100,True,max_turns_reached,5,5,58,65,0,0,0,0,37,37,0,0,0,0,0,0
technology,693,169342,100,True,max_turns_reached,5,5,46,61,0,0,0,0,37,37,0,0,0,0,0,0
technology,694,169442,100,True,max_turns_reached,5,5,89,89,0,0,0,0,39,39,0,0,0,0,0,0
technology,695,169542,100,True,max_turns_reached,4,5,45,56,0,0,0,0,41,41,0,0,0,0,0,0
technology,696,169642,21,False,population_zero,0,5,0,7,0,0,0,0,6,6,0,0,0,0,0,0
technology,697,169742,20,False,population_zero,0,5,0,10,0,0,0,0,6,6,0,0,0,0,0,0
technology,698,169842,46,False,population_zero,0,5,0,9,0,0,0,0,4,4,0,0,0,0,0,0
technology,699,169942,100,True,max_turns_reached,5,5,57,71,0,0,0,0,37,37,0,0,0,0,0,0
technology,700,170042,100,True,max_turns_reached,5,5,61,69,0,0,0,0,39,39,0,0,0,0,0,0
technology,701,170142,100,True,max_turns_reached,5,5,38,71,0,0,0,0,38,38,0,0,0,0,0,0
technology,702,170242,85,False,population_zero,0,5,0,17,0,0,0,0,10,10,0,0,0,0,0,0
technology,703,170342,100,True,max_turns_reached,3,5,6,34,0,0,0,0,25,25,0,0,0,0,0,0
technology,704,170442,100,True,max_turns_reached,5,5,58,67,0,0,0,0,34,34,0,0,0,0,0,0
technology,705,170542,83,False,population_zero,0,5,0,17,0,0,0,0,9,9,0,0,0,0,0,0
technology,706,170642,93,False,population_zero,0,5,0,18,0,0,0,0,7,7,0,0,0,0,0,0
technology,707,170742,81,False,population_zero,0,5,0,12,0,0,0,0,10,10,0,0,0,0,0,0
technology,708,170842,88,False,population_zero,0,5,0,16,0,0,0,0,9,9,0,0,0,0,0,0
technology,709,170942,100,True,max_turns_reached,5,5,68,68,0,0,0,0,38,38,0,0,0,0,0,0
technology,710,171042,41,False,population_zero,0,5,0,11,0,0,0,0,4,4,0,0,0,0,0,0
technology,711,171142,100,True,max_turns_reached,5,5,46,65,0,0,0,0,38,38,0,0,0,0,0,0
technology,712,171242,100,True,max_turns_reached,5,5,76,81,0,0,0,0,40,40,0,0,0,0,0,0
technology,713,171342,18,False,population_zero,0,5,0,8,0,0,0,0,4,4,0,0,0,0,0,0
technology,714,171442,79,False,population_zero,0,5,0,29,0,0,0,0,9,9,0,0,0,0,0,0
technology,715,171542,78,False,population_zero,0,5,0,11,0,0,0,0,7,7,0,0,0,0,0,0
technology,716,171642,21,False,population_zero,0,5,0,13,0,0,0,0,3,3,0,0,0,0,0,0
technology,717,171742,100,True,max_turns_reached,3,5,15,34,0,0,0,0,24,24,0,0,0,0,0,0
technology,718,171842,100,True,max_turns_reached,2,5,0,24,0,0,0,0,19,19,0,0,0,0,0,0
technology,719,171942,100,True,max_turns_reached,3,5,16,37,0,0,0,0,23,23,0,0,0,0,0,0
technology,720,172042,44,False,population_zero,0,5,0,10,0,0,0,0,3,3,0,0,0,0,0,0
technology,721,172142,77,False,population_zero,0,5,0,22,0,0,0,0,10,10,0,0,0,0,0,0
technology,722,172242,100,True,max_turns_reached,3,5,9,33,0,0,0,0,23,23,0,0,0,0,0,0
technology,723,172342,100,True,max_turns_reached,5,5,29,60,0,0,0,0,35,35,0,0,0,0,0,0
technology,724,172442,100,True,max_turns_reached,5,5,66,72,0,0,0,0,38,38,0,0,0,0,0,0
technology,725,172542,19,False,population_zero,0,5,0,9,0,0,0,0,2,2,0,0,0,0,0,0
technology,726,172642,100,True,max_turns_reached,5,5,58,68,0,0,0,0,38,38,0,0,0,0,0,0
technology,727,172742,100,True,max_turns_reached,5,5,77,80,0,0,0,0,38,38,0,0,0,0,0,0
technology,728,172842,20,False,population_zero,0,5,0,12,0,0,0,0,5,5,0,0,0,0,0,0
technology,729,172942,77,False,population_zero,0,5,0,29,0,0,0,0,10,10,0,0,0,0,0,0
technology,730,173042,100,True,max_turns_reached,5,5,31,71,0,0,0,0,35,35,0,0,0,0,0,0
technology,731,173142,100,True,max_turns_reached,5,5,72,72,0,0,0,0,38,38,0,0,0,0,0,0
technology,732,173242,47,False,population_zero,0,5,0,9,0,0,0,0,4,4,0,0,0,0,0,0
technology,733,173342,100,True,max_turns_reached,5,5,47,73,0,0,0,0,39,39,0,0,0,0,0,0
technology,734,173442,77,False,population_zero,0,5,0,10,0,0,0,0,6,6,0,0,0,0,0,0
technology,735,173542,80,False,population_zero,0,5,0,27,0,0,0,0,10,10,0,0,0,0,0,0
technology,736,173642,100,True,max_turns_reached,5,5,70,80,0,0,0,0,39,39,0,0,0,0,0,0
technology,737,173742,100,True,max_turns_reached,4,5,31,51,0,0,0,0,41,41,0,0,0,0,0,0
technology,738,173842,100,True,max_turns_reached,4,5,27,54,0,0,0,0,38,38,0,0,0,0,0,0
technology,739,173942,22,False,population_zero,0,5,0,9,0,0,0,0,4,4,0,0,0,0,0,0
technology,740,174042,100,True,max_turns_reached,5,5,69,74,0,0,0,0,36,36,0,0,0,0,0,0
technology,741,174142,20,False,population_zero,0,5,0,10,0,0,0,0,5,5,0,0,0,0,0,0
technology,742,174242,100,True,max_turns_reached,4,5,44,51,0,0,0,0,45,45,0,0,0,0,0,0
technology,743,174342,100,True,max_turns_reached,5,5,47,65,0,0,0,0,35,35,0,0,0,0,0,0
technology,744,174442,100,True,max_turns_reached,1,5,7,18,0,0,0,0,10,10,0,0,0,0,0,0
technology,745,174542,76,False,population_zero,0,5,0,14,0,0,0,0,10,10,0,0,0,0,0,0
technology,746,174642,21,False,population_zero,0,5,0,7,0,0,0,0,3,3,0,0,0,0,0,0
technology,747,174742,100,True,max_turns_reached,3,5,9,45,0,0,0,0,21,21,0,0,0,0,0,0
technology,748,174842,42,False,population_zero,0,5,0,22,0,0,0,0,6,6,0,0,0,0,0,0
technology,749,174942,40,False,population_zero,0,5,0,14,0,0,0,0,6,6,0,0,0,0,0,0
technology,750,175042,100,True,max_turns_reached,3,5,13,30,0,0,0,0,22,22,0,0,0,0,0,0
technology,751,175142,100,True,max_turns_reached,3,5,17,39,0,0,0,0,21,21,0,0,0,0,0,0
technology,752,175242,90,False,population_zero,0,5,0,23,0,0,0,0,8,8,0,0,0,0,0,0
technology,753,175342,18,False,population_zero,0,5,0,7,0,0,0,0,2,2,0,0,0,0,0,0
technology,754,175442,13,False,population_zero,0,5,0,7,0,0,0,0,1,1,0,0,0,0,0,0
technology,755,175542,76,False,population_zero,0,5,0,16,0,0,0,0,7,7,0,0,0,0,0,0
technology,756,175642,100,True,max_turns_reached,3,5,8,26,0,0,0,0,24,24,0,0,0,0,0,0
technology,757,175742,100,True,max_turns_reached,3,5,24,34,0,0,0,0,21,21,0,0,0,0,0,0
technology,758,175842,80,False,population_zero,0,5,0,17,0,0,0,0,10,10,0,0,0,0,0,0
technology,759,175942,100,True,max_turns_reached,3,5,21,42,0,0,0,0,22,22,0,0,0,0,0,0
technology,760,176042,100,True,max_turns_reached,3,5,17,39,0,0,0,0,24,24,0,0,0,0,0,0
technology,761,176142,100,True,max_turns_reached,3,5,7,39,0,0,0,0,21,21,0,0,0,0,0,0
technology,762,176242,57,False,population_zero,0,5,0,8,0,0,0,0,5,5,0,0,0,0,0,0
technology,763,176342,100,True,max_turns_reached,5,5,48,77,0,0,0,0,38,38,0,0,0,0,0,0
technology,764,176442,77,False,population_zero,0,5,0,13,0,0,0,0,7,7,0,0,0,0,0,0
technology,765,176542,100,True,max_turns_reached,5,5,73,79,0,0,0,0,36,36,0,0,0,0,0,0
technology,766,176642,100,True,max_turns_reached,5,5,43,56,0,0,0,0,33,33,0,0,0,0,0,0
technology,767,176742,100,True,max_turns_reached,4,5,16,54,0,0,0,0,39,39,0,0,0,0,0,0
technology,768,176842,100,True,max_turns_reached,1,5,4,25,0,0,0,0,9,9,0,0,0,0,0,0
technology,769,176942,97,False,population_zero,0,5,0,24,0,0,0,0,11,11,0,0,0,0,0,0
technology,770,177042,39,False,population_zero,0,5,0,8,0,0,0,0,4,4,0,0,0,0,0,0
technology,771,177142,100,True,max_turns_reached,1,5,0,28,0,0,0,0,10,10,0,0,0,0,0,0
technology,772,177242,100,True,max_turns_reached,1,5,4,13,0,0,0,0,8,8,0,0,0,0,0,0
technology,773,177342,87,False,population_zero,0,5,0,31,0,0,0,0,11,11,0,0,0,0,0,0
technology,774,177442,100,True,max_turns_reached,3,5,41,41,0,0,0,0,26,26,0,0,0,0,0,0
technology,775,177542,100,True,max_turns_reached,4,5,14,48,0,0,0,0,37,37,0,0,0,0,0,0
technology,776,177642,100,True,max_turns_reached,5,5,57,68,0,0,0,0,34,34,0,0,0,0,0,0
technology,777,177742,100,True,max_turns_reached,5,5,87,87,0,0,0,0,37,37,0,0,0,0,0,0
technology,778,177842,100,True,max_turns_reached,5,5,36,67,0,0,0,0,37,37,0,0,0,0,0,0
technology,779,177942,100,True,max_turns_reached,2,5,5,13,0,0,0,0,22,22,0,0,0,0,0,0
technology,780,178042,76,False,population_zero,0,5,0,17,0,0,0,0,8,8,0,0,0,0,0,0
technology,781,178142,100,True,max_turns_reached,5,5,60,68,0,0,0,0,37,37,0,0,0,0,0,0
technology,782,178242,100,True,max_turns_reached,3,5,21,44,0,0,0,0,26,26,0,0,0,0,0,0
technology,783,178342,100,True,max_turns_reached,5,5,74,81,0,0,0,0,38,38,0,0,0,0,0,0
technology,784,178442,100,True,max_turns_reached,3,5,9,34,0,0,0,0,23,23,0,0,0,0,0,0
technology,785,178542,90,False,population_zero,0,5,0,14,0,0,0,0,11,11,0,0,0,0,0,0
technology,786,178642,100,True,max_turns_reached,3,5,22,40,0,0,0,0,22,22,0,0,0,0,0,0
technology,787,178742,100,True,max_turns_reached,1,5,15,19,0,0,0,0,10,10,0,0,0,0,0,0
technology,788,178842,100,True,max_turns_reached,4,5,12,33,0,0,0,0,35,35,0,0,0,0,0,0
technology,789,178942,10,False,population_zero,0,5,0,7,0,0,0,0,3,3,0,0,0,0,0,0
technology,790,179042,76,False,population_zero,0,5,0,16,0,0,0,0,7,7,0,0,0,0,0,0
technology,791,179142,25,False,population_zero,0,5,0,10,0,0,0,0,6,6,0,0,0,0,0,0
technology,792,179242,11,False,population_zero,0,5,0,8,0,0,0,0,2,2,0,0,0,0,0,0
technology,793,179342,36,False,population_zero,0,5,0,15,0,0,0,0,4,4,0,0,0,0,0,0
technology,794,179442,100,True,max_turns_reached,5,5,74,85,0,0,0,0,41,41,0,0,0,0,0,0
technology,795,179542,78,False,population_zero,0,5,0,12,0,0,0,0,7,7,0,0,0,0,0,0
technology,796,179642,78,False,population_zero,0,5,0,15,0,0,0,0,7,7,0,0,0,0,0,0
technology,797,179742,100,True,max_turns_reached,3,5,10,38,0,0,0,0,21,21,0,0,0,0,0,0
technology,798,179842,100,True,max_turns_reached,5,5,35,69,0,0,0,0,37,37,0,0,0,0,0,0
technology,799,179942,24,False,population_zero,0,5,0,7,0,0,0,0,6,6,0,0,0,0,0,0
technology,800,180042,80,False,population_zero,0,5,0,14,0,0,0,0,7,7,0,0,0,0,0,0
technology,801,180142,15,False,population_zero,0,5,0,7,0,0,0,0,4,4,0,0,0,0,0,0
technology,802,180242,100,True,max_turns_reached,3,5,12,41,0,0,0,0,24,24,0,0,0,0,0,0
technology,803,180342,100,True,max_turns_reached,5,5,89,89,0,0,0,0,42,42,0,0,0,0,0,0
technology,804,180442,41,False,population_zero,0,5,0,28,0,0,0,0,3,3,0,0,0,0,0,0
technology,805,180542,27,False,population_zero,0,5,0,8,0,0,0,0,4,4,0,0,0,0,0,0
technology,806,180642,80,False,population_zero,0,5,0,13,0,0,0,0,8,8,0,0,0,0,0,0
technology,807,180742,100,True,max_turns_reached,3,5,3,41,0,0,0,0,21,21,0,0,0,0,0,0
technology,808,180842,24,False,population_zero,0,5,0,7,0,0,0,0,4,4,0,0,0,0,0,0
technology,809,180942,21,False,population_zero,0,5,0,11,0,0,0,0,5,5,0,0,0,0,0,0
technology,810,181042,78,False,population_zero,0,5,0,25,0,0,0,0,8,8,0,0,0,0,0,0
technology,811,181142,100,True,max_turns_reached,5,5,46,78,0,0,0,0,39,39,0,0,0,0,0,0
technology,812,181242,100,True,max_turns_reached,4,5,29,57,0,0,0,0,37,37,0,0,0,0,0,0
technology,813,181342,98,False,population_zero,0,5,0,17,0,0,0,0,10,10,0,0,0,0,0,0
technology,814,181442,27,False,population_zero,0,5,0,11,0,0,0,0,6,6,0,0,0,0,0,0
technology,815,181542,100,True,max_turns_reached,5,5,32,62,0,0,0,0,34,34,0,0,0,0,0,0
technology,816,181642,100,True,max_turns_reached,5,5,30,61,0,0,0,0,34,34,0,0,0,0,0,0
technology,817,181742,100,True,max_turns_reached,4,5,37,50,0,0,0,0,39,39,0,0,0,0,0,0
technology,818,181842,39,False,population_zero,0,5,0,7,0,0,0,0,6,6,0,0,0,0,0,0
technology,819,181942,21,False,population_zero,0,5,0,7,0,0,0,0,3,3,0,0,0,0,0,0
technology,820,182042,100,True,max_turns_reached,5,5,30,65,0,0,0,0,41,41,0,0,0,0,0,0
technology,821,182142,80,False,population_zero,0,5,0,26,0,0,0,0,9,9,0,0,0,0,0,0
technology,822,182242,100,True,max_turns_reached,3,5,26,35,0,0,0,0,25,25,0,0,0,0,0,0
technology,823,182342,38,False,population_zero,0,5,0,10,0,0,0,0,4,4,0,0,0,0,0,0
technology,824,182442,100,True,max_turns_reached,1,5,1,22,0,0,0,0,13,13,0,0,0,0,0,0
technology,825,182542,100,True,max_turns_reached,5,5,66,80,0,0,0,0,39,39,0,0,0,0,0,0
technology,826,182642,20,False,population_zero,0,5,0,11,0,0,0,0,5,5,0,0,0,0,0,0
technology,827,182742,78,False,population_zero,0,5,0,10,0,0,0,0,7,7,0,0,0,0,0,0
technology,828,182842,17,False,population_zero,0,5,0,7,0,0,0,0,2,2,0,0,0,0,0,0
technology,829,182942,100,True,max_turns_reached,5,5,45,60,0,0,0,0,35,35,0,0,0,0,0,0
technology,830,183042,39,False,population_zero,0,5,0,7,0,0,0,0,5,5,0,0,0,0,0,0
technology,831,183142,49,False,population_zero,0,5,0,10,0,0,0,0,6,6,0,0,0,0,0,0
technology,832,183242,100,True,max_turns_reached,5,5,59,60,0,0,0,0,37,37,0,0,0,0,0,0
technology,833,183342,100,True,max_turns_reached,3,5,27,30,0,0,0,0,22,22,0,0,0,0,0,0
technology,834,183442,100,True,max_turns_reached,5,5,60,71,0,0,0,0,37,37,0,0,0,0,0,0
technology,835,183542,100,True,max_turns_reached,4,5,37,47,0,0,0,0,32,32,0,0,0,0,0,0
technology,836,183642,100,True,max_turns_reached,3,5,15,30,0,0,0,0,23,23,0,0,0,0,0,0
technology,837,183742,29,False,population_zero,0,5,0,10,0,0,0,0,6,6,0,0,0,0,0,0
technology,838,183842,100,True,max_turns_reached,5,5,66,80,0,0,0,0,33,33,0,0,0,0,0,0
technology,839,183942,31,False,population_zero,0,5,0,10,0,0,0,0,5,5,0,0,0,0,0,0
technology,840,184042,100,True,max_turns_reached,5,5,69,81,0,0,0,0,37,37,0,0,0,0,0,0
technology,841,184142,77,False,population_zero,0,5,0,17,0,0,0,0,9,9,0,0,0,0,0,0
technology,842,184242,100,True,max_turns_reached,3,5,7,30,0,0,0,0,22,22,0,0,0,0,0,0
technology,843,184342,32,False,population_zero,0,5,0,8,0,0,0,0,4,4,0,0,0,0,0,0
technology,844,184442,57,False,population_zero,0,5,0,19,0,0,0,0,6,6,0,0,0,0,0,0
technology,845,184542,100,True,max_turns_reached,5,5,53,58,0,0,0,0,37,37,0,0,0,0,0,0
technology,846,184642,100,True,max_turns_reached,4,5,43,46,0,0,0,0,37,37,0,0,0,0,0,0
technology,847,184742,100,True,max_turns_reached,4,5,7,35,0,0,0,0,36,36,0,0,0,0,0,0
technology,848,184842,100,True,max_turns_reached,5,5,66,80,0,0,0,0,39,39,0,0,0,0,0,0
technology,849,184942,100,True,max_turns_reached,5,5,49,65,0,0,0,0,34,34,0,0,0,0,0,0
technology,850,185042,82,False,population_zero,0,5,0,22,0,0,0,0,8,8,0,0,0,0,0,0
technology,851,185142,100,True,max_turns_reached,5,5,62,67,0,0,0,0,36,36,0,0,0,0,0,0
technology,852,185242,100,True,max_turns_reached,5,5,56,61,0,0,0,0,42,42,0,0,0,0,0,0
technology,853,185342,18,False,population_zero,0,5,0,10,0,0,0,0,3,3,0,0,0,0,0,0
technology,854,185442,22,False,population_zero,0,5,0,8,0,0,0,0,4,4,0,0,0,0,0,0
technology,855,185542,100,True,max_turns_reached,5,5,43,75,0,0,0,0,34,34,0,0,0,0,0,0
technology,856,185642,100,True,max_turns_reached,5,5,29,52,0,0,0,0,36,36,0,0,0,0,0,0
technology,857,185742,100,True,max_turns_reached,1,5,6,24,0,0,0,0,18,18,0,0,0,0,0,0
technology,858,185842,26,False,population_zero,0,5,0,16,0,0,0,0,5,5,0,0,0,0,0,0
technology,859,185942,76,False,population_zero,0,5,0,10,0,0,0,0,7,7,0,0,0,0,0,0
technology,860,186042,100,True,max_turns_reached,3,5,34,51,0,0,0,0,24,24,0,0,0,0,0,0
technology,861,186142,80,False,population_zero,0,5,0,9,0,0,0,0,8,8,0,0,0,0,0,0
technology,862,186242,100,True,max_turns_reached,5,5,66,76,0,0,0,0,38,38,0,0,0,0,0,0
technology,863,186342,78,False,population_zero,0,5,0,12,0,0,0,0,7,7,0,0,0,0,0,0
technology,864,186442,76,False,population_zero,0,5,0,15,0,0,0,0,9,9,0,0,0,0,0,0
technology,865,186542,19,False,population_zero,0,5,0,9,0,0,0,0,4,4,0,0,0,0,0,0
technology,866,186642,78,False,population_zero,0,5,0,13,0,0,0,0,6,6,0,0,0,0,0,0
technology,867,186742,100,True,max_turns_reached,5,5,45,57,0,0,0,0,35,35,0,0,0,0,0,0
technology,868,186842,100,True,max_turns_reached,1,5,6,16,0,0,0,0,12,12,0,0,0,0,0,0
technology,869,186942,23,False,population_zero,0,5,0,12,0,0,0,0,1,1,0,0,0,0,0,0
technology,870,187042,100,True,max_turns_reached,3,5,5,26,0,0,0,0,24,24,0,0,0,0,0,0
technology,871,187142,100,True,max_turns_reached,5,5,50,71,0,0,0,0,37,37,0,0,0,0,0,0
technology,872,187242,100,True,max_turns_reached,5,5,41,62,0,0,0,0,33,33,0,0,0,0,0,0
technology,873,187342,33,False,population_zero,0,5,0,7,0,0,0,0,6,6,0,0,0,0,0,0
technology,874,187442,40,False,population_zero,0,5,0,21,0,0,0,0,5,5,0,0,0,0,0,0
technology,875,187542,83,False,population_zero,0,5,0,12,0,0,0,0,10,10,0,0,0,0,0,0
technology,876,187642,86,False,population_zero,0,5,0,29,0,0,0,0,12,12,0,0,0,0,0,0
technology,877,187742,91,False,population_zero,0,5,0,20,0,0,0,0,7,7,0,0,0,0,0,0
technology,878,187842,100,True,max_turns_reached,5,5,75,77,0,0,0,0,41,41,0,0,0,0,0,0
technology,879,187942,86,False,population_zero,0,5,0,23,0,0,0,0,10,10,0,0,0,0,0,0
technology,880,188042,100,True,max_turns_reached,3,5,16,35,0,0,0,0,23,23,0,0,0,0,0,0
technology,881,188142,100,True,max_turns_reached,5,5,60,77,0,0,0,0,38,38,0,0,0,0,0,0
technology,882,188242,82,False,population_zero,0,5,0,11,0,0,0,0,8,8,0,0,0,0,0,0
technology,883,188342,76,False,population_zero,0,5,0,13,0,0,0,0,8,8,0,0,0,0,0,0
technology,884,188442,98,False,population_zero,0,5,0,25,0,0,0,0,12,12,0,0,0,0,0,0
technology,885,188542,18,False,population_zero,0,5,0,7,0,0,0,0,2,2,0,0,0,0,0,0
technology,886,188642,88,False,population_zero,0,5,0,15,0,0,0,0,7,7,0,0,0,0,0,0
technology,887,188742,100,True,max_turns_reached,3,5,8,36,0,0,0,0,22,22,0,0,0,0,0,0
technology,888,188842,78,False,population_zero,0,5,0,13,0,0,0,0,7,7,0,0,0,0,0,0
technology,889,188942,100,True,max_turns_reached,4,5,43,45,0,0,0,0,41,41,0,0,0,0,0,0
technology,890,189042,43,False,population_zero,0,5,0,10,0,0,0,0,6,6,0,0,0,0,0,0
technology,891,189142,100,True,max_turns_reached,5,5,46,66,0,0,0,0,35,35,0,0,0,0,0,0
technology,892,189242,19,False,population_zero,0,5,0,10,0,0,0,0,6,6,0,0,0,0,0,0
technology,893,189342,100,True,max_turns_reached,4,5,31,43,0,0,0,0,36,36,0,0,0,0,0,0
technology,894,189442,100,True,max_turns_reached,3,5,30,30,0,0,0,0,22,22,0,0,0,0,0,0
technology,895,189542,24,False,population_zero,0,5,0,8,0,0,0,0,5,5,0,0,0,0,0,0
technology,896,189642,16,False,population_zero,0,5,0,7,0,0,0,0,4,4,0,0,0,0,0,0
technology,897,189742,100,True,max_turns_reached,4,5,38,44,0,0,0,0,37,37,0,0,0,0,0,0
technology,898,189842,40,False,population_zero,0,5,0,12,0,0,0,0,4,4,0,0,0,0,0,0
technology,899,189942,39,False,population_zero,0,5,0,7,0,0,0,0,5,5,0,0,0,0,0,0
technology,900,190042,63,False,population_zero,0,5,0,10,0,0,0,0,6,6,0,0,0,0,0,0
technology,901,190142,82,False,population_zero,0,5,0,20,0,0,0,0,9,9,0,0,0,0,0,0
technology,902,190242,19,False,population_zero,0,5,0,8,0,0,0,0,4,4,0,0,0,0,0,0
technology,903,190342,43,False,population_zero,0,5,0,9,0,0,0,0,6,6,0,0,0,0,0,0
technology,904,190442,37,False,population_zero,0,5,0,13,0,0,0,0,6,6,0,0,0,0,0,0
technology,905,190542,100,True,max_turns_reached,5,5,51,72,0,0,0,0,37,37,0,0,0,0,0,0
technology,906,190642,17,False,population_zero,0,5,0,9,0,0,0,0,4,4,0,0,0,0,0,0
technology,907,190742,30,False,population_zero,0,5,0,13,0,0,0,0,5,5,0,0,0,0,0,0
technology,908,190842,77,False,population_zero,0,5,0,11,0,0,0,0,8,8,0,0,0,0,0,0
technology,909,190942,100,True,max_turns_reached,5,5,59,76,0,0,0,0,38,38,0,0,0,0,0,0
technology,910,191042,100,True,max_turns_reached,4,5,22,43,0,0,0,0,35,35,0,0,0,0,0,0
technology,911,191142,100,True,max_turns_reached,5,5,22,57,0,0,0,0,32,32,0,0,0,0,0,0
technology,912,191242,88,False,population_zero,0,5,0,16,0,0,0,0,11,11,0,0,0,0,0,0
technology,913,191342,100,True,max_turns_reached,5,5,47,69,0,0,0,0,33,33,0,0,0,0,0,0
technology,914,191442,100,True,max_turns_reached,5,5,69,81,0,0,0,0,39,39,0,0,0,0,0,0
technology,915,191542,100,True,max_turns_reached,2,5,5,30,0,0,0,0,21,21,0,0,0,0,0,0
technology,916,191642,100,True,max_turns_reached,4,5,39,52,0,0,0,0,37,37,0,0,0,0,0,0
technology,917,191742,100,True,max_turns_reached,3,5,2,39,0,0,0,0,23,23,0,0,0,0,0,0
technology,918,191842,100,True,max_turns_reached,5,5,57,66,0,0,0,0,35,35,0,0,0,0,0,0
technology,919,191942,100,True,max_turns_reached,1,5,0,16,0,0,0,0,7,7,0,0,0,0,0,0
technology,920,192042,100,True,max_turns_reached,5,5,56,80,0,0,0,0,38,38,0,0,0,0,0,0
technology,921,192142,79,False,population_zero,0,5,0,16,0,0,0,0,6,6,0,0,0,0,0,0
technology,922,192242,100,True,max_turns_reached,4,5,38,45,0,0,0,0,41,41,0,0,0,0,0,0
technology,923,192342,83,False,population_zero,0,5,0,15,0,0,0,0,8,8,0,0,0,0,0,0
technology,924,192442,100,True,max_turns_reached,5,5,81,81,0,0,0,0,39,39,0,0,0,0,0,0
technology,925,192542,100,True,max_turns_reached,5,5,61,78,0,0,0,0,40,40,0,0,0,0,0,0
technology,926,192642,24,False,population_zero,0,5,0,11,0,0,0,0,3,3,0,0,0,0,0,0
technology,927,192742,22,False,population_zero,0,5,0,12,0,0,0,0,6,6,0,0,0,0,0,0
technology,928,192842,79,False,population_zero,0,5,0,22,0,0,0,0,7,7,0,0,0,0,0,0
technology,929,192942,100,True,max_turns_reached,5,5,32,64,0,0,0,0,32,32,0,0,0,0,0,0
technology,930,193042,100,True,max_turns_reached,3,5,3,35,0,0,0,0,21,21,0,0,0,0,0,0
technology,931,193142,50,False,population_zero,0,5,0,9,0,0,0,0,6,6,0,0,0,0,0,0
technology,932,193242,100,True,max_turns_reached,3,5,9,30,0,0,0,0,23,23,0,0,0,0,0,0
technology,933,193342,34,False,population_zero,0,5,0,12,0,0,0,0,6,6,0,0,0,0,0,0
technology,934,193442,100,True,max_turns_reached,3,5,26,41,0,0,0,0,25,25,0,0,0,0,0,0
technology,935,193542,44,False,population_zero,0,5,0,12,0,0,0,0,6,6,0,0,0,0,0,0
technology,936,193642,100,True,max_turns_reached,5,5,60,87,0,0,0,0,41,41,0,0,0,0,0,0
technology,937,193742,100,True,max_turns_reached,1,5,4,15,0,0,0,0,9,9,0,0,0,0,0,0
technology,938,193842,69,False,population_zero,0,5,0,11,0,0,0,0,6,6,0,0,0,0,0,0
technology,939,193942,77,False,population_zero,0,5,0,11,0,0,0,0,6,6,0,0,0,0,0,0
technology,940,194042,17,False,population_zero,0,5,0,8,0,0,0,0,2,2,0,0,0,0,0,0
technology,941,194142,100,True,max_turns_reached,5,5,56,83,0,0,0,0,35,35,0,0,0,0,0,0
technology,942,194242,100,True,max_turns_reached,3,5,9,49,0,0,0,0,27,27,0,0,0,0,0,0
technology,943,194342,37,False,population_zero,0,5,0,9,0,0,0,0,6,6,0,0,0,0,0,0
technology,944,194442,100,True,max_turns_reached,1,5,0,25,0,0,0,0,12,12,0,0,0,0,0,0
technology,945,194542,100,True,max_turns_reached,5,5,64,76,0,0,0,0,34,34,0,0,0,0,0,0
technology,946,194642,80,False,population_zero,0,5,0,10,0,0,0,0,9,9,0,0,0,0,0,0
technology,947,194742,81,False,population_zero,0,5,0,21,0,0,0,0,8,8,0,0,0,0,0,0
technology,948,194842,100,True,max_turns_reached,5,5,59,69,0,0,0,0,39,39,0,0,0,0,0,0
technology,949,194942,34,False,population_zero,0,5,0,12,0,0,0,0,4,4,0,0,0,0,0,0
technology,950,195042,100,True,max_turns_reached,5,5,53,67,0,0,0,0,39,39,0,0,0,0,0,0
technology,951,195142,52,False,population_zero,0,5,0,7,0,0,0,0,5,5,0,0,0,0,0,0
technology,952,195242,100,True,max_turns_reached,4,5,14,45,0,0,0,0,37,37,0,0,0,0,0,0
technology,953,195342,31,False,population_zero,0,5,0,10,0,0,0,0,5,5,0,0,0,0,0,0
technology,954,195442,21,False,population_zero,0,5,0,12,0,0,0,0,4,4,0,0,0,0,0,0
technology,955,195542,19,False,population_zero,0,5,0,7,0,0,0,0,5,5,0,0,0,0,0,0
technology,956,195642,100,True,max_turns_reached,4,5,28,51,0,0,0,0,37,37,0,0,0,0,0,0
technology,957,195742,79,False,population_zero,0,5,0,10,0,0,0,0,7,7,0,0,0,0,0,0
technology,958,195842,22,False,population_zero,0,5,0,11,0,0,0,0,2,2,0,0,0,0,0,0
technology,959,195942,100,True,max_turns_reached,3,5,43,43,0,0,0,0,22,22,0,0,0,0,0,0
technology,960,196042,84,False,population_zero,0,5,0,12,0,0,0,0,7,7,0,0,0,0,0,0
technology,961,196142,100,True,max_turns_reached,5,5,55,80,0,0,0,0,39,39,0,0,0,0,0,0
technology,962,196242,91,False,population_zero,0,5,0,11,0,0,0,0,8,8,0,0,0,0,0,0
technology,963,196342,100,True,max_turns_reached,5,5,46,58,0,0,0,0,34,34,0,0,0,0,0,0
technology,964,196442,100,True,max_turns_reached,5,5,65,65,0,0,0,0,36,36,0,0,0,0,0,0
technology,965,196542,94,False,population_zero,0,5,0,27,0,0,0,0,9,9,0,0,0,0,0,0
technology,966,196642,100,True,max_turns_reached,5,5,46,72,0,0,0,0,38,38,0,0,0,0,0,0
technology,967,196742,100,True,max_turns_reached,5,5,62,72,0,0,0,0,36,36,0,0,0,0,0,0
technology,968,196842,23,False,population_zero,0,5,0,7,0,0,0,0,5,5,0,0,0,0,0,0
technology,969,196942,100,True,max_turns_reached,5,5,54,70,0,0,0,0,35,35,0,0,0,0,0,0
technology,970,197042,76,False,population_zero,0,5,0,12,0,0,0,0,7,7,0,0,0,0,0,0
technology,971,197142,100,True,max_turns_reached,3,5,14,45,0,0,0,0,22,22,0,0,0,0,0,0
technology,972,197242,100,True,max_turns_reached,5,5,71,78,0,0,0,0,39,39,0,0,0,0,0,0
technology,973,197342,28,False,population_zero,0,5,0,9,0,0,0,0,5,5,0,0,0,0,0,0
technology,974,197442,100,True,max_turns_reached,5,5,74,74,0,0,0,0,37,37,0,0,0,0,0,0
technology,975,197542,100,True,max_turns_reached,5,5,64,71,0,0,0,0,35,35,0,0,0,0,0,0
technology,976,197642,37,False,population_zero,0,5,0,24,0,0,0,0,5,5,0,0,0,0,0,0
technology,977,197742,100,True,max_turns_reached,5,5,71,79,0,0,0,0,38,38,0,0,0,0,0,0
technology,978,197842,100,True,max_turns_reached,2,5,0,15,0,0,0,0,22,22,0,0,0,0,0,0
technology,979,197942,100,True,max_turns_reached,5,5,77,77,0,0,0,0,35,35,0,0,0,0,0,0
technology,980,198042,100,True,max_turns_reached,5,5,57,65,0,0,0,0,38,38,0,0,0,0,0,0
technology,981,198142,100,True,max_turns_reached,5,5,88,88,0,0,0,0,41,41,0,0,0,0,0,0
technology,982,198242,35,False,population_zero,0,5,0,8,0,0,0,0,4,4,0,0,0,0,0,0
technology,983,198342,28,False,population_zero,0,5,0,7,0,0,0,0,4,4,0,0,0,0,0,0
technology,984,198442,76,False,population_zero,0,5,0,11,0,0,0,0,7,7,0,0,0,0,0,0
technology,985,198542,100,True,max_turns_reached,4,5,15,42,0,0,0,0,35,35,0,0,0,0,0,0
technology,986,198642,79,False,population_zero,0,5,0,10,0,0,0,0,8,8,0,0,0,0,0,0
technology,987,198742,100,True,max_turns_reached,5,5,54,63,0,0,0,0,39,39,0,0,0,0,0,0
technology,988,198842,23,False,population_zero,0,5,0,7,0,0,0,0,5,5,0,0,0,0,0,0
technology,989,198942,83,False,population_zero,0,5,0,16,0,0,0,0,10,10,0,0,0,0,0,0
technology,990,199042,100,True,max_turns_reached,5,5,75,83,0,0,0,0,42,42,0,0,0,0,0,0
technology,991,199142,100,True,max_turns_reached,5,5,81,81,0,0,0,0,37,37,0,0,0,0,0,0
technology,992,199242,25,False,population_zero,0,5,0,14,0,0,0,0,5,5,0,0,0,0,0,0
technology,993,199342,11,False,population_zero,0,5,0,7,0,0,0,0,2,2,0,0,0,0,0,0
technology,994,199442,100,True,max_turns_reached,5,5,43,73,0,0,0,0,39,39,0,0,0,0,0,0
technology,995,199542,79,False,population_zero,0,5,0,11,0,0,0,0,7,7,0,0,0,0,0,0
technology,996,199642,21,False,population_zero,0,5,0,7,0,0,0,0,4,4,0,0,0,0,0,0
technology,997,199742,83,False,population_zero,0,5,0,10,0,0,0,0,7,7,0,0,0,0,0,0
technology,998,199842,100,True,max_turns_reached,4,5,54,57,0,0,0,0,42,42,0,0,0,0,0,0
technology,999,199942,26,False,population_zero,0,5,0,11,0,0,0,0,4,4,0,0,0,0,0,0
technology,1000,200042,100,True,max_turns_reached,5,5,63,74,0,0,0,0,39,39,0,0,0,0,0,0
worship,1,100144,13,False,population_zero,0,5,8,13,0,0,0,0,0,5,0,0,17,6,3,5
worship,2,100244,18,False,population_zero,0,5,5,19,0,0,0,0,0,5,0,0,19,18,9,5
worship,3,100344,9,False,population_zero,0,5,12,14,0,0,0,0,0,5,0,0,9,8,4,5
worship,4,100444,12,False,population_zero,0,5,6,12,0,0,0,0,0,5,0,0,11,10,5,5
worship,5,100544,11,False,population_zero,0,5,12,13,0,0,0,0,0,5,0,0,11,8,4,5
worship,6,100644,8,False,population_zero,0,5,12,13,0,0,0,0,0,5,0,0,8,8,4,5
worship,7,100744,13,False,population_zero,0,5,16,20,0,0,0,0,0,5,0,0,14,0,0,5
worship,8,100844,13,False,population_zero,0,5,14,15,0,0,0,0,0,5,0,0,14,12,6,5
worship,9,100944,6,False,population_zero,0,5,8,11,0,0,0,0,0,5,0,0,3,2,1,5
worship,10,101044,6,False,population_zero,0,5,14,14,0,0,0,0,0,5,0,0,3,0,0,5
worship,11,101144,7,False,population_zero,0,5,6,8,0,0,0,0,0,5,0,0,5,2,1,5
worship,12,101244,10,False,population_zero,0,5,10,14,0,0,0,0,0,5,0,0,9,4,2,5
worship,13,101344,8,False,population_zero,0,5,12,13,0,0,0,0,0,5,0,0,7,6,3,5
worship,14,101444,15,False,population_zero,0,5,20,22,0,0,0,0,0,5,0,0,19,12,6,5
worship,15,101544,12,False,population_zero,0,5,12,18,0,0,0,0,0,5,0,0,10,8,4,5
worship,16,101644,16,False,population_zero,0,5,18,23,0,0,0,0,0,5,0,0,15,14,7,5
worship,17,101744,13,False,population_zero,0,5,16,17,0,0,0,0,0,5,0,0,15,10,5,5
worship,18,101844,8,False,population_zero,0,5,11,13,0,0,0,0,0,5,0,0,4,2,1,5
worship,19,101944,8,False,population_zero,0,5,5,8,0,0,0,0,0,5,0,0,6,4,2,5
worship,20,102044,9,False,population_zero,0,5,5,11,0,0,0,0,0,5,0,0,9,4,2,5
worship,21,102144,20,False,population_zero,0,5,18,23,0,0,0,0,0,5,0,0,24,24,12,5
worship,22,102244,7,False,population_zero,0,5,15,15,0,0,0,0,0,5,0,0,3,2,1,5
worship,23,102344,6,False,population_zero,0,5,12,12,0,0,0,0,0,5,0,0,2,2,1,5
worship,24,102444,16,False,population_zero,0,5,12,18,0,0,0,0,0,5,0,0,15,14,7,5
worship,25,102544,10,False,population_zero,0,5,12,15,0,0,0,0,0,5,0,0,8,4,2,5
worship,26,102644,13,False,population_zero,0,5,22,22,0,0,0,0,0,5,0,0,16,10,5,5
worship,27,102744,8,False,population_zero,0,5,7,7,0,0,0,0,0,5,0,0,5,4,2,5
worship,28,102844,15,False,population_zero,0,5,21,22,0,0,0,0,0,5,0,0,17,16,8,5
worship,29,102944,7,False,population_zero,0,5,14,15,0,0,0,0,0,5,0,0,4,4,2,5
worship,30,103044,7,False,population_zero,0,5,8,13,0,0,0,0,0,5,0,0,4,4,2,5
worship,31,103144,17,False,population_zero,0,5,14,20,0,0,0,0,0,5,0,0,15,14,7,5
worship,32,103244,16,False,population_zero,0,5,10,15,0,0,0,0,0,5,0,0,18,16,8,5
worship,33,103344,12,False,population_zero,0,5,11,15,0,0,0,0,0,5,0,0,13,10,5,5
worship,34,103444,7,False,population_zero,0,5,14,15,0,0,0,0,0,5,0,0,3,2,1,5
worship,35,103544,7,False,population_zero,0,5,10,13,0,0,0,0,0,5,0,0,3,2,1,5
worship,36,103644,6,False,population_zero,0,5,12,12,0,0,0,0,0,5,0,0,3,2,1,5
worship,37,103744,10,False,population_zero,0,5,6,10,0,0,0,0,0,5,0,0,9,4,2,5
worship,38,103844,11,False,population_zero,0,5,9,15,0,0,0,0,0,5,0,0,8,6,3,5
worship,39,103944,8,False,population_zero,0,5,12,13,0,0,0,0,0,5,0,0,4,2,1,5
worship,40,104044,9,False,population_zero,0,5,9,10,0,0,0,0,0,5,0,0,8,6,3,5
worship,41,104144,30,False,population_zero,0,5,14,22,0,0,0,0,0,5,0,0,34,34,17,5
worship,42,104244,21,False,population_zero,0,5,14,27,0,0,0,0,0,5,0,0,23,22,11,5
worship,43,104344,9,False,population_zero,0,5,11,13,0,0,0,0,0,5,0,0,8,6,3,5
worship,44,104444,18,False,population_zero,0,5,17,17,0,0,0,0,0,5,0,0,26,26,13,5
worship,45,104544,15,False,population_zero,0,5,1,14,0,0,0,0,0,5,0,0,15,10,5,5
worship,46,104644,9,False,population_zero,0,5,0,11,0,0,0,0,0,5,0,0,5,4,2,5
worship,47,104744,10,False,population_zero,0,5,12,15,0,0,0,0,0,5,0,0,11,2,1,5
worship,48,104844,5,False,population_zero,0,5,8,10,0,0,0,0,0,5,0,0,3,2,1,5
worship,49,104944,10,False,population_zero,0,5,17,18,0,0,0,0,0,5,0,0,7,6,3,5
worship,50,105044,13,False,population_zero,0,5,14,16,0,0,0,0,0,5,0,0,18,10,5,5
worship,51,105144,10,False,population_zero,0,5,10,11,0,0,0,0,0,5,0,0,10,10,5,5
worship,52,105244,17,False,population_zero,0,5,21,24,0,0,0,0,0,5,0,0,17,14,7,5
worship,53,105344,18,False,population_zero,0,5,16,17,0,0,0,0,0,5,0,0,19,18,9,5
worship,54,105444,14,False,population_zero,0,5,14,16,0,0,0,0,0,5,0,0,15,14,7,5
worship,55,105544,13,False,population_zero,0,5,9,12,0,0,0,0,0,5,0,0,10,8,4,5
worship,56,105644,9,False,population_zero,0,5,12,12,0,0,0,0,0,5,0,0,6,4,2,5
worship,57,105744,12,False,population_zero,0,5,19,19,0,0,0,0,0,5,0,0,9,8,4,5
worship,58,105844,12,False,population_zero,0,5,19,19,0,0,0,0,0,5,0,0,13,12,6,5
worship,59,105944,12,False,population_zero,0,5,2,12,0,0,0,0,0,5,0,0,10,8,4,5
worship,60,106044,11,False,population_zero,0,5,6,10,0,0,0,0,0,5,0,0,10,8,4,5
worship,61,106144,8,False,population_zero,0,5,12,13,0,0,0,0,0,5,0,0,6,4,2,5
worship,62,106244,16,False,population_zero,0,5,7,12,0,0,0,0,0,5,0,0,15,14,7,5
worship,63,106344,17,False,population_zero,0,5,10,13,0,0,0,0,0,5,0,0,20,20,10,5
worship,64,106444,8,False,population_zero,0,5,12,13,0,0,0,0,0,5,0,0,6,6,3,5
worship,65,106544,19,False,population_zero,0,5,23,27,0,0,0,0,0,5,0,0,19,18,9,5
worship,66,106644,9,False,population_zero,0,5,15,16,0,0,0,0,0,5,0,0,6,4,2,5
worship,67,106744,10,False,population_zero,0,5,7,10,0,0,0,0,0,5,0,0,8,6,3,5
worship,68,106844,14,False,population_zero,0,5,14,16,0,0,0,0,0,5,0,0,16,12,6,5
worship,69,106944,7,False,population_zero,0,5,16,16,0,0,0,0,0,5,0,0,5,4,2,5
worship,70,107044,25,False,population_zero,0,5,0,16,0,0,0,0,0,4,0,0,28,26,13,4
worship,71,107144,6,False,population_zero,0,5,12,15,0,0,0,0,0,5,0,0,3,2,1,5
worship,72,107244,7,False,population_zero,0,5,7,10,0,0,0,0,0,5,0,0,4,4,2,5
worship,73,107344,11,False,population_zero,0,5,16,18,0,0,0,0,0,5,0,0,10,8,4,5
worship,74,107444,9,False,population_zero,0,5,14,16,0,0,0,0,0,5,0,0,6,4,2,5
worship,75,107544,6,False,population_zero,0,5,3,9,0,0,0,0,0,5,0,0,4,4,2,5
worship,76,107644,15,False,population_zero,0,5,24,27,0,0,0,0,0,5,0,0,19,10,5,5
worship,77,107744,16,False,population_zero,0,5,20,20,0,0,0,0,0,5,0,0,20,14,7,5
worship,78,107844,9,False,population_zero,0,5,14,14,0,0,0,0,0,5,0,0,8,8,4,5
worship,79,107944,12,False,population_zero,0,5,6,9,0,0,0,0,0,5,0,0,10,8,4,5
worship,80,108044,8,False,population_zero,0,5,13,13,0,0,0,0,0,5,0,0,5,4,2,5
worship,81,108144,9,False,population_zero,0,5,18,18,0,0,0,0,0,5,0,0,6,2,1,5
worship,82,108244,11,False,population_zero,0,5,17,17,0,0,0,0,0,5,0,0,9,8,4,5
worship,83,108344,21,False,population_zero,0,5,23,29,0,0,0,0,0,5,0,0,22,22,11,5
worship,84,108444,7,False,population_zero,0,5,16,16,0,0,0,0,0,5,0,0,5,4,2,5
worship,85,108544,8,False,population_zero,0,5,13,14,0,0,0,0,0,5,0,0,6,6,3,5
worship,86,108644,8,False,population_zero,0,5,13,13,0,0,0,0,0,5,0,0,5,2,1,5
worship,87,108744,16,False,population_zero,0,5,16,18,0,0,0,0,0,5,0,0,16,14,7,5
worship,88,108844,11,False,population_zero,0,5,14,16,0,0,0,0,0,5,0,0,11,10,5,5
worship,89,108944,10,False,population_zero,0,5,10,13,0,0,0,0,0,5,0,0,8,6,3,5
worship,90,109044,9,False,population_zero,0,5,10,14,0,0,0,0,0,5,0,0,6,4,2,5
worship,91,109144,5,False,population_zero,0,5,10,10,0,0,0,0,0,5,0,0,2,2,1,5
worship,92,109244,8,False,population_zero,0,5,9,10,0,0,0,0,0,5,0,0,5,4,2,5
worship,93,109344,14,False,population_zero,0,5,21,24,0,0,0,0,0,5,0,0,14,12,6,5
worship,94,109444,11,False,population_zero,0,5,17,18,0,0,0,0,0,5,0,0,10,4,2,5
worship,95,109544,10,False,population_zero,0,5,12,13,0,0,0,0,0,5,0,0,7,6,3,5
worship,96,109644,12,False,population_zero,0,5,13,14,0,0,0,0,0,5,0,0,14,12,6,5
worship,97,109744,11,False,population_zero,0,5,19,20,0,0,0,0,0,5,0,0,7,6,3,5
worship,98,109844,7,False,population_zero,0,5,0,7,0,0,0,0,0,4,0,0,6,4,2,4
worship,99,109944,4,False,population_zero,0,5,11,11,0,0,0,0,0,5,0,0,1,0,0,5
worship,100,110044,16,False,population_zero,0,5,11,15,0,0,0,0,0,5,0,0,19,14,7,5
worship,101,110144,15,False,population_zero,0,5,18,18,0,0,0,0,0,5,0,0,13,8,4,5
worship,102,110244,17,False,population_zero,0,5,9,18,0,0,0,0,0,5,0,0,18,18,9,5
worship,103,110344,10,False,population_zero,0,5,13,15,0,0,0,0,0,5,0,0,8,6,3,5
worship,104,110444,10,False,population_zero,0,5,14,14,0,0,0,0,0,5,0,0,10,8,4,5
worship,105,110544,11,False,population_zero,0,5,12,14,0,0,0,0,0,5,0,0,11,8,4,5
worship,106,110644,15,False,population_zero,0,5,0,7,0,0,0,0,0,4,0,0,15,14,7,4
worship,107,110744,22,False,population_zero,0,5,5,15,0,0,0,0,0,5,0,0,19,18,9,5
worship,108,110844,19,False,population_zero,0,5,6,15,0,0,0,0,0,5,0,0,21,18,9,5
worship,109,110944,17,False,population_zero,0,5,18,26,0,0,0,0,0,5,0,0,21,18,9,5
worship,110,111044,10,False,population_zero,0,5,11,14,0,0,0,0,0,5,0,0,10,6,3,5
worship,111,111144,6,False,population_zero,0,5,10,10,0,0,0,0,0,5,0,0,4,4,2,5
worship,112,111244,11,False,population_zero,0,5,10,12,0,0,0,0,0,5,0,0,9,4,2,5
worship,113,111344,8,False,population_zero,0,5,13,14,0,0,0,0,0,5,0,0,7,6,3,5
worship,114,111444,18,False,population_zero,0,5,14,25,0,0,0,0,0,5,0,0,25,24,12,5
worship,115,111544,5,False,population_zero,0,5,10,12,0,0,0,0,0,5,0,0,2,2,1,5
worship,116,111644,15,False,population_zero,0,5,22,25,0,0,0,0,0,5,0,0,17,10,5,5
worship,117,111744,11,False,population_zero,0,5,18,19,0,0,0,0,0,5,0,0,9,8,4,5
worship,118,111844,15,False,population_zero,0,5,10,13,0,0,0,0,0,5,0,0,16,12,6,5
worship,119,111944,15,False,population_zero,0,5,17,20,0,0,0,0,0,5,0,0,16,14,7,5
worship,120,112044,19,False,population_zero,0,5,4,14,0,0,0,0,0,5,0,0,17,16,8,5
worship,121,112144,6,False,population_zero,0,5,12,12,0,0,0,0,0,5,0,0,3,2,1,5
worship,122,112244,8,False,population_zero,0,5,14,14,0,0,0,0,0,5,0,0,6,2,1,5
worship,123,112344,15,False,population_zero,0,5,22,24,0,0,0,0,0,5,0,0,16,14,7,5
worship,124,112444,8,False,population_zero,0,5,16,16,0,0,0,0,0,5,0,0,8,8,4,5
worship,125,112544,21,False,population_zero,0,5,18,24,0,0,0,0,0,5,0,0,21,20,10,5
worship,126,112644,10,False,population_zero,0,5,9,10,0,0,0,0,0,5,0,0,8,6,3,5
worship,127,112744,17,False,population_zero,0,5,8,15,0,0,0,0,0,5,0,0,19,14,7,5
worship,128,112844,14,False,population_zero,0,5,20,20,0,0,0,0,0,5,0,0,14,12,6,5
worship,129,112944,14,False,population_zero,0,5,14,17,0,0,0,0,0,5,0,0,14,8,4,5
worship,130,113044,18,False,population_zero,0,5,15,17,0,0,0,0,0,5,0,0,18,18,9,5
worship,131,113144,16,False,population_zero,0,5,18,19,0,0,0,0,0,5,0,0,21,14,7,5
worship,132,113244,19,False,population_zero,0,5,16,19,0,0,0,0,0,5,0,0,19,18,9,5
worship,133,113344,8,False,population_zero,0,5,10,11,0,0,0,0,0,5,0,0,6,4,2,5
worship,134,113444,6,False,population_zero,0,5,8,9,0,0,0,0,0,5,0,0,4,2,1,5
worship,135,113544,5,False,population_zero,0,5,7,12,0,0,0,0,0,5,0,0,3,2,1,5
worship,136,113644,11,False,population_zero,0,5,15,16,0,0,0,0,0,5,0,0,10,10,5,5
worship,137,113744,12,False,population_zero,0,5,14,16,0,0,0,0,0,5,0,0,12,8,4,5
worship,138,113844,7,False,population_zero,0,5,16,16,0,0,0,0,0,5,0,0,5,4,2,5
worship,139,113944,9,False,population_zero,0,5,9,10,0,0,0,0,0,5,0,0,10,8,4,5
worship,140,114044,12,False,population_zero,0,5,9,12,0,0,0,0,0,5,0,0,15,6,3,5
worship,141,114144,5,False,population_zero,0,5,7,9,0,0,0,0,0,5,0,0,3,2,1,5
worship,142,114244,14,False,population_zero,0,5,9,12,0,0,0,0,0,5,0,0,16,12,6,5
worship,143,114344,10,False,population_zero,0,5,17,20,0,0,0,0,0,5,0,0,11,6,3,5
worship,144,114444,16,False,population_zero,0,5,22,24,0,0,0,0,0,5,0,0,16,10,5,5
worship,145,114544,14,False,population_zero,0,5,18,21,0,0,0,0,0,5,0,0,14,10,5,5
worship,146,114644,9,False,population_zero,0,5,10,13,0,0,0,0,0,5,0,0,7,6,3,5
worship,147,114744,21,False,population_zero,0,5,16,28,0,0,0,0,0,5,0,0,25,24,12,5
worship,148,114844,5,False,population_zero,0,5,12,12,0,0,0,0,0,5,0,0,3,2,1,5
worship,149,114944,12,False,population_zero,0,5,13,16,0,0,0,0,0,5,0,0,10,8,4,5
worship,150,115044,14,False,population_zero,0,5,11,16,0,0,0,0,0,5,0,0,14,12,6,5
worship,151,115144,10,False,population_zero,0,5,10,12,0,0,0,0,0,5,0,0,11,10,5,5
worship,152,115244,8,False,population_zero,0,5,11,11,0,0,0,0,0,5,0,0,8,8,4,5
worship,153,115344,7,False,population_zero,0,5,13,15,0,0,0,0,0,5,0,0,5,4,2,5
worship,154,115444,22,False,population_zero,0,5,15,22,0,0,0,0,0,5,0,0,26,26,13,5
worship,155,115544,15,False,population_zero,0,5,17,19,0,0,0,0,0,5,0,0,18,12,6,5
worship,156,115644,9,False,population_zero,0,5,12,14,0,0,0,0,0,5,0,0,6,6,3,5
worship,157,115744,6,False,population_zero,0,5,0,7,0,0,0,0,0,4,0,0,4,2,1,4
worship,158,115844,18,False,population_zero,0,5,8,15,0,0,0,0,0,5,0,0,21,20,10,5
worship,159,115944,12,False,population_zero,0,5,17,17,0,0,0,0,0,5,0,0,11,6,3,5
worship,160,116044,8,False,population_zero,0,5,11,11,0,0,0,0,0,5,0,0,8,8,4,5
worship,161,116144,18,False,population_zero,0,5,17,18,0,0,0,0,0,5,0,0,16,16,8,5
worship,162,116244,6,False,population_zero,0,5,8,9,0,0,0,0,0,5,0,0,3,2,1,5
worship,163,116344,13,False,population_zero,0,5,6,13,0,0,0,0,0,5,0,0,12,8,4,5
worship,164,116444,11,False,population_zero,0,5,9,13,0,0,0,0,0,5,0,0,10,10,5,5
worship,165,116544,21,False,population_zero,0,5,1,15,0,0,0,0,0,5,0,0,22,22,11,5
worship,166,116644,16,False,population_zero,0,5,16,16,0,0,0,0,0,5,0,0,19,18,9,5
worship,167,116744,11,False,population_zero,0,5,12,13,0,0,0,0,0,5,0,0,8,6,3,5
worship,168,116844,11,False,population_zero,0,5,8,12,0,0,0,0,0,5,0,0,11,8,4,5
worship,169,116944,10,False,population_zero,0,5,20,20,0,0,0,0,0,5,0,0,7,4,2,5
worship,170,117044,14,False,population_zero,0,5,13,14,0,0,0,0,0,5,0,0,15,12,6,5
worship,171,117144,15,False,population_zero,0,5,20,21,0,0,0,0,0,5,0,0,20,12,6,5
worship,172,117244,8,False,population_zero,0,5,8,10,0,0,0,0,0,5,0,0,4,4,2,5
worship,173,117344,7,False,population_zero,0,5,9,14,0,0,0,0,0,5,0,0,5,4,2,5
worship,174,117444,18,False,population_zero,0,5,13,16,0,0,0,0,0,5,0,0,21,16,8,5
worship,175,117544,8,False,population_zero,0,5,9,11,0,0,0,0,0,5,0,0,5,4,2,5
worship,176,117644,20,False,population_zero,0,5,0,8,0,0,0,0,0,5,0,0,25,20,10,5
worship,177,117744,7,False,population_zero,0,5,13,14,0,0,0,0,0,5,0,0,5,2,1,5
worship,178,117844,20,False,population_zero,0,5,18,24,0,0,0,0,0,5,0,0,21,18,9,5
worship,179,117944,15,False,population_zero,0,5,16,20,0,0,0,0,0,5,0,0,16,16,8,5
worship,180,118044,9,False,population_zero,0,5,17,17,0,0,0,0,0,5,0,0,7,6,3,5
worship,181,118144,16,False,population_zero,0,5,19,19,0,0,0,0,0,5,0,0,23,18,9,5
worship,182,118244,7,False,population_zero,0,5,9,10,0,0,0,0,0,5,0,0,6,6,3,5
worship,183,118344,15,False,population_zero,0,5,10,17,0,0,0,0,0,5,0,0,17,16,8,5
worship,184,118444,17,False,population_zero,0,5,9,13,0,0,0,0,0,5,0,0,17,16,8,5
worship,185,118544,5,False,population_zero,0,5,13,13,0,0,0,0,0,5,0,0,2,2,1,5
worship,186,118644,12,False,population_zero,0,5,12,13,0,0,0,0,0,5,0,0,9,8,4,5
worship,187,118744,10,False,population_zero,0,5,18,19,0,0,0,0,0,5,0,0,8,4,2,5
worship,188,118844,15,False,population_zero,0,5,13,16,0,0,0,0,0,5,0,0,20,10,5,5
worship,189,118944,7,False,population_zero,0,5,10,10,0,0,0,0,0,5,0,0,3,2,1,5
worship,190,119044,5,False,population_zero,0,5,9,9,0,0,0,0,0,5,0,0,2,0,0,5
worship,191,119144,16,False,population_zero,0,5,8,14,0,0,0,0,0,5,0,0,17,16,8,5
worship,192,119244,12,False,population_zero,0,5,15,17,0,0,0,0,0,5,0,0,9,8,4,5
worship,193,119344,12,False,population_zero,0,5,10,10,0,0,0,0,0,5,0,0,12,8,4,5
worship,194,119444,9,False,population_zero,0,5,16,16,0,0,0,0,0,5,0,0,5,4,2,5
worship,195,119544,10,False,population_zero,0,5,16,17,0,0,0,0,0,5,0,0,8,6,3,5
worship,196,119644,7,False,population_zero,0,5,13,13,0,0,0,0,0,5,0,0,6,6,3,5
worship,197,119744,15,False,population_zero,0,5,20,20,0,0,0,0,0,5,0,0,16,14,7,5
worship,198,119844,6,False,population_zero,0,5,13,13,0,0,0,0,0,5,0,0,3,2,1,5
worship,199,119944,12,False,population_zero,0,5,12,12,0,0,0,0,0,5,0,0,13,12,6,5
worship,200,120044,18,False,population_zero,0,5,11,18,0,0,0,0,0,5,0,0,17,16,8,5
worship,201,120144,7,False,population_zero,0,5,9,12,0,0,0,0,0,5,0,0,5,4,2,5
worship,202,120244,12,False,population_zero,0,5,23,24,0,0,0,0,0,5,0,0,15,8,4,5
worship,203,120344,5,False,population_zero,0,5,12,12,0,0,0,0,0,5,0,0,2,2,1,5
worship,204,120444,10,False,population_zero,0,5,9,13,0,0,0,0,0,5,0,0,9,4,2,5
worship,205,120544,18,False,population_zero,0,5,20,21,0,0,0,0,0,5,0,0,20,16,8,5
worship,206,120644,16,False,population_zero,0,5,21,22,0,0,0,0,0,5,0,0,20,16,8,5
worship,207,120744,12,False,population_zero,0,5,16,17,0,0,0,0,0,5,0,0,10,6,3,5
worship,208,120844,23,False,population_zero,0,5,0,14,0,0,0,0,0,4,0,0,25,22,11,4
worship,209,120944,9,False,population_zero,0,5,5,10,0,0,0,0,0,5,0,0,6,6,3,5
worship,210,121044,18,False,population_zero,0,5,13,22,0,0,0,0,0,5,0,0,20,20,10,5
worship,211,121144,15,False,population_zero,0,5,20,23,0,0,0,0,0,5,0,0,15,10,5,5
worship,212,121244,7,False,population_zero,0,5,8,10,0,0,0,0,0,5,0,0,4,4,2,5
worship,213,121344,8,False,population_zero,0,5,11,13,0,0,0,0,0,5,0,0,7,4,2,5
worship,214,121444,16,False,population_zero,0,5,17,20,0,0,0,0,0,5,0,0,16,16,8,5
worship,215,121544,8,False,population_zero,0,5,13,13,0,0,0,0,0,5,0,0,7,6,3,5
worship,216,121644,15,False,population_zero,0,5,9,11,0,0,0,0,0,5,0,0,17,12,6,5
worship,217,121744,5,False,population_zero,0,5,7,9,0,0,0,0,0,5,0,0,2,2,1,5
worship,218,121844,14,False,population_zero,0,5,16,17,0,0,0,0,0,5,0,0,13,6,3,5
worship,219,121944,16,False,population_zero,0,5,11,16,0,0,0,0,0,5,0,0,18,12,6,5
worship,220,122044,9,False,population_zero,0,5,3,9,0,0,0,0,0,5,0,0,7,6,3,5
worship,221,122144,17,False,population_zero,0,5,20,20,0,0,0,0,0,5,0,0,23,14,7,5
worship,222,122244,14,False,population_zero,0,5,18,18,0,0,0,0,0,5,0,0,12,10,5,5
worship,223,122344,4,False,population_zero,0,5,10,10,0,0,0,0,0,5,0,0,1,0,0,5
worship,224,122444,11,False,population_zero,0,5,20,20,0,0,0,0,0,5,0,0,10,10,5,5
worship,225,122544,11,False,population_zero,0,5,14,14,0,0,0,0,0,5,0,0,13,12,6,5
worship,226,122644,7,False,population_zero,0,5,10,11,0,0,0,0,0,5,0,0,4,4,2,5
worship,227,122744,18,False,population_zero,0,5,17,18,0,0,0,0,0,5,0,0,23,18,9,5
worship,228,122844,20,False,population_zero,0,5,18,24,0,0,0,0,0,5,0,0,20,20,10,5
worship,229,122944,8,False,population_zero,0,5,10,11,0,0,0,0,0,5,0,0,5,4,2,5
worship,230,123044,11,False,population_zero,0,5,17,18,0,0,0,0,0,5,0,0,9,6,3,5
worship,231,123144,15,False,population_zero,0,5,7,12,0,0,0,0,0,5,0,0,15,8,4,5
worship,232,123244,13,False,population_zero,0,5,9,11,0,0,0,0,0,5,0,0,14,14,7,5
worship,233,123344,16,False,population_zero,0,5,15,16,0,0,0,0,0,5,0,0,16,8,4,5
worship,234,123444,9,False,population_zero,0,5,13,13,0,0,0,0,0,5,0,0,7,6,3,5
worship,235,123544,4,False,population_zero,0,5,13,15,0,0,0,0,0,5,0,0,1,0,0,5
worship,236,123644,16,False,population_zero,0,5,11,17,0,0,0,0,0,5,0,0,18,14,7,5
worship,237,123744,14,False,population_zero,0,5,22,25,0,0,0,0,0,5,0,0,14,6,3,5
worship,238,123844,11,False,population_zero,0,5,19,19,0,0,0,0,0,5,0,0,9,6,3,5
worship,239,123944,9,False,population_zero,0,5,4,9,0,0,0,0,0,5,0,0,6,4,2,5
worship,240,124044,10,False,population_zero,0,5,7,12,0,0,0,0,0,5,0,0,7,6,3,5
worship,241,124144,18,False,population_zero,0,5,17,21,0,0,0,0,0,5,0,0,20,20,10,5
worship,242,124244,10,False,population_zero,0,5,10,11,0,0,0,0,0,5,0,0,7,6,3,5
worship,243,124344,8,False,population_zero,0,5,14,16,0,0,0,0,0,5,0,0,5,4,2,5
worship,244,124444,4,False,population_zero,0,5,11,11,0,0,0,0,0,5,0,0,1,0,0,5
worship,245,124544,12,False,population_zero,0,5,11,15,0,0,0,0,0,5,0,0,12,6,3,5
worship,246,124644,9,False,population_zero,0,5,14,15,0,0,0,0,0,5,0,0,8,8,4,5
worship,247,124744,9,False,population_zero,0,5,11,11,0,0,0,0,0,5,0,0,6,4,2,5
worship,248,124844,5,False,population_zero,0,5,13,13,0,0,0,0,0,5,0,0,2,2,1,5
worship,249,124944,14,False,population_zero,0,5,22,23,0,0,0,0,0,5,0,0,13,8,4,5
worship,250,125044,11,False,population_zero,0,5,19,19,0,0,0,0,0,5,0,0,8,4,2,5
worship,251,125144,10,False,population_zero,0,5,10,11,0,0,0,0,0,5,0,0,7,6,3,5
worship,252,125244,8,False,population_zero,0,5,17,18,0,0,0,0,0,5,0,0,5,4,2,5
worship,253,125344,22,False,population_zero,0,5,18,27,0,0,0,0,0,5,0,0,25,24,12,5
worship,254,125444,23,False,population_zero,0,5,20,27,0,0,0,0,0,5,0,0,23,22,11,5
worship,255,125544,14,False,population_zero,0,5,15,15,0,0,0,0,0,5,0,0,17,8,4,5
worship,256,125644,9,False,population_zero,0,5,9,12,0,0,0,0,0,5,0,0,8,6,3,5
worship,257,125744,11,False,population_zero,0,5,15,15,0,0,0,0,0,5,0,0,9,8,4,5
worship,258,125844,9,False,population_zero,0,5,1,7,0,0,0,0,0,5,0,0,7,4,2,5
worship,259,125944,13,False,population_zero,0,5,12,13,0,0,0,0,0,5,0,0,14,10,5,5
worship,260,126044,13,False,population_zero,0,5,6,14,0,0,0,0,0,5,0,0,15,8,4,5
worship,261,126144,19,False,population_zero,0,5,20,25,0,0,0,0,0,5,0,0,22,20,10,5
worship,262,126244,7,False,population_zero,0,5,15,17,0,0,0,0,0,5,0,0,5,4,2,5
worship,263,126344,9,False,population_zero,0,5,16,17,0,0,0,0,0,5,0,0,7,4,2,5
worship,264,126444,11,False,population_zero,0,5,19,19,0,0,0,0,0,5,0,0,12,10,5,5
worship,265,126544,19,False,population_zero,0,5,16,19,0,0,0,0,0,5,0,0,20,20,10,5
worship,266,126644,4,False,population_zero,0,5,9,9,0,0,0,0,0,5,0,0,1,0,0,5
worship,267,126744,11,False,population_zero,0,5,10,15,0,0,0,0,0,5,0,0,11,6,3,5
worship,268,126844,13,False,population_zero,0,5,4,11,0,0,0,0,0,5,0,0,14,4,2,5
worship,269,126944,18,False,population_zero,0,5,17,19,0,0,0,0,0,5,0,0,20,20,10,5
worship,270,127044,22,False,population_zero,0,5,17,20,0,0,0,0,0,5,0,0,22,22,11,5
worship,271,127144,19,False,population_zero,0,5,23,26,0,0,0,0,0,5,0,0,17,16,8,5
worship,272,127244,10,False,population_zero,0,5,17,19,0,0,0,0,0,5,0,0,9,6,3,5
worship,273,127344,16,False,population_zero,0,5,14,19,0,0,0,0,0,5,0,0,20,12,6,5
worship,274,127444,15,False,population_zero,0,5,21,21,0,0,0,0,0,5,0,0,18,12,6,5
worship,275,127544,9,False,population_zero,0,5,4,9,0,0,0,0,0,5,0,0,8,6,3,5
worship,276,127644,14,False,population_zero,0,5,20,20,0,0,0,0,0,5,0,0,12,10,5,5
worship,277,127744,6,False,population_zero,0,5,11,12,0,0,0,0,0,5,0,0,3,2,1,5
worship,278,127844,12,False,population_zero,0,5,18,19,0,0,0,0,0,5,0,0,10,8,4,5
worship,279,127944,13,False,population_zero,0,5,10,15,0,0,0,0,0,5,0,0,13,10,5,5
worship,280,128044,11,False,population_zero,0,5,10,14,0,0,0,0,0,5,0,0,8,4,2,5
worship,281,128144,10,False,population_zero,0,5,14,14,0,0,0,0,0,5,0,0,7,6,3,5
worship,282,128244,8,False,population_zero,0,5,17,17,0,0,0,0,0,5,0,0,6,6,3,5
worship,283,128344,11,False,population_zero,0,5,7,11,0,0,0,0,0,5,0,0,11,6,3,5
worship,284,128444,7,False,population_zero,0,5,12,12,0,0,0,0,0,5,0,0,6,6,3,5
worship,285,128544,9,False,population_zero,0,5,16,16,0,0,0,0,0,5,0,0,8,4,2,5
worship,286,128644,13,False,population_zero,0,5,21,21,0,0,0,0,0,5,0,0,13,8,4,5
worship,287,128744,9,False,population_zero,0,5,9,11,0,0,0,0,0,5,0,0,6,4,2,5
worship,288,128844,12,False,population_zero,0,5,11,12,0,0,0,0,0,5,0,0,11,10,5,5
worship,289,128944,13,False,population_zero,0,5,15,17,0,0,0,0,0,5,0,0,13,10,5,5
worship,290,129044,11,False,population_zero,0,5,8,8,0,0,0,0,0,5,0,0,9,4,2,5
worship,291,129144,10,False,population_zero,0,5,17,18,0,0,0,0,0,5,0,0,10,10,5,5
worship,292,129244,16,False,population_zero,0,5,0,11,0,0,0,0,0,4,0,0,16,14,7,4
worship,293,129344,8,False,population_zero,0,5,10,12,0,0,0,0,0,5,0,0,5,2,1,5
worship,294,129444,11,False,population_zero,0,5,14,15,0,0,0,0,0,5,0,0,10,8,4,5
worship,295,129544,6,False,population_zero,0,5,8,9,0,0,0,0,0,5,0,0,2,0,0,5
worship,296,129644,8,False,population_zero,0,5,10,11,0,0,0,0,0,5,0,0,6,6,3,5
worship,297,129744,15,False,population_zero,0,5,27,29,0,0,0,0,0,5,0,0,13,10,5,5
worship,298,129844,10,False,population_zero,0,5,5,13,0,0,0,0,0,5,0,0,6,4,2,5
worship,299,129944,12,False,population_zero,0,5,10,10,0,0,0,0,0,5,0,0,13,8,4,5
worship,300,130044,8,False,population_zero,0,5,13,14,0,0,0,0,0,5,0,0,7,4,2,5
worship,301,130144,15,False,population_zero,0,5,10,11,0,0,0,0,0,5,0,0,18,16,8,5
worship,302,130244,13,False,population_zero,0,5,15,19,0,0,0,0,0,5,0,0,12,6,3,5
worship,303,130344,6,False,population_zero,0,5,13,14,0,0,0,0,0,5,0,0,2,2,1,5
worship,304,130444,12,False,population_zero,0,5,14,16,0,0,0,0,0,5,0,0,12,4,2,5
worship,305,130544,10,False,population_zero,0,5,11,14,0,0,0,0,0,5,0,0,8,6,3,5
worship,306,130644,11,False,population_zero,0,5,12,15,0,0,0,0,0,5,0,0,10,6,3,5
worship,307,130744,17,False,population_zero,0,5,2,8,0,0,0,0,0,5,0,0,17,14,7,5
worship,308,130844,4,False,population_zero,0,5,10,10,0,0,0,0,0,5,0,0,1,0,0,5
worship,309,130944,14,False,population_zero,0,5,7,12,0,0,0,0,0,5,0,0,11,10,5,5
worship,310,131044,16,False,population_zero,0,5,19,21,0,0,0,0,0,5,0,0,18,18,9,5
worship,311,131144,8,False,population_zero,0,5,8,11,0,0,0,0,0,5,0,0,6,4,2,5
worship,312,131244,17,False,population_zero,0,5,23,27,0,0,0,0,0,5,0,0,22,16,8,5
worship,313,131344,9,False,population_zero,0,5,14,15,0,0,0,0,0,5,0,0,8,8,4,5
worship,314,131444,8,False,population_zero,0,5,17,17,0,0,0,0,0,5,0,0,5,4,2,5
worship,315,131544,16,False,population_zero,0,5,13,15,0,0,0,0,0,5,0,0,16,14,7,5
worship,316,131644,7,False,population_zero,0,5,10,14,0,0,0,0,0,5,0,0,3,2,1,5
worship,317,131744,5,False,population_zero,0,5,17,17,0,0,0,0,0,5,0,0,2,2,1,5
worship,318,131844,6,False,population_zero,0,5,14,16,0,0,0,0,0,5,0,0,2,0,0,5
worship,319,131944,10,False,population_zero,0,5,11,15,0,0,0,0,0,5,0,0,7,4,2,5
worship,320,132044,11,False,population_zero,0,5,1,8,0,0,0,0,0,5,0,0,10,8,4,5
worship,321,132144,10,False,population_zero,0,5,17,17,0,0,0,0,0,5,0,0,6,6,3,5
worship,322,132244,14,False,population_zero,0,5,18,18,0,0,0,0,0,5,0,0,12,12,6,5
worship,323,132344,22,False,population_zero,0,5,20,25,0,0,0,0,0,5,0,0,22,22,11,5
worship,324,132444,19,False,population_zero,0,5,0,14,0,0,0,0,0,5,0,0,17,16,8,5
worship,325,132544,20,False,population_zero,0,5,19,25,0,0,0,0,0,5,0,0,25,18,9,5
worship,326,132644,15,False,population_zero,0,5,12,15,0,0,0,0,0,5,0,0,18,18,9,5
worship,327,132744,8,False,population_zero,0,5,6,11,0,0,0,0,0,5,0,0,5,2,1,5
worship,328,132844,9,False,population_zero,0,5,16,17,0,0,0,0,0,5,0,0,6,4,2,5
worship,329,132944,11,False,population_zero,0,5,9,13,0,0,0,0,0,5,0,0,12,4,2,5
worship,330,133044,11,False,population_zero,0,5,14,16,0,0,0,0,0,5,0,0,9,6,3,5
worship,331,133144,14,False,population_zero,0,5,18,18,0,0,0,0,0,5,0,0,13,8,4,5
worship,332,133244,16,False,population_zero,0,5,10,15,0,0,0,0,0,5,0,0,15,14,7,5
worship,333,133344,10,False,population_zero,0,5,10,11,0,0,0,0,0,5,0,0,11,8,4,5
worship,334,133444,13,False,population_zero,0,5,14,17,0,0,0,0,0,5,0,0,14,10,5,5
worship,335,133544,13,False,population_zero,0,5,14,16,0,0,0,0,0,5,0,0,12,10,5,5
worship,336,133644,8,False,population_zero,0,5,10,11,0,0,0,0,0,5,0,0,5,4,2,5
worship,337,133744,12,False,population_zero,0,5,15,17,0,0,0,0,0,5,0,0,12,6,3,5
worship,338,133844,18,False,population_zero,0,5,12,19,0,0,0,0,0,5,0,0,19,18,9,5
worship,339,133944,18,False,population_zero,0,5,2,9,0,0,0,0,0,5,0,0,22,20,10,5
worship,340,134044,13,False,population_zero,0,5,0,10,0,0,0,0,0,4,0,0,17,6,3,4
worship,341,134144,16,False,population_zero,0,5,5,13,0,0,0,0,0,5,0,0,14,12,6,5
worship,342,134244,17,False,population_zero,0,5,7,14,0,0,0,0,0,5,0,0,21,16,8,5
worship,343,134344,12,False,population_zero,0,5,11,13,0,0,0,0,0,5,0,0,12,10,5,5
worship,344,134444,15,False,population_zero,0,5,19,24,0,0,0,0,0,5,0,0,11,10,5,5
worship,345,134544,8,False,population_zero,0,5,12,13,0,0,0,0,0,5,0,0,6,4,2,5
worship,346,134644,10,False,population_zero,0,5,11,13,0,0,0,0,0,5,0,0,8,4,2,5
worship,347,134744,14,False,population_zero,0,5,19,20,0,0,0,0,0,5,0,0,14,8,4,5
worship,348,134844,8,False,population_zero,0,5,8,9,0,0,0,0,0,5,0,0,6,4,2,5
worship,349,134944,11,False,population_zero,0,5,14,15,0,0,0,0,0,5,0,0,8,8,4,5
worship,350,135044,7,False,population_zero,0,5,8,10,0,0,0,0,0,5,0,0,5,4,2,5
worship,351,135144,13,False,population_zero,0,5,19,20,0,0,0,0,0,5,0,0,13,6,3,5
worship,352,135244,15,False,population_zero,0,5,4,12,0,0,0,0,0,5,0,0,15,12,6,5
worship,353,135344,23,False,population_zero,0,5,10,18,0,0,0,0,0,5,0,0,28,28,14,5
worship,354,135444,6,False,population_zero,0,5,12,12,0,0,0,0,0,5,0,0,3,2,1,5
worship,355,135544,7,False,population_zero,0,5,14,14,0,0,0,0,0,5,0,0,5,4,2,5
worship,356,135644,24,False,population_zero,0,5,12,25,0,0,0,0,0,5,0,0,26,26,13,5
worship,357,135744,12,False,population_zero,0,5,12,14,0,0,0,0,0,5,0,0,13,12,6,5
worship,358,135844,16,False,population_zero,0,5,9,16,0,0,0,0,0,5,0,0,20,20,10,5
worship,359,135944,14,False,population_zero,0,5,23,23,0,0,0,0,0,5,0,0,15,10,5,5
worship,360,136044,6,False,population_zero,0,5,7,11,0,0,0,0,0,5,0,0,3,2,1,5
worship,361,136144,9,False,population_zero,0,5,17,17,0,0,0,0,0,5,0,0,7,6,3,5
worship,362,136244,12,False,population_zero,0,5,15,15,0,0,0,0,0,5,0,0,10,6,3,5
worship,363,136344,5,False,population_zero,0,5,13,13,0,0,0,0,0,5,0,0,2,2,1,5
worship,364,136444,13,False,population_zero,0,5,8,10,0,0,0,0,0,5,0,0,10,8,4,5
worship,365,136544,8,False,population_zero,0,5,3,8,0,0,0,0,0,5,0,0,4,4,2,5
worship,366,136644,14,False,population_zero,0,5,11,12,0,0,0,0,0,5,0,0,17,12,6,5
worship,367,136744,7,False,population_zero,0,5,5,8,0,0,0,0,0,5,0,0,4,4,2,5
worship,368,136844,17,False,population_zero,0,5,14,16,0,0,0,0,0,5,0,0,20,20,10,5
worship,369,136944,13,False,population_zero,0,5,17,20,0,0,0,0,0,5,0,0,16,12,6,5
worship,370,137044,18,False,population_zero,0,5,7,14,0,0,0,0,0,5,0,0,16,16,8,5
worship,371,137144,9,False,population_zero,0,5,13,13,0,0,0,0,0,5,0,0,8,6,3,5
worship,372,137244,8,False,population_zero,0,5,18,18,0,0,0,0,0,5,0,0,6,6,3,5
worship,373,137344,15,False,population_zero,0,5,4,7,0,0,0,0,0,5,0,0,15,14,7,5
worship,374,137444,6,False,population_zero,0,5,8,10,0,0,0,0,0,5,0,0,3,2,1,5
worship,375,137544,9,False,population_zero,0,5,17,17,0,0,0,0,0,5,0,0,6,6,3,5
worship,376,137644,5,False,population_zero,0,5,13,13,0,0,0,0,0,5,0,0,2,2,1,5
worship,377,137744,13,False,population_zero,0,5,2,11,0,0,0,0,0,5,0,0,12,12,6,5
worship,378,137844,9,False,population_zero,0,5,19,20,0,0,0,0,0,5,0,0,8,8,4,5
worship,379,137944,11,False,population_zero,0,5,14,14,0,0,0,0,0,5,0,0,12,10,5,5
worship,380,138044,7,False,population_zero,0,5,13,13,0,0,0,0,0,5,0,0,5,2,1,5
worship,381,138144,7,False,population_zero,0,5,8,10,0,0,0,0,0,5,0,0,5,4,2,5
worship,382,138244,5,False,population_zero,0,5,11,11,0,0,0,0,0,5,0,0,2,2,1,5
worship,383,138344,15,False,population_zero,0,5,19,22,0,0,0,0,0,5,0,0,14,12,6,5
worship,384,138444,12,False,population_zero,0,5,18,20,0,0,0,0,0,5,0,0,9,8,4,5
worship,385,138544,10,False,population_zero,0,5,11,12,0,0,0,0,0,5,0,0,9,8,4,5
worship,386,138644,19,False,population_zero,0,5,17,17,0,0,0,0,0,5,0,0,22,20,10,5
worship,387,138744,9,False,population_zero,0,5,8,11,0,0,0,0,0,5,0,0,7,4,2,5
worship,388,138844,9,False,population_zero,0,5,9,11,0,0,0,0,0,5,0,0,8,6,3,5
worship,389,138944,18,False,population_zero,0,5,21,22,0,0,0,0,0,5,0,0,27,20,10,5
worship,390,139044,19,False,population_zero,0,5,12,19,0,0,0,0,0,5,0,0,25,20,10,5
worship,391,139144,10,False,population_zero,0,5,10,11,0,0,0,0,0,5,0,0,6,6,3,5
worship,392,139244,9,False,population_zero,0,5,10,11,0,0,0,0,0,5,0,0,7,6,3,5
worship,393,139344,9,False,population_zero,0,5,9,11,0,0,0,0,0,5,0,0,7,6,3,5
worship,394,139444,7,False,population_zero,0,5,6,10,0,0,0,0,0,5,0,0,5,4,2,5
worship,395,139544,10,False,population_zero,0,5,8,16,0,0,0,0,0,5,0,0,6,4,2,5
worship,396,139644,6,False,population_zero,0,5,9,9,0,0,0,0,0,5,0,0,4,4,2,5
worship,397,139744,13,False,population_zero,0,5,13,13,0,0,0,0,0,5,0,0,15,8,4,5
worship,398,139844,13,False,population_zero,0,5,17,19,0,0,0,0,0,5,0,0,14,8,4,5
worship,399,139944,9,False,population_zero,0,5,11,15,0,0,0,0,0,5,0,0,6,2,1,5
worship,400,140044,11,False,population_zero,0,5,17,17,0,0,0,0,0,5,0,0,9,4,2,5
worship,401,140144,15,False,population_zero,0,5,8,11,0,0,0,0,0,5,0,0,12,10,5,5
worship,402,140244,8,False,population_zero,0,5,16,18,0,0,0,0,0,5,0,0,6,4,2,5
worship,403,140344,13,False,population_zero,0,5,17,17,0,0,0,0,0,5,0,0,12,6,3,5
worship,404,140444,14,False,population_zero,0,5,13,15,0,0,0,0,0,5,0,0,15,6,3,5
worship,405,140544,6,False,population_zero,0,5,7,8,0,0,0,0,0,5,0,0,4,4,2,5
worship,406,140644,11,False,population_zero,0,5,11,15,0,0,0,0,0,5,0,0,8,4,2,5
worship,407,140744,13,False,population_zero,0,5,17,17,0,0,0,0,0,5,0,0,11,10,5,5
worship,408,140844,5,False,population_zero,0,5,10,10,0,0,0,0,0,5,0,0,2,2,1,5
worship,409,140944,18,False,population_zero,0,5,19,19,0,0,0,0,0,5,0,0,24,18,9,5
worship,410,141044,12,False,population_zero,0,5,13,14,0,0,0,0,0,5,0,0,10,10,5,5
worship,411,141144,12,False,population_zero,0,5,16,17,0,0,0,0,0,5,0,0,13,12,6,5
worship,412,141244,21,False,population_zero,0,5,11,17,0,0,0,0,0,5,0,0,19,18,9,5
worship,413,141344,6,False,population_zero,0,5,7,12,0,0,0,0,0,5,0,0,2,0,0,5
worship,414,141444,12,False,population_zero,0,5,14,17,0,0,0,0,0,5,0,0,11,6,3,5
worship,415,141544,5,False,population_zero,0,5,12,12,0,0,0,0,0,5,0,0,2,2,1,5
worship,416,141644,8,False,population_zero,0,5,10,11,0,0,0,0,0,5,0,0,5,2,1,5
worship,417,141744,16,False,population_zero,0,5,5,9,0,0,0,0,0,5,0,0,14,14,7,5
worship,418,141844,28,False,population_zero,0,5,16,26,0,0,0,0,0,5,0,0,35,34,17,5
worship,419,141944,11,False,population_zero,0,5,15,18,0,0,0,0,0,5,0,0,10,6,3,5
worship,420,142044,13,False,population_zero,0,5,14,16,0,0,0,0,0,5,0,0,13,12,6,5
worship,421,142144,11,False,population_zero,0,5,12,12,0,0,0,0,0,5,0,0,10,4,2,5
worship,422,142244,15,False,population_zero,0,5,15,19,0,0,0,0,0,5,0,0,16,12,6,5
worship,423,142344,7,False,population_zero,0,5,12,16,0,0,0,0,0,5,0,0,5,4,2,5
worship,424,142444,8,False,population_zero,0,5,13,14,0,0,0,0,0,5,0,0,4,2,1,5
worship,425,142544,9,False,population_zero,0,5,8,12,0,0,0,0,0,5,0,0,7,6,3,5
worship,426,142644,8,False,population_zero,0,5,16,16,0,0,0,0,0,5,0,0,6,4,2,5
worship,427,142744,14,False,population_zero,0,5,10,12,0,0,0,0,0,5,0,0,18,8,4,5
worship,428,142844,6,False,population_zero,0,5,8,13,0,0,0,0,0,5,0,0,2,2,1,5
worship,429,142944,7,False,population_zero,0,5,8,10,0,0,0,0,0,5,0,0,5,4,2,5
worship,430,143044,11,False,population_zero,0,5,16,16,0,0,0,0,0,5,0,0,12,4,2,5
worship,431,143144,9,False,population_zero,0,5,8,12,0,0,0,0,0,5,0,0,5,4,2,5
worship,432,143244,16,False,population_zero,0,5,26,28,0,0,0,0,0,5,0,0,16,14,7,5
worship,433,143344,10,False,population_zero,0,5,8,11,0,0,0,0,0,5,0,0,7,6,3,5
worship,434,143444,16,False,population_zero,0,5,18,21,0,0,0,0,0,5,0,0,15,14,7,5
worship,435,143544,12,False,population_zero,0,5,20,20,0,0,0,0,0,5,0,0,15,8,4,5
worship,436,143644,6,False,population_zero,0,5,7,9,0,0,0,0,0,5,0,0,2,2,1,5
worship,437,143744,13,False,population_zero,0,5,21,21,0,0,0,0,0,5,0,0,13,10,5,5
worship,438,143844,19,False,population_zero,0,5,0,11,0,0,0,0,0,4,0,0,20,18,9,4
worship,439,143944,22,False,population_zero,0,5,20,24,0,0,0,0,0,5,0,0,29,24,12,5
worship,440,144044,4,False,population_zero,0,5,9,9,0,0,0,0,0,5,0,0,1,0,0,5
worship,441,144144,8,False,population_zero,0,5,9,9,0,0,0,0,0,5,0,0,5,4,2,5
worship,442,144244,14,False,population_zero,0,5,8,9,0,0,0,0,0,5,0,0,13,8,4,5
worship,443,144344,6,False,population_zero,0,5,13,13,0,0,0,0,0,5,0,0,2,2,1,5
worship,444,144444,17,False,population_zero,0,5,10,18,0,0,0,0,0,5,0,0,15,14,7,5
worship,445,144544,14,False,population_zero,0,5,15,17,0,0,0,0,0,5,0,0,15,12,6,5
worship,446,144644,13,False,population_zero,0,5,6,12,0,0,0,0,0,5,0,0,9,6,3,5
worship,447,144744,12,False,population_zero,0,5,19,21,0,0,0,0,0,5,0,0,8,8,4,5
worship,448,144844,13,False,population_zero,0,5,15,17,0,0,0,0,0,5,0,0,15,12,6,5
worship,449,144944,8,False,population_zero,0,5,11,12,0,0,0,0,0,5,0,0,5,4,2,5
worship,450,145044,18,False,population_zero,0,5,0,20,0,0,0,0,0,4,0,0,17,16,8,4
worship,451,145144,8,False,population_zero,0,5,11,15,0,0,0,0,0,5,0,0,5,4,2,5
worship,452,145244,12,False,population_zero,0,5,5,10,0,0,0,0,0,5,0,0,14,8,4,5
worship,453,145344,9,False,population_zero,0,5,9,10,0,0,0,0,0,5,0,0,9,6,3,5
worship,454,145444,15,False,population_zero,0,5,9,12,0,0,0,0,0,5,0,0,15,14,7,5
worship,455,145544,5,False,population_zero,0,5,8,11,0,0,0,0,0,5,0,0,2,2,1,5
worship,456,145644,8,False,population_zero,0,5,14,14,0,0,0,0,0,5,0,0,6,6,3,5
worship,457,145744,10,False,population_zero,0,5,7,10,0,0,0,0,0,5,0,0,10,8,4,5
worship,458,145844,12,False,population_zero,0,5,14,15,0,0,0,0,0,5,0,0,10,10,5,5
worship,459,145944,5,False,population_zero,0,5,14,14,0,0,0,0,0,5,0,0,1,0,0,5
worship,460,146044,12,False,population_zero,0,5,11,12,0,0,0,0,0,5,0,0,11,8,4,5
worship,461,146144,15,False,population_zero,0,5,14,20,0,0,0,0,0,5,0,0,16,8,4,5
worship,462,146244,14,False,population_zero,0,5,0,12,0,0,0,0,0,4,0,0,14,12,6,4
worship,463,146344,11,False,population_zero,0,5,5,8,0,0,0,0,0,5,0,0,9,6,3,5
worship,464,146444,5,False,population_zero,0,5,15,15,0,0,0,0,0,5,0,0,1,0,0,5
worship,465,146544,11,False,population_zero,0,5,7,11,0,0,0,0,0,5,0,0,10,8,4,5
worship,466,146644,7,False,population_zero,0,5,14,14,0,0,0,0,0,5,0,0,6,6,3,5
worship,467,146744,14,False,population_zero,0,5,10,14,0,0,0,0,0,5,0,0,13,10,5,5
worship,468,146844,12,False,population_zero,0,5,8,9,0,0,0,0,0,5,0,0,15,14,7,5
worship,469,146944,11,False,population_zero,0,5,4,7,0,0,0,0,0,5,0,0,13,12,6,5
worship,470,147044,13,False,population_zero,0,5,15,16,0,0,0,0,0,5,0,0,14,10,5,5
worship,471,147144,8,False,population_zero,0,5,9,11,0,0,0,0,0,5,0,0,5,4,2,5
worship,472,147244,12,False,population_zero,0,5,6,12,0,0,0,0,0,5,0,0,12,6,3,5
worship,473,147344,11,False,population_zero,0,5,5,10,0,0,0,0,0,5,0,0,10,4,2,5
worship,474,147444,12,False,population_zero,0,5,21,22,0,0,0,0,0,5,0,0,15,12,6,5
worship,475,147544,20,False,population_zero,0,5,10,24,0,0,0,0,0,5,0,0,19,18,9,5
worship,476,147644,9,False,population_zero,0,5,7,12,0,0,0,0,0,5,0,0,7,6,3,5
worship,477,147744,14,False,population_zero,0,5,16,17,0,0,0,0,0,5,0,0,15,14,7,5
worship,478,147844,24,False,population_zero,0,5,24,30,0,0,0,0,0,5,0,0,28,28,14,5
worship,479,147944,17,False,population_zero,0,5,18,22,0,0,0,0,0,5,0,0,17,10,5,5
worship,480,148044,8,False,population_zero,0,5,2,8,0,0,0,0,0,5,0,0,5,4,2,5
worship,481,148144,10,False,population_zero,0,5,14,14,0,0,0,0,0,5,0,0,9,8,4,5
worship,482,148244,11,False,population_zero,0,5,12,16,0,0,0,0,0,5,0,0,10,8,4,5
worship,483,148344,13,False,population_zero,0,5,16,17,0,0,0,0,0,5,0,0,13,4,2,5
worship,484,148444,14,False,population_zero,0,5,12,16,0,0,0,0,0,5,0,0,15,14,7,5
worship,485,148544,13,False,population_zero,0,5,3,11,0,0,0,0,0,5,0,0,14,6,3,5
worship,486,148644,6,False,population_zero,0,5,7,9,0,0,0,0,0,5,0,0,2,0,0,5
worship,487,148744,6,False,population_zero,0,5,12,12,0,0,0,0,0,5,0,0,3,2,1,5
worship,488,148844,23,False,population_zero,0,5,13,26,0,0,0,0,0,5,0,0,24,24,12,5
worship,489,148944,13,False,population_zero,0,5,12,12,0,0,0,0,0,5,0,0,16,14,7,5
worship,490,149044,10,False,population_zero,0,5,12,14,0,0,0,0,0,5,0,0,8,8,4,5
worship,491,149144,7,False,population_zero,0,5,11,12,0,0,0,0,0,5,0,0,5,4,2,5
worship,492,149244,4,False,population_zero,0,5,11,11,0,0,0,0,0,5,0,0,0,0,0,5
worship,493,149344,7,False,population_zero,0,5,10,13,0,0,0,0,0,5,0,0,4,4,2,5
worship,494,149444,7,False,population_zero,0,5,8,11,0,0,0,0,0,5,0,0,5,4,2,5
worship,495,149544,8,False,population_zero,0,5,11,11,0,0,0,0,0,5,0,0,7,6,3,5
worship,496,149644,11,False,population_zero,0,5,16,17,0,0,0,0,0,5,0,0,11,10,5,5
worship,497,149744,8,False,population_zero,0,5,13,13,0,0,0,0,0,5,0,0,7,6,3,5
worship,498,149844,14,False,population_zero,0,5,13,15,0,0,0,0,0,5,0,0,12,10,5,5
worship,499,149944,8,False,population_zero,0,5,16,16,0,0,0,0,0,5,0,0,6,4,2,5
worship,500,150044,11,False,population_zero,0,5,13,15,0,0,0,0,0,5,0,0,9,8,4,5
worship,501,150144,11,False,population_zero,0,5,17,17,0,0,0,0,0,5,0,0,9,8,4,5
worship,502,150244,12,False,population_zero,0,5,14,16,0,0,0,0,0,5,0,0,10,10,5,5
worship,503,150344,9,False,population_zero,0,5,10,10,0,0,0,0,0,5,0,0,6,4,2,5
worship,504,150444,4,False,population_zero,0,5,9,9,0,0,0,0,0,5,0,0,1,0,0,5
worship,505,150544,7,False,population_zero,0,5,13,15,0,0,0,0,0,5,0,0,4,4,2,5
worship,506,150644,15,False,population_zero,0,5,18,22,0,0,0,0,0,5,0,0,15,14,7,5
worship,507,150744,10,False,population_zero,0,5,12,13,0,0,0,0,0,5,0,0,8,6,3,5
worship,508,150844,20,False,population_zero,0,5,4,15,0,0,0,0,0,5,0,0,19,18,9,5
worship,509,150944,10,False,population_zero,0,5,7,11,0,0,0,0,0,5,0,0,8,8,4,5
worship,510,151044,8,False,population_zero,0,5,18,18,0,0,0,0,0,5,0,0,6,4,2,5
worship,511,151144,12,False,population_zero,0,5,14,16,0,0,0,0,0,5,0,0,14,10,5,5
worship,512,151244,24,False,population_zero,0,5,0,16,0,0,0,0,0,5,0,0,27,26,13,5
worship,513,151344,20,False,population_zero,0,5,13,25,0,0,0,0,0,5,0,0,21,20,10,5
worship,514,151444,7,False,population_zero,0,5,12,15,0,0,0,0,0,5,0,0,5,4,2,5
worship,515,151544,10,False,population_zero,0,5,15,17,0,0,0,0,0,5,0,0,10,8,4,5
worship,516,151644,12,False,population_zero,0,5,13,15,0,0,0,0,0,5,0,0,9,6,3,5
worship,517,151744,9,False,population_zero,0,5,11,13,0,0,0,0,0,5,0,0,5,4,2,5
worship,518,151844,10,False,population_zero,0,5,13,13,0,0,0,0,0,5,0,0,9,8,4,5
worship,519,151944,7,False,population_zero,0,5,6,9,0,0,0,0,0,5,0,0,4,4,2,5
worship,520,152044,12,False,population_zero,0,5,5,10,0,0,0,0,0,5,0,0,12,6,3,5
worship,521,152144,17,False,population_zero,0,5,23,25,0,0,0,0,0,5,0,0,19,16,8,5
worship,522,152244,9,False,population_zero,0,5,8,8,0,0,0,0,0,5,0,0,8,8,4,5
worship,523,152344,9,False,population_zero,0,5,10,11,0,0,0,0,0,5,0,0,8,6,3,5
worship,524,152444,14,False,population_zero,0,5,3,16,0,0,0,0,0,5,0,0,14,12,6,5
worship,525,152544,26,False,population_zero,0,5,8,27,0,0,0,0,0,5,0,0,29,28,14,5
worship,526,152644,6,False,population_zero,0,5,13,13,0,0,0,0,0,5,0,0,3,2,1,5
worship,527,152744,5,False,population_zero,0,5,11,11,0,0,0,0,0,5,0,0,2,2,1,5
worship,528,152844,7,False,population_zero,0,5,8,15,0,0,0,0,0,5,0,0,3,2,1,5
worship,529,152944,11,False,population_zero,0,5,10,12,0,0,0,0,0,5,0,0,11,6,3,5
worship,530,153044,19,False,population_zero,0,5,17,22,0,0,0,0,0,5,0,0,19,18,9,5
worship,531,153144,7,False,population_zero,0,5,10,14,0,0,0,0,0,5,0,0,4,2,1,5
worship,532,153244,11,False,population_zero,0,5,18,19,0,0,0,0,0,5,0,0,8,6,3,5
worship,533,153344,14,False,population_zero,0,5,11,16,0,0,0,0,0,5,0,0,16,12,6,5
worship,534,153444,13,False,population_zero,0,5,7,12,0,0,0,0,0,5,0,0,12,6,3,5
worship,535,153544,7,False,population_zero,0,5,14,15,0,0,0,0,0,5,0,0,3,2,1,5
worship,536,153644,8,False,population_zero,0,5,12,14,0,0,0,0,0,5,0,0,5,4,2,5
worship,537,153744,13,False,population_zero,0,5,15,16,0,0,0,0,0,5,0,0,15,4,2,5
worship,538,153844,15,False,population_zero,0,5,0,11,0,0,0,0,0,4,0,0,14,12,6,4
worship,539,153944,15,False,population_zero,0,5,13,15,0,0,0,0,0,5,0,0,14,10,5,5
worship,540,154044,12,False,population_zero,0,5,16,18,0,0,0,0,0,5,0,0,13,8,4,5
worship,541,154144,13,False,population_zero,0,5,10,14,0,0,0,0,0,5,0,0,15,8,4,5
worship,542,154244,15,False,population_zero,0,5,23,25,0,0,0,0,0,5,0,0,21,12,6,5
worship,543,154344,11,False,population_zero,0,5,17,17,0,0,0,0,0,5,0,0,10,10,5,5
worship,544,154444,9,False,population_zero,0,5,13,14,0,0,0,0,0,5,0,0,8,6,3,5
worship,545,154544,7,False,population_zero,0,5,10,12,0,0,0,0,0,5,0,0,4,4,2,5
worship,546,154644,9,False,population_zero,0,5,13,14,0,0,0,0,0,5,0,0,7,4,2,5
worship,547,154744,6,False,population_zero,0,5,6,11,0,0,0,0,0,5,0,0,3,2,1,5
worship,548,154844,10,False,population_zero,0,5,11,17,0,0,0,0,0,5,0,0,7,6,3,5
worship,549,154944,8,False,population_zero,0,5,14,14,0,0,0,0,0,5,0,0,6,2,1,5
worship,550,155044,14,False,population_zero,0,5,17,17,0,0,0,0,0,5,0,0,13,10,5,5
worship,551,155144,19,False,population_zero,0,5,12,26,0,0,0,0,0,5,0,0,23,22,11,5
worship,552,155244,8,False,population_zero,0,5,10,12,0,0,0,0,0,5,0,0,4,0,0,5
worship,553,155344,17,False,population_zero,0,5,22,25,0,0,0,0,0,5,0,0,19,18,9,5
worship,554,155444,12,False,population_zero,0,5,12,13,0,0,0,0,0,5,0,0,11,6,3,5
worship,555,155544,10,False,population_zero,0,5,16,16,0,0,0,0,0,5,0,0,8,6,3,5
worship,556,155644,7,False,population_zero,0,5,11,12,0,0,0,0,0,5,0,0,3,2,1,5
worship,557,155744,7,False,population_zero,0,5,9,10,0,0,0,0,0,5,0,0,4,2,1,5
worship,558,155844,18,False,population_zero,0,5,5,16,0,0,0,0,0,5,0,0,21,18,9,5
worship,559,155944,11,False,population_zero,0,5,3,10,0,0,0,0,0,5,0,0,9,8,4,5
worship,560,156044,6,False,population_zero,0,5,12,12,0,0,0,0,0,5,0,0,4,2,1,5
worship,561,156144,6,False,population_zero,0,5,9,9,0,0,0,0,0,5,0,0,3,2,1,5
worship,562,156244,8,False,population_zero,0,5,13,13,0,0,0,0,0,5,0,0,6,6,3,5
worship,563,156344,7,False,population_zero,0,5,11,12,0,0,0,0,0,5,0,0,4,4,2,5
worship,564,156444,16,False,population_zero,0,5,20,21,0,0,0,0,0,5,0,0,19,16,8,5
worship,565,156544,8,False,population_zero,0,5,14,15,0,0,0,0,0,5,0,0,5,2,1,5
worship,566,156644,5,False,population_zero,0,5,14,14,0,0,0,0,0,5,0,0,3,2,1,5
worship,567,156744,9,False,population_zero,0,5,8,9,0,0,0,0,0,5,0,0,6,6,3,5
worship,568,156844,4,False,population_zero,0,5,6,8,0,0,0,0,0,5,0,0,1,0,0,5
worship,569,156944,7,False,population_zero,0,5,7,10,0,0,0,0,0,5,0,0,3,2,1,5
worship,570,157044,18,False,population_zero,0,5,14,21,0,0,0,0,0,5,0,0,19,18,9,5
worship,571,157144,23,False,population_zero,0,5,11,19,0,0,0,0,0,5,0,0,24,24,12,5
worship,572,157244,9,False,population_zero,0,5,9,16,0,0,0,0,0,5,0,0,6,4,2,5
worship,573,157344,10,False,population_zero,0,5,11,12,0,0,0,0,0,5,0,0,8,6,3,5
worship,574,157444,19,False,population_zero,0,5,3,12,0,0,0,0,0,5,0,0,19,18,9,5
worship,575,157544,11,False,population_zero,0,5,12,16,0,0,0,0,0,5,0,0,10,6,3,5
worship,576,157644,14,False,population_zero,0,5,4,11,0,0,0,0,0,5,0,0,11,8,4,5
worship,577,157744,11,False,population_zero,0,5,4,9,0,0,0,0,0,5,0,0,9,6,3,5
worship,578,157844,7,False,population_zero,0,5,13,15,0,0,0,0,0,5,0,0,3,0,0,5
worship,579,157944,8,False,population_zero,0,5,12,12,0,0,0,0,0,5,0,0,8,6,3,5
worship,580,158044,11,False,population_zero,0,5,4,9,0,0,0,0,0,5,0,0,10,4,2,5
worship,581,158144,8,False,population_zero,0,5,10,10,0,0,0,0,0,5,0,0,6,2,1,5
worship,582,158244,19,False,population_zero,0,5,15,24,0,0,0,0,0,5,0,0,19,18,9,5
worship,583,158344,9,False,population_zero,0,5,16,17,0,0,0,0,0,5,0,0,7,6,3,5
worship,584,158444,10,False,population_zero,0,5,21,22,0,0,0,0,0,5,0,0,7,6,3,5
worship,585,158544,9,False,population_zero,0,5,8,8,0,0,0,0,0,5,0,0,8,8,4,5
worship,586,158644,19,False,population_zero,0,5,1,12,0,0,0,0,0,5,0,0,20,20,10,5
worship,587,158744,7,False,population_zero,0,5,9,13,0,0,0,0,0,5,0,0,3,2,1,5
worship,588,158844,9,False,population_zero,0,5,7,12,0,0,0,0,0,5,0,0,8,4,2,5
worship,589,158944,10,False,population_zero,0,5,13,13,0,0,0,0,0,5,0,0,8,8,4,5
worship,590,159044,11,False,population_zero,0,5,11,13,0,0,0,0,0,5,0,0,14,10,5,5
worship,591,159144,9,False,population_zero,0,5,12,14,0,0,0,0,0,5,0,0,5,4,2,5
worship,592,159244,7,False,population_zero,0,5,9,13,0,0,0,0,0,5,0,0,3,2,1,5
worship,593,159344,8,False,population_zero,0,5,10,12,0,0,0,0,0,5,0,0,7,6,3,5
worship,594,159444,12,False,population_zero,0,5,10,13,0,0,0,0,0,5,0,0,11,6,3,5
worship,595,159544,9,False,population_zero,0,5,16,16,0,0,0,0,0,5,0,0,5,4,2,5
worship,596,159644,9,False,population_zero,0,5,6,10,0,0,0,0,0,5,0,0,6,4,2,5
worship,597,159744,11,False,population_zero,0,5,8,12,0,0,0,0,0,5,0,0,10,8,4,5
worship,598,159844,15,False,population_zero,0,5,21,22,0,0,0,0,0,5,0,0,15,14,7,5
worship,599,159944,12,False,population_zero,0,5,12,12,0,0,0,0,0,5,0,0,15,8,4,5
worship,600,160044,10,False,population_zero,0,5,10,15,0,0,0,0,0,5,0,0,8,6,3,5
worship,601,160144,9,False,population_zero,0,5,21,21,0,0,0,0,0,5,0,0,9,8,4,5
worship,602,160244,4,False,population_zero,0,5,10,10,0,0,0,0,0,5,0,0,1,0,0,5
worship,603,160344,6,False,population_zero,0,5,5,7,0,0,0,0,0,5,0,0,4,2,1,5
worship,604,160444,8,False,population_zero,0,5,7,9,0,0,0,0,0,5,0,0,5,4,2,5
worship,605,160544,9,False,population_zero,0,5,12,13,0,0,0,0,0,5,0,0,9,8,4,5
worship,606,160644,8,False,population_zero,0,5,15,16,0,0,0,0,0,5,0,0,5,4,2,5
worship,607,160744,8,False,population_zero,0,5,17,17,0,0,0,0,0,5,0,0,6,6,3,5
worship,608,160844,11,False,population_zero,0,5,11,11,0,0,0,0,0,5,0,0,10,8,4,5
worship,609,160944,15,False,population_zero,0,5,8,16,0,0,0,0,0,5,0,0,16,8,4,5
worship,610,161044,16,False,population_zero,0,5,5,17,0,0,0,0,0,5,0,0,15,10,5,5
worship,611,161144,11,False,population_zero,0,5,12,12,0,0,0,0,0,5,0,0,8,8,4,5
worship,612,161244,13,False,population_zero,0,5,9,14,0,0,0,0,0,5,0,0,11,4,2,5
worship,613,161344,5,False,population_zero,0,5,6,8,0,0,0,0,0,5,0,0,2,0,0,5
worship,614,161444,12,False,population_zero,0,5,13,13,0,0,0,0,0,5,0,0,9,8,4,5
worship,615,161544,10,False,population_zero,0,5,16,16,0,0,0,0,0,5,0,0,7,6,3,5
worship,616,161644,7,False,population_zero,0,5,10,10,0,0,0,0,0,5,0,0,7,6,3,5
worship,617,161744,11,False,population_zero,0,5,16,19,0,0,0,0,0,5,0,0,12,6,3,5
worship,618,161844,8,False,population_zero,0,5,10,11,0,0,0,0,0,5,0,0,5,4,2,5
worship,619,161944,13,False,population_zero,0,5,16,17,0,0,0,0,0,5,0,0,17,12,6,5
worship,620,162044,17,False,population_zero,0,5,17,23,0,0,0,0,0,5,0,0,19,18,9,5
worship,621,162144,11,False,population_zero,0,5,11,13,0,0,0,0,0,5,0,0,7,6,3,5
worship,622,162244,11,False,population_zero,0,5,17,17,0,0,0,0,0,5,0,0,10,6,3,5
worship,623,162344,21,False,population_zero,0,5,20,23,0,0,0,0,0,5,0,0,27,24,12,5
worship,624,162444,8,False,population_zero,0,5,10,15,0,0,0,0,0,5,0,0,7,6,3,5
worship,625,162544,14,False,population_zero,0,5,11,14,0,0,0,0,0,5,0,0,14,10,5,5
worship,626,162644,7,False,population_zero,0,5,9,14,0,0,0,0,0,5,0,0,5,4,2,5
worship,627,162744,18,False,population_zero,0,5,15,19,0,0,0,0,0,5,0,0,20,18,9,5
worship,628,162844,12,False,population_zero,0,5,12,14,0,0,0,0,0,5,0,0,15,14,7,5
worship,629,162944,10,False,population_zero,0,5,10,13,0,0,0,0,0,5,0,0,8,8,4,5
worship,630,163044,10,False,population_zero,0,5,7,13,0,0,0,0,0,5,0,0,9,0,0,5
worship,631,163144,9,False,population_zero,0,5,14,16,0,0,0,0,0,5,0,0,8,6,3,5
worship,632,163244,12,False,population_zero,0,5,8,10,0,0,0,0,0,5,0,0,13,12,6,5
worship,633,163344,11,False,population_zero,0,5,9,11,0,0,0,0,0,5,0,0,12,10,5,5
worship,634,163444,14,False,population_zero,0,5,16,17,0,0,0,0,0,5,0,0,14,12,6,5
worship,635,163544,21,False,population_zero,0,5,12,24,0,0,0,0,0,5,0,0,22,22,11,5
worship,636,163644,9,False,population_zero,0,5,11,15,0,0,0,0,0,5,0,0,7,4,2,5
worship,637,163744,19,False,population_zero,0,5,9,13,0,0,0,0,0,5,0,0,22,22,11,5
worship,638,163844,12,False,population_zero,0,5,3,13,0,0,0,0,0,5,0,0,11,8,4,5
worship,639,163944,5,False,population_zero,0,5,11,14,0,0,0,0,0,5,0,0,1,0,0,5
worship,640,164044,7,False,population_zero,0,5,10,10,0,0,0,0,0,5,0,0,4,4,2,5
worship,641,164144,19,False,population_zero,0,5,17,24,0,0,0,0,0,5,0,0,21,20,10,5
worship,642,164244,12,False,population_zero,0,5,8,13,0,0,0,0,0,5,0,0,11,8,4,5
worship,643,164344,11,False,population_zero,0,5,6,14,0,0,0,0,0,5,0,0,9,2,1,5
worship,644,164444,12,False,population_zero,0,5,16,17,0,0,0,0,0,5,0,0,14,12,6,5
worship,645,164544,14,False,population_zero,0,5,12,15,0,0,0,0,0,5,0,0,15,6,3,5
worship,646,164644,12,False,population_zero,0,5,8,12,0,0,0,0,0,5,0,0,14,8,4,5
worship,647,164744,10,False,population_zero,0,5,17,17,0,0,0,0,0,5,0,0,8,8,4,5
worship,648,164844,12,False,population_zero,0,5,8,13,0,0,0,0,0,5,0,0,9,4,2,5
worship,649,164944,9,False,population_zero,0,5,8,11,0,0,0,0,0,5,0,0,7,2,1,5
worship,650,165044,10,False,population_zero,0,5,13,15,0,0,0,0,0,5,0,0,9,8,4,5
worship,651,165144,15,False,population_zero,0,5,7,9,0,0,0,0,0,5,0,0,21,14,7,5
worship,652,165244,21,False,population_zero,0,5,5,18,0,0,0,0,0,5,0,0,23,22,11,5
worship,653,165344,13,False,population_zero,0,5,17,17,0,0,0,0,0,5,0,0,13,8,4,5
worship,654,165444,9,False,population_zero,0,5,14,16,0,0,0,0,0,5,0,0,7,6,3,5
worship,655,165544,21,False,population_zero,0,5,6,10,0,0,0,0,0,5,0,0,24,24,12,5
worship,656,165644,8,False,population_zero,0,5,14,14,0,0,0,0,0,5,0,0,5,4,2,5
worship,657,165744,11,False,population_zero,0,5,13,14,0,0,0,0,0,5,0,0,10,10,5,5
worship,658,165844,13,False,population_zero,0,5,16,16,0,0,0,0,0,5,0,0,12,8,4,5
worship,659,165944,15,False,population_zero,0,5,21,25,0,0,0,0,0,5,0,0,14,12,6,5
worship,660,166044,8,False,population_zero,0,5,10,10,0,0,0,0,0,5,0,0,5,4,2,5
worship,661,166144,10,False,population_zero,0,5,14,15,0,0,0,0,0,5,0,0,8,6,3,5
worship,662,166244,11,False,population_zero,0,5,2,11,0,0,0,0,0,5,0,0,9,4,2,5
worship,663,166344,13,False,population_zero,0,5,12,13,0,0,0,0,0,5,0,0,10,8,4,5
worship,664,166444,9,False,population_zero,0,5,11,12,0,0,0,0,0,5,0,0,5,4,2,5
worship,665,166544,19,False,population_zero,0,5,18,21,0,0,0,0,0,5,0,0,23,20,10,5
worship,666,166644,5,False,population_zero,0,5,8,11,0,0,0,0,0,5,0,0,2,2,1,5
worship,667,166744,12,False,population_zero,0,5,14,17,0,0,0,0,0,5,0,0,10,8,4,5
worship,668,166844,9,False,population_zero,0,5,8,15,0,0,0,0,0,5,0,0,7,4,2,5
worship,669,166944,14,False,population_zero,0,5,7,11,0,0,0,0,0,5,0,0,13,10,5,5
worship,670,167044,7,False,population_zero,0,5,11,11,0,0,0,0,0,5,0,0,5,4,2,5
worship,671,167144,9,False,population_zero,0,5,2,9,0,0,0,0,0,5,0,0,5,4,2,5
worship,672,167244,18,False,population_zero,0,5,21,21,0,0,0,0,0,5,0,0,23,20,10,5
worship,673,167344,11,False,population_zero,0,5,16,18,0,0,0,0,0,5,0,0,13,12,6,5
worship,674,167444,9,False,population_zero,0,5,9,13,0,0,0,0,0,5,0,0,5,4,2,5
worship,675,167544,14,False,population_zero,0,5,8,15,0,0,0,0,0,5,0,0,15,10,5,5
worship,676,167644,8,False,population_zero,0,5,8,10,0,0,0,0,0,5,0,0,6,6,3,5
worship,677,167744,10,False,population_zero,0,5,14,14,0,0,0,0,0,5,0,0,9,4,2,5
worship,678,167844,4,False,population_zero,0,5,9,12,0,0,0,0,0,5,0,0,0,0,0,5
worship,679,167944,13,False,population_zero,0,5,17,19,0,0,0,0,0,5,0,0,12,10,5,5
worship,680,168044,11,False,population_zero,0,5,8,11,0,0,0,0,0,5,0,0,7,6,3,5
worship,681,168144,13,False,population_zero,0,5,17,18,0,0,0,0,0,5,0,0,15,12,6,5
worship,682,168244,10,False,population_zero,0,5,16,16,0,0,0,0,0,5,0,0,11,8,4,5
worship,683,168344,9,False,population_zero,0,5,7,8,0,0,0,0,0,5,0,0,9,8,4,5
worship,684,168444,9,False,population_zero,0,5,11,16,0,0,0,0,0,5,0,0,7,4,2,5
worship,685,168544,9,False,population_zero,0,5,5,12,0,0,0,0,0,5,0,0,6,4,2,5
worship,686,168644,4,False,population_zero,0,5,6,8,0,0,0,0,0,5,0,0,1,0,0,5
worship,687,168744,8,False,population_zero,0,5,12,12,0,0,0,0,0,5,0,0,6,6,3,5
worship,688,168844,10,False,population_zero,0,5,14,14,0,0,0,0,0,5,0,0,8,6,3,5
worship,689,168944,23,False,population_zero,0,5,27,29,0,0,0,0,0,5,0,0,23,22,11,5
worship,690,169044,6,False,population_zero,0,5,11,13,0,0,0,0,0,5,0,0,2,2,1,5
worship,691,169144,6,False,population_zero,0,5,11,11,0,0,0,0,0,5,0,0,3,2,1,5
worship,692,169244,16,False,population_zero,0,5,15,21,0,0,0,0,0,5,0,0,17,16,8,5
worship,693,169344,8,False,population_zero,0,5,9,11,0,0,0,0,0,5,0,0,6,4,2,5
worship,694,169444,9,False,population_zero,0,5,14,14,0,0,0,0,0,5,0,0,8,8,4,5
worship,695,169544,17,False,population_zero,0,5,9,11,0,0,0,0,0,5,0,0,21,18,9,5
worship,696,169644,8,False,population_zero,0,5,13,16,0,0,0,0,0,5,0,0,4,2,1,5
worship,697,169744,19,False,population_zero,0,5,13,13,0,0,0,0,0,5,0,0,20,16,8,5
worship,698,169844,16,False,population_zero,0,5,22,23,0,0,0,0,0,5,0,0,19,18,9,5
worship,699,169944,10,False,population_zero,0,5,12,15,0,0,0,0,0,5,0,0,8,2,1,5
worship,700,170044,5,False,population_zero,0,5,8,12,0,0,0,0,0,5,0,0,2,0,0,5
worship,701,170144,20,False,population_zero,0,5,23,25,0,0,0,0,0,5,0,0,21,20,10,5
worship,702,170244,6,False,population_zero,0,5,7,10,0,0,0,0,0,5,0,0,3,2,1,5
worship,703,170344,13,False,population_zero,0,5,13,15,0,0,0,0,0,5,0,0,12,8,4,5
worship,704,170444,16,False,population_zero,0,5,22,26,0,0,0,0,0,5,0,0,14,12,6,5
worship,705,170544,8,False,population_zero,0,5,11,13,0,0,0,0,0,5,0,0,5,4,2,5
worship,706,170644,17,False,population_zero,0,5,18,19,0,0,0,0,0,5,0,0,16,16,8,5
worship,707,170744,10,False,population_zero,0,5,17,18,0,0,0,0,0,5,0,0,9,8,4,5
worship,708,170844,11,False,population_zero,0,5,6,11,0,0,0,0,0,5,0,0,10,4,2,5
worship,709,170944,8,False,population_zero,0,5,19,19,0,0,0,0,0,5,0,0,9,8,4,5
worship,710,171044,14,False,population_zero,0,5,15,19,0,0,0,0,0,5,0,0,14,10,5,5
worship,711,171144,9,False,population_zero,0,5,16,16,0,0,0,0,0,5,0,0,9,2,1,5
worship,712,171244,12,False,population_zero,0,5,16,18,0,0,0,0,0,5,0,0,13,8,4,5
worship,713,171344,20,False,population_zero,0,5,18,22,0,0,0,0,0,5,0,0,23,16,8,5
worship,714,171444,4,False,population_zero,0,5,14,14,0,0,0,0,0,5,0,0,1,0,0,5
worship,715,171544,21,False,population_zero,0,5,11,18,0,0,0,0,0,5,0,0,24,20,10,5
worship,716,171644,10,False,population_zero,0,5,4,13,0,0,0,0,0,5,0,0,7,2,1,5
worship,717,171744,10,False,population_zero,0,5,12,15,0,0,0,0,0,5,0,0,8,4,2,5
worship,718,171844,13,False,population_zero,0,5,14,18,0,0,0,0,0,5,0,0,11,6,3,5
worship,719,171944,14,False,population_zero,0,5,9,14,0,0,0,0,0,5,0,0,13,8,4,5
worship,720,172044,11,False,population_zero,0,5,8,10,0,0,0,0,0,5,0,0,9,4,2,5
worship,721,172144,17,False,population_zero,0,5,6,16,0,0,0,0,0,5,0,0,15,14,7,5
worship,722,172244,19,False,population_zero,0,5,8,13,0,0,0,0,0,5,0,0,20,20,10,5
worship,723,172344,14,False,population_zero,0,5,8,12,0,0,0,0,0,5,0,0,13,8,4,5
worship,724,172444,13,False,population_zero,0,5,20,24,0,0,0,0,0,5,0,0,13,10,5,5
worship,725,172544,13,False,population_zero,0,5,9,15,0,0,0,0,0,5,0,0,11,10,5,5
worship,726,172644,17,False,population_zero,0,5,7,19,0,0,0,0,0,5,0,0,19,18,9,5
worship,727,172744,8,False,population_zero,0,5,10,15,0,0,0,0,0,5,0,0,5,4,2,5
worship,728,172844,11,False,population_zero,0,5,11,11,0,0,0,0,0,5,0,0,12,10,5,5
worship,729,172944,5,False,population_zero,0,5,10,11,0,0,0,0,0,5,0,0,2,2,1,5
worship,730,173044,10,False,population_zero,0,5,12,14,0,0,0,0,0,5,0,0,7,4,2,5
worship,731,173144,6,False,population_zero,0,5,13,13,0,0,0,0,0,5,0,0,5,4,2,5
worship,732,173244,11,False,population_zero,0,5,18,19,0,0,0,0,0,5,0,0,8,6,3,5
worship,733,173344,8,False,population_zero,0,5,11,12,0,0,0,0,0,5,0,0,6,6,3,5
worship,734,173444,8,False,population_zero,0,5,9,11,0,0,0,0,0,5,0,0,8,8,4,5
worship,735,173544,14,False,population_zero,0,5,10,11,0,0,0,0,0,5,0,0,13,8,4,5
worship,736,173644,10,False,population_zero,0,5,13,14,0,0,0,0,0,5,0,0,8,8,4,5
worship,737,173744,14,False,population_zero,0,5,17,20,0,0,0,0,0,5,0,0,18,14,7,5
worship,738,173844,7,False,population_zero,0,5,7,10,0,0,0,0,0,5,0,0,4,4,2,5
worship,739,173944,8,False,population_zero,0,5,13,13,0,0,0,0,0,5,0,0,6,6,3,5
worship,740,174044,30,False,population_zero,0,5,2,20,0,0,0,0,0,5,0,0,31,30,15,5
worship,741,174144,8,False,population_zero,0,5,11,12,0,0,0,0,0,5,0,0,7,4,2,5
worship,742,174244,8,False,population_zero,0,5,19,19,0,0,0,0,0,5,0,0,6,6,3,5
worship,743,174344,8,False,population_zero,0,5,14,14,0,0,0,0,0,5,0,0,5,4,2,5
worship,744,174444,8,False,population_zero,0,5,6,7,0,0,0,0,0,5,0,0,5,4,2,5
worship,745,174544,11,False,population_zero,0,5,4,11,0,0,0,0,0,5,0,0,10,6,3,5
worship,746,174644,12,False,population_zero,0,5,17,18,0,0,0,0,0,5,0,0,12,8,4,5
worship,747,174744,12,False,population_zero,0,5,21,22,0,0,0,0,0,5,0,0,11,4,2,5
worship,748,174844,7,False,population_zero,0,5,15,15,0,0,0,0,0,5,0,0,4,4,2,5
worship,749,174944,17,False,population_zero,0,5,14,14,0,0,0,0,0,5,0,0,22,12,6,5
worship,750,175044,10,False,population_zero,0,5,4,10,0,0,0,0,0,5,0,0,8,6,3,5
worship,751,175144,15,False,population_zero,0,5,19,20,0,0,0,0,0,5,0,0,17,14,7,5
worship,752,175244,8,False,population_zero,0,5,12,13,0,0,0,0,0,5,0,0,7,6,3,5
worship,753,175344,8,False,population_zero,0,5,12,12,0,0,0,0,0,5,0,0,5,4,2,5
worship,754,175444,24,False,population_zero,0,5,20,26,0,0,0,0,0,5,0,0,25,24,12,5
worship,755,175544,9,False,population_zero,0,5,11,11,0,0,0,0,0,5,0,0,8,8,4,5
worship,756,175644,8,False,population_zero,0,5,14,15,0,0,0,0,0,5,0,0,6,4,2,5
worship,757,175744,14,False,population_zero,0,5,25,26,0,0,0,0,0,5,0,0,14,10,5,5
worship,758,175844,6,False,population_zero,0,5,15,15,0,0,0,0,0,5,0,0,5,4,2,5
worship,759,175944,11,False,population_zero,0,5,11,14,0,0,0,0,0,5,0,0,10,8,4,5
worship,760,176044,6,False,population_zero,0,5,6,11,0,0,0,0,0,5,0,0,3,2,1,5
worship,761,176144,16,False,population_zero,0,5,11,12,0,0,0,0,0,5,0,0,18,16,8,5
worship,762,176244,16,False,population_zero,0,5,7,12,0,0,0,0,0,5,0,0,15,14,7,5
worship,763,176344,14,False,population_zero,0,5,17,17,0,0,0,0,0,5,0,0,17,8,4,5
worship,764,176444,9,False,population_zero,0,5,17,17,0,0,0,0,0,5,0,0,8,4,2,5
worship,765,176544,12,False,population_zero,0,5,22,22,0,0,0,0,0,5,0,0,9,8,4,5
worship,766,176644,9,False,population_zero,0,5,9,11,0,0,0,0,0,5,0,0,7,6,3,5
worship,767,176744,20,False,population_zero,0,5,13,17,0,0,0,0,0,5,0,0,20,20,10,5
worship,768,176844,17,False,population_zero,0,5,11,15,0,0,0,0,0,5,0,0,17,16,8,5
worship,769,176944,8,False,population_zero,0,5,13,14,0,0,0,0,0,5,0,0,5,4,2,5
worship,770,177044,10,False,population_zero,0,5,10,11,0,0,0,0,0,5,0,0,9,8,4,5
worship,771,177144,20,False,population_zero,0,5,3,11,0,0,0,0,0,5,0,0,23,22,11,5
worship,772,177244,13,False,population_zero,0,5,11,11,0,0,0,0,0,5,0,0,14,14,7,5
worship,773,177344,12,False,population_zero,0,5,15,17,0,0,0,0,0,5,0,0,10,6,3,5
worship,774,177444,12,False,population_zero,0,5,9,13,0,0,0,0,0,5,0,0,10,8,4,5
worship,775,177544,9,False,population_zero,0,5,6,9,0,0,0,0,0,5,0,0,8,6,3,5
worship,776,177644,17,False,population_zero,0,5,22,25,0,0,0,0,0,5,0,0,16,14,7,5
worship,777,177744,7,False,population_zero,0,5,12,12,0,0,0,0,0,5,0,0,4,4,2,5
worship,778,177844,5,False,population_zero,0,5,9,11,0,0,0,0,0,5,0,0,2,2,1,5
worship,779,177944,18,False,population_zero,0,5,11,26,0,0,0,0,0,5,0,0,21,20,10,5
worship,780,178044,15,False,population_zero,0,5,20,25,0,0,0,0,0,5,0,0,17,16,8,5
worship,781,178144,15,False,population_zero,0,5,14,14,0,0,0,0,0,5,0,0,16,16,8,5
worship,782,178244,12,False,population_zero,0,5,20,20,0,0,0,0,0,5,0,0,13,12,6,5
worship,783,178344,11,False,population_zero,0,5,12,14,0,0,0,0,0,5,0,0,14,8,4,5
worship,784,178444,9,False,population_zero,0,5,9,11,0,0,0,0,0,5,0,0,7,4,2,5
worship,785,178544,9,False,population_zero,0,5,8,10,0,0,0,0,0,5,0,0,7,4,2,5
worship,786,178644,5,False,population_zero,0,5,9,11,0,0,0,0,0,5,0,0,2,2,1,5
worship,787,178744,7,False,population_zero,0,5,8,9,0,0,0,0,0,5,0,0,3,2,1,5
worship,788,178844,9,False,population_zero,0,5,6,10,0,0,0,0,0,5,0,0,7,4,2,5
worship,789,178944,8,False,population_zero,0,5,10,12,0,0,0,0,0,5,0,0,5,4,2,5
worship,790,179044,10,False,population_zero,0,5,10,11,0,0,0,0,0,5,0,0,8,8,4,5
worship,791,179144,12,False,population_zero,0,5,5,11,0,0,0,0,0,5,0,0,10,8,4,5
worship,792,179244,16,False,population_zero,0,5,1,10,0,0,0,0,0,5,0,0,16,16,8,5
worship,793,179344,11,False,population_zero,0,5,15,15,0,0,0,0,0,5,0,0,8,8,4,5
worship,794,179444,17,False,population_zero,0,5,17,19,0,0,0,0,0,5,0,0,20,16,8,5
worship,795,179544,8,False,population_zero,0,5,12,13,0,0,0,0,0,5,0,0,6,4,2,5
worship,796,179644,16,False,population_zero,0,5,11,16,0,0,0,0,0,5,0,0,21,10,5,5
worship,797,179744,21,False,population_zero,0,5,24,25,0,0,0,0,0,5,0,0,26,26,13,5
worship,798,179844,8,False,population_zero,0,5,12,13,0,0,0,0,0,5,0,0,5,4,2,5
worship,799,179944,9,False,population_zero,0,5,12,12,0,0,0,0,0,5,0,0,8,6,3,5
worship,800,180044,6,False,population_zero,0,5,7,9,0,0,0,0,0,5,0,0,3,2,1,5
worship,801,180144,7,False,population_zero,0,5,11,13,0,0,0,0,0,5,0,0,4,4,2,5
worship,802,180244,12,False,population_zero,0,5,22,24,0,0,0,0,0,5,0,0,10,8,4,5
worship,803,180344,5,False,population_zero,0,5,10,10,0,0,0,0,0,5,0,0,2,2,1,5
worship,804,180444,12,False,population_zero,0,5,14,14,0,0,0,0,0,5,0,0,13,10,5,5
worship,805,180544,10,False,population_zero,0,5,18,18,0,0,0,0,0,5,0,0,7,4,2,5
worship,806,180644,13,False,population_zero,0,5,13,14,0,0,0,0,0,5,0,0,15,10,5,5
worship,807,180744,5,False,population_zero,0,5,14,15,0,0,0,0,0,5,0,0,1,0,0,5
worship,808,180844,10,False,population_zero,0,5,12,14,0,0,0,0,0,5,0,0,8,4,2,5
worship,809,180944,20,False,population_zero,0,5,19,26,0,0,0,0,0,5,0,0,22,22,11,5
worship,810,181044,5,False,population_zero,0,5,15,15,0,0,0,0,0,5,0,0,2,2,1,5
worship,811,181144,19,False,population_zero,0,5,8,14,0,0,0,0,0,5,0,0,18,18,9,5
worship,812,181244,16,False,population_zero,0,5,21,21,0,0,0,0,0,5,0,0,18,16,8,5
worship,813,181344,19,False,population_zero,0,5,18,21,0,0,0,0,0,5,0,0,22,22,11,5
worship,814,181444,32,False,population_zero,0,5,0,23,0,0,0,0,0,5,0,0,34,34,17,5
worship,815,181544,14,False,population_zero,0,5,15,16,0,0,0,0,0,5,0,0,13,8,4,5
worship,816,181644,11,False,population_zero,0,5,9,10,0,0,0,0,0,5,0,0,11,10,5,5
worship,817,181744,7,False,population_zero,0,5,11,12,0,0,0,0,0,5,0,0,3,2,1,5
worship,818,181844,8,False,population_zero,0,5,15,16,0,0,0,0,0,5,0,0,6,6,3,5
worship,819,181944,16,False,population_zero,0,5,11,17,0,0,0,0,0,5,0,0,20,14,7,5
worship,820,182044,10,False,population_zero,0,5,5,11,0,0,0,0,0,5,0,0,10,10,5,5
worship,821,182144,9,False,population_zero,0,5,10,11,0,0,0,0,0,5,0,0,6,6,3,5
worship,822,182244,27,False,population_zero,0,5,9,21,0,0,0,0,0,5,0,0,29,28,14,5
worship,823,182344,11,False,population_zero,0,5,16,17,0,0,0,0,0,5,0,0,10,8,4,5
worship,824,182444,11,False,population_zero,0,5,18,19,0,0,0,0,0,5,0,0,7,6,3,5
worship,825,182544,15,False,population_zero,0,5,11,15,0,0,0,0,0,5,0,0,16,12,6,5
worship,826,182644,23,False,population_zero,0,5,23,24,0,0,0,0,0,5,0,0,27,20,10,5
worship,827,182744,7,False,population_zero,0,5,8,10,0,0,0,0,0,5,0,0,4,4,2,5
worship,828,182844,13,False,population_zero,0,5,7,13,0,0,0,0,0,5,0,0,13,8,4,5
worship,829,182944,14,False,population_zero,0,5,19,19,0,0,0,0,0,5,0,0,25,16,8,5
worship,830,183044,5,False,population_zero,0,5,12,13,0,0,0,0,0,5,0,0,1,0,0,5
worship,831,183144,7,False,population_zero,0,5,17,17,0,0,0,0,0,5,0,0,4,4,2,5
worship,832,183244,14,False,population_zero,0,5,7,9,0,0,0,0,0,5,0,0,15,14,7,5
worship,833,183344,16,False,population_zero,0,5,10,16,0,0,0,0,0,5,0,0,14,12,6,5
worship,834,183444,20,False,population_zero,0,5,9,19,0,0,0,0,0,5,0,0,20,20,10,5
worship,835,183544,8,False,population_zero,0,5,12,12,0,0,0,0,0,5,0,0,8,4,2,5
worship,836,183644,7,False,population_zero,0,5,12,15,0,0,0,0,0,5,0,0,5,4,2,5
worship,837,183744,11,False,population_zero,0,5,13,15,0,0,0,0,0,5,0,0,10,8,4,5
worship,838,183844,13,False,population_zero,0,5,12,14,0,0,0,0,0,5,0,0,11,6,3,5
worship,839,183944,11,False,population_zero,0,5,9,10,0,0,0,0,0,5,0,0,12,6,3,5
worship,840,184044,14,False,population_zero,0,5,18,18,0,0,0,0,0,5,0,0,16,14,7,5
worship,841,184144,7,False,population_zero,0,5,13,14,0,0,0,0,0,5,0,0,6,6,3,5
worship,842,184244,11,False,population_zero,0,5,10,11,0,0,0,0,0,5,0,0,10,8,4,5
worship,843,184344,10,False,population_zero,0,5,13,14,0,0,0,0,0,5,0,0,8,8,4,5
worship,844,184444,15,False,population_zero,0,5,15,15,0,0,0,0,0,5,0,0,17,16,8,5
worship,845,184544,14,False,population_zero,0,5,15,19,0,0,0,0,0,5,0,0,11,6,3,5
worship,846,184644,7,False,population_zero,0,5,7,10,0,0,0,0,0,5,0,0,5,4,2,5
worship,847,184744,12,False,population_zero,0,5,10,12,0,0,0,0,0,5,0,0,12,4,2,5
worship,848,184844,6,False,population_zero,0,5,9,11,0,0,0,0,0,5,0,0,2,0,0,5
worship,849,184944,16,False,population_zero,0,5,16,19,0,0,0,0,0,5,0,0,19,14,7,5
worship,850,185044,10,False,population_zero,0,5,14,16,0,0,0,0,0,5,0,0,10,8,4,5
worship,851,185144,8,False,population_zero,0,5,13,14,0,0,0,0,0,5,0,0,5,4,2,5
worship,852,185244,6,False,population_zero,0,5,8,10,0,0,0,0,0,5,0,0,3,2,1,5
worship,853,185344,6,False,population_zero,0,5,6,11,0,0,0,0,0,5,0,0,2,0,0,5
worship,854,185444,11,False,population_zero,0,5,13,15,0,0,0,0,0,5,0,0,10,8,4,5
worship,855,185544,7,False,population_zero,0,5,7,9,0,0,0,0,0,5,0,0,4,4,2,5
worship,856,185644,7,False,population_zero,0,5,12,12,0,0,0,0,0,5,0,0,6,6,3,5
worship,857,185744,6,False,population_zero,0,5,9,12,0,0,0,0,0,5,0,0,2,2,1,5
worship,858,185844,16,False,population_zero,0,5,20,20,0,0,0,0,0,5,0,0,22,18,9,5
worship,859,185944,12,False,population_zero,0,5,16,17,0,0,0,0,0,5,0,0,9,6,3,5
worship,860,186044,14,False,population_zero,0,5,5,10,0,0,0,0,0,5,0,0,18,10,5,5
worship,861,186144,7,False,population_zero,0,5,14,14,0,0,0,0,0,5,0,0,6,2,1,5
worship,862,186244,4,False,population_zero,0,5,10,12,0,0,0,0,0,5,0,0,1,0,0,5
worship,863,186344,11,False,population_zero,0,5,14,16,0,0,0,0,0,5,0,0,11,8,4,5
worship,864,186444,9,False,population_zero,0,5,19,20,0,0,0,0,0,5,0,0,6,4,2,5
worship,865,186544,13,False,population_zero,0,5,7,14,0,0,0,0,0,5,0,0,11,6,3,5
worship,866,186644,17,False,population_zero,0,5,4,12,0,0,0,0,0,5,0,0,17,16,8,5
worship,867,186744,14,False,population_zero,0,5,23,24,0,0,0,0,0,5,0,0,13,10,5,5
worship,868,186844,22,False,population_zero,0,5,17,23,0,0,0,0,0,5,0,0,27,26,13,5
worship,869,186944,14,False,population_zero,0,5,22,24,0,0,0,0,0,5,0,0,13,10,5,5
worship,870,187044,8,False,population_zero,0,5,14,15,0,0,0,0,0,5,0,0,6,6,3,5
worship,871,187144,17,False,population_zero,0,5,8,16,0,0,0,0,0,5,0,0,17,16,8,5
worship,872,187244,9,False,population_zero,0,5,13,14,0,0,0,0,0,5,0,0,8,8,4,5
worship,873,187344,14,False,population_zero,0,5,13,15,0,0,0,0,0,5,0,0,18,8,4,5
worship,874,187444,9,False,population_zero,0,5,15,15,0,0,0,0,0,5,0,0,11,8,4,5
worship,875,187544,12,False,population_zero,0,5,12,13,0,0,0,0,0,5,0,0,10,6,3,5
worship,876,187644,11,False,population_zero,0,5,9,11,0,0,0,0,0,5,0,0,13,10,5,5
worship,877,187744,8,False,population_zero,0,5,11,12,0,0,0,0,0,5,0,0,4,2,1,5
worship,878,187844,6,False,population_zero,0,5,16,16,0,0,0,0,0,5,0,0,3,2,1,5
worship,879,187944,18,False,population_zero,0,5,15,21,0,0,0,0,0,5,0,0,15,14,7,5
worship,880,188044,8,False,population_zero,0,5,17,17,0,0,0,0,0,5,0,0,6,6,3,5
worship,881,188144,12,False,population_zero,0,5,0,8,0,0,0,0,0,5,0,0,9,8,4,5
worship,882,188244,14,False,population_zero,0,5,17,17,0,0,0,0,0,5,0,0,11,10,5,5
worship,883,188344,11,False,population_zero,0,5,10,11,0,0,0,0,0,5,0,0,11,6,3,5
worship,884,188444,15,False,population_zero,0,5,16,21,0,0,0,0,0,5,0,0,19,8,4,5
worship,885,188544,10,False,population_zero,0,5,10,13,0,0,0,0,0,5,0,0,9,6,3,5
worship,886,188644,10,False,population_zero,0,5,11,13,0,0,0,0,0,5,0,0,8,6,3,5
worship,887,188744,15,False,population_zero,0,5,10,18,0,0,0,0,0,5,0,0,16,8,4,5
worship,888,188844,10,False,population_zero,0,5,18,19,0,0,0,0,0,5,0,0,10,8,4,5
worship,889,188944,9,False,population_zero,0,5,10,12,0,0,0,0,0,5,0,0,8,8,4,5
worship,890,189044,19,False,population_zero,0,5,13,21,0,0,0,0,0,5,0,0,22,22,11,5
worship,891,189144,20,False,population_zero,0,5,21,25,0,0,0,0,0,5,0,0,27,26,13,5
worship,892,189244,14,False,population_zero,0,5,15,18,0,0,0,0,0,5,0,0,12,12,6,5
worship,893,189344,12,False,population_zero,0,5,11,16,0,0,0,0,0,5,0,0,12,10,5,5
worship,894,189444,12,False,population_zero,0,5,12,15,0,0,0,0,0,5,0,0,15,12,6,5
worship,895,189544,8,False,population_zero,0,5,10,10,0,0,0,0,0,5,0,0,8,8,4,5
worship,896,189644,9,False,population_zero,0,5,17,17,0,0,0,0,0,5,0,0,6,4,2,5
worship,897,189744,14,False,population_zero,0,5,14,16,0,0,0,0,0,5,0,0,16,14,7,5
worship,898,189844,20,False,population_zero,0,5,15,20,0,0,0,0,0,5,0,0,25,20,10,5
worship,899,189944,8,False,population_zero,0,5,7,9,0,0,0,0,0,5,0,0,5,4,2,5
worship,900,190044,31,False,population_zero,0,5,1,27,0,0,0,0,0,5,0,0,31,30,15,5
worship,901,190144,10,False,population_zero,0,5,13,13,0,0,0,0,0,5,0,0,10,10,5,5
worship,902,190244,10,False,population_zero,0,5,16,16,0,0,0,0,0,5,0,0,11,10,5,5
worship,903,190344,11,False,population_zero,0,5,12,16,0,0,0,0,0,5,0,0,9,8,4,5
worship,904,190444,11,False,population_zero,0,5,2,7,0,0,0,0,0,5,0,0,11,8,4,5
worship,905,190544,13,False,population_zero,0,5,13,17,0,0,0,0,0,5,0,0,13,4,2,5
worship,906,190644,6,False,population_zero,0,5,11,11,0,0,0,0,0,5,0,0,5,4,2,5
worship,907,190744,10,False,population_zero,0,5,14,14,0,0,0,0,0,5,0,0,10,10,5,5
worship,908,190844,5,False,population_zero,0,5,8,11,0,0,0,0,0,5,0,0,1,0,0,5
worship,909,190944,9,False,population_zero,0,5,5,11,0,0,0,0,0,5,0,0,7,4,2,5
worship,910,191044,9,False,population_zero,0,5,3,9,0,0,0,0,0,5,0,0,5,4,2,5
worship,911,191144,10,False,population_zero,0,5,6,13,0,0,0,0,0,5,0,0,8,4,2,5
worship,912,191244,19,False,population_zero,0,5,0,10,0,0,0,0,0,4,0,0,24,20,10,4
worship,913,191344,11,False,population_zero,0,5,8,11,0,0,0,0,0,5,0,0,10,4,2,5
worship,914,191444,6,False,population_zero,0,5,9,9,0,0,0,0,0,5,0,0,5,4,2,5
worship,915,191544,8,False,population_zero,0,5,17,17,0,0,0,0,0,5,0,0,4,4,2,5
worship,916,191644,10,False,population_zero,0,5,17,17,0,0,0,0,0,5,0,0,9,8,4,5
worship,917,191744,6,False,population_zero,0,5,5,7,0,0,0,0,0,5,0,0,4,4,2,5
worship,918,191844,13,False,population_zero,0,5,17,18,0,0,0,0,0,5,0,0,12,8,4,5
worship,919,191944,10,False,population_zero,0,5,11,14,0,0,0,0,0,5,0,0,11,6,3,5
worship,920,192044,9,False,population_zero,0,5,11,13,0,0,0,0,0,5,0,0,7,6,3,5
worship,921,192144,11,False,population_zero,0,5,11,12,0,0,0,0,0,5,0,0,8,6,3,5
worship,922,192244,7,False,population_zero,0,5,17,17,0,0,0,0,0,5,0,0,4,4,2,5
worship,923,192344,7,False,population_zero,0,5,11,12,0,0,0,0,0,5,0,0,3,2,1,5
worship,924,192444,8,False,population_zero,0,5,12,14,0,0,0,0,0,5,0,0,6,2,1,5
worship,925,192544,9,False,population_zero,0,5,11,12,0,0,0,0,0,5,0,0,8,8,4,5
worship,926,192644,5,False,population_zero,0,5,15,15,0,0,0,0,0,5,0,0,1,0,0,5
worship,927,192744,11,False,population_zero,0,5,16,16,0,0,0,0,0,5,0,0,10,10,5,5
worship,928,192844,9,False,population_zero,0,5,16,16,0,0,0,0,0,5,0,0,6,6,3,5
worship,929,192944,7,False,population_zero,0,5,9,12,0,0,0,0,0,5,0,0,4,4,2,5
worship,930,193044,12,False,population_zero,0,5,17,17,0,0,0,0,0,5,0,0,15,10,5,5
worship,931,193144,5,False,population_zero,0,5,12,12,0,0,0,0,0,5,0,0,2,2,1,5
worship,932,193244,10,False,population_zero,0,5,13,15,0,0,0,0,0,5,0,0,7,6,3,5
worship,933,193344,8,False,population_zero,0,5,11,11,0,0,0,0,0,5,0,0,9,8,4,5
worship,934,193444,19,False,population_zero,0,5,1,14,0,0,0,0,0,5,0,0,20,20,10,5
worship,935,193544,7,False,population_zero,0,5,14,14,0,0,0,0,0,5,0,0,3,2,1,5
worship,936,193644,9,False,population_zero,0,5,12,14,0,0,0,0,0,5,0,0,7,2,1,5
worship,937,193744,15,False,population_zero,0,5,23,23,0,0,0,0,0,5,0,0,18,10,5,5
worship,938,193844,14,False,population_zero,0,5,13,14,0,0,0,0,0,5,0,0,14,6,3,5
worship,939,193944,8,False,population_zero,0,5,6,10,0,0,0,0,0,5,0,0,5,4,2,5
worship,940,194044,6,False,population_zero,0,5,8,9,0,0,0,0,0,5,0,0,4,4,2,5
worship,941,194144,17,False,population_zero,0,5,21,24,0,0,0,0,0,5,0,0,21,20,10,5
worship,942,194244,8,False,population_zero,0,5,11,11,0,0,0,0,0,5,0,0,4,4,2,5
worship,943,194344,11,False,population_zero,0,5,18,18,0,0,0,0,0,5,0,0,12,12,6,5
worship,944,194444,13,False,population_zero,0,5,13,13,0,0,0,0,0,5,0,0,13,12,6,5
worship,945,194544,10,False,population_zero,0,5,15,15,0,0,0,0,0,5,0,0,9,8,4,5
worship,946,194644,28,False,population_zero,0,5,8,28,0,0,0,0,0,5,0,0,29,28,14,5
worship,947,194744,7,False,population_zero,0,5,8,8,0,0,0,0,0,5,0,0,5,4,2,5
worship,948,194844,14,False,population_zero,0,5,22,23,0,0,0,0,0,5,0,0,18,12,6,5
worship,949,194944,20,False,population_zero,0,5,5,14,0,0,0,0,0,5,0,0,20,20,10,5
worship,950,195044,9,False,population_zero,0,5,7,10,0,0,0,0,0,5,0,0,6,4,2,5
worship,951,195144,5,False,population_zero,0,5,9,10,0,0,0,0,0,5,0,0,1,0,0,5
worship,952,195244,7,False,population_zero,0,5,10,10,0,0,0,0,0,5,0,0,5,4,2,5
worship,953,195344,10,False,population_zero,0,5,16,17,0,0,0,0,0,5,0,0,8,4,2,5
worship,954,195444,12,False,population_zero,0,5,11,11,0,0,0,0,0,5,0,0,13,6,3,5
worship,955,195544,9,False,population_zero,0,5,12,12,0,0,0,0,0,5,0,0,6,4,2,5
worship,956,195644,17,False,population_zero,0,5,19,21,0,0,0,0,0,5,0,0,23,20,10,5
worship,957,195744,6,False,population_zero,0,5,8,12,0,0,0,0,0,5,0,0,3,2,1,5
worship,958,195844,14,False,population_zero,0,5,23,24,0,0,0,0,0,5,0,0,14,14,7,5
worship,959,195944,13,False,population_zero,0,5,14,16,0,0,0,0,0,5,0,0,12,8,4,5
worship,960,196044,7,False,population_zero,0,5,7,13,0,0,0,0,0,5,0,0,3,2,1,5
worship,961,196144,14,False,population_zero,0,5,10,16,0,0,0,0,0,5,0,0,18,8,4,5
worship,962,196244,12,False,population_zero,0,5,13,18,0,0,0,0,0,5,0,0,10,6,3,5
worship,963,196344,11,False,population_zero,0,5,17,18,0,0,0,0,0,5,0,0,7,6,3,5
worship,964,196444,6,False,population_zero,0,5,5,11,0,0,0,0,0,5,0,0,4,4,2,5
worship,965,196544,5,False,population_zero,0,5,16,16,0,0,0,0,0,5,0,0,2,2,1,5
worship,966,196644,11,False,population_zero,0,5,8,10,0,0,0,0,0,5,0,0,9,8,4,5
worship,967,196744,11,False,population_zero,0,5,4,8,0,0,0,0,0,5,0,0,7,4,2,5
worship,968,196844,6,False,population_zero,0,5,14,14,0,0,0,0,0,5,0,0,2,2,1,5
worship,969,196944,10,False,population_zero,0,5,18,19,0,0,0,0,0,5,0,0,9,6,3,5
worship,970,197044,8,False,population_zero,0,5,10,15,0,0,0,0,0,5,0,0,5,4,2,5
worship,971,197144,8,False,population_zero,0,5,14,16,0,0,0,0,0,5,0,0,6,4,2,5
worship,972,197244,6,False,population_zero,0,5,11,11,0,0,0,0,0,5,0,0,4,4,2,5
worship,973,197344,13,False,population_zero,0,5,6,12,0,0,0,0,0,5,0,0,12,6,3,5
worship,974,197444,12,False,population_zero,0,5,16,16,0,0,0,0,0,5,0,0,10,6,3,5
worship,975,197544,9,False,population_zero,0,5,12,12,0,0,0,0,0,5,0,0,7,4,2,5
worship,976,197644,12,False,population_zero,0,5,15,17,0,0,0,0,0,5,0,0,13,12,6,5
worship,977,197744,7,False,population_zero,0,5,11,13,0,0,0,0,0,5,0,0,4,4,2,5
worship,978,197844,10,False,population_zero,0,5,10,11,0,0,0,0,0,5,0,0,9,6,3,5
worship,979,197944,14,False,population_zero,0,5,8,10,0,0,0,0,0,5,0,0,16,16,8,5
worship,980,198044,6,False,population_zero,0,5,13,14,0,0,0,0,0,5,0,0,3,0,0,5
worship,981,198144,10,False,population_zero,0,5,13,14,0,0,0,0,0,5,0,0,7,4,2,5
worship,982,198244,18,False,population_zero,0,5,13,20,0,0,0,0,0,5,0,0,20,20,10,5
worship,983,198344,11,False,population_zero,0,5,19,19,0,0,0,0,0,5,0,0,9,4,2,5
worship,984,198444,15,False,population_zero,0,5,11,16,0,0,0,0,0,5,0,0,15,14,7,5
worship,985,198544,10,False,population_zero,0,5,13,15,0,0,0,0,0,5,0,0,9,8,4,5
worship,986,198644,10,False,population_zero,0,5,11,14,0,0,0,0,0,5,0,0,7,6,3,5
worship,987,198744,10,False,population_zero,0,5,15,16,0,0,0,0,0,5,0,0,6,6,3,5
worship,988,198844,17,False,population_zero,0,5,7,17,0,0,0,0,0,5,0,0,17,16,8,5
worship,989,198944,17,False,population_zero,0,5,7,15,0,0,0,0,0,5,0,0,16,16,8,5
worship,990,199044,18,False,population_zero,0,5,9,16,0,0,0,0,0,5,0,0,18,16,8,5
worship,991,199144,11,False,population_zero,0,5,7,10,0,0,0,0,0,5,0,0,12,8,4,5
worship,992,199244,5,False,population_zero,0,5,11,14,0,0,0,0,0,5,0,0,2,2,1,5
worship,993,199344,20,False,population_zero,0,5,12,17,0,0,0,0,0,5,0,0,22,22,11,5
worship,994,199444,14,False,population_zero,0,5,12,13,0,0,0,0,0,5,0,0,19,12,6,5
worship,995,199544,20,False,population_zero,0,5,1,11,0,0,0,0,0,5,0,0,21,18,9,5
worship,996,199644,13,False,population_zero,0,5,14,17,0,0,0,0,0,5,0,0,13,10,5,5
worship,997,199744,8,False,population_zero,0,5,15,15,0,0,0,0,0,5,0,0,6,6,3,5
worship,998,199844,10,False,population_zero,0,5,12,14,0,0,0,0,0,5,0,0,9,8,4,5
worship,999,199944,20,False,population_zero,0,5,22,24,0,0,0,0,0,5,0,0,26,20,10,5
worship,1000,200044,15,False,population_zero,0,5,21,21,0,0,0,0,0,5,0,0,15,10,5,5
balanced,1,100109,27,False,population_zero,0,6,0,7,0,0,0,0,1,1,6,6,0,0,0,0
balanced,2,100209,100,True,max_turns_reached,70,70,1009,1204,20,13,7,4,323,323,75,71,0,0,0,0
balanced,3,100309,33,False,population_zero,0,7,0,7,0,0,0,0,4,4,7,7,0,0,0,0
balanced,4,100409,20,False,population_zero,0,6,0,7,0,0,0,0,2,2,3,3,0,0,0,0
balanced,5,100509,36,False,population_zero,0,9,0,12,2,0,2,1,3,3,10,10,0,0,0,0
balanced,6,100609,100,True,max_turns_reached,38,38,405,588,6,1,5,3,109,109,51,49,0,0,0,0
balanced,7,100709,28,False,population_zero,0,7,0,7,1,0,1,1,1,1,7,7,0,0,0,0
balanced,8,100809,37,False,population_zero,0,7,0,7,2,0,2,2,3,3,8,8,0,0,0,0
balanced,9,100909,35,False,other,1,7,0,12,1,0,1,0,2,2,7,6,0,0,0,0
balanced,10,101009,100,True,max_turns_reached,48,48,2,564,21,6,15,9,139,139,62,59,0,0,0,0
balanced,11,101109,100,True,max_turns_reached,34,34,98,212,10,7,3,2,75,75,46,43,0,0,0,0
balanced,12,101209,27,False,population_zero,0,6,0,7,0,0,0,0,1,1,5,5,0,0,0,0
balanced,13,101309,52,False,other,1,7,0,12,2,0,2,1,5,5,12,11,0,0,0,0
balanced,14,101409,21,False,population_zero,0,6,0,7,1,0,1,1,1,1,5,5,0,0,0,0
balanced,15,101509,27,False,population_zero,0,6,0,7,0,0,0,0,2,2,6,6,0,0,0,0
balanced,16,101609,28,False,population_zero,0,6,0,7,1,1,0,0,0,0,5,5,0,0,0,0
balanced,17,101709,18,False,other,1,5,0,7,0,0,0,0,1,1,4,3,0,0,0,0
balanced,18,101809,33,False,other,1,8,0,12,2,1,1,0,2,2,8,7,0,0,0,0
balanced,19,101909,41,False,other,3,8,0,11,2,0,2,2,4,4,14,12,0,0,0,0
balanced,20,102009,31,False,population_zero,0,5,0,7,2,0,2,0,0,0,5,5,0,0,0,0
balanced,21,102109,52,False,other,1,9,0,9,0,0,0,0,4,4,15,14,0,0,0,0
balanced,22,102209,100,True,max_turns_reached,40,40,355,524,10,4,6,3,101,101,52,50,0,0,0,0
balanced,23,102309,32,False,other,1,7,0,7,2,0,2,1,2,2,10,9,0,0,0,0
balanced,24,102409,28,False,population_zero,0,7,0,9,1,1,0,0,2,2,6,6,0,0,0,0
balanced,25,102509,42,False,other,1,8,0,12,0,0,0,0,3,3,10,9,0,0,0,0
balanced,26,102609,22,False,population_zero,0,5,0,7,0,0,0,0,1,1,3,3,0,0,0,0
balanced,27,102709,100,True,max_turns_reached,63,63,389,1754,15,6,9,5,273,273,70,67,0,0,0,0
balanced,28,102809,32,False,other,1,8,0,7,1,0,1,0,1,1,8,7,0,0,0,0
balanced,29,102909,33,False,other,1,5,0,8,0,0,0,0,4,4,8,7,0,0,0,0
balanced,30,103009,35,False,population_zero,0,6,0,7,1,0,1,1,2,2,5,5,0,0,0,0
balanced,31,103109,36,False,other,1,7,0,7,1,0,1,0,1,1,8,7,0,0,0,0
balanced,32,103209,18,False,other,1,6,0,7,1,0,1,1,0,0,5,4,0,0,0,0
balanced,33,103309,46,False,population_zero,0,5,0,11,0,0,0,0,2,2,11,11,0,0,0,0
balanced,34,103409,52,False,population_zero,0,7,0,10,1,0,1,1,4,4,11,11,0,0,0,0
balanced,35,103509,100,True,max_turns_reached,52,52,229,916,7,5,2,2,168,168,61,58,0,0,0,0
balanced,36,103609,18,False,population_zero,0,5,0,7,0,0,0,0,1,1,4,4,0,0,0,0
balanced,37,103709,41,False,population_zero,0,6,0,7,1,0,1,1,3,3,6,6,0,0,0,0
balanced,38,103809,99,False,population_zero,0,9,0,13,5,0,5,2,5,5,24,24,0,0,0,0
balanced,39,103909,45,False,population_zero,0,8,0,10,2,0,2,0,3,3,11,11,0,0,0,0
balanced,40,104009,17,False,other,1,6,0,7,1,0,1,1,2,2,4,3,0,0,0,0
balanced,41,104109,34,False,population_zero,0,5,0,7,0,0,0,0,1,1,4,4,0,0,0,0
balanced,42,104209,34,False,other,1,7,0,7,1,1,0,0,3,3,8,7,0,0,0,0
balanced,43,104309,100,True,max_turns_reached,52,52,336,1064,13,7,6,4,179,179,60,57,0,0,0,0
balanced,44,104409,30,False,other,1,6,0,14,0,0,0,0,2,2,7,6,0,0,0,0
balanced,45,104509,21,False,population_zero,0,6,0,7,1,0,1,1,0,0,4,4,0,0,0,0
balanced,46,104609,22,False,other,1,6,0,8,0,0,0,0,2,2,5,4,0,0,0,0
balanced,47,104709,15,False,other,1,6,0,7,0,0,0,0,0,0,3,2,0,0,0,0
balanced,48,104809,25,False,other,1,7,0,9,1,0,1,1,3,3,5,4,0,0,0,0
balanced,49,104909,100,True,max_turns_reached,47,47,75,632,8,5,3,2,143,143,56,53,0,0,0,0
balanced,50,105009,48,False,other,1,7,0,8,0,0,0,0,4,4,11,10,0,0,0,0
balanced,51,105109,19,False,population_zero,0,6,0,7,0,0,0,0,0,0,4,4,0,0,0,0
balanced,52,105209,24,False,other,1,7,0,9,2,0,2,1,1,1,6,5,0,0,0,0
balanced,53,105309,36,False,population_zero,0,6,0,11,0,0,0,0,2,2,7,7,0,0,0,0
balanced,54,105409,31,False,other,1,5,0,10,0,0,0,0,4,4,8,7,0,0,0,0
balanced,55,105509,31,False,population_zero,0,6,0,7,1,0,1,1,3,3,6,6,0,0,0,0
balanced,56,105609,100,True,max_turns_reached,76,76,4444,4444,20,16,4,1,366,366,76,74,0,0,0,0
balanced,57,105709,31,False,other,1,6,0,10,1,1,0,0,3,3,8,7,0,0,0,0
balanced,58,105809,29,False,other,1,8,0,7,1,0,1,0,2,2,8,7,0,0,0,0
balanced,59,105909,17,False,other,1,7,0,7,1,0,1,1,1,1,4,3,0,0,0,0
balanced,60,106009,36,False,population_zero,0,8,0,7,2,0,2,0,3,3,8,8,0,0,0,0
balanced,61,106109,39,False,population_zero,0,6,0,7,4,0,4,1,2,2,8,8,0,0,0,0
balanced,62,106209,28,False,population_zero,0,7,0,7,1,0,1,1,1,1,5,5,0,0,0,0
balanced,63,106309,31,False,population_zero,0,6,0,7,1,0,1,1,2,2,4,4,0,0,0,0
balanced,64,106409,32,False,population_zero,0,7,0,8,1,0,1,1,2,2,8,8,0,0,0,0
balanced,65,106509,100,True,max_turns_reached,49,49,25,658,14,5,9,8,170,170,61,58,0,0,0,0
balanced,66,106609,100,True,max_turns_reached,68,68,350,1972,15,9,6,2,330,330,71,67,0,0,0,0
balanced,67,106709,100,True,max_turns_reached,71,71,2058,2832,21,12,9,6,337,337,78,75,0,0,0,0
balanced,68,106809,39,False,other,1,6,0,7,0,0,0,0,2,2,10,9,0,0,0,0
balanced,69,106909,100,True,max_turns_reached,45,46,749,749,14,6,8,5,127,127,57,54,0,0,0,0
balanced,70,107009,26,False,other,1,7,0,10,0,0,0,0,0,0,6,5,0,0,0,0
balanced,71,107109,23,False,population_zero,0,5,0,7,0,0,0,0,2,2,3,3,0,0,0,0
balanced,72,107209,24,False,other,1,7,0,7,1,1,0,0,1,1,7,6,0,0,0,0
balanced,73,107309,35,False,population_zero,0,9,0,11,2,0,2,2,4,4,9,9,0,0,0,0
balanced,74,107409,45,False,other,1,9,0,10,3,1,2,1,3,3,14,13,0,0,0,0
balanced,75,107509,100,True,max_turns_reached,57,57,349,1605,16,5,11,9,230,230,67,64,0,0,0,0
balanced,76,107609,47,False,population_zero,0,8,0,10,4,0,4,1,3,3,11,11,0,0,0,0
balanced,77,107709,100,True,max_turns_reached,48,48,96,772,11,3,8,2,152,152,57,53,0,0,0,0
balanced,78,107809,100,True,max_turns_reached,38,38,0,336,9,1,8,6,102,102,52,49,0,0,0,0
balanced,79,107909,16,False,other,1,5,0,7,0,0,0,0,0,0,4,3,0,0,0,0
balanced,80,108009,17,False,population_zero,0,7,0,7,0,0,0,0,1,1,3,3,0,0,0,0
balanced,81,108109,100,True,max_turns_reached,54,54,1003,1407,11,5,6,3,204,204,61,58,0,0,0,0
balanced,82,108209,45,False,population_zero,0,6,0,12,0,0,0,0,3,3,10,10,0,0,0,0
balanced,83,108309,36,False,other,1,8,0,10,3,0,3,2,2,2,10,9,0,0,0,0
balanced,84,108409,54,False,other,1,9,0,9,4,0,4,1,3,3,15,14,0,0,0,0
balanced,85,108509,100,True,max_turns_reached,18,18,11,46,6,0,6,4,30,30,38,36,0,0,0,0
balanced,86,108609,100,True,max_turns_reached,73,73,10,1744,16,11,5,2,338,338,76,73,0,0,0,0
balanced,87,108709,14,False,other,1,6,0,7,1,0,1,0,0,0,4,3,0,0,0,0
balanced,88,108809,100,True,max_turns_reached,5,8,6,12,0,0,0,0,9,9,29,28,0,0,0,0
balanced,89,108909,33,False,population_zero,0,7,0,7,1,0,1,1,1,1,8,8,0,0,0,0
balanced,90,109009,24,False,population_zero,0,7,0,7,0,0,0,0,0,0,6,6,0,0,0,0
balanced,91,109109,100,True,max_turns_reached,6,9,0,19,8,0,8,4,10,10,30,28,0,0,0,0
balanced,92,109209,100,True,max_turns_reached,50,50,990,990,16,7,9,4,145,145,60,58,0,0,0,0
balanced,93,109309,17,False,other,1,6,0,7,1,0,1,1,1,1,4,3,0,0,0,0
balanced,94,109409,20,False,other,1,7,0,7,1,0,1,1,1,1,6,5,0,0,0,0
balanced,95,109509,100,True,max_turns_reached,33,33,360,360,11,3,8,2,69,69,48,46,0,0,0,0
balanced,96,109609,32,False,other,1,7,0,9,2,1,1,1,2,2,8,7,0,0,0,0
balanced,97,109709,100,True,max_turns_reached,58,58,376,1215,16,6,10,5,230,230,66,63,0,0,0,0
balanced,98,109809,39,False,population_zero,0,8,0,9,2,0,2,1,3,3,9,9,0,0,0,0
balanced,99,109909,17,False,population_zero,0,5,0,7,0,0,0,0,0,0,3,3,0,0,0,0
balanced,100,110009,28,False,other,1,7,0,7,0,0,0,0,2,2,6,5,0,0,0,0
balanced,101,110109,40,False,other,1,9,0,13,2,1,1,1,4,4,11,10,0,0,0,0
balanced,102,110209,38,False,population_zero,0,8,0,7,1,0,1,1,2,2,9,9,0,0,0,0
balanced,103,110309,93,False,other,1,6,0,11,1,0,1,1,9,9,24,23,0,0,0,0
balanced,104,110409,19,False,other,1,5,0,7,0,0,0,0,1,1,5,4,0,0,0,0
balanced,105,110509,32,False,other,1,7,0,7,2,0,2,0,2,2,7,6,0,0,0,0
balanced,106,110609,19,False,other,1,6,0,7,2,0,2,2,1,1,5,4,0,0,0,0
balanced,107,110709,28,False,population_zero,0,7,0,8,2,0,2,1,2,2,6,6,0,0,0,0
balanced,108,110809,16,False,population_zero,0,7,0,8,1,0,1,1,1,1,4,4,0,0,0,0
balanced,109,110909,27,False,other,1,6,0,8,0,0,0,0,3,3,6,5,0,0,0,0
balanced,110,111009,28,False,other,1,6,0,7,1,0,1,1,1,1,6,5,0,0,0,0
balanced,111,111109,30,False,population_zero,0,6,0,7,1,0,1,1,2,2,3,3,0,0,0,0
balanced,112,111209,100,True,max_turns_reached,57,57,1059,1187,20,9,11,6,201,201,66,63,0,0,0,0
balanced,113,111309,50,False,other,1,8,0,8,1,0,1,1,2,2,14,13,0,0,0,0
balanced,114,111409,21,False,other,1,5,0,7,0,0,0,0,2,2,5,4,0,0,0,0
balanced,115,111509,32,False,population_zero,0,7,0,12,2,0,2,0,3,3,7,7,0,0,0,0
balanced,116,111609,100,True,max_turns_reached,30,30,23,80,9,5,4,1,45,45,42,39,0,0,0,0
balanced,117,111709,93,False,population_zero,0,11,0,12,10,0,10,7,6,6,26,26,0,0,0,0
balanced,118,111809,33,False,other,1,7,0,7,1,0,1,1,2,2,6,5,0,0,0,0
balanced,119,111909,28,False,other,1,6,0,7,0,0,0,0,1,1,7,6,0,0,0,0
balanced,120,112009,41,False,other,1,6,0,11,2,0,2,2,5,5,10,9,0,0,0,0
balanced,121,112109,100,True,max_turns_reached,40,40,604,604,12,3,9,5,98,98,53,51,0,0,0,0
balanced,122,112209,100,True,max_turns_reached,51,51,794,794,14,5,9,7,175,175,62,59,0,0,0,0
balanced,123,112309,68,False,other,1,11,0,12,9,1,8,4,5,5,24,23,0,0,0,0
balanced,124,112409,36,False,other,1,8,0,7,1,0,1,0,2,2,8,7,0,0,0,0
balanced,125,112509,100,True,max_turns_reached,37,37,521,521,14,5,9,6,90,90,53,51,0,0,0,0
balanced,126,112609,14,False,population_zero,0,5,0,7,0,0,0,0,1,1,3,3,0,0,0,0
balanced,127,112709,99,False,population_zero,0,9,0,12,1,0,1,1,10,10,23,23,0,0,0,0
balanced,128,112809,31,False,population_zero,0,5,0,8,0,0,0,0,1,1,5,5,0,0,0,0
balanced,129,112909,20,False,other,1,6,0,7,1,0,1,1,0,0,4,3,0,0,0,0
balanced,130,113009,27,False,population_zero,0,6,0,10,0,0,0,0,1,1,5,5,0,0,0,0
balanced,131,113109,100,True,max_turns_reached,48,48,578,827,17,7,10,5,143,143,58,55,0,0,0,0
balanced,132,113209,100,True,max_turns_reached,13,13,34,34,5,0,5,4,15,15,33,32,0,0,0,0
balanced,133,113309,100,True,max_turns_reached,6,8,2,19,5,0,5,4,13,13,32,30,0,0,0,0
balanced,134,113409,29,False,other,3,7,0,10,1,0,1,0,2,2,9,7,0,0,0,0
balanced,135,113509,43,False,other,1,7,0,7,1,0,1,0,3,3,10,9,0,0,0,0
balanced,136,113609,23,False,other,1,8,0,7,1,0,1,0,2,2,7,6,0,0,0,0
balanced,137,113709,56,False,other,1,9,0,11,3,0,3,1,5,5,15,14,0,0,0,0
balanced,138,113809,27,False,other,1,8,0,7,0,0,0,0,2,2,7,6,0,0,0,0
balanced,139,113909,43,False,population_zero,0,5,0,7,0,0,0,0,2,2,6,6,0,0,0,0
balanced,140,114009,44,False,population_zero,0,7,0,8,2,0,2,1,1,1,10,10,0,0,0,0
balanced,141,114109,20,False,population_zero,0,7,0,7,1,0,1,0,1,1,4,4,0,0,0,0
balanced,142,114209,25,False,population_zero,0,6,0,7,1,0,1,0,1,1,4,4,0,0,0,0
balanced,143,114309,20,False,population_zero,0,6,0,7,0,0,0,0,2,2,4,4,0,0,0,0
balanced,144,114409,95,False,other,1,10,0,16,9,1,8,2,6,6,28,27,0,0,0,0
balanced,145,114509,100,True,max_turns_reached,14,14,38,38,9,1,8,5,17,17,34,32,0,0,0,0
balanced,146,114609,100,True,max_turns_reached,19,19,2,50,10,2,8,3,31,31,39,36,0,0,0,0
balanced,147,114709,15,False,other,1,5,0,7,0,0,0,0,0,0,4,3,0,0,0,0
balanced,148,114809,40,False,population_zero,0,8,0,10,1,0,1,0,3,3,9,9,0,0,0,0
balanced,149,114909,40,False,population_zero,0,7,0,9,2,0,2,2,4,4,8,8,0,0,0,0
balanced,150,115009,24,False,population_zero,0,6,0,8,1,0,1,0,0,0,4,4,0,0,0,0
balanced,151,115109,54,False,other,1,9,0,9,1,0,1,0,3,3,12,11,0,0,0,0
balanced,152,115209,43,False,population_zero,0,7,0,7,0,0,0,0,3,3,7,7,0,0,0,0
balanced,153,115309,19,False,other,1,7,0,8,1,0,1,1,1,1,5,4,0,0,0,0
balanced,154,115409,100,True,max_turns_reached,56,56,202,454,20,11,9,4,175,175,63,60,0,0,0,0
balanced,155,115509,32,False,population_zero,0,7,0,10,2,1,1,1,3,3,7,7,0,0,0,0
balanced,156,115609,35,False,population_zero,0,7,0,8,1,0,1,1,3,3,8,8,0,0,0,0
balanced,157,115709,22,False,population_zero,0,6,0,8,0,0,0,0,2,2,4,4,0,0,0,0
balanced,158,115809,23,False,population_zero,0,5,0,9,0,0,0,0,0,0,2,2,0,0,0,0
balanced,159,115909,25,False,population_zero,0,6,0,7,0,0,0,0,2,2,5,5,0,0,0,0
balanced,160,116009,100,True,max_turns_reached,78,78,2106,2138,14,9,5,3,413,413,80,77,0,0,0,0
balanced,161,116109,44,False,other,1,9,0,10,2,0,2,0,3,3,12,11,0,0,0,0
balanced,162,116209,62,False,other,1,9,0,9,5,0,5,3,6,6,19,18,0,0,0,0
balanced,163,116309,100,True,max_turns_reached,39,39,116,309,10,4,6,5,98,98,50,47,0,0,0,0
balanced,164,116409,100,True,max_turns_reached,43,43,747,747,8,2,6,1,122,122,52,50,0,0,0,0
balanced,165,116509,31,False,other,1,6,0,7,1,0,1,1,1,1,8,7,0,0,0,0
balanced,166,116609,21,False,population_zero,0,8,0,7,1,0,1,1,1,1,5,5,0,0,0,0
balanced,167,116709,19,False,population_zero,0,5,0,7,0,0,0,0,1,1,4,4,0,0,0,0
balanced,168,116809,35,False,other,1,7,0,10,2,1,1,0,3,3,7,6,0,0,0,0
balanced,169,116909,27,False,other,1,8,0,7,1,0,1,1,3,3,7,6,0,0,0,0
balanced,170,117009,31,False,population_zero,0,6,0,7,1,0,1,0,2,2,6,6,0,0,0,0
balanced,171,117109,100,True,max_turns_reached,49,49,339,744,16,7,9,6,160,160,62,58,0,0,0,0
balanced,172,117209,63,False,population_zero,0,9,0,9,2,0,2,1,5,5,11,11,0,0,0,0
balanced,173,117309,49,False,population_zero,0,9,0,10,2,0,2,1,5,5,12,12,0,0,0,0
balanced,174,117409,100,True,max_turns_reached,6,9,0,21,4,0,4,3,14,14,30,28,0,0,0,0
balanced,175,117509,61,False,population_zero,0,9,0,13,2,0,2,1,6,6,13,13,0,0,0,0
balanced,176,117609,26,False,population_zero,0,7,0,7,0,0,0,0,1,1,4,4,0,0,0,0
balanced,177,117709,24,False,population_zero,0,6,0,7,0,0,0,0,2,2,5,5,0,0,0,0
balanced,178,117809,32,False,other,1,7,0,8,1,0,1,0,3,3,8,7,0,0,0,0
balanced,179,117909,68,False,other,1,10,0,13,2,0,2,1,6,6,19,18,0,0,0,0
balanced,180,118009,20,False,population_zero,0,5,0,11,0,0,0,0,0,0,2,2,0,0,0,0
balanced,181,118109,32,False,other,1,7,0,13,0,0,0,0,2,2,8,7,0,0,0,0
balanced,182,118209,28,False,other,1,6,0,12,1,0,1,1,1,1,8,7,0,0,0,0
balanced,183,118309,79,False,population_zero,0,9,0,7,5,0,5,1,6,6,18,18,0,0,0,0
balanced,184,118409,24,False,other,1,6,0,7,0,0,0,0,2,2,6,5,0,0,0,0
balanced,185,118509,11,False,other,1,5,0,7,0,0,0,0,0,0,3,2,0,0,0,0
balanced,186,118609,41,False,population_zero,0,6,0,8,1,0,1,0,2,2,7,7,0,0,0,0
balanced,187,118709,31,False,population_zero,0,7,0,9,0,0,0,0,1,1,3,3,0,0,0,0
balanced,188,118809,28,False,population_zero,0,7,0,8,2,1,1,1,1,1,5,5,0,0,0,0
balanced,189,118909,26,False,population_zero,0,6,0,8,1,1,0,0,2,2,5,5,0,0,0,0
balanced,190,119009,19,False,other,1,7,0,7,0,0,0,0,1,1,6,5,0,0,0,0
balanced,191,119109,25,False,population_zero,0,5,0,7,0,0,0,0,1,1,5,5,0,0,0,0
balanced,192,119209,29,False,other,1,7,0,11,3,1,2,2,1,1,8,7,0,0,0,0
balanced,193,119309,77,False,other,1,9,0,10,4,0,4,2,6,6,21,20,0,0,0,0
balanced,194,119409,23,False,population_zero,0,6,0,7,1,0,1,0,1,1,3,3,0,0,0,0
balanced,195,119509,13,False,other,1,5,0,7,0,0,0,0,0,0,3,2,0,0,0,0
balanced,196,119609,24,False,population_zero,0,6,0,7,1,0,1,1,1,1,3,3,0,0,0,0
balanced,197,119709,18,False,other,1,5,0,7,0,0,0,0,1,1,5,4,0,0,0,0
balanced,198,119809,34,False,other,1,8,0,7,2,0,2,2,2,2,9,8,0,0,0,0
balanced,199,119909,45,False,population_zero,0,6,0,10,1,0,1,1,3,3,8,8,0,0,0,0
balanced,200,120009,29,False,population_zero,0,7,0,11,1,0,1,1,1,1,7,7,0,0,0,0
balanced,201,120109,35,False,other,1,7,0,7,0,0,0,0,4,4,8,7,0,0,0,0
balanced,202,120209,100,True,max_turns_reached,60,60,176,1260,19,12,7,3,255,255,69,65,0,0,0,0
balanced,203,120309,29,False,other,1,6,0,7,0,0,0,0,1,1,7,6,0,0,0,0
balanced,204,120409,64,False,other,3,9,0,11,3,0,3,0,8,8,18,16,0,0,0,0
balanced,205,120509,24,False,population_zero,0,5,0,7,0,0,0,0,1,1,4,4,0,0,0,0
balanced,206,120609,19,False,other,1,7,0,7,0,0,0,0,2,2,5,4,0,0,0,0
balanced,207,120709,19,False,population_zero,0,5,0,7,0,0,0,0,0,0,4,4,0,0,0,0
balanced,208,120809,30,False,other,1,8,0,9,2,0,2,1,2,2,8,7,0,0,0,0
balanced,209,120909,100,True,max_turns_reached,43,43,43,534,16,5,11,9,120,120,58,55,0,0,0,0
balanced,210,121009,76,False,population_zero,0,9,0,14,2,1,1,1,6,6,15,15,0,0,0,0
balanced,211,121109,27,False,population_zero,0,9,0,7,1,1,0,0,1,1,6,6,0,0,0,0
balanced,212,121209,95,False,population_zero,0,9,0,12,2,0,2,1,7,7,17,17,0,0,0,0
balanced,213,121309,25,False,other,1,7,0,11,1,0,1,0,2,2,7,6,0,0,0,0
balanced,214,121409,16,False,population_zero,0,6,0,7,0,0,0,0,2,2,3,3,0,0,0,0
balanced,215,121509,77,False,population_zero,0,7,0,11,2,0,2,1,5,5,12,12,0,0,0,0
balanced,216,121609,40,False,population_zero,0,6,0,7,1,0,1,0,3,3,7,7,0,0,0,0
balanced,217,121709,29,False,other,1,7,0,7,0,0,0,0,3,3,7,6,0,0,0,0
balanced,218,121809,61,False,other,1,11,0,14,2,0,2,1,5,5,18,17,0,0,0,0
balanced,219,121909,12,False,other,1,6,0,7,0,0,0,0,0,0,3,2,0,0,0,0
balanced,220,122009,100,True,max_turns_reached,63,63,67,1380,20,9,11,9,255,255,73,70,0,0,0,0
balanced,221,122109,27,False,population_zero,0,6,0,9,1,1,0,0,1,1,5,5,0,0,0,0
balanced,222,122209,15,False,other,1,6,0,7,1,1,0,0,0,0,5,4,0,0,0,0
balanced,223,122309,35,False,population_zero,0,7,0,7,3,0,3,1,2,2,6,6,0,0,0,0
balanced,224,122409,23,False,other,1,6,0,9,1,0,1,1,1,1,6,5,0,0,0,0
balanced,225,122509,29,False,population_zero,0,7,0,7,2,0,2,1,1,1,7,7,0,0,0,0
balanced,226,122609,15,False,other,1,6,0,7,0,0,0,0,1,1,4,3,0,0,0,0
balanced,227,122709,25,False,population_zero,0,6,0,7,0,0,0,0,1,1,5,5,0,0,0,0
balanced,228,122809,45,False,other,1,6,0,12,0,0,0,0,4,4,11,10,0,0,0,0
balanced,229,122909,100,True,max_turns_reached,47,47,587,587,13,5,8,4,152,152,58,55,0,0,0,0
balanced,230,123009,73,False,population_zero,0,7,0,8,2,1,1,1,3,3,13,13,0,0,0,0
balanced,231,123109,29,False,population_zero,0,7,0,7,1,0,1,1,1,1,5,5,0,0,0,0
balanced,232,123209,36,False,other,1,7,0,7,3,1,2,2,2,2,11,10,0,0,0,0
balanced,233,123309,25,False,other,1,7,0,8,0,0,0,0,2,2,6,5,0,0,0,0
balanced,234,123409,79,False,population_zero,0,8,0,15,3,1,2,2,5,5,17,17,0,0,0,0
balanced,235,123509,20,False,population_zero,0,6,0,7,1,0,1,1,1,1,4,4,0,0,0,0
balanced,236,123609,13,False,population_zero,0,6,0,8,1,0,1,1,0,0,3,3,0,0,0,0
balanced,237,123709,26,False,population_zero,0,7,0,7,0,0,0,0,1,1,4,4,0,0,0,0
balanced,238,123809,28,False,population_zero,0,7,0,7,1,0,1,0,1,1,5,5,0,0,0,0
balanced,239,123909,37,False,other,1,7,0,7,2,0,2,1,3,3,8,7,0,0,0,0
balanced,240,124009,100,True,max_turns_reached,68,68,54,2398,15,8,7,4,331,331,74,70,0,0,0,0
balanced,241,124109,35,False,other,1,6,0,7,0,0,0,0,2,2,8,7,0,0,0,0
balanced,242,124209,35,False,other,1,6,0,8,1,0,1,1,3,3,10,9,0,0,0,0
balanced,243,124309,36,False,other,1,7,0,9,2,1,1,1,2,2,9,8,0,0,0,0
balanced,244,124409,46,False,population_zero,0,7,0,8,1,0,1,0,2,2,10,10,0,0,0,0
balanced,245,124509,26,False,other,1,7,0,7,0,0,0,0,3,3,7,6,0,0,0,0
balanced,246,124609,32,False,other,1,7,0,7,3,0,3,1,1,1,8,7,0,0,0,0
balanced,247,124709,40,False,other,1,6,0,7,2,0,2,0,2,2,8,7,0,0,0,0
balanced,248,124809,36,False,population_zero,0,8,0,7,1,0,1,1,2,2,8,8,0,0,0,0
balanced,249,124909,22,False,other,1,7,0,7,0,0,0,0,2,2,5,4,0,0,0,0
balanced,250,125009,25,False,population_zero,0,6,0,7,0,0,0,0,1,1,4,4,0,0,0,0
balanced,251,125109,100,True,max_turns_reached,25,25,59,105,7,1,6,5,47,47,44,41,0,0,0,0
balanced,252,125209,36,False,population_zero,0,6,0,10,0,0,0,0,3,3,6,6,0,0,0,0
balanced,253,125309,100,True,max_turns_reached,46,46,0,375,13,6,7,5,132,132,57,54,0,0,0,0
balanced,254,125409,32,False,population_zero,0,8,0,8,1,0,1,1,2,2,8,8,0,0,0,0
balanced,255,125509,100,True,max_turns_reached,19,20,65,70,8,0,8,6,28,28,36,34,0,0,0,0
balanced,256,125609,22,False,other,1,6,0,7,0,0,0,0,2,2,5,4,0,0,0,0
balanced,257,125709,22,False,other,1,7,0,7,2,0,2,2,2,2,5,4,0,0,0,0
balanced,258,125809,54,False,population_zero,0,8,0,9,3,0,3,1,3,3,12,12,0,0,0,0
balanced,259,125909,38,False,population_zero,0,7,0,9,1,0,1,0,2,2,9,9,0,0,0,0
balanced,260,126009,100,True,max_turns_reached,28,28,207,207,9,1,8,5,48,48,44,42,0,0,0,0
balanced,261,126109,47,False,population_zero,0,8,0,10,2,2,0,0,2,2,12,12,0,0,0,0
balanced,262,126209,100,True,max_turns_reached,48,48,856,856,13,8,5,1,131,131,60,57,0,0,0,0
balanced,263,126309,35,False,other,1,7,0,10,0,0,0,0,0,0,7,6,0,0,0,0
balanced,264,126409,39,False,population_zero,0,6,0,7,0,0,0,0,2,2,8,8,0,0,0,0
balanced,265,126509,35,False,population_zero,0,8,0,10,3,1,2,2,4,4,8,8,0,0,0,0
balanced,266,126609,62,False,other,1,7,0,11,1,0,1,0,7,7,16,15,0,0,0,0
balanced,267,126709,100,True,max_turns_reached,38,38,187,312,10,3,7,4,91,91,51,48,0,0,0,0
balanced,268,126809,33,False,population_zero,0,6,0,9,1,0,1,1,1,1,7,7,0,0,0,0
balanced,269,126909,45,False,population_zero,0,6,0,7,1,0,1,1,1,1,5,5,0,0,0,0
balanced,270,127009,60,False,population_zero,0,11,0,12,3,0,3,3,3,3,14,14,0,0,0,0
balanced,271,127109,100,True,max_turns_reached,44,44,244,595,14,9,5,5,112,112,57,55,0,0,0,0
balanced,272,127209,100,True,max_turns_reached,43,43,177,298,21,8,13,9,129,129,59,56,0,0,0,0
balanced,273,127309,28,False,other,1,5,0,8,1,0,1,1,3,3,6,5,0,0,0,0
balanced,274,127409,32,False,population_zero,0,6,0,7,0,0,0,0,2,2,4,4,0,0,0,0
balanced,275,127509,19,False,population_zero,0,5,0,7,0,0,0,0,1,1,3,3,0,0,0,0
balanced,276,127609,31,False,other,1,6,0,8,2,1,1,0,2,2,7,6,0,0,0,0
balanced,277,127709,47,False,population_zero,0,8,0,9,2,1,1,1,4,4,9,9,0,0,0,0
balanced,278,127809,14,False,other,1,6,0,7,0,0,0,0,1,1,3,2,0,0,0,0
balanced,279,127909,52,False,population_zero,0,10,0,10,2,0,2,2,4,4,13,13,0,0,0,0
balanced,280,128009,29,False,population_zero,0,7,0,8,2,1,1,1,2,2,6,6,0,0,0,0
balanced,281,128109,16,False,other,1,6,0,7,0,0,0,0,1,1,4,3,0,0,0,0
balanced,282,128209,100,True,max_turns_reached,50,50,42,857,15,8,7,4,172,172,62,58,0,0,0,0
balanced,283,128309,59,False,other,1,8,0,9,2,1,1,1,5,5,14,13,0,0,0,0
balanced,284,128409,28,False,population_zero,0,5,0,7,0,0,0,0,0,0,5,5,0,0,0,0
balanced,285,128509,100,True,max_turns_reached,34,34,121,307,18,2,16,10,74,74,54,52,0,0,0,0
balanced,286,128609,29,False,other,1,7,0,7,1,0,1,1,2,2,8,7,0,0,0,0
balanced,287,128709,30,False,population_zero,0,7,0,7,1,0,1,0,3,3,8,8,0,0,0,0
balanced,288,128809,100,True,max_turns_reached,60,60,1089,2153,19,7,12,10,249,249,71,68,0,0,0,0
balanced,289,128909,29,False,population_zero,0,5,0,7,0,0,0,0,1,1,5,5,0,0,0,0
balanced,290,129009,28,False,other,1,6,0,11,1,0,1,0,2,2,7,6,0,0,0,0
balanced,291,129109,61,False,population_zero,0,8,0,8,2,1,1,1,3,3,7,7,0,0,0,0
balanced,292,129209,33,False,population_zero,0,5,0,7,0,0,0,0,1,1,4,4,0,0,0,0
balanced,293,129309,11,False,population_zero,0,5,0,7,0,0,0,0,0,0,2,2,0,0,0,0
balanced,294,129409,100,True,max_turns_reached,22,22,7,52,10,2,8,5,18,18,39,37,0,0,0,0
balanced,295,129509,100,True,max_turns_reached,37,37,557,557,13,4,9,7,97,97,52,50,0,0,0,0
balanced,296,129609,20,False,other,1,5,0,7,0,0,0,0,1,1,5,4,0,0,0,0
balanced,297,129709,34,False,population_zero,0,7,0,8,3,1,2,2,2,2,8,8,0,0,0,0
balanced,298,129809,100,True,max_turns_reached,47,47,72,629,14,6,8,6,135,135,58,55,0,0,0,0
balanced,299,129909,27,False,population_zero,0,7,0,7,0,0,0,0,1,1,5,5,0,0,0,0
balanced,300,130009,20,False,other,1,5,0,8,0,0,0,0,1,1,5,4,0,0,0,0
balanced,301,130109,100,True,max_turns_reached,43,43,379,498,17,6,11,7,121,121,57,53,0,0,0,0
balanced,302,130209,30,False,other,1,7,0,14,0,0,0,0,2,2,7,6,0,0,0,0
balanced,303,130309,100,True,max_turns_reached,22,22,104,104,7,1,6,1,31,31,38,36,0,0,0,0
balanced,304,130409,100,True,max_turns_reached,2,9,0,12,6,1,5,1,9,9,23,23,0,0,0,0
balanced,305,130509,26,False,population_zero,0,6,0,12,0,0,0,0,1,1,7,7,0,0,0,0
balanced,306,130609,22,False,other,1,6,0,7,0,0,0,0,0,0,5,4,0,0,0,0
balanced,307,130709,32,False,other,1,7,0,7,2,1,1,1,2,2,8,7,0,0,0,0
balanced,308,130809,17,False,population_zero,0,5,0,7,0,0,0,0,1,1,3,3,0,0,0,0
balanced,309,130909,24,False,population_zero,0,6,0,8,0,0,0,0,0,0,5,5,0,0,0,0
balanced,310,131009,41,False,other,1,7,0,14,1,0,1,0,4,4,8,7,0,0,0,0
balanced,311,131109,32,False,other,1,5,0,9,0,0,0,0,3,3,8,7,0,0,0,0
balanced,312,131209,100,True,max_turns_reached,57,57,252,1272,9,5,4,3,216,216,65,62,0,0,0,0
balanced,313,131309,42,False,other,1,6,0,7,1,0,1,0,2,2,10,9,0,0,0,0
balanced,314,131409,21,False,other,1,6,0,7,0,0,0,0,1,1,5,4,0,0,0,0
balanced,315,131509,45,False,other,1,6,0,7,0,0,0,0,5,5,9,8,0,0,0,0
balanced,316,131609,33,False,other,1,7,0,13,1,0,1,1,3,3,8,7,0,0,0,0
balanced,317,131709,100,True,max_turns_reached,46,46,188,570,18,11,7,3,118,118,59,56,0,0,0,0
balanced,318,131809,47,False,population_zero,0,8,0,13,2,1,1,1,4,4,13,13,0,0,0,0
balanced,319,131909,100,True,max_turns_reached,68,68,183,809,26,18,8,3,255,255,76,72,0,0,0,0
balanced,320,132009,12,False,other,1,5,0,7,0,0,0,0,1,1,3,2,0,0,0,0
balanced,321,132109,37,False,other,1,7,0,8,0,0,0,0,2,2,10,9,0,0,0,0
balanced,322,132209,62,False,population_zero,0,10,0,13,5,1,4,2,5,5,16,16,0,0,0,0
balanced,323,132309,22,False,population_zero,0,8,0,7,1,0,1,1,1,1,5,5,0,0,0,0
balanced,324,132409,40,False,population_zero,0,6,0,7,0,0,0,0,1,1,3,3,0,0,0,0
balanced,325,132509,100,True,max_turns_reached,2,8,4,12,2,0,2,1,8,8,25,25,0,0,0,0
balanced,326,132609,16,False,other,1,6,0,7,1,0,1,1,1,1,4,3,0,0,0,0
balanced,327,132709,59,False,other,1,7,0,13,1,0,1,1,3,3,15,14,0,0,0,0
balanced,328,132809,43,False,population_zero,0,9,0,11,0,0,0,0,3,3,10,10,0,0,0,0
balanced,329,132909,18,False,other,1,6,0,7,0,0,0,0,0,0,6,5,0,0,0,0
balanced,330,133009,33,False,population_zero,0,5,0,7,1,0,1,0,1,1,5,5,0,0,0,0
balanced,331,133109,100,True,max_turns_reached,65,65,328,1107,14,10,4,3,278,278,72,69,0,0,0,0
balanced,332,133209,69,False,other,1,9,0,11,4,0,4,1,5,5,19,18,0,0,0,0
balanced,333,133309,47,False,population_zero,0,5,0,9,0,0,0,0,5,5,8,8,0,0,0,0
balanced,334,133409,33,False,population_zero,0,6,0,7,1,0,1,1,3,3,5,5,0,0,0,0
balanced,335,133509,37,False,other,1,8,0,7,2,0,2,2,5,5,9,8,0,0,0,0
balanced,336,133609,18,False,population_zero,0,6,0,7,0,0,0,0,1,1,4,4,0,0,0,0
balanced,337,133709,100,True,max_turns_reached,51,51,50,796,11,7,4,3,164,164,60,56,0,0,0,0
balanced,338,133809,100,True,max_turns_reached,11,11,23,33,6,0,6,3,16,16,32,30,0,0,0,0
balanced,339,133909,35,False,other,1,7,0,12,2,0,2,1,4,4,10,9,0,0,0,0
balanced,340,134009,100,True,max_turns_reached,21,22,75,96,10,0,10,2,32,32,39,36,0,0,0,0
balanced,341,134109,23,False,population_zero,0,7,0,7,1,0,1,1,1,1,6,6,0,0,0,0
balanced,342,134209,37,False,other,1,6,0,11,0,0,0,0,1,1,7,6,0,0,0,0
balanced,343,134309,100,True,max_turns_reached,69,69,425,2658,14,5,9,5,325,325,75,72,0,0,0,0
balanced,344,134409,42,False,other,1,7,0,10,0,0,0,0,4,4,9,8,0,0,0,0
balanced,345,134509,22,False,population_zero,0,6,0,7,0,0,0,0,1,1,3,3,0,0,0,0
balanced,346,134609,46,False,other,1,8,0,12,1,0,1,0,4,4,12,11,0,0,0,0
balanced,347,134709,100,True,max_turns_reached,46,46,521,521,15,7,8,5,123,123,59,55,0,0,0,0
balanced,348,134809,31,False,population_zero,0,7,0,10,1,0,1,1,3,3,7,7,0,0,0,0
balanced,349,134909,18,False,population_zero,0,7,0,7,2,0,2,1,2,2,3,3,0,0,0,0
balanced,350,135009,23,False,population_zero,0,7,0,8,0,0,0,0,1,1,4,4,0,0,0,0
balanced,351,135109,40,False,population_zero,0,6,0,7,0,0,0,0,2,2,8,8,0,0,0,0
balanced,352,135209,34,False,other,1,7,0,8,0,0,0,0,2,2,9,8,0,0,0,0
balanced,353,135309,100,True,max_turns_reached,82,82,346,3419,10,6,4,2,500,500,83,79,0,0,0,0
balanced,354,135409,28,False,other,1,5,0,7,1,0,1,0,2,2,7,6,0,0,0,0
balanced,355,135509,100,True,max_turns_reached,47,47,359,785,17,6,11,7,137,137,60,58,0,0,0,0
balanced,356,135609,19,False,population_zero,0,5,0,7,1,0,1,1,1,1,3,3,0,0,0,0
balanced,357,135709,100,True,max_turns_reached,54,54,905,1272,13,5,8,4,190,190,64,61,0,0,0,0
balanced,358,135809,53,False,other,1,6,0,7,1,0,1,1,5,5,11,10,0,0,0,0
balanced,359,135909,100,True,max_turns_reached,31,31,22,213,14,2,12,8,59,59,48,45,0,0,0,0
balanced,360,136009,37,False,population_zero,0,7,0,12,0,0,0,0,2,2,8,8,0,0,0,0
balanced,361,136109,33,False,other,1,7,0,9,1,0,1,1,3,3,8,7,0,0,0,0
balanced,362,136209,61,False,other,1,8,0,10,0,0,0,0,5,5,17,16,0,0,0,0
balanced,363,136309,28,False,population_zero,0,6,0,8,0,0,0,0,2,2,5,5,0,0,0,0
balanced,364,136409,39,False,other,1,10,0,15,5,1,4,2,4,4,11,10,0,0,0,0
balanced,365,136509,100,True,max_turns_reached,62,62,2477,2477,9,7,2,1,263,263,65,63,0,0,0,0
balanced,366,136609,32,False,other,1,7,0,7,2,0,2,2,1,1,7,6,0,0,0,0
balanced,367,136709,38,False,population_zero,0,5,0,9,0,0,0,0,1,1,6,6,0,0,0,0
balanced,368,136809,100,True,max_turns_reached,40,40,190,483,10,4,6,6,94,94,51,49,0,0,0,0
balanced,369,136909,100,True,max_turns_reached,67,67,949,1989,19,10,9,4,291,291,74,71,0,0,0,0
balanced,370,137009,100,True,max_turns_reached,9,10,5,24,9,1,8,5,14,14,31,29,0,0,0,0
balanced,371,137109,21,False,population_zero,0,6,0,7,1,0,1,0,0,0,4,4,0,0,0,0
balanced,372,137209,26,False,population_zero,0,8,0,8,0,0,0,0,2,2,5,5,0,0,0,0
balanced,373,137309,24,False,population_zero,0,7,0,8,2,1,1,1,1,1,5,5,0,0,0,0
balanced,374,137409,51,False,other,1,7,0,11,1,1,0,0,6,6,11,10,0,0,0,0
balanced,375,137509,27,False,population_zero,0,6,0,7,0,0,0,0,1,1,5,5,0,0,0,0
balanced,376,137609,100,True,max_turns_reached,46,46,103,504,14,7,7,6,140,140,61,57,0,0,0,0
balanced,377,137709,16,False,other,1,5,0,7,0,0,0,0,0,0,4,3,0,0,0,0
balanced,378,137809,24,False,population_zero,0,7,0,9,2,1,1,1,1,1,5,5,0,0,0,0
balanced,379,137909,25,False,population_zero,0,6,0,8,1,0,1,1,1,1,5,5,0,0,0,0
balanced,380,138009,24,False,other,1,5,0,7,0,0,0,0,2,2,6,5,0,0,0,0
balanced,381,138109,17,False,population_zero,0,5,0,7,0,0,0,0,0,0,2,2,0,0,0,0
balanced,382,138209,25,False,population_zero,0,6,0,8,0,0,0,0,1,1,6,6,0,0,0,0
balanced,383,138309,21,False,population_zero,0,6,0,7,0,0,0,0,1,1,4,4,0,0,0,0
balanced,384,138409,24,False,population_zero,0,8,0,13,2,1,1,0,0,0,6,6,0,0,0,0
balanced,385,138509,19,False,other,1,6,0,7,1,0,1,1,3,3,5,4,0,0,0,0
balanced,386,138609,100,True,max_turns_reached,54,55,1306,1306,19,10,9,4,188,188,64,61,0,0,0,0
balanced,387,138709,100,True,max_turns_reached,38,38,75,224,11,5,6,4,89,89,50,47,0,0,0,0
balanced,388,138809,57,False,population_zero,0,7,0,8,1,0,1,1,4,4,12,12,0,0,0,0
balanced,389,138909,100,True,max_turns_reached,49,49,298,992,14,8,6,3,160,160,59,56,0,0,0,0
balanced,390,139009,100,True,max_turns_reached,8,9,13,14,8,0,8,4,9,9,33,32,0,0,0,0
balanced,391,139109,40,False,population_zero,0,7,0,7,0,0,0,0,3,3,11,11,0,0,0,0
balanced,392,139209,23,False,population_zero,0,7,0,7,0,0,0,0,2,2,4,4,0,0,0,0
balanced,393,139309,34,False,population_zero,0,5,0,7,0,0,0,0,4,4,6,6,0,0,0,0
balanced,394,139409,30,False,population_zero,0,9,0,7,4,2,2,1,1,1,8,8,0,0,0,0
balanced,395,139509,75,False,other,1,7,0,8,1,0,1,1,6,6,18,17,0,0,0,0
balanced,396,139609,28,False,population_zero,0,6,0,7,1,0,1,0,1,1,4,4,0,0,0,0
balanced,397,139709,22,False,population_zero,0,5,0,7,0,0,0,0,1,1,4,4,0,0,0,0
balanced,398,139809,13,False,population_zero,0,5,0,7,0,0,0,0,0,0,2,2,0,0,0,0
balanced,399,139909,21,False,other,1,6,0,8,0,0,0,0,1,1,5,4,0,0,0,0
balanced,400,140009,100,True,max_turns_reached,52,52,21,759,13,8,5,3,192,192,63,59,0,0,0,0
balanced,401,140109,39,False,population_zero,0,6,0,7,0,0,0,0,3,3,5,5,0,0,0,0
balanced,402,140209,100,True,max_turns_reached,33,33,76,234,13,2,11,6,70,70,48,46,0,0,0,0
balanced,403,140309,100,True,max_turns_reached,53,53,3,706,14,6,8,2,191,191,60,57,0,0,0,0
balanced,404,140409,20,False,population_zero,0,7,0,7,1,0,1,1,1,1,4,4,0,0,0,0
balanced,405,140509,100,True,max_turns_reached,54,54,1066,1501,17,8,9,5,190,190,64,62,0,0,0,0
balanced,406,140609,35,False,other,1,6,0,7,2,0,2,2,3,3,6,5,0,0,0,0
balanced,407,140709,100,True,max_turns_reached,61,61,2153,2153,9,7,2,1,240,240,67,65,0,0,0,0
balanced,408,140809,100,True,max_turns_reached,63,63,152,1510,17,9,8,4,250,250,69,66,0,0,0,0
balanced,409,140909,70,False,other,1,9,0,10,7,0,7,2,4,4,21,20,0,0,0,0
balanced,410,141009,25,False,population_zero,0,8,0,7,0,0,0,0,2,2,5,5,0,0,0,0
balanced,411,141109,100,True,max_turns_reached,59,59,786,1228,12,8,4,2,237,237,66,62,0,0,0,0
balanced,412,141209,38,False,population_zero,0,6,0,7,1,0,1,1,2,2,3,3,0,0,0,0
balanced,413,141309,24,False,other,1,6,0,7,0,0,0,0,1,1,5,4,0,0,0,0
balanced,414,141409,100,True,max_turns_reached,60,60,483,1355,18,8,10,5,225,225,68,65,0,0,0,0
balanced,415,141509,100,True,max_turns_reached,69,69,362,2394,21,13,8,5,302,302,75,72,0,0,0,0
balanced,416,141609,100,True,max_turns_reached,45,45,214,418,13,4,9,6,121,121,58,55,0,0,0,0
balanced,417,141709,33,False,other,1,7,0,11,0,0,0,0,3,3,9,8,0,0,0,0
balanced,418,141809,37,False,other,1,10,0,10,1,0,1,0,3,3,9,8,0,0,0,0
balanced,419,141909,30,False,population_zero,0,6,0,7,0,0,0,0,1,1,3,3,0,0,0,0
balanced,420,142009,33,False,other,1,6,0,10,0,0,0,0,3,3,8,7,0,0,0,0
balanced,421,142109,53,False,population_zero,0,12,0,12,1,0,1,1,3,3,13,13,0,0,0,0
balanced,422,142209,28,False,population_zero,0,6,0,7,0,0,0,0,1,1,5,5,0,0,0,0
balanced,423,142309,26,False,population_zero,0,7,0,7,0,0,0,0,0,0,6,6,0,0,0,0
balanced,424,142409,29,False,population_zero,0,6,0,7,0,0,0,0,1,1,5,5,0,0,0,0
balanced,425,142509,100,True,max_turns_reached,39,40,286,426,10,4,6,5,114,114,57,53,0,0,0,0
balanced,426,142609,21,False,population_zero,0,6,0,7,0,0,0,0,1,1,4,4,0,0,0,0
balanced,427,142709,15,False,population_zero,0,5,0,7,0,0,0,0,1,1,2,2,0,0,0,0
balanced,428,142809,26,False,other,1,7,0,9,1,0,1,1,2,2,6,5,0,0,0,0
balanced,429,142909,60,False,other,1,8,0,13,4,1,3,0,5,5,16,15,0,0,0,0
balanced,430,143009,14,False,other,1,5,0,7,0,0,0,0,0,0,3,2,0,0,0,0
balanced,431,143109,39,False,other,1,8,0,12,2,0,2,0,2,2,9,8,0,0,0,0
balanced,432,143209,100,True,max_turns_reached,58,58,1122,1566,14,11,3,2,201,201,65,63,0,0,0,0
balanced,433,143309,36,False,other,1,8,0,8,0,0,0,0,3,3,8,7,0,0,0,0
balanced,434,143409,100,True,max_turns_reached,52,52,142,621,12,5,7,5,181,181,62,59,0,0,0,0
balanced,435,143509,38,False,population_zero,0,6,0,10,2,0,2,2,3,3,8,8,0,0,0,0
balanced,436,143609,51,False,population_zero,0,7,0,8,2,0,2,1,3,3,10,10,0,0,0,0
balanced,437,143709,36,False,other,1,6,0,7,0,0,0,0,1,1,9,8,0,0,0,0
balanced,438,143809,21,False,other,1,5,0,7,0,0,0,0,1,1,5,4,0,0,0,0
balanced,439,143909,43,False,population_zero,0,8,0,7,2,0,2,1,0,0,9,9,0,0,0,0
balanced,440,144009,31,False,population_zero,0,8,0,14,1,0,1,1,1,1,8,8,0,0,0,0
balanced,441,144109,28,False,population_zero,0,6,0,8,1,1,0,0,2,2,4,4,0,0,0,0
balanced,442,144209,24,False,other,1,7,0,8,2,1,1,1,2,2,7,6,0,0,0,0
balanced,443,144309,100,True,max_turns_reached,13,13,9,22,9,1,8,4,15,15,33,31,0,0,0,0
balanced,444,144409,50,False,other,1,7,0,9,1,0,1,0,4,4,13,12,0,0,0,0
balanced,445,144509,16,False,other,1,6,0,7,1,0,1,1,1,1,4,3,0,0,0,0
balanced,446,144609,100,True,max_turns_reached,43,43,41,537,11,6,5,5,130,130,58,55,0,0,0,0
balanced,447,144709,53,False,other,1,8,0,10,3,1,2,1,4,4,12,11,0,0,0,0
balanced,448,144809,30,False,other,1,6,0,7,0,0,0,0,1,1,7,6,0,0,0,0
balanced,449,144909,19,False,other,1,5,0,7,1,0,1,0,2,2,4,3,0,0,0,0
balanced,450,145009,30,False,other,1,6,0,9,0,0,0,0,3,3,7,6,0,0,0,0
balanced,451,145109,23,False,other,1,6,0,7,1,0,1,1,2,2,5,4,0,0,0,0
balanced,452,145209,35,False,population_zero,0,7,0,9,1,0,1,1,2,2,8,8,0,0,0,0
balanced,453,145309,21,False,other,1,6,0,8,1,0,1,1,1,1,6,5,0,0,0,0
balanced,454,145409,71,False,other,1,9,0,12,0,0,0,0,5,5,19,18,0,0,0,0
balanced,455,145509,32,False,population_zero,0,7,0,7,1,0,1,1,2,2,6,6,0,0,0,0
balanced,456,145609,100,True,max_turns_reached,49,49,52,443,15,6,9,4,150,150,59,56,0,0,0,0
balanced,457,145709,100,True,max_turns_reached,39,39,45,189,10,4,6,2,94,94,49,46,0,0,0,0
balanced,458,145809,37,False,population_zero,0,5,0,7,0,0,0,0,4,4,6,6,0,0,0,0
balanced,459,145909,27,False,population_zero,0,7,0,7,2,0,2,0,1,1,5,5,0,0,0,0
balanced,460,146009,100,True,max_turns_reached,45,45,72,434,12,7,5,3,131,131,55,52,0,0,0,0
balanced,461,146109,18,False,population_zero,0,6,0,7,0,0,0,0,1,1,3,3,0,0,0,0
balanced,462,146209,100,True,max_turns_reached,72,72,149,2910,17,8,9,8,368,368,79,76,0,0,0,0
balanced,463,146309,20,False,other,1,8,0,7,1,0,1,1,0,0,5,4,0,0,0,0
balanced,464,146409,20,False,population_zero,0,6,0,7,0,0,0,0,0,0,4,4,0,0,0,0
balanced,465,146509,53,False,population_zero,0,10,0,9,3,0,3,1,4,4,13,13,0,0,0,0
balanced,466,146609,93,False,other,1,8,0,10,4,0,4,3,6,6,23,22,0,0,0,0
balanced,467,146709,16,False,other,1,5,0,7,0,0,0,0,0,0,4,3,0,0,0,0
balanced,468,146809,100,True,max_turns_reached,49,49,148,747,13,7,6,4,164,164,63,59,0,0,0,0
balanced,469,146909,17,False,population_zero,0,5,0,7,0,0,0,0,0,0,3,3,0,0,0,0
balanced,470,147009,35,False,population_zero,0,6,0,7,1,0,1,0,2,2,4,4,0,0,0,0
balanced,471,147109,24,False,population_zero,0,6,0,7,0,0,0,0,1,1,3,3,0,0,0,0
balanced,472,147209,41,False,population_zero,0,7,0,12,2,0,2,0,5,5,9,9,0,0,0,0
balanced,473,147309,100,True,max_turns_reached,44,44,120,536,17,3,14,10,120,120,60,56,0,0,0,0
balanced,474,147409,86,False,other,1,9,0,10,1,0,1,0,6,6,20,19,0,0,0,0
balanced,475,147509,18,False,population_zero,0,5,0,7,0,0,0,0,0,0,3,3,0,0,0,0
balanced,476,147609,31,False,other,1,7,0,8,0,0,0,0,2,2,6,5,0,0,0,0
balanced,477,147709,26,False,population_zero,0,6,0,7,1,0,1,1,1,1,5,5,0,0,0,0
balanced,478,147809,48,False,other,1,9,0,10,3,0,3,1,4,4,15,14,0,0,0,0
balanced,479,147909,22,False,other,1,6,0,7,2,0,2,2,2,2,6,5,0,0,0,0
balanced,480,148009,100,True,max_turns_reached,58,58,469,1450,18,7,11,7,210,210,70,66,0,0,0,0
balanced,481,148109,60,False,other,1,7,0,8,2,0,2,1,5,5,15,14,0,0,0,0
balanced,482,148209,60,False,other,3,8,0,11,5,1,4,4,8,8,20,18,0,0,0,0
balanced,483,148309,23,False,population_zero,0,5,0,7,0,0,0,0,0,0,3,3,0,0,0,0
balanced,484,148409,100,True,max_turns_reached,49,49,1163,1163,11,7,4,3,162,162,55,53,0,0,0,0
balanced,485,148509,18,False,population_zero,0,5,0,7,0,0,0,0,0,0,3,3,0,0,0,0
balanced,486,148609,38,False,population_zero,0,8,0,9,3,0,3,0,4,4,8,8,0,0,0,0
balanced,487,148709,100,True,max_turns_reached,4,9,0,13,6,0,6,3,8,8,31,30,0,0,0,0
balanced,488,148809,52,False,other,1,6,0,9,0,0,0,0,5,5,12,11,0,0,0,0
balanced,489,148909,47,False,other,1,7,0,7,2,1,1,1,2,2,13,12,0,0,0,0
balanced,490,149009,55,False,other,1,10,0,11,2,1,1,0,2,2,14,13,0,0,0,0
balanced,491,149109,46,False,other,1,6,0,7,1,0,1,0,3,3,11,10,0,0,0,0
balanced,492,149209,26,False,other,1,7,0,7,0,0,0,0,2,2,6,5,0,0,0,0
balanced,493,149309,57,False,other,1,9,0,10,5,0,5,3,5,5,16,15,0,0,0,0
balanced,494,149409,100,True,max_turns_reached,52,52,605,874,12,5,7,5,179,179,61,58,0,0,0,0
balanced,495,149509,100,True,max_turns_reached,32,32,15,189,13,2,11,5,64,64,47,44,0,0,0,0
balanced,496,149609,34,False,other,1,6,0,10,0,0,0,0,2,2,8,7,0,0,0,0
balanced,497,149709,24,False,population_zero,0,7,0,7,0,0,0,0,1,1,5,5,0,0,0,0
balanced,498,149809,16,False,other,1,6,0,7,0,0,0,0,1,1,5,4,0,0,0,0
balanced,499,149909,100,True,max_turns_reached,56,56,1600,1600,13,5,8,5,205,205,63,60,0,0,0,0
balanced,500,150009,19,False,population_zero,0,5,0,7,0,0,0,0,1,1,3,3,0,0,0,0
balanced,501,150109,46,False,population_zero,0,9,0,11,2,1,1,0,3,3,11,11,0,0,0,0
balanced,502,150209,42,False,population_zero,0,7,0,7,1,0,1,0,2,2,10,10,0,0,0,0
balanced,503,150309,100,True,max_turns_reached,57,57,473,1399,16,7,9,5,213,213,64,61,0,0,0,0
balanced,504,150409,23,False,other,1,5,0,7,0,0,0,0,1,1,5,4,0,0,0,0
balanced,505,150509,100,True,max_turns_reached,33,33,119,196,14,4,10,4,58,58,49,46,0,0,0,0
balanced,506,150609,32,False,population_zero,0,5,0,7,0,0,0,0,2,2,6,6,0,0,0,0
balanced,507,150709,45,False,other,1,8,0,10,3,0,3,1,3,3,10,9,0,0,0,0
balanced,508,150809,100,True,max_turns_reached,60,60,16,1618,16,8,8,7,252,252,69,66,0,0,0,0
balanced,509,150909,35,False,other,1,7,0,7,1,0,1,1,2,2,8,7,0,0,0,0
balanced,510,151009,20,False,population_zero,0,7,0,7,1,0,1,0,0,0,3,3,0,0,0,0
balanced,511,151109,15,False,other,1,6,0,7,1,0,1,1,0,0,4,3,0,0,0,0
balanced,512,151209,22,False,other,1,7,0,7,0,0,0,0,0,0,5,4,0,0,0,0
balanced,513,151309,21,False,population_zero,0,5,0,7,1,0,1,1,0,0,3,3,0,0,0,0
balanced,514,151409,33,False,population_zero,0,6,0,10,1,0,1,0,2,2,7,7,0,0,0,0
balanced,515,151509,21,False,population_zero,0,5,0,7,0,0,0,0,0,0,4,4,0,0,0,0
balanced,516,151609,48,False,population_zero,0,8,0,14,2,1,1,0,4,4,11,11,0,0,0,0
balanced,517,151709,28,False,population_zero,0,7,0,7,1,0,1,1,1,1,6,6,0,0,0,0
balanced,518,151809,100,True,max_turns_reached,45,45,44,413,8,4,4,3,154,154,57,53,0,0,0,0
balanced,519,151909,32,False,other,1,9,0,11,3,1,2,2,0,0,8,7,0,0,0,0
balanced,520,152009,100,True,max_turns_reached,67,67,502,1549,22,12,10,2,286,286,71,68,0,0,0,0
balanced,521,152109,10,False,population_zero,0,5,0,7,0,0,0,0,0,0,2,2,0,0,0,0
balanced,522,152209,23,False,other,1,6,0,7,2,0,2,1,1,1,7,6,0,0,0,0
balanced,523,152309,53,False,population_zero,0,6,0,7,0,0,0,0,4,4,8,8,0,0,0,0
balanced,524,152409,28,False,population_zero,0,6,0,9,1,0,1,0,1,1,7,7,0,0,0,0
balanced,525,152509,27,False,population_zero,0,7,0,7,3,0,3,2,2,2,5,5,0,0,0,0
balanced,526,152609,100,True,max_turns_reached,66,66,2064,2833,17,11,6,2,288,288,69,67,0,0,0,0
balanced,527,152709,100,True,max_turns_reached,39,39,23,385,21,9,12,10,102,102,56,53,0,0,0,0
balanced,528,152809,100,True,max_turns_reached,50,50,565,828,13,6,7,5,144,144,61,58,0,0,0,0
balanced,529,152909,11,False,other,1,5,0,7,0,0,0,0,1,1,3,2,0,0,0,0
balanced,530,153009,15,False,other,1,5,0,7,1,0,1,1,1,1,4,3,0,0,0,0
balanced,531,153109,36,False,population_zero,0,8,0,8,1,1,0,0,1,1,7,7,0,0,0,0
balanced,532,153209,17,False,other,1,5,0,7,0,0,0,0,1,1,4,3,0,0,0,0
balanced,533,153309,25,False,other,1,6,0,10,0,0,0,0,3,3,6,5,0,0,0,0
balanced,534,153409,100,True,max_turns_reached,27,27,64,136,11,3,8,6,44,44,44,42,0,0,0,0
balanced,535,153509,45,False,other,1,6,0,7,1,0,1,1,4,4,9,8,0,0,0,0
balanced,536,153609,28,False,other,1,6,0,7,2,1,1,0,0,0,7,6,0,0,0,0
balanced,537,153709,30,False,population_zero,0,6,0,7,0,0,0,0,2,2,4,4,0,0,0,0
balanced,538,153809,18,False,population_zero,0,6,0,7,1,0,1,0,1,1,4,4,0,0,0,0
balanced,539,153909,22,False,population_zero,0,5,0,7,0,0,0,0,0,0,3,3,0,0,0,0
balanced,540,154009,24,False,population_zero,0,6,0,7,1,0,1,1,1,1,4,4,0,0,0,0
balanced,541,154109,18,False,population_zero,0,7,0,7,1,0,1,1,1,1,5,5,0,0,0,0
balanced,542,154209,42,False,other,1,8,0,7,3,0,3,1,1,1,10,9,0,0,0,0
balanced,543,154309,24,False,population_zero,0,6,0,7,1,0,1,0,1,1,5,5,0,0,0,0
balanced,544,154409,36,False,population_zero,0,7,0,8,0,0,0,0,3,3,7,7,0,0,0,0
balanced,545,154509,100,True,max_turns_reached,48,48,23,706,12,7,5,3,139,139,58,55,0,0,0,0
balanced,546,154609,19,False,population_zero,0,5,0,7,1,0,1,0,1,1,3,3,0,0,0,0
balanced,547,154709,28,False,other,1,6,0,7,0,0,0,0,2,2,7,6,0,0,0,0
balanced,548,154809,12,False,population_zero,0,5,0,7,0,0,0,0,1,1,2,2,0,0,0,0
balanced,549,154909,27,False,population_zero,0,6,0,10,1,0,1,1,2,2,5,5,0,0,0,0
balanced,550,155009,100,True,max_turns_reached,64,64,250,1372,15,7,8,4,273,273,70,67,0,0,0,0
balanced,551,155109,100,True,max_turns_reached,60,60,973,973,17,12,5,4,227,227,70,66,0,0,0,0
balanced,552,155209,46,False,population_zero,0,6,0,7,0,0,0,0,2,2,5,5,0,0,0,0
balanced,553,155309,35,False,population_zero,0,7,0,11,0,0,0,0,1,1,7,7,0,0,0,0
balanced,554,155409,32,False,population_zero,0,7,0,7,1,0,1,1,2,2,7,7,0,0,0,0
balanced,555,155509,45,False,other,1,7,0,8,2,0,2,1,3,3,10,9,0,0,0,0
balanced,556,155609,38,False,other,1,8,0,9,1,0,1,0,1,1,10,9,0,0,0,0
balanced,557,155709,26,False,population_zero,0,5,0,7,1,0,1,1,1,1,5,5,0,0,0,0
balanced,558,155809,40,False,population_zero,0,6,0,7,0,0,0,0,2,2,5,5,0,0,0,0
balanced,559,155909,30,False,other,1,6,0,7,1,0,1,0,1,1,7,6,0,0,0,0
balanced,560,156009,32,False,other,1,7,0,11,2,1,1,0,1,1,6,5,0,0,0,0
balanced,561,156109,20,False,other,1,5,0,7,0,0,0,0,1,1,5,4,0,0,0,0
balanced,562,156209,80,False,population_zero,0,10,0,11,7,0,7,3,6,6,23,23,0,0,0,0
balanced,563,156309,30,False,other,1,6,0,7,0,0,0,0,2,2,8,7,0,0,0,0
balanced,564,156409,20,False,population_zero,0,6,0,7,1,0,1,0,0,0,4,4,0,0,0,0
balanced,565,156509,17,False,other,1,5,0,8,1,0,1,1,0,0,5,4,0,0,0,0
balanced,566,156609,31,False,population_zero,0,6,0,8,2,1,1,1,1,1,7,7,0,0,0,0
balanced,567,156709,100,True,max_turns_reached,62,62,10,836,26,16,10,6,237,237,71,67,0,0,0,0
balanced,568,156809,21,False,other,1,7,0,7,1,0,1,1,2,2,6,5,0,0,0,0
balanced,569,156909,58,False,population_zero,0,7,0,9,2,1,1,0,4,4,11,11,0,0,0,0
balanced,570,157009,100,True,max_turns_reached,28,28,8,182,7,2,5,3,60,60,44,41,0,0,0,0
balanced,571,157109,61,False,population_zero,0,7,0,7,3,0,3,3,3,3,11,11,0,0,0,0
balanced,572,157209,34,False,population_zero,0,7,0,7,1,1,0,0,1,1,7,7,0,0,0,0
balanced,573,157309,14,False,other,1,5,0,7,0,0,0,0,0,0,4,3,0,0,0,0
balanced,574,157409,11,False,other,1,5,0,7,0,0,0,0,0,0,3,2,0,0,0,0
balanced,575,157509,28,False,population_zero,0,6,0,8,0,0,0,0,2,2,6,6,0,0,0,0
balanced,576,157609,25,False,other,1,6,0,7,0,0,0,0,2,2,6,5,0,0,0,0
balanced,577,157709,43,False,population_zero,0,7,0,9,0,0,0,0,3,3,4,4,0,0,0,0
balanced,578,157809,14,False,other,1,5,0,7,1,0,1,1,1,1,4,3,0,0,0,0
balanced,579,157909,29,False,population_zero,0,7,0,9,0,0,0,0,2,2,7,7,0,0,0,0
balanced,580,158009,26,False,other,1,5,0,8,1,0,1,0,1,1,6,5,0,0,0,0
balanced,581,158109,46,False,other,1,6,0,8,0,0,0,0,4,4,9,8,0,0,0,0
balanced,582,158209,100,True,max_turns_reached,64,64,29,1328,20,9,11,9,257,257,73,70,0,0,0,0
balanced,583,158309,33,False,population_zero,0,6,0,8,0,0,0,0,1,1,7,7,0,0,0,0
balanced,584,158409,47,False,other,1,8,0,8,1,0,1,0,3,3,13,12,0,0,0,0
balanced,585,158509,45,False,population_zero,0,6,0,8,1,0,1,0,3,3,7,7,0,0,0,0
balanced,586,158609,33,False,other,1,8,0,7,1,0,1,1,2,2,9,8,0,0,0,0
balanced,587,158709,21,False,other,1,6,0,7,0,0,0,0,2,2,5,4,0,0,0,0
balanced,588,158809,16,False,population_zero,0,5,0,7,0,0,0,0,0,0,3,3,0,0,0,0
balanced,589,158909,30,False,population_zero,0,6,0,8,2,1,1,0,2,2,6,6,0,0,0,0
balanced,590,159009,57,False,other,1,9,0,10,6,0,6,3,6,6,16,15,0,0,0,0
balanced,591,159109,25,False,other,1,6,0,7,0,0,0,0,1,1,6,5,0,0,0,0
balanced,592,159209,100,True,max_turns_reached,41,41,51,526,9,1,8,3,134,134,54,51,0,0,0,0
balanced,593,159309,20,False,population_zero,0,5,0,7,0,0,0,0,1,1,3,3,0,0,0,0
balanced,594,159409,15,False,other,1,5,0,7,0,0,0,0,0,0,4,3,0,0,0,0
balanced,595,159509,34,False,other,1,9,0,10,2,0,2,1,2,2,10,9,0,0,0,0
balanced,596,159609,100,True,max_turns_reached,52,52,82,1041,21,8,13,8,196,196,66,62,0,0,0,0
balanced,597,159709,100,True,max_turns_reached,37,37,101,308,11,2,9,7,89,89,53,50,0,0,0,0
balanced,598,159809,27,False,other,1,6,0,7,1,0,1,1,1,1,7,6,0,0,0,0
balanced,599,159909,100,True,max_turns_reached,31,31,1,154,9,2,7,5,71,71,47,44,0,0,0,0
balanced,600,160009,18,False,population_zero,0,6,0,7,2,0,2,0,0,0,4,4,0,0,0,0
balanced,601,160109,100,True,max_turns_reached,15,15,17,43,9,2,7,2,24,24,36,33,0,0,0,0
balanced,602,160209,34,False,other,1,8,0,8,2,0,2,0,2,2,8,7,0,0,0,0
balanced,603,160309,40,False,other,3,10,0,14,1,0,1,1,6,6,11,9,0,0,0,0
balanced,604,160409,38,False,other,1,9,0,7,0,0,0,0,2,2,12,11,0,0,0,0
balanced,605,160509,14,False,other,1,6,0,7,1,0,1,1,1,1,4,3,0,0,0,0
balanced,606,160609,24,False,other,1,6,0,15,0,0,0,0,2,2,6,5,0,0,0,0
balanced,607,160709,35,False,other,1,7,0,9,1,1,0,0,4,4,10,9,0,0,0,0
balanced,608,160809,32,False,population_zero,0,6,0,7,0,0,0,0,3,3,6,6,0,0,0,0
balanced,609,160909,41,False,population_zero,0,7,0,10,1,0,1,0,2,2,8,8,0,0,0,0
balanced,610,161009,100,True,max_turns_reached,44,44,66,404,14,7,7,5,137,137,58,55,0,0,0,0
balanced,611,161109,100,True,max_turns_reached,2,9,0,12,1,0,1,1,10,10,27,26,0,0,0,0
balanced,612,161209,100,True,max_turns_reached,34,34,16,239,11,1,10,7,77,77,50,47,0,0,0,0
balanced,613,161309,25,False,other,1,5,0,7,0,0,0,0,1,1,5,4,0,0,0,0
balanced,614,161409,39,False,other,1,8,0,10,0,0,0,0,4,4,9,8,0,0,0,0
balanced,615,161509,30,False,population_zero,0,7,0,7,2,0,2,2,1,1,5,5,0,0,0,0
balanced,616,161609,24,False,other,1,7,0,8,0,0,0,0,2,2,6,5,0,0,0,0
balanced,617,161709,25,False,other,1,7,0,7,2,0,2,0,0,0,7,6,0,0,0,0
balanced,618,161809,24,False,population_zero,0,6,0,7,0,0,0,0,1,1,4,4,0,0,0,0
balanced,619,161909,41,False,population_zero,0,9,0,9,1,1,0,0,1,1,10,10,0,0,0,0
balanced,620,162009,100,True,max_turns_reached,43,43,747,747,14,5,9,6,123,123,57,53,0,0,0,0
balanced,621,162109,23,False,population_zero,0,7,0,7,1,0,1,1,0,0,4,4,0,0,0,0
balanced,622,162209,36,False,population_zero,0,7,0,7,2,0,2,0,1,1,5,5,0,0,0,0
balanced,623,162309,30,False,population_zero,0,6,0,11,0,0,0,0,1,1,5,5,0,0,0,0
balanced,624,162409,30,False,population_zero,0,7,0,8,1,0,1,0,3,3,7,7,0,0,0,0
balanced,625,162509,30,False,other,1,7,0,7,3,0,3,0,2,2,8,7,0,0,0,0
balanced,626,162609,11,False,other,1,5,0,7,0,0,0,0,0,0,3,2,0,0,0,0
balanced,627,162709,26,False,other,1,7,0,7,1,0,1,1,1,1,6,5,0,0,0,0
balanced,628,162809,21,False,population_zero,0,5,0,7,0,0,0,0,1,1,4,4,0,0,0,0
balanced,629,162909,46,False,population_zero,0,7,0,12,1,0,1,0,3,3,9,9,0,0,0,0
balanced,630,163009,40,False,population_zero,0,6,0,12,0,0,0,0,2,2,3,3,0,0,0,0
balanced,631,163109,100,True,max_turns_reached,52,52,136,617,16,6,10,6,157,157,64,61,0,0,0,0
balanced,632,163209,25,False,population_zero,0,6,0,11,1,0,1,1,1,1,5,5,0,0,0,0
balanced,633,163309,33,False,population_zero,0,7,0,7,1,0,1,0,2,2,6,6,0,0,0,0
balanced,634,163409,24,False,population_zero,0,8,0,10,1,0,1,0,1,1,6,6,0,0,0,0
balanced,635,163509,19,False,population_zero,0,7,0,8,0,0,0,0,2,2,4,4,0,0,0,0
balanced,636,163609,37,False,population_zero,0,6,0,9,0,0,0,0,2,2,6,6,0,0,0,0
balanced,637,163709,14,False,other,1,5,0,7,0,0,0,0,0,0,3,2,0,0,0,0
balanced,638,163809,26,False,other,1,8,0,7,1,0,1,1,0,0,7,6,0,0,0,0
balanced,639,163909,42,False,other,1,7,0,11,1,0,1,0,2,2,11,10,0,0,0,0
balanced,640,164009,44,False,other,1,6,0,7,2,0,2,1,3,3,11,10,0,0,0,0
balanced,641,164109,24,False,population_zero,0,8,0,8,0,0,0,0,0,0,5,5,0,0,0,0
balanced,642,164209,31,False,population_zero,0,6,0,10,1,0,1,0,1,1,7,7,0,0,0,0
balanced,643,164309,16,False,population_zero,0,5,0,7,0,0,0,0,0,0,3,3,0,0,0,0
balanced,644,164409,14,False,other,1,5,0,7,0,0,0,0,1,1,3,2,0,0,0,0
balanced,645,164509,40,False,other,1,7,0,8,0,0,0,0,6,6,9,8,0,0,0,0
balanced,646,164609,18,False,population_zero,0,6,0,7,2,0,2,2,2,2,4,4,0,0,0,0
balanced,647,164709,100,True,max_turns_reached,18,18,83,83,9,1,8,5,33,33,37,35,0,0,0,0
balanced,648,164809,22,False,other,1,6,0,7,2,0,2,2,1,1,6,5,0,0,0,0
balanced,649,164909,40,False,other,1,8,0,8,1,1,0,0,3,3,8,7,0,0,0,0
balanced,650,165009,39,False,population_zero,0,8,0,8,0,0,0,0,1,1,8,8,0,0,0,0
balanced,651,165109,11,False,other,1,5,0,7,0,0,0,0,0,0,3,2,0,0,0,0
balanced,652,165209,25,False,other,1,7,0,7,1,0,1,0,1,1,6,5,0,0,0,0
balanced,653,165309,34,False,other,1,7,0,7,0,0,0,0,2,2,7,6,0,0,0,0
balanced,654,165409,31,False,other,1,6,0,7,2,0,2,1,1,1,7,6,0,0,0,0
balanced,655,165509,15,False,other,1,5,0,7,1,0,1,1,1,1,4,3,0,0,0,0
balanced,656,165609,41,False,other,1,6,0,7,1,0,1,1,3,3,10,9,0,0,0,0
balanced,657,165709,38,False,population_zero,0,7,0,13,1,0,1,1,5,5,8,8,0,0,0,0
balanced,658,165809,52,False,population_zero,0,9,0,11,5,1,4,1,5,5,12,12,0,0,0,0
balanced,659,165909,27,False,population_zero,0,6,0,7,0,0,0,0,1,1,3,3,0,0,0,0
balanced,660,166009,56,False,population_zero,0,9,0,16,6,1,5,2,4,4,16,16,0,0,0,0
balanced,661,166109,47,False,population_zero,0,9,0,11,3,0,3,2,1,1,12,12,0,0,0,0
balanced,662,166209,39,False,other,1,8,0,7,2,0,2,1,1,1,10,9,0,0,0,0
balanced,663,166309,12,False,other,1,5,0,7,0,0,0,0,0,0,3,2,0,0,0,0
balanced,664,166409,20,False,population_zero,0,8,0,7,1,0,1,1,1,1,6,6,0,0,0,0
balanced,665,166509,18,False,other,1,5,0,9,0,0,0,0,1,1,5,4,0,0,0,0
balanced,666,166609,53,False,other,1,8,0,7,0,0,0,0,4,4,13,12,0,0,0,0
balanced,667,166709,18,False,population_zero,0,6,0,7,1,0,1,0,0,0,4,4,0,0,0,0
balanced,668,166809,20,False,population_zero,0,5,0,9,0,0,0,0,1,1,4,4,0,0,0,0
balanced,669,166909,18,False,other,1,7,0,7,1,0,1,0,1,1,5,4,0,0,0,0
balanced,670,167009,13,False,population_zero,0,5,0,7,0,0,0,0,0,0,2,2,0,0,0,0
balanced,671,167109,22,False,population_zero,0,7,0,7,0,0,0,0,1,1,5,5,0,0,0,0
balanced,672,167209,39,False,other,1,8,0,8,0,0,0,0,2,2,11,10,0,0,0,0
balanced,673,167309,40,False,population_zero,0,6,0,8,1,0,1,0,3,3,5,5,0,0,0,0
balanced,674,167409,33,False,other,1,7,0,7,1,0,1,0,2,2,9,8,0,0,0,0
balanced,675,167509,32,False,population_zero,0,5,0,7,0,0,0,0,3,3,4,4,0,0,0,0
balanced,676,167609,38,False,population_zero,0,6,0,7,0,0,0,0,2,2,4,4,0,0,0,0
balanced,677,167709,28,False,other,1,6,0,8,0,0,0,0,2,2,7,6,0,0,0,0
balanced,678,167809,35,False,population_zero,0,6,0,10,1,1,0,0,2,2,7,7,0,0,0,0
balanced,679,167909,20,False,other,1,7,0,7,1,0,1,1,1,1,6,5,0,0,0,0
balanced,680,168009,15,False,other,1,5,0,7,0,0,0,0,0,0,4,3,0,0,0,0
balanced,681,168109,100,True,max_turns_reached,42,42,499,719,10,2,8,7,119,119,55,53,0,0,0,0
balanced,682,168209,26,False,population_zero,0,6,0,8,0,0,0,0,0,0,6,6,0,0,0,0
balanced,683,168309,37,False,population_zero,0,7,0,8,1,0,1,0,3,3,8,8,0,0,0,0
balanced,684,168409,34,False,other,1,6,0,8,0,0,0,0,3,3,8,7,0,0,0,0
balanced,685,168509,50,False,population_zero,0,6,0,8,0,0,0,0,3,3,8,8,0,0,0,0
balanced,686,168609,21,False,other,1,6,0,7,0,0,0,0,1,1,5,4,0,0,0,0
balanced,687,168709,27,False,population_zero,0,6,0,7,0,0,0,0,1,1,5,5,0,0,0,0
balanced,688,168809,28,False,population_zero,0,6,0,7,1,0,1,1,1,1,7,7,0,0,0,0
balanced,689,168909,22,False,population_zero,0,5,0,9,0,0,0,0,2,2,6,6,0,0,0,0
balanced,690,169009,31,False,other,1,7,0,7,1,0,1,0,2,2,6,5,0,0,0,0
balanced,691,169109,24,False,population_zero,0,6,0,7,0,0,0,0,1,1,4,4,0,0,0,0
balanced,692,169209,34,False,other,1,8,0,9,1,0,1,0,3,3,8,7,0,0,0,0
balanced,693,169309,40,False,population_zero,0,9,0,13,3,1,2,1,1,1,9,9,0,0,0,0
balanced,694,169409,26,False,other,1,7,0,7,1,0,1,0,2,2,6,5,0,0,0,0
balanced,695,169509,18,False,population_zero,0,5,0,7,0,0,0,0,1,1,3,3,0,0,0,0
balanced,696,169609,26,False,other,1,7,0,8,1,0,1,0,2,2,7,6,0,0,0,0
balanced,697,169709,100,True,max_turns_reached,25,25,61,96,10,3,7,6,38,38,42,40,0,0,0,0
balanced,698,169809,41,False,population_zero,0,7,0,10,1,1,0,0,3,3,9,9,0,0,0,0
balanced,699,169909,36,False,population_zero,0,7,0,10,0,0,0,0,3,3,6,6,0,0,0,0
balanced,700,170009,30,False,other,1,7,0,7,2,0,2,1,3,3,8,7,0,0,0,0
balanced,701,170109,100,True,max_turns_reached,60,60,152,1434,19,12,7,5,231,231,69,65,0,0,0,0
balanced,702,170209,52,False,other,1,6,0,11,1,0,1,0,5,5,13,12,0,0,0,0
balanced,703,170309,64,False,other,1,9,0,9,3,0,3,1,4,4,17,16,0,0,0,0
balanced,704,170409,100,True,max_turns_reached,73,73,1741,3303,20,13,7,1,336,336,77,74,0,0,0,0
balanced,705,170509,23,False,population_zero,0,6,0,7,0,0,0,0,0,0,3,3,0,0,0,0
balanced,706,170609,28,False,population_zero,0,7,0,7,1,0,1,0,0,0,5,5,0,0,0,0
balanced,707,170709,100,True,max_turns_reached,9,10,4,26,3,0,3,2,16,16,32,31,0,0,0,0
balanced,708,170809,72,False,other,1,7,0,8,0,0,0,0,6,6,17,16,0,0,0,0
balanced,709,170909,18,False,other,1,6,0,7,0,0,0,0,1,1,5,4,0,0,0,0
balanced,710,171009,36,False,population_zero,0,7,0,7,2,0,2,2,0,0,8,8,0,0,0,0
balanced,711,171109,22,False,other,1,6,0,7,1,0,1,0,2,2,6,5,0,0,0,0
balanced,712,171209,30,False,population_zero,0,6,0,7,1,0,1,0,2,2,5,5,0,0,0,0
balanced,713,171309,45,False,population_zero,0,8,0,11,4,0,4,2,5,5,12,12,0,0,0,0
balanced,714,171409,27,False,population_zero,0,6,0,8,0,0,0,0,1,1,6,6,0,0,0,0
balanced,715,171509,100,True,max_turns_reached,72,72,1163,3141,15,8,7,3,376,376,76,73,0,0,0,0
balanced,716,171609,24,False,population_zero,0,5,0,7,0,0,0,0,0,0,3,3,0,0,0,0
balanced,717,171709,43,False,population_zero,0,7,0,10,0,0,0,0,2,2,6,6,0,0,0,0
balanced,718,171809,30,False,other,1,7,0,7,0,0,0,0,3,3,8,7,0,0,0,0
balanced,719,171909,31,False,population_zero,0,7,0,7,0,0,0,0,3,3,3,3,0,0,0,0
balanced,720,172009,100,True,max_turns_reached,55,55,136,1338,16,5,11,7,232,232,66,62,0,0,0,0
balanced,721,172109,77,False,other,1,8,0,11,1,0,1,1,6,6,17,16,0,0,0,0
balanced,722,172209,32,False,population_zero,0,8,0,13,3,0,3,1,1,1,7,7,0,0,0,0
balanced,723,172309,28,False,population_zero,0,6,0,7,0,0,0,0,2,2,5,5,0,0,0,0
balanced,724,172409,15,False,population_zero,0,5,0,7,0,0,0,0,1,1,3,3,0,0,0,0
balanced,725,172509,38,False,other,1,8,0,8,2,0,2,1,2,2,10,9,0,0,0,0
balanced,726,172609,44,False,population_zero,0,8,0,7,0,0,0,0,3,3,11,11,0,0,0,0
balanced,727,172709,35,False,other,1,7,0,9,1,1,0,0,4,4,8,7,0,0,0,0
balanced,728,172809,36,False,population_zero,0,7,0,8,1,0,1,0,2,2,6,6,0,0,0,0
balanced,729,172909,21,False,population_zero,0,6,0,7,0,0,0,0,2,2,4,4,0,0,0,0
balanced,730,173009,18,False,other,1,5,0,7,0,0,0,0,1,1,5,4,0,0,0,0
balanced,731,173109,59,False,other,1,10,0,12,6,1,5,5,4,4,19,18,0,0,0,0
balanced,732,173209,100,True,max_turns_reached,62,62,490,1470,16,7,9,3,243,243,69,66,0,0,0,0
balanced,733,173309,54,False,population_zero,0,7,0,9,0,0,0,0,3,3,5,5,0,0,0,0
balanced,734,173409,100,True,max_turns_reached,38,38,9,240,8,4,4,3,94,94,50,47,0,0,0,0
balanced,735,173509,29,False,population_zero,0,6,0,7,0,0,0,0,0,0,4,4,0,0,0,0
balanced,736,173609,38,False,other,1,8,0,12,0,0,0,0,2,2,8,7,0,0,0,0
balanced,737,173709,17,False,other,1,6,0,7,2,0,2,1,1,1,4,3,0,0,0,0
balanced,738,173809,16,False,population_zero,0,5,0,7,0,0,0,0,1,1,3,3,0,0,0,0
balanced,739,173909,55,False,population_zero,0,7,0,9,1,0,1,1,3,3,11,11,0,0,0,0
balanced,740,174009,43,False,other,1,6,0,7,4,0,4,2,4,4,10,9,0,0,0,0
balanced,741,174109,51,False,other,1,7,0,12,2,0,2,2,4,4,12,11,0,0,0,0
balanced,742,174209,100,True,max_turns_reached,44,44,127,440,7,4,3,2,123,123,51,48,0,0,0,0
balanced,743,174309,14,False,population_zero,0,5,0,7,0,0,0,0,1,1,2,2,0,0,0,0
balanced,744,174409,34,False,other,1,7,0,11,2,0,2,1,2,2,9,8,0,0,0,0
balanced,745,174509,28,False,population_zero,0,7,0,10,1,0,1,0,1,1,5,5,0,0,0,0
balanced,746,174609,25,False,other,1,8,0,7,1,0,1,1,1,1,6,5,0,0,0,0
balanced,747,174709,100,True,max_turns_reached,37,37,298,439,14,3,11,8,95,95,54,51,0,0,0,0
balanced,748,174809,19,False,population_zero,0,5,0,7,0,0,0,0,1,1,2,2,0,0,0,0
balanced,749,174909,42,False,other,1,7,0,7,2,0,2,1,3,3,10,9,0,0,0,0
balanced,750,175009,24,False,other,1,6,0,7,1,0,1,0,2,2,6,5,0,0,0,0
balanced,751,175109,23,False,population_zero,0,6,0,7,2,0,2,1,0,0,5,5,0,0,0,0
balanced,752,175209,32,False,population_zero,0,6,0,7,0,0,0,0,2,2,6,6,0,0,0,0
balanced,753,175309,100,True,max_turns_reached,37,37,524,524,20,6,14,11,91,91,57,55,0,0,0,0
balanced,754,175409,86,False,population_zero,0,9,0,12,3,0,3,3,9,9,20,20,0,0,0,0
balanced,755,175509,38,False,other,1,7,0,9,2,0,2,2,3,3,12,11,0,0,0,0
balanced,756,175609,27,False,other,1,6,0,11,1,0,1,1,3,3,7,6,0,0,0,0
balanced,757,175709,38,False,population_zero,0,8,0,7,1,0,1,1,1,1,7,7,0,0,0,0
balanced,758,175809,100,True,max_turns_reached,70,70,376,1493,17,11,6,3,329,329,76,73,0,0,0,0
balanced,759,175909,42,False,other,1,6,0,8,0,0,0,0,4,4,10,9,0,0,0,0
balanced,760,176009,100,True,max_turns_reached,72,72,1897,3600,23,13,10,6,350,350,79,76,0,0,0,0
balanced,761,176109,21,False,other,1,6,0,7,1,0,1,0,1,1,6,5,0,0,0,0
balanced,762,176209,50,False,other,1,7,0,7,2,0,2,0,4,4,12,11,0,0,0,0
balanced,763,176309,39,False,population_zero,0,7,0,7,2,0,2,2,1,1,8,8,0,0,0,0
balanced,764,176409,30,False,population_zero,0,7,0,7,1,0,1,1,2,2,6,6,0,0,0,0
balanced,765,176509,15,False,other,1,5,0,7,0,0,0,0,1,1,4,3,0,0,0,0
balanced,766,176609,22,False,population_zero,0,7,0,7,0,0,0,0,0,0,5,5,0,0,0,0
balanced,767,176709,14,False,population_zero,0,6,0,7,1,0,1,1,1,1,3,3,0,0,0,0
balanced,768,176809,18,False,population_zero,0,5,0,7,0,0,0,0,0,0,2,2,0,0,0,0
balanced,769,176909,36,False,other,1,7,0,11,1,1,0,0,4,4,10,9,0,0,0,0
balanced,770,177009,49,False,population_zero,0,7,0,8,2,0,2,0,2,2,7,7,0,0,0,0
balanced,771,177109,72,False,other,1,8,0,10,2,1,1,1,6,6,17,16,0,0,0,0
balanced,772,177209,27,False,population_zero,0,7,0,8,0,0,0,0,3,3,6,6,0,0,0,0
balanced,773,177309,15,False,other,1,5,0,7,0,0,0,0,2,2,4,3,0,0,0,0
balanced,774,177409,25,False,other,1,7,0,9,1,0,1,1,1,1,7,6,0,0,0,0
balanced,775,177509,38,False,population_zero,0,9,0,11,4,2,2,1,1,1,10,10,0,0,0,0
balanced,776,177609,12,False,population_zero,0,5,0,7,0,0,0,0,0,0,2,2,0,0,0,0
balanced,777,177709,30,False,other,1,7,0,7,1,0,1,0,2,2,7,6,0,0,0,0
balanced,778,177809,100,True,max_turns_reached,47,47,936,936,13,4,9,4,144,144,59,57,0,0,0,0
balanced,779,177909,20,False,population_zero,0,6,0,7,0,0,0,0,1,1,5,5,0,0,0,0
balanced,780,178009,25,False,other,1,6,0,7,1,0,1,0,1,1,6,5,0,0,0,0
balanced,781,178109,100,True,max_turns_reached,36,36,96,291,19,3,16,13,85,85,53,51,0,0,0,0
balanced,782,178209,32,False,population_zero,0,6,0,7,0,0,0,0,2,2,7,7,0,0,0,0
balanced,783,178309,60,False,other,1,7,0,11,2,0,2,1,5,5,15,14,0,0,0,0
balanced,784,178409,20,False,population_zero,0,5,0,7,0,0,0,0,0,0,3,3,0,0,0,0
balanced,785,178509,29,False,other,1,6,0,11,0,0,0,0,0,0,8,7,0,0,0,0
balanced,786,178609,100,True,max_turns_reached,60,60,237,1284,18,11,7,5,226,226,68,65,0,0,0,0
balanced,787,178709,22,False,population_zero,0,5,0,7,1,0,1,1,0,0,4,4,0,0,0,0
balanced,788,178809,34,False,other,1,7,0,8,2,1,1,1,2,2,8,7,0,0,0,0
balanced,789,178909,42,False,other,1,7,0,9,1,0,1,1,4,4,10,9,0,0,0,0
balanced,790,179009,100,True,max_turns_reached,43,43,31,486,17,4,13,11,119,119,60,57,0,0,0,0
balanced,791,179109,26,False,population_zero,0,6,0,7,0,0,0,0,2,2,4,4,0,0,0,0
balanced,792,179209,100,True,max_turns_reached,56,56,84,1110,15,6,9,6,207,207,64,61,0,0,0,0
balanced,793,179309,29,False,other,1,6,0,7,0,0,0,0,3,3,6,5,0,0,0,0
balanced,794,179409,100,True,max_turns_reached,45,45,197,725,17,8,9,5,129,129,58,55,0,0,0,0
balanced,795,179509,23,False,other,1,6,0,7,0,0,0,0,0,0,6,5,0,0,0,0
balanced,796,179609,69,False,other,1,10,0,12,5,0,5,3,7,7,21,20,0,0,0,0
balanced,797,179709,45,False,other,1,8,0,7,1,0,1,1,2,2,11,10,0,0,0,0
balanced,798,179809,20,False,population_zero,0,6,0,7,0,0,0,0,1,1,4,4,0,0,0,0
balanced,799,179909,100,True,max_turns_reached,33,33,47,213,11,3,8,5,67,67,49,46,0,0,0,0
balanced,800,180009,52,False,other,1,7,0,14,0,0,0,0,5,5,11,10,0,0,0,0
balanced,801,180109,29,False,other,1,7,0,8,0,0,0,0,2,2,7,6,0,0,0,0
balanced,802,180209,19,False,other,1,6,0,7,1,0,1,0,1,1,5,4,0,0,0,0
balanced,803,180309,38,False,population_zero,0,6,0,11,0,0,0,0,1,1,4,4,0,0,0,0
balanced,804,180409,74,False,population_zero,0,8,0,12,2,0,2,1,6,6,10,10,0,0,0,0
balanced,805,180509,43,False,population_zero,0,7,0,7,1,0,1,0,3,3,5,5,0,0,0,0
balanced,806,180609,100,True,max_turns_reached,60,60,8,1077,21,12,9,5,219,219,69,66,0,0,0,0
balanced,807,180709,100,True,max_turns_reached,71,71,71,1644,13,8,5,2,346,346,74,71,0,0,0,0
balanced,808,180809,28,False,other,1,7,0,7,2,0,2,1,2,2,7,6,0,0,0,0
balanced,809,180909,29,False,other,1,7,0,7,0,0,0,0,2,2,7,6,0,0,0,0
balanced,810,181009,100,True,max_turns_reached,53,53,630,1288,17,6,11,6,179,179,62,60,0,0,0,0
balanced,811,181109,30,False,population_zero,0,7,0,10,0,0,0,0,0,0,7,7,0,0,0,0
balanced,812,181209,100,True,max_turns_reached,75,75,2807,3851,19,11,8,5,361,361,80,77,0,0,0,0
balanced,813,181309,21,False,population_zero,0,5,0,7,0,0,0,0,1,1,2,2,0,0,0,0
balanced,814,181409,100,True,max_turns_reached,13,13,35,35,4,0,4,4,14,14,29,28,0,0,0,0
balanced,815,181509,51,False,other,1,8,0,11,1,0,1,1,3,3,14,13,0,0,0,0
balanced,816,181609,59,False,population_zero,0,8,0,7,2,0,2,0,2,2,10,10,0,0,0,0
balanced,817,181709,17,False,population_zero,0,5,0,7,0,0,0,0,1,1,3,3,0,0,0,0
balanced,818,181809,44,False,other,1,7,0,7,0,0,0,0,4,4,8,7,0,0,0,0
balanced,819,181909,20,False,population_zero,0,5,0,7,1,0,1,1,1,1,4,4,0,0,0,0
balanced,820,182009,20,False,population_zero,0,5,0,7,0,0,0,0,0,0,4,4,0,0,0,0
balanced,821,182109,28,False,population_zero,0,6,0,7,1,0,1,1,1,1,5,5,0,0,0,0
balanced,822,182209,53,False,other,1,6,0,8,1,0,1,1,3,3,11,10,0,0,0,0
balanced,823,182309,35,False,population_zero,0,7,0,12,1,0,1,0,1,1,5,5,0,0,0,0
balanced,824,182409,100,True,max_turns_reached,70,70,741,1524,16,12,4,2,308,308,74,71,0,0,0,0
balanced,825,182509,36,False,other,1,7,0,7,2,0,2,1,3,3,8,7,0,0,0,0
balanced,826,182609,23,False,population_zero,0,6,0,7,0,0,0,0,0,0,3,3,0,0,0,0
balanced,827,182709,23,False,population_zero,0,6,0,8,0,0,0,0,0,0,4,4,0,0,0,0
balanced,828,182809,36,False,other,1,7,0,9,1,0,1,1,3,3,8,7,0,0,0,0
balanced,829,182909,48,False,other,1,9,0,15,1,0,1,1,6,6,12,11,0,0,0,0
balanced,830,183009,18,False,other,1,6,0,7,0,0,0,0,1,1,4,3,0,0,0,0
balanced,831,183109,17,False,other,1,6,0,7,0,0,0,0,0,0,5,4,0,0,0,0
balanced,832,183209,43,False,other,3,7,0,12,0,0,0,0,5,5,12,10,0,0,0,0
balanced,833,183309,37,False,other,1,9,0,9,4,1,3,3,3,3,10,9,0,0,0,0
balanced,834,183409,31,False,population_zero,0,7,0,7,0,0,0,0,3,3,4,4,0,0,0,0
balanced,835,183509,100,True,max_turns_reached,48,48,203,718,13,5,8,3,149,149,58,55,0,0,0,0
balanced,836,183609,100,True,max_turns_reached,55,55,329,1509,14,5,9,8,231,231,66,62,0,0,0,0
balanced,837,183709,31,False,population_zero,0,6,0,7,2,0,2,2,1,1,6,6,0,0,0,0
balanced,838,183809,28,False,other,1,6,0,9,0,0,0,0,2,2,7,6,0,0,0,0
balanced,839,183909,17,False,population_zero,0,5,0,7,0,0,0,0,0,0,3,3,0,0,0,0
balanced,840,184009,58,False,population_zero,0,8,0,9,2,1,1,1,4,4,9,9,0,0,0,0
balanced,841,184109,37,False,population_zero,0,6,0,7,0,0,0,0,1,1,7,7,0,0,0,0
balanced,842,184209,27,False,population_zero,0,5,0,7,0,0,0,0,1,1,4,4,0,0,0,0
balanced,843,184309,100,True,max_turns_reached,69,69,358,2385,16,10,6,3,320,320,75,72,0,0,0,0
balanced,844,184409,17,False,population_zero,0,5,0,7,0,0,0,0,1,1,3,3,0,0,0,0
balanced,845,184509,59,False,other,1,8,0,10,2,0,2,0,3,3,13,12,0,0,0,0
balanced,846,184609,39,False,population_zero,0,7,0,7,2,0,2,1,2,2,9,9,0,0,0,0
balanced,847,184709,51,False,other,1,7,0,9,3,1,2,2,4,4,12,11,0,0,0,0
balanced,848,184809,49,False,other,1,8,0,8,2,0,2,2,4,4,14,13,0,0,0,0
balanced,849,184909,46,False,other,1,8,0,9,1,1,0,0,3,3,12,11,0,0,0,0
balanced,850,185009,23,False,other,1,6,0,8,0,0,0,0,0,0,6,5,0,0,0,0
balanced,851,185109,43,False,population_zero,0,8,0,8,2,0,2,2,2,2,11,11,0,0,0,0
balanced,852,185209,22,False,other,1,7,0,9,1,0,1,1,2,2,6,5,0,0,0,0
balanced,853,185309,38,False,other,1,7,0,13,0,0,0,0,4,4,9,8,0,0,0,0
balanced,854,185409,57,False,population_zero,0,10,0,19,1,0,1,0,4,4,11,11,0,0,0,0
balanced,855,185509,13,False,other,1,5,0,7,0,0,0,0,1,1,3,2,0,0,0,0
balanced,856,185609,100,True,max_turns_reached,46,46,532,783,14,2,12,7,141,141,60,57,0,0,0,0
balanced,857,185709,16,False,population_zero,0,5,0,7,0,0,0,0,1,1,3,3,0,0,0,0
balanced,858,185809,38,False,population_zero,0,6,0,11,1,0,1,1,2,2,7,7,0,0,0,0
balanced,859,185909,30,False,population_zero,0,6,0,7,1,0,1,1,0,0,4,4,0,0,0,0
balanced,860,186009,35,False,population_zero,0,9,0,11,2,0,2,2,1,1,8,8,0,0,0,0
balanced,861,186109,100,True,max_turns_reached,30,30,93,246,7,1,6,5,67,67,46,44,0,0,0,0
balanced,862,186209,20,False,population_zero,0,6,0,7,0,0,0,0,1,1,3,3,0,0,0,0
balanced,863,186309,24,False,population_zero,0,7,0,7,2,0,2,0,2,2,4,4,0,0,0,0
balanced,864,186409,61,False,other,1,7,0,8,3,1,2,1,4,4,13,12,0,0,0,0
balanced,865,186509,100,True,max_turns_reached,68,68,370,1726,15,11,4,1,319,319,72,69,0,0,0,0
balanced,866,186609,26,False,population_zero,0,7,0,7,0,0,0,0,1,1,4,4,0,0,0,0
balanced,867,186709,41,False,population_zero,0,8,0,13,1,0,1,0,2,2,8,8,0,0,0,0
balanced,868,186809,100,True,max_turns_reached,18,19,54,54,11,1,10,5,26,26,37,34,0,0,0,0
balanced,869,186909,43,False,population_zero,0,6,0,10,1,0,1,0,3,3,7,7,0,0,0,0
balanced,870,187009,45,False,population_zero,0,9,0,14,2,0,2,2,2,2,11,11,0,0,0,0
balanced,871,187109,46,False,population_zero,0,8,0,8,1,0,1,1,3,3,10,10,0,0,0,0
balanced,872,187209,22,False,other,1,7,0,7,2,0,2,1,1,1,6,5,0,0,0,0
balanced,873,187309,30,False,population_zero,0,5,0,7,0,0,0,0,1,1,5,5,0,0,0,0
balanced,874,187409,24,False,other,1,7,0,8,0,0,0,0,2,2,6,5,0,0,0,0
balanced,875,187509,32,False,other,1,6,0,12,0,0,0,0,4,4,6,5,0,0,0,0
balanced,876,187609,12,False,other,1,5,0,7,0,0,0,0,0,0,3,2,0,0,0,0
balanced,877,187709,100,True,max_turns_reached,72,72,2751,2751,18,15,3,1,299,299,75,72,0,0,0,0
balanced,878,187809,15,False,other,1,6,0,7,0,0,0,0,1,1,3,2,0,0,0,0
balanced,879,187909,62,False,other,1,10,0,13,2,0,2,1,6,6,17,16,0,0,0,0
balanced,880,188009,18,False,population_zero,0,5,0,7,0,0,0,0,1,1,4,4,0,0,0,0
balanced,881,188109,33,False,other,1,7,0,9,1,1,0,0,3,3,7,6,0,0,0,0
balanced,882,188209,20,False,other,1,6,0,10,0,0,0,0,1,1,5,4,0,0,0,0
balanced,883,188309,100,True,max_turns_reached,61,61,1511,1511,14,7,7,2,240,240,65,62,0,0,0,0
balanced,884,188409,28,False,population_zero,0,7,0,7,2,0,2,1,2,2,5,5,0,0,0,0
balanced,885,188509,38,False,population_zero,0,6,0,7,1,0,1,1,3,3,7,7,0,0,0,0
balanced,886,188609,100,True,max_turns_reached,50,50,767,1097,9,4,5,0,151,151,57,55,0,0,0,0
balanced,887,188709,46,False,population_zero,0,9,0,11,4,0,4,4,5,5,12,12,0,0,0,0
balanced,888,188809,13,False,population_zero,0,5,0,7,0,0,0,0,1,1,2,2,0,0,0,0
balanced,889,188909,42,False,population_zero,0,9,0,14,4,2,2,2,2,2,11,11,0,0,0,0
balanced,890,189009,20,False,other,1,7,0,7,0,0,0,0,1,1,4,3,0,0,0,0
balanced,891,189109,29,False,other,1,7,0,9,1,0,1,0,1,1,7,6,0,0,0,0
balanced,892,189209,100,True,max_turns_reached,57,57,26,1326,10,4,6,2,223,223,65,62,0,0,0,0
balanced,893,189309,21,False,population_zero,0,6,0,7,1,0,1,1,1,1,3,3,0,0,0,0
balanced,894,189409,26,False,population_zero,0,6,0,7,0,0,0,0,2,2,4,4,0,0,0,0
balanced,895,189509,38,False,population_zero,0,6,0,7,1,0,1,1,2,2,5,5,0,0,0,0
balanced,896,189609,39,False,population_zero,0,7,0,7,0,0,0,0,3,3,8,8,0,0,0,0
balanced,897,189709,99,False,population_zero,0,7,0,11,2,0,2,0,7,7,21,21,0,0,0,0
balanced,898,189809,23,False,population_zero,0,5,0,7,0,0,0,0,2,2,3,3,0,0,0,0
balanced,899,189909,42,False,other,1,10,0,11,2,1,1,1,3,3,11,10,0,0,0,0
balanced,900,190009,36,False,population_zero,0,6,0,7,0,0,0,0,1,1,6,6,0,0,0,0
balanced,901,190109,26,False,other,1,6,0,9,1,0,1,0,1,1,7,6,0,0,0,0
balanced,902,190209,26,False,population_zero,0,5,0,7,0,0,0,0,1,1,3,3,0,0,0,0
balanced,903,190309,21,False,population_zero,0,5,0,8,0,0,0,0,2,2,4,4,0,0,0,0
balanced,904,190409,39,False,population_zero,0,7,0,7,1,0,1,1,3,3,8,8,0,0,0,0
balanced,905,190509,22,False,population_zero,0,5,0,7,0,0,0,0,0,0,4,4,0,0,0,0
balanced,906,190609,30,False,other,1,7,0,12,1,0,1,1,2,2,8,7,0,0,0,0
balanced,907,190709,45,False,population_zero,0,6,0,7,1,0,1,1,2,2,8,8,0,0,0,0
balanced,908,190809,30,False,population_zero,0,7,0,7,0,0,0,0,0,0,5,5,0,0,0,0
balanced,909,190909,100,True,max_turns_reached,40,41,521,521,17,5,12,8,110,110,59,55,0,0,0,0
balanced,910,191009,100,True,max_turns_reached,20,21,25,54,12,3,9,4,28,28,40,37,0,0,0,0
balanced,911,191109,100,True,max_turns_reached,52,52,490,635,15,8,7,4,173,173,63,60,0,0,0,0
balanced,912,191209,24,False,population_zero,0,6,0,7,1,0,1,1,2,2,5,5,0,0,0,0
balanced,913,191309,100,True,max_turns_reached,73,73,247,2425,19,10,9,5,360,360,77,74,0,0,0,0
balanced,914,191409,42,False,other,1,7,0,7,3,1,2,2,4,4,12,11,0,0,0,0
balanced,915,191509,100,True,max_turns_reached,11,11,17,24,3,0,3,2,15,15,35,33,0,0,0,0
balanced,916,191609,100,True,max_turns_reached,69,69,552,1222,20,13,7,7,298,298,76,73,0,0,0,0
balanced,917,191709,36,False,other,1,7,0,7,1,0,1,0,3,3,8,7,0,0,0,0
balanced,918,191809,20,False,population_zero,0,5,0,8,1,0,1,0,0,0,4,4,0,0,0,0
balanced,919,191909,100,True,max_turns_reached,5,12,7,22,8,1,7,2,12,12,28,27,0,0,0,0
balanced,920,192009,100,True,max_turns_reached,2,8,4,12,1,0,1,0,7,7,24,24,0,0,0,0
balanced,921,192109,24,False,population_zero,0,6,0,7,1,0,1,0,0,0,3,3,0,0,0,0
balanced,922,192209,100,True,max_turns_reached,65,65,1746,2412,17,8,9,6,253,253,74,70,0,0,0,0
balanced,923,192309,100,True,max_turns_reached,60,60,318,865,14,10,4,1,210,210,66,62,0,0,0,0
balanced,924,192409,15,False,population_zero,0,6,0,7,1,0,1,1,0,0,3,3,0,0,0,0
balanced,925,192509,32,False,population_zero,0,7,0,8,0,0,0,0,3,3,3,3,0,0,0,0
balanced,926,192609,33,False,population_zero,0,7,0,9,0,0,0,0,3,3,6,6,0,0,0,0
balanced,927,192709,46,False,other,1,8,0,12,4,1,3,2,5,5,14,13,0,0,0,0
balanced,928,192809,39,False,other,1,6,0,11,0,0,0,0,4,4,9,8,0,0,0,0
balanced,929,192909,100,True,max_turns_reached,14,14,7,34,6,0,6,3,18,18,35,34,0,0,0,0
balanced,930,193009,18,False,population_zero,0,6,0,7,0,0,0,0,0,0,2,2,0,0,0,0
balanced,931,193109,16,False,population_zero,0,6,0,7,1,0,1,0,0,0,3,3,0,0,0,0
balanced,932,193209,27,False,population_zero,0,6,0,11,2,0,2,1,2,2,6,6,0,0,0,0
balanced,933,193309,100,True,max_turns_reached,58,58,571,846,15,11,4,1,192,192,62,59,0,0,0,0
balanced,934,193409,57,False,population_zero,0,8,0,9,0,0,0,0,3,3,15,15,0,0,0,0
balanced,935,193509,39,False,other,1,6,0,7,1,1,0,0,2,2,9,8,0,0,0,0
balanced,936,193609,100,True,max_turns_reached,61,61,736,2046,16,8,8,6,248,248,70,67,0,0,0,0
balanced,937,193709,100,True,max_turns_reached,53,53,365,1159,12,2,10,3,200,200,65,61,0,0,0,0
balanced,938,193809,54,False,population_zero,0,8,0,11,3,1,2,0,5,5,14,14,0,0,0,0
balanced,939,193909,33,False,population_zero,0,9,0,7,2,0,2,1,0,0,7,7,0,0,0,0
balanced,940,194009,36,False,other,1,7,0,8,2,1,1,1,5,5,8,7,0,0,0,0
balanced,941,194109,13,False,other,1,5,0,7,0,0,0,0,0,0,3,2,0,0,0,0
balanced,942,194209,24,False,other,1,6,0,11,0,0,0,0,1,1,6,5,0,0,0,0
balanced,943,194309,19,False,population_zero,0,5,0,7,0,0,0,0,1,1,4,4,0,0,0,0
balanced,944,194409,100,True,max_turns_reached,34,34,9,252,9,3,6,4,66,66,48,45,0,0,0,0
balanced,945,194509,22,False,other,1,7,0,7,0,0,0,0,2,2,5,4,0,0,0,0
balanced,946,194609,16,False,population_zero,0,5,0,7,0,0,0,0,0,0,3,3,0,0,0,0
balanced,947,194709,34,False,population_zero,0,7,0,10,0,0,0,0,2,2,6,6,0,0,0,0
balanced,948,194809,21,False,population_zero,0,6,0,7,1,0,1,1,1,1,4,4,0,0,0,0
balanced,949,194909,19,False,population_zero,0,6,0,7,1,0,1,1,0,0,4,4,0,0,0,0
balanced,950,195009,100,True,max_turns_reached,45,45,91,650,18,6,12,7,126,126,60,56,0,0,0,0
balanced,951,195109,20,False,population_zero,0,6,0,9,0,0,0,0,1,1,4,4,0,0,0,0
balanced,952,195209,19,False,other,1,6,0,7,0,0,0,0,1,1,5,4,0,0,0,0
balanced,953,195309,22,False,other,1,6,0,7,1,0,1,0,1,1,4,3,0,0,0,0
balanced,954,195409,27,False,population_zero,0,7,0,7,2,1,1,0,1,1,6,6,0,0,0,0
balanced,955,195509,25,False,population_zero,0,7,0,10,1,0,1,1,1,1,6,6,0,0,0,0
balanced,956,195609,44,False,population_zero,0,7,0,14,0,0,0,0,2,2,8,8,0,0,0,0
balanced,957,195709,100,True,max_turns_reached,18,19,22,57,11,0,11,6,28,28,35,33,0,0,0,0
balanced,958,195809,100,True,max_turns_reached,22,22,71,71,6,3,3,3,28,28,37,35,0,0,0,0
balanced,959,195909,20,False,other,1,6,0,7,1,0,1,1,0,0,5,4,0,0,0,0
balanced,960,196009,100,True,max_turns_reached,7,9,0,17,4,0,4,1,13,13,27,26,0,0,0,0
balanced,961,196109,60,False,other,1,11,0,13,8,1,7,2,4,4,20,19,0,0,0,0
balanced,962,196209,32,False,other,1,9,0,11,3,1,2,2,3,3,9,8,0,0,0,0
balanced,963,196309,16,False,other,1,5,0,7,0,0,0,0,1,1,4,3,0,0,0,0
balanced,964,196409,100,True,max_turns_reached,7,10,0,19,12,2,10,7,13,13,30,29,0,0,0,0
balanced,965,196509,86,False,other,1,9,0,13,3,1,2,2,7,7,21,20,0,0,0,0
balanced,966,196609,31,False,population_zero,0,5,0,7,0,0,0,0,2,2,5,5,0,0,0,0
balanced,967,196709,31,False,population_zero,0,7,0,10,1,1,0,0,1,1,5,5,0,0,0,0
balanced,968,196809,22,False,population_zero,0,5,0,7,0,0,0,0,1,1,4,4,0,0,0,0
balanced,969,196909,24,False,other,1,6,0,7,0,0,0,0,0,0,5,4,0,0,0,0
balanced,970,197009,57,False,other,1,7,0,8,2,0,2,1,3,3,15,14,0,0,0,0
balanced,971,197109,26,False,population_zero,0,5,0,7,0,0,0,0,1,1,3,3,0,0,0,0
balanced,972,197209,36,False,population_zero,0,8,0,10,1,0,1,1,4,4,8,8,0,0,0,0
balanced,973,197309,33,False,other,1,7,0,8,0,0,0,0,0,0,9,8,0,0,0,0
balanced,974,197409,36,False,population_zero,0,7,0,7,1,0,1,0,1,1,6,6,0,0,0,0
balanced,975,197509,20,False,population_zero,0,6,0,8,1,0,1,1,0,0,3,3,0,0,0,0
balanced,976,197609,20,False,other,1,5,0,7,0,0,0,0,1,1,5,4,0,0,0,0
balanced,977,197709,34,False,other,1,6,0,7,1,0,1,1,2,2,7,6,0,0,0,0
balanced,978,197809,20,False,other,1,5,0,7,0,0,0,0,1,1,5,4,0,0,0,0
balanced,979,197909,33,False,population_zero,0,7,0,7,1,0,1,1,3,3,8,8,0,0,0,0
balanced,980,198009,100,True,max_turns_reached,66,66,59,1510,20,13,7,3,307,307,73,69,0,0,0,0
balanced,981,198109,31,False,population_zero,0,6,0,8,1,0,1,1,1,1,7,7,0,0,0,0
balanced,982,198209,15,False,population_zero,0,5,0,7,0,0,0,0,0,0,3,3,0,0,0,0
balanced,983,198309,43,False,other,1,8,0,7,1,0,1,1,3,3,10,9,0,0,0,0
balanced,984,198409,100,True,max_turns_reached,7,8,0,18,4,0,4,0,10,10,30,29,0,0,0,0
balanced,985,198509,32,False,other,1,8,0,11,1,1,0,0,2,2,9,8,0,0,0,0
balanced,986,198609,15,False,population_zero,0,5,0,7,0,0,0,0,1,1,3,3,0,0,0,0
balanced,987,198709,28,False,population_zero,0,6,0,7,0,0,0,0,2,2,6,6,0,0,0,0
balanced,988,198809,22,False,other,1,6,0,7,1,0,1,0,1,1,5,4,0,0,0,0
balanced,989,198909,19,False,population_zero,0,6,0,7,0,0,0,0,0,0,4,4,0,0,0,0
balanced,990,199009,19,False,other,1,5,0,7,0,0,0,0,1,1,4,3,0,0,0,0
balanced,991,199109,9,False,other,1,5,0,7,0,0,0,0,0,0,2,1,0,0,0,0
balanced,992,199209,100,True,max_turns_reached,39,39,37,445,8,5,3,2,114,114,51,48,0,0,0,0
balanced,993,199309,27,False,population_zero,0,6,0,11,0,0,0,0,2,2,5,5,0,0,0,0
balanced,994,199409,100,True,max_turns_reached,42,42,2,463,9,4,5,3,131,131,55,52,0,0,0,0
balanced,995,199509,100,True,max_turns_reached,18,18,2,44,13,1,12,7,23,23,41,38,0,0,0,0
balanced,996,199609,80,False,population_zero,0,9,0,13,1,1,0,0,5,5,11,11,0,0,0,0
balanced,997,199709,100,True,max_turns_reached,44,44,106,334,9,7,2,1,119,119,51,48,0,0,0,0
balanced,998,199809,23,False,other,1,7,0,7,1,1,0,0,1,1,7,6,0,0,0,0
balanced,999,199909,21,False,other,1,6,0,7,0,0,0,0,1,1,5,4,0,0,0,0
balanced,1000,200009,34,False,population_zero,0,7,0,8,1,1,0,0,3,3,5,5,0,0,0,0
